condition_id,frequency_cpd,density_per_cpd
P01_L010,1.5012,0.005170936330250532
P01_L010,1.5087063063063064,0.005421203398595484
P01_L010,1.5162126126126128,0.0056784253309764
P01_L010,1.523718918918919,0.005942507068789906
P01_L010,1.5312252252252254,0.006213340144592359
P01_L010,1.5387315315315315,0.006490803451868989
P01_L010,1.5462378378378379,0.00677476415346349
P01_L010,1.5537441441441442,0.007065078728845894
P01_L010,1.5612504504504505,0.007361594159375022
P01_L010,1.5687567567567569,0.007664149249685888
P01_L010,1.5762630630630632,0.007972576082306245
P01_L010,1.5837693693693695,0.008286701601602258
P01_L010,1.5912756756756758,0.008606349322182915
P01_L010,1.5987819819819822,0.008931341155964648
P01_L010,1.6062882882882883,0.009261499351234215
P01_L010,1.6137945945945946,0.009596648536259777
P01_L010,1.621300900900901,0.009936617859296434
P01_L010,1.6288072072072073,0.010281243216235065
P01_L010,1.6363135135135136,0.010630369556656468
P01_L010,1.64381981981982,0.010983853258694054
P01_L010,1.6513261261261263,0.011341564562880942
P01_L010,1.6588324324324326,0.011703390055079518
P01_L010,1.6663387387387387,0.012069235188665034
P01_L010,1.673845045045045,0.01243902683636002
P01_L010,1.6813513513513514,0.012812715862521709
P01_L010,1.6888576576576577,0.013190279707231186
P01_L010,1.696363963963964,0.013571724974274828
P01_L010,1.7038702702702704,0.013957090015993368
P01_L010,1.7113765765765767,0.01434644750903924
P01_L010,1.718882882882883,0.014739907016295573
P01_L010,1.7263891891891894,0.015137617531587615
P01_L010,1.7338954954954957,0.015539770005330378
P01_L010,1.7414018018018018,0.015946599850903916
P01_L010,1.7489081081081082,0.016358389433332662
P01_L010,1.7564144144144145,0.016775470543713387
P01_L010,1.7639207207207208,0.017198226864819446
P01_L010,1.7714270270270271,0.017627096435365485
P01_L010,1.7789333333333335,0.01806257412250886
P01_L010,1.7864396396396398,0.018505214114328476
P01_L010,1.793945945945946,0.018955632446163793
P01_L010,1.8014522522522523,0.019414509576862245
P01_L010,1.8089585585585586,0.019882593033082416
P01_L010,1.816464864864865,0.020360700141882654
P01_L010,1.8239711711711712,0.020849720873764514
P01_L010,1.8314774774774776,0.021350620820227977
P01_L010,1.838983783783784,0.021864444331577085
P01_L010,1.8464900900900902,0.022392317842273815
P01_L010,1.8539963963963966,0.022935453412447376
P01_L010,1.861502702702703,0.02349515251527353
P01_L010,1.8690090090090092,0.024072810100735465
P01_L010,1.8765153153153153,0.024669918966802616
P01_L010,1.8840216216216217,0.02528807446922495
P01_L010,1.891527927927928,0.025928979600926706
P01_L010,1.8990342342342343,0.026594450471368224
P01_L010,1.9065405405405407,0.027286422215161622
P01_L010,1.914046846846847,0.028006955357682047
P01_L010,1.9215531531531533,0.028758242663319302
P01_L010,1.9290594594594594,0.029542616489396885
P01_L010,1.9365657657657658,0.03036255666554712
P01_L010,1.944072072072072,0.03122069891448884
P01_L010,1.9515783783783784,0.03211984382564774
P01_L010,1.9590846846846848,0.033062966387878555
P01_L010,1.966590990990991,0.03405322608165392
P01_L010,1.9740972972972974,0.035093977524462486
P01_L010,1.9816036036036038,0.03618878165580034
P01_L010,1.98910990990991,0.037341417440019155
P01_L010,1.9966162162162164,0.038555894056408614
P01_L010,2.0041225225225228,0.03983646353626377
P01_L010,2.011628828828829,0.04118763379630462
P01_L010,2.0191351351351354,0.042614182006711826
P01_L010,2.0266414414414413,0.04412116822024637
P01_L010,2.034147747747748,0.04571394917648269
P01_L010,2.041654054054054,0.047398192182134743
P01_L010,2.0491603603603603,0.04917988895492302
P01_L010,2.0566666666666666,0.05106536930440049
P01_L010,2.064172972972973,0.05306131450883932
P01_L010,2.0716792792792793,0.05517477023272215
P01_L010,2.0791855855855856,0.05741315881470846
P01_L010,2.086691891891892,0.05978429074137066
P01_L010,2.0941981981981983,0.06229637510759888
P01_L010,2.1017045045045046,0.06495802885062693
P01_L010,2.109210810810811,0.06777828453121147
P01_L010,2.1167171171171173,0.07076659642299973
P01_L010,2.1242234234234236,0.07393284465954535
P01_L010,2.13172972972973,0.07728733717823412
P01_L010,2.1392360360360363,0.08084080919165414
P01_L010,2.1467423423423426,0.084604419910056
P01_L010,2.1542486486486485,0.08858974623367308
P01_L010,2.1617549549549553,0.09280877313116763
P01_L010,2.169261261261261,0.09727388042052097
P01_L010,2.176767567567568,0.10199782567163339
P01_L010,2.184273873873874,0.10699372295594653
P01_L010,2.19178018018018,0.11227501717777945
P01_L010,2.1992864864864865,0.11785545373510894
P01_L010,2.206792792792793,0.12374904327426872
P01_L010,2.214299099099099,0.1299700213238117
P01_L010,2.2218054054054055,0.13653280261760536
P01_L010,2.229311711711712,0.1434519299463533
P01_L010,2.236818018018018,0.15074201741003063
P01_L010,2.2443243243243245,0.1584176879813849
P01_L010,2.251830630630631,0.166493505332576
P01_L010,2.259336936936937,0.17498389992304236
P01_L010,2.2668432432432435,0.18390308939681677
P01_L010,2.27434954954955,0.19326499339129902
P01_L010,2.2818558558558557,0.2030831429169877
P01_L010,2.2893621621621625,0.21337058452809146
P01_L010,2.2968684684684684,0.22413977956729803
P01_L010,2.304374774774775,0.23540249883353082
P01_L010,2.311881081081081,0.2471697130886851
P01_L010,2.3193873873873874,0.25945147988777156
P01_L010,2.3268936936936937,0.2722568272855431
P01_L010,2.3344,0.28559363504116925
P01_L010,2.3419063063063064,0.29946851400974217
P01_L010,2.3494126126126127,0.31388668447483997
P01_L010,2.356918918918919,0.3288518542388459
P01_L010,2.3644252252252254,0.3443660973467059
P01_L010,2.3719315315315317,0.36042973437287645
P01_L010,2.379437837837838,0.37704121525026174
P01_L010,2.3869441441441444,0.3941970056620072
P01_L010,2.3944504504504507,0.4118914780523272
P01_L010,2.401956756756757,0.4301168083394037
P01_L010,2.4094630630630633,0.44886287943139547
P01_L010,2.4169693693693697,0.46811719265515617
P01_L010,2.4244756756756756,0.48786478820506923
P01_L010,2.4319819819819823,0.508088175706904
P01_L010,2.4394882882882882,0.5287672759671541
P01_L010,2.4469945945945946,0.5498793749426991
P01_L010,2.454500900900901,0.571399090917691
P01_L010,2.4620072072072072,0.5932983558147075
P01_L010,2.4695135135135136,0.6155464114955037
P01_L010,2.47701981981982,0.6381098218229937
P01_L010,2.484526126126126,0.6609525011608809
P01_L010,2.4920324324324326,0.6840357598815965
P01_L010,2.499538738738739,0.7073183673363936
P01_L010,2.507045045045045,0.7307566326159696
P01_L010,2.5145513513513515,0.7543045032953667
P01_L010,2.522057657657658,0.7779136822149746
P01_L010,2.529563963963964,0.8015337622013682
P01_L010,2.53707027027027,0.8251123784787862
P01_L010,2.544576576576577,0.8485953783655873
P01_L010,2.5520828828828828,0.871927007691623
P01_L010,2.5595891891891895,0.8950501132142038
P01_L010,2.5670954954954954,0.9179063601529532
P01_L010,2.574601801801802,0.9404364638101385
P01_L010,2.582108108108108,0.9625804340941879
P01_L010,2.589614414414415,0.9842778316212585
P01_L010,2.5971207207207208,1.0054680339363196
P01_L010,2.604627027027027,1.026090510270761
P01_L010,2.6121333333333334,1.046085103141247
P01_L010,2.6196396396396397,1.0653923149949327
P01_L010,2.627145945945946,1.0839535980214898
P01_L010,2.6346522522522524,1.1017116451824278
P01_L010,2.6421585585585587,1.118610680455864
P01_L010,2.649664864864865,1.1345967462596005
P01_L010,2.6571711711711714,1.1496179859983053
P01_L010,2.6646774774774773,1.163624919682338
P01_L010,2.672183783783784,1.176570710587153
P01_L010,2.67969009009009,1.1884114209614072
P01_L010,2.6871963963963967,1.1991062548515585
P01_L010,2.6947027027027026,1.2086177861879144
P01_L010,2.7022090090090094,1.2169121703729018
P01_L010,2.7097153153153153,1.2239593377249744
P01_L010,2.717221621621622,1.2297331672609475
P01_L010,2.724727927927928,1.2342116394432638
P01_L010,2.7322342342342343,1.2373769666769534
P01_L010,2.7397405405405406,1.2392157005104738
P01_L010,2.747246846846847,1.239718814675381
P01_L010,2.7547531531531533,1.2388817632886082
P01_L010,2.7622594594594596,1.236704513737018
P01_L010,2.769765765765766,1.233191553964251
P01_L010,2.7772720720720723,1.2283518740833905
P01_L010,2.7847783783783786,1.2221989224427865
P01_L010,2.792284684684685,1.214750536474915
P01_L010,2.7997909909909913,1.206028848857301
P01_L010,2.807297297297297,1.196060169708021
P01_L010,2.814803603603604,1.1848748457249207
P01_L010,2.82230990990991,1.1725070973543172
P01_L010,2.8298162162162166,1.158994835241456
P01_L010,2.8373225225225225,1.1443794573685686
P01_L010,2.8448288288288293,1.1287056284258548
P01_L010,2.852335135135135,1.1120210430856994
P01_L010,2.8598414414414415,1.0943761749582988
P01_L010,2.867347747747748,1.0758240130980716
P01_L010,2.874854054054054,1.0564197880037085
P01_L010,2.8823603603603605,1.0362206891093064
P01_L010,2.889866666666667,1.0152855758006563
P01_L010,2.897372972972973,0.9936746840082422
P01_L010,2.9048792792792795,0.9714493304278315
P01_L010,2.912385585585586,0.9486716164002633
P01_L010,2.919891891891892,0.9254041334456735
P01_L010,2.9273981981981985,0.9017096723934439
P01_L010,2.9349045045045044,0.8776509379797257
P01_L010,2.942410810810811,0.8532902706994311
P01_L010,2.949917117117117,0.8286893776014764
P01_L010,2.957423423423424,0.8039090736041806
P01_L010,2.9649297297297297,0.7790090347864683
P01_L010,2.9724360360360365,0.7540475649776232
P01_L010,2.9799423423423423,0.7290813768292436
P01_L010,2.987448648648649,0.7041653884056557
P01_L010,2.994954954954955,0.6793525361785712
P01_L010,3.0024612612612613,0.6546936051563047
P01_L010,3.0099675675675677,0.6302370767222005
P01_L010,3.017473873873874,0.6060289946003746
P01_L010,3.0249801801801803,0.5821128492119451
P01_L010,3.0324864864864867,0.5585294805334957
P01_L010,3.039992792792793,0.5353169994215304
P01_L010,3.0474990990990993,0.5125107272251626
P01_L010,3.0550054054054057,0.4901431533741497
P01_L010,3.0625117117117115,0.4682439105023886
P01_L010,3.0700180180180183,0.44683976654846874
P01_L010,3.077524324324324,0.42595463316679555
P01_L010,3.085030630630631,0.4056095896839619
P01_L010,3.092536936936937,0.3858229217483159
P01_L010,3.1000432432432437,0.3666101737442326
P01_L010,3.1075495495495495,0.34798421397824075
P01_L010,3.1150558558558563,0.329955311591471
P01_L010,3.122562162162162,0.3125312241116665
P01_L010,3.1300684684684685,0.29571729452841994
P01_L010,3.137574774774775,0.2795165567572178
P01_L010,3.145081081081081,0.26392984835030314
P01_L010,3.1525873873873875,0.24895592931580554
P01_L010,3.160093693693694,0.23459160591941255
P01_L010,3.1676,0.2208318583654566
P01_L010,3.1751063063063065,0.20766997128508805
P01_L010,3.182612612612613,0.19509766599814568
P01_L010,3.190118918918919,0.1831052335610221
P01_L010,3.1976252252252255,0.17168166766491702
P01_L010,3.2051315315315314,0.16081479650616975
P01_L010,3.212637837837838,0.15049141281212836
P01_L010,3.220144144144144,0.1406974012713726
P01_L010,3.227650450450451,0.13141786268521763
P01_L010,3.2351567567567567,0.12263723422733945
P01_L010,3.2426630630630635,0.11433940526943426
P01_L010,3.2501693693693694,0.10650782830211668
P01_L010,3.2576756756756757,0.09912562455120379
P01_L010,3.265181981981982,0.09217568395926377
P01_L010,3.2726882882882884,0.08564075927041151
P01_L010,3.2801945945945947,0.07950355402205918
P01_L010,3.287700900900901,0.07374680431028798
P01_L010,3.2952072072072074,0.06835335425524128
P01_L010,3.3027135135135137,0.06330622514902791
P01_L010,3.31021981981982,0.05858867832083241
P01_L010,3.3177261261261264,0.05418427180194023
P01_L010,3.3252324324324327,0.05007691091708448
P01_L010,3.3327387387387386,0.046250892967742006
P01_L010,3.3402450450450454,0.04269094620771433
P01_L010,3.3477513513513513,0.03938226334148807
P01_L010,3.355257657657658,0.03631052980154818
P01_L010,3.362763963963964,0.03346194708209754
P01_L010,3.3702702702702707,0.030823251423617592
P01_L010,3.3777765765765766,0.028381728155601783
P01_L010,3.3852828828828834,0.026125222013727287
P01_L010,3.3927891891891893,0.024042143753032007
P01_L010,3.4002954954954956,0.022121473380432355
P01_L010,3.407801801801802,0.020352760328554417
P01_L010,3.4153081081081083,0.01872612088851883
P01_L010,3.4228144144144146,0.01723223321235333
P01_L010,3.430320720720721,0.015862330186381928
P01_L010,3.4378270270270272,0.014608190465497255
P01_L010,3.4453333333333336,0.013462127945009658
P01_L010,3.45283963963964,0.012416979931972499
P01_L010,3.460345945945946,0.011466094261849599
P01_L010,3.4678522522522526,0.010603315589289689
P01_L010,3.4753585585585585,0.00982297106391237
P01_L010,3.4828648648648652,0.009119855583553702
P01_L010,3.490371171171171,0.008489216798612635
P01_L010,3.497877477477478,0.007926740022149876
P01_L010,3.505383783783784,0.007428533181404945
P01_L010,3.5128900900900906,0.006991111927561093
P01_L010,3.5203963963963965,0.006611385002053283
P01_L010,3.5279027027027032,0.006286639939598942
P01_L010,3.535409009009009,0.00601452917055107
P01_L010,3.542915315315316,0.005793056568216967
P01_L010,3.550421621621622,0.0056205644705541085
P01_L010,3.5579279279279277,0.005495721190198698
P01_L010,3.5654342342342344,0.005417509012185995
P01_L010,3.5729405405405403,0.0053852126650226345
P01_L010,3.580446846846847,0.005398408238026736
P01_L010,3.587953153153153,0.0054569525060967055
P01_L010,3.5954594594594598,0.005560972612337503
P01_L010,3.6029657657657657,0.005710856049302635
P01_L010,3.6104720720720724,0.005907240871016386
P01_L010,3.6179783783783783,0.006151006060460904
P01_L010,3.625484684684685,0.006443261970861804
P01_L010,3.632990990990991,0.006785340753907009
P01_L010,3.6404972972972978,0.00717878668401289
P01_L010,3.6480036036036037,0.007625346284916854
P01_L010,3.6555099099099104,0.008126958163259815
P01_L010,3.6630162162162163,0.008685742453428194
P01_L010,3.670522522522523,0.009303989778773834
P01_L010,3.678028828828829,0.009984149636435803
P01_L010,3.6855351351351358,0.010728818116353437
P01_L010,3.6930414414414416,0.011540724869688232
P01_L010,3.7005477477477475,0.012422719247769184
P01_L010,3.7080540540540543,0.013377755539821432
P01_L010,3.71556036036036,0.014408877246128148
P01_L010,3.723066666666667,0.015519200332871345
P01_L010,3.730572972972973,0.016711895425673282
P01_L010,3.7380792792792796,0.017990168910767077
P01_L010,3.7455855855855855,0.019357242925691447
P01_L010,3.7530918918918923,0.020816334235388905
P01_L010,3.760598198198198,0.022370632004444592
P01_L010,3.768104504504505,0.024023274491916168
P01_L010,3.775610810810811,0.025777324711553015
P01_L010,3.7831171171171176,0.027635745117163744
P01_L010,3.7906234234234235,0.02960137139021763
P01_L010,3.7981297297297303,0.031676885424370894
P01_L010,3.805636036036036,0.033864787619272724
P01_L010,3.813142342342343,0.03616736861355404
P01_L010,3.820648648648649,0.03858668060414935
P01_L010,3.8281549549549547,0.0411245084158047
P01_L010,3.8356612612612615,0.043782340500600495
P01_L010,3.8431675675675674,0.0465613400623166
P01_L010,3.850673873873874,0.049462316514299866
P01_L010,3.85818018018018,0.05248569749187561
P01_L010,3.865686486486487,0.05563150165112232
P01_L010,3.8731927927927927,0.05889931249474408
P01_L010,3.8806990990990995,0.06228825347262268
P01_L010,3.8882054054054054,0.06579696460924897
P01_L010,3.895711711711712,0.06942358091241682
P01_L010,3.903218018018018,0.07316571281717076
P01_L010,3.910724324324325,0.07702042891588631
P01_L010,3.9182306306306307,0.08098424121947113
P01_L010,3.9257369369369375,0.08505309318584843
P01_L010,3.9332432432432434,0.08922235074016723
P01_L010,3.94074954954955,0.09348679649652918
P01_L010,3.948255855855856,0.09784062737341949
P01_L010,3.955762162162162,0.10227745577466268
P01_L010,3.9632684684684687,0.10679031448454143
P01_L010,3.9707747747747746,0.11137166540003922
P01_L010,3.9782810810810814,0.11601341219499778
P01_L010,3.9857873873873872,0.12070691698071763
P01_L010,3.993293693693694,0.1254430209953002
P01_L010,4.0008,0.13021206932019871
P01_L010,4.008306306306307,0.13500393958728932
P01_L010,4.015812612612613,0.1398080746037661
P01_L010,4.023318918918919,0.14461351878545267
P01_L010,4.030825225225225,0.14940895825237727
P01_L010,4.038331531531532,0.15418276440392006
P01_L010,4.045837837837838,0.15892304075495636
P01_L010,4.053344144144145,0.1636176727796806
P01_L010,4.060850450450451,0.1682543804765601
P01_L010,4.068356756756757,0.1728207733366243
P01_L010,4.075863063063063,0.1773044073683626
P01_L010,4.08336936936937,0.18169284380636722
P01_L010,4.090875675675676,0.18597370910777378
P01_L010,4.098381981981982,0.19013475582101283
P01_L010,4.105888288288289,0.19416392389537146
P01_L010,4.1133945945945944,0.1980494019881626
P01_L010,4.120900900900901,0.20177968831839613
P01_L010,4.128407207207207,0.2053436506126563
P01_L010,4.135913513513514,0.20873058468991804
P01_L010,4.14341981981982,0.21193027123766914
P01_L010,4.1509261261261265,0.21493303034183292
P01_L010,4.158432432432432,0.21772977334759472
P01_L010,4.165938738738739,0.2203120516470346
P01_L010,4.173445045045045,0.22267210201263937
P01_L010,4.180951351351352,0.22480288812269142
P01_L010,4.188457657657658,0.22669813795515167
P01_L010,4.1959639639639645,0.22835237676069417
P01_L010,4.20347027027027,0.2297609553624191
P01_L010,4.210976576576577,0.23092007356930563
P01_L010,4.218482882882883,0.23182679853209198
P01_L010,4.225989189189189,0.2324790779135077
P01_L010,4.233495495495496,0.23287574778930384
P01_L010,4.241001801801802,0.23301653524160548
P01_L010,4.248508108108108,0.23290205565147248
P01_L010,4.256014414414414,0.23253380474249227
P01_L010,4.263520720720721,0.23191414547143058
P01_L010,4.271027027027027,0.2310462899047711
P01_L010,4.278533333333334,0.22993427626111987
P01_L010,4.28603963963964,0.22858294133822696
P01_L010,4.293545945945946,0.22699788857974898
P01_L010,4.301052252252252,0.22518545207008117
P01_L010,4.308558558558559,0.2231526567756103
P01_L010,4.316064864864865,0.22090717537714602
P01_L010,4.323571171171172,0.21845728206085366
P01_L010,4.331077477477478,0.21581180365368674
P01_L010,4.338583783783784,0.21298006850369997
P01_L010,4.34609009009009,0.2099718535160512
P01_L010,4.353596396396396,0.20679732976148163
P01_L010,4.361102702702703,0.20346700707607626
P01_L010,4.368609009009009,0.1999916780688463
P01_L010,4.376115315315316,0.19638236194759548
P01_L010,4.3836216216216215,0.1926502485635855
P01_L010,4.391127927927928,0.18880664306200864
P01_L010,4.398634234234234,0.1848629115084959
P01_L010,4.406140540540541,0.1808304278420189
P01_L010,4.413646846846847,0.17672052248204087
P01_L010,4.421153153153154,0.17254443289282292
P01_L010,4.4286594594594595,0.1683132563808807
P01_L010,4.436165765765766,0.16403790537301666
P01_L010,4.443672072072072,0.1597290653924875
P01_L010,4.451178378378379,0.155397155920132
P01_L010,4.458684684684685,0.15105229429602604
P01_L010,4.466190990990992,0.14670426278576693
P01_L010,4.4736972972972975,0.14236247890429812
P01_L010,4.481203603603604,0.1380359690593898
P01_L010,4.48870990990991,0.13373334554706623
P01_L010,4.496216216216216,0.12946278690242632
P01_L010,4.503722522522523,0.12523202158194138
P01_L010,4.511228828828829,0.12104831492747284
P01_L010,4.5187351351351355,0.11691845933826454
P01_L010,4.526241441441441,0.1128487675551148
P01_L010,4.533747747747748,0.10884506894097573
P01_L010,4.541254054054054,0.10491270862449885
P01_L010,4.548760360360361,0.10105654935753301
P01_L010,4.556266666666667,0.09728097592441032
P01_L010,4.5637729729729735,0.09358990192994876
P01_L010,4.571279279279279,0.08998677878451694
P01_L010,4.578785585585586,0.08647460669809662
P01_L010,4.586291891891892,0.08305594749108194
P01_L010,4.593798198198199,0.0797329390273582
P01_L010,4.601304504504505,0.07650731107500441
P01_L010,4.6088108108108115,0.07338040240152154
P01_L010,4.616317117117117,0.07035317891376747
P01_L010,4.623823423423423,0.06742625265751416
P01_L010,4.63132972972973,0.06459990149767776
P01_L010,4.638836036036036,0.06187408930755202
P01_L010,4.646342342342343,0.05924848650367529
P01_L010,4.653848648648649,0.0567224907721325
P01_L010,4.661354954954955,0.05429524784188479
P01_L010,4.668861261261261,0.05196567217110126
P01_L010,4.676367567567568,0.049732467423135814
P01_L010,4.683873873873874,0.04759414661974571
P01_L010,4.691380180180181,0.045549051870129524
P01_L010,4.6988864864864865,0.04359537358533771
P01_L010,4.706392792792793,0.04173116909840486
P01_L010,4.713899099099099,0.039954380621107635
P01_L010,4.721405405405406,0.03826285247844512
P01_L010,4.728911711711712,0.03665434757173927
P01_L010,4.736418018018019,0.03512656303053433
P01_L010,4.7439243243243245,0.03367714502226954
P01_L010,4.75143063063063,0.03230370269688506
P01_L010,4.758936936936937,0.031003821251144575
P01_L010,4.766443243243243,0.029775074104456442
P01_L010,4.77394954954955,0.02861503418435707
P01_L010,4.781455855855856,0.027521284325609404
P01_L010,4.7889621621621625,0.026491426792035675
P01_L010,4.796468468468468,0.025523091934808707
P01_L010,4.803974774774775,0.024613946004957185
P01_L010,4.811481081081081,0.02376169814136161
P01_L010,4.818987387387388,0.022964106558522473
P01_L010,4.826493693693694,0.022218983960944776
P01_L010,4.8340000000000005,0.02152420221310463
P01_L010,4.841506306306306,0.02087769629571582
P01_L010,4.849012612612613,0.02027746758039861
P01_L010,4.856518918918919,0.019721586455944178
P01_L010,4.864025225225226,0.01920819434016531
P01_L010,4.871531531531532,0.01873550511189373
P01_L010,4.8790378378378385,0.018301805998031263
P01_L010,4.886544144144144,0.017905457950734165
P01_L010,4.89405045045045,0.0175448955498195
P01_L010,4.901556756756757,0.017218626465366177
P01_L010,4.909063063063063,0.01692523051524368
P01_L010,4.91656936936937,0.016663358351970553
P01_L010,4.924075675675676,0.01643172981288957
P01_L010,4.931581981981982,0.016229131967154427
P01_L010,4.939088288288288,0.016054416892466918
P01_L010,4.946594594594595,0.01590649921388672
P01_L010,4.954100900900901,0.01578435343636298
P01_L010,4.961607207207208,0.015687011101901443
P01_L010,4.969113513513514,0.01561355780149738
P01_L010,4.97661981981982,0.015563130071112626
P01_L010,4.984126126126126,0.015534912200069537
P01_L010,4.991632432432433,0.015528132979257557
P01_L010,4.999138738738739,0.01554206241550974
P01_L010,5.006645045045046,0.015576008437391268
P01_L010,5.014151351351352,0.01562931361645621
P01_L010,5.0216576576576575,0.01570135192676682
P01_L010,5.029163963963964,0.015791525564129643
P01_L010,5.03667027027027,0.015899261845086943
P01_L010,5.044176576576577,0.01602401020421311
P01_L010,5.051682882882883,0.016165239306699872
P01_L010,5.05918918918919,0.016322434291586696
P01_L010,5.0666954954954955,0.01649509415929992
P01_L010,5.074201801801802,0.016682729315421255
P01_L010,5.081708108108108,0.016884859280814526
P01_L010,5.089214414414415,0.01710101057642122
P01_L010,5.096720720720721,0.01733071478918889
P01_L010,5.104227027027028,0.017573506823748926
P01_L010,5.1117333333333335,0.017828923342613993
P01_L010,5.11923963963964,0.018096501395844414
P01_L010,5.126745945945946,0.018375777239349547
P01_L010,5.134252252252253,0.018666285339258053
P01_L010,5.141758558558559,0.01896755755813449
P01_L010,5.149264864864865,0.019279122517242273
P01_L010,5.1567711711711715,0.01960050512758534
P01_L010,5.164277477477477,0.019931226281103064
P01_L010,5.171783783783784,0.02027080269217152
P01_L010,5.17929009009009,0.020618746878482024
P01_L010,5.186796396396397,0.020974567269441344
P01_L010,5.194302702702703,0.021337768429479462
P01_L010,5.201809009009009,0.021707851383055605
P01_L010,5.209315315315315,0.022084314027745758
P01_L010,5.216821621621622,0.022466651621559086
P01_L010,5.224327927927928,0.02285435733058538
P01_L010,5.231834234234235,0.0232469228232044
P01_L010,5.239340540540541,0.023643838897399502
P01_L010,5.246846846846847,0.024044596128200417
P01_L010,5.254353153153153,0.024448685522926224
P01_L010,5.26185945945946,0.02485559917270008
P01_L010,5.269365765765766,0.025264830889651965
P01_L010,5.276872072072073,0.025675876820292532
P01_L010,5.284378378378379,0.026088236026728936
P01_L010,5.2918846846846845,0.02650141102866694
P01_L010,5.299390990990991,0.026914908300498315
P01_L010,5.306897297297297,0.02732823871917936
P01_L010,5.314403603603604,0.027740917960053214
P01_L010,5.32190990990991,0.028152466839224385
P01_L010,5.329416216216217,0.028562411602543383
P01_L010,5.3369225225225225,0.028970284162683164
P01_L010,5.344428828828829,0.029375622287157923
P01_L010,5.351935135135135,0.029777969741435373
P01_L010,5.359441441441442,0.03017687639250701
P01_L010,5.366947747747748,0.03057189827937759
P01_L010,5.374454054054055,0.03096259765791747
P01_L010,5.3819603603603605,0.03134854302835307
P01_L010,5.389466666666667,0.03172930915435577
P01_L010,5.396972972972973,0.03210447708320392
P01_L010,5.40447927927928,0.032473634176840606
P01_L010,5.411985585585586,0.0328363741638061
P01_L010,5.419491891891892,0.03319229722200714
P01_L010,5.4269981981981985,0.03354101010207502
P01_L010,5.434504504504504,0.033882126300672916
P01_L010,5.442010810810811,0.034215266292538286
P01_L010,5.449517117117117,0.03454005782929588
P01_L010,5.457023423423424,0.034856136312170216
P01_L010,5.46452972972973,0.03516314524464758
P01_L010,5.4720360360360365,0.035460736769934005
P01_L010,5.479542342342342,0.035748572296724165
P01_L010,5.487048648648649,0.03602632321534536
P01_L010,5.494554954954955,0.036293671704815365
P01_L010,5.502061261261261,0.03655031162975836
P01_L010,5.509567567567568,0.03679594952446793
P01_L010,5.517073873873874,0.037030305659754924
P01_L010,5.52458018018018,0.03725311518653712
P01_L010,5.532086486486486,0.03746412934849651
P01_L010,5.539592792792793,0.03766311675453183
P01_L010,5.547099099099099,0.03784986470021149
P01_L010,5.554605405405406,0.03802418052600603
P01_L010,5.562111711711712,0.03818589299876445
P01_L010,5.569618018018018,0.03833485370172448
P01_L010,5.577124324324324,0.03847093841732533
P01_L010,5.584630630630631,0.03859404848624189
P01_L010,5.592136936936937,0.038704112125402895
P01_L010,5.599643243243244,0.03880108568728712
P01_L010,5.60714954954955,0.038884954842554144
P01_L010,5.6146558558558555,0.03895573566802448
P01_L010,5.622162162162162,0.039013475622224625
P01_L010,5.629668468468468,0.03905825439113364
P01_L010,5.637174774774775,0.03909018458740813
P01_L010,5.644681081081081,0.03910941228724139
P01_L010,5.652187387387388,0.03911611739009106
P01_L010,5.6596936936936935,0.039110513787809324
P01_L010,5.6672,0.03909284933119986
P01_L010,5.674706306306306,0.03906340558370192
P01_L010,5.682212612612613,0.03902249735373781
P01_L010,5.689718918918919,0.03897047199925796
P01_L010,5.697225225225226,0.038907708500123706
P01_L010,5.7047315315315315,0.038834616296201344
P01_L010,5.712237837837838,0.03875163389133679
P01_L010,5.719744144144144,0.03865922722574636
P01_L010,5.727250450450451,0.03855788782175244
P01_L010,5.734756756756757,0.03844813071019274
P01_L010,5.742263063063063,0.03833049214720954
P01_L010,5.749769369369369,0.038205527133461405
P01_L010,5.757275675675675,0.03807380675005667
P01_L010,5.764781981981982,0.03793591532767082
P01_L010,5.772288288288288,0.03779244746735458
P01_L010,5.779794594594595,0.03764400493342779
P01_L010,5.787300900900901,0.037491193440589224
P01_L010,5.794807207207207,0.03733461935890754
P01_L010,5.802313513513513,0.037174886361702825
P01_L010,5.80981981981982,0.03701259204243768
P01_L010,5.817326126126126,0.03684832452762231
P01_L010,5.824832432432433,0.03668265911337013
P01_L010,5.832338738738739,0.03651615495362719
P01_L010,5.839845045045045,0.036349351828211425
P01_L010,5.847351351351351,0.036182767018657455
P01_L010,5.854857657657658,0.036016892319450974
P01_L010,5.862363963963964,0.03585219121156082
P01_L010,5.869870270270271,0.0356890962242449
P01_L010,5.877376576576577,0.03552800650991329
P01_L010,5.8848828828828825,0.03536928565540751
P01_L010,5.892389189189189,0.0352132597513857
P01_L010,5.899895495495495,0.035060215739626074
P01_L010,5.907401801801802,0.03491040005597796
P01_L010,5.914908108108108,0.034764017584421866
P01_L010,5.922414414414415,0.03462123093527632
P01_L010,5.9299207207207205,0.034482160058015375
P01_L010,5.937427027027027,0.03434688219647474
P01_L010,5.944933333333333,0.03421543219144475
P01_L010,5.95243963963964,0.03408780313279901
P01_L010,5.959945945945946,0.033963947360418426
P01_L010,5.967452252252253,0.03384377781026781
P01_L010,5.9749585585585585,0.033727169699090884
P01_L010,5.982464864864865,0.03361396253833857
P01_L010,5.989971171171171,0.03350396246516556
P01_L010,5.997477477477478,0.03339694487564098
P01_L010,6.004983783783784,0.03329265734274697
P01_L010,6.01249009009009,0.0331908227993211
P01_L010,6.0199963963963965,0.03309114296383921
P01_L010,6.027502702702702,0.03299330198486817
P01_L010,6.035009009009009,0.03289697027816838
P01_L010,6.042515315315315,0.03280180852879144
P01_L010,6.050021621621622,0.03270747182913976
P01_L010,6.057527927927928,0.032613613922824795
P01_L010,6.0650342342342345,0.032519891523306074
P01_L010,6.07254054054054,0.03242596867570218
P01_L010,6.080046846846847,0.03233152112986859
P01_L010,6.087553153153153,0.03223624069280996
P01_L010,6.09505945945946,0.03213983952875469
P01_L010,6.102565765765766,0.032042054375752846
P01_L010,6.1100720720720725,0.03194265064845991
P01_L010,6.117578378378378,0.031841426397829886
P01_L010,6.125084684684685,0.03173821609973939
P01_L010,6.132590990990991,0.03163289424609979
P01_L010,6.140097297297297,0.03152537871374557
P01_L010,6.147603603603604,0.03141563388831531
P01_L010,6.15510990990991,0.031303673522422734
P01_L010,6.162616216216216,0.031189563309641687
P01_L010,6.170122522522522,0.031073423158157754
P01_L010,6.177628828828829,0.030955429150351703
P01_L010,6.185135135135135,0.0308358151770486
P01_L010,6.192641441441442,0.03071487423764927
P01_L010,6.200147747747748,0.030592959399846572
P01_L010,6.207654054054054,0.030470484415071594
P01_L010,6.21516036036036,0.030347923988198116
P01_L010,6.222666666666667,0.030225813702328
P01_L010,6.230172972972973,0.030104749601654338
P01_L010,6.23767927927928,0.02998538743744547
P01_L010,6.245185585585586,0.02986844158406952
P01_L010,6.252691891891892,0.029754683633692745
P01_L010,6.260198198198198,0.029644940679804496
P01_L010,6.267704504504505,0.029540093301037653
P01_L010,6.275210810810811,0.029441073257870525
P01_L010,6.282717117117117,0.029348860915697696
P01_L010,6.2902234234234236,0.02926448240844677
P01_L010,6.297729729729729,0.02918900655740736
P01_L010,6.305236036036036,0.029123541560218274
P01_L010,6.312742342342342,0.029069231465062316
P01_L010,6.320248648648649,0.029027252445034697
P01_L010,6.327754954954955,0.02899880888742112
P01_L010,6.3352612612612615,0.02898512931224653
P01_L010,6.342767567567567,0.028987462133973158
P01_L010,6.350273873873874,0.029007071279645195
P01_L010,6.35778018018018,0.02904523167614175
P01_L010,6.365286486486487,0.02910322461851764
P01_L010,6.372792792792793,0.02918233303072501
P01_L010,6.3802990990990995,0.02928383662933764
P01_L010,6.387805405405405,0.029409007000271745
P01_L010,6.395311711711712,0.029559102597942803
P01_L010,6.402818018018018,0.029735363675832238
P01_L010,6.410324324324324,0.029939007157092752
P01_L010,6.417830630630631,0.030171221453608496
P01_L010,6.425336936936937,0.030433161241869802
P01_L010,6.432843243243243,0.030725942204121944
P01_L010,6.440349549549549,0.031050635743534425
P01_L010,6.447855855855856,0.031408263682589706
P01_L010,6.455362162162162,0.031799792954533064
P01_L010,6.462868468468469,0.03222613029854423
P01_L010,6.470374774774775,0.03268811697027461
P01_L010,6.477881081081081,0.03318652348054339
P01_L010,6.485387387387387,0.03372204437627118
P01_L010,6.492893693693694,0.03429529307914474
P01_L010,6.5004,0.034906796799009716
P01_L010,6.507906306306307,0.03555699154058111
P01_L010,6.515412612612613,0.036246217223675735
P01_L010,6.522918918918919,0.03697471293881434
P01_L010,6.530425225225225,0.03774261236165253
P01_L010,6.537931531531531,0.03854993935125114
P01_L010,6.545437837837838,0.039396603758657806
P01_L010,6.552944144144144,0.04028239747359841
P01_L010,6.560450450450451,0.041206990738242355
P01_L010,6.5679567567567565,0.04216992875795772
P01_L010,6.575463063063063,0.04317062863970855
P01_L010,6.582969369369369,0.04420837668920254
P01_L010,6.590475675675676,0.04528232609807106
P01_L010,6.597981981981982,0.0463914950522138
P01_L010,6.605488288288289,0.04753476529197659
P01_L010,6.6129945945945945,0.048710881153977294
P01_L010,6.620500900900901,0.04991844912322387
P01_L010,6.628007207207207,0.05115593792260165
P01_L010,6.635513513513514,0.05242167916487909
P01_L010,6.64301981981982,0.05371386859009151
P01_L010,6.650526126126127,0.05503056790852677
P01_L010,6.6580324324324325,0.05636970726653116
P01_L010,6.665538738738739,0.057729088349085196
P01_L010,6.673045045045045,0.05910638812946376
P01_L010,6.680551351351351,0.06049916327246052
P01_L010,6.688057657657658,0.06190485519354572
P01_L010,6.695563963963964,0.06332079577202791
P01_L010,6.7030702702702705,0.06474421371186279
P01_L010,6.710576576576576,0.06617224153914726
P01_L010,6.718082882882883,0.0676019232207392
P01_L010,6.725589189189189,0.0690302223837488
P01_L010,6.733095495495496,0.07045403111101647
P01_L010,6.740601801801802,0.07187017928310857
P01_L010,6.7481081081081085,0.07327544443289394
P01_L010,6.755614414414414,0.07466656207444686
P01_L010,6.763120720720721,0.0760402364639099
P01_L010,6.770627027027027,0.0773931517460744
P01_L010,6.778133333333334,0.07872198343681985
P01_L010,6.78563963963964,0.08002341018828747
P01_L010,6.7931459459459465,0.08129412578069367
P01_L010,6.800652252252252,0.082530851282122
P01_L010,6.808158558558558,0.08373034731545735
P01_L010,6.815664864864865,0.08488942636984241
P01_L010,6.823171171171171,0.08600496509272126
P01_L010,6.830677477477478,0.08707391649762831
P01_L010,6.8381837837837836,0.0880933220224485
P01_L010,6.84569009009009,0.08906032337288139
P01_L010,6.853196396396396,0.08997217408631922
P01_L010,6.860702702702703,0.09082625075225635
P01_L010,6.868209009009009,0.09162006382671996
P01_L010,6.875715315315316,0.09235126797999504
P01_L010,6.8832216216216215,0.09301767191914095
P01_L010,6.890727927927928,0.093617247629395
P01_L010,6.898234234234234,0.09414813898156829
P01_L010,6.905740540540541,0.09460866965588431
P01_L010,6.913246846846847,0.0949973503364064
P01_L010,6.920753153153154,0.09531288513420019
P01_L010,6.9282594594594595,0.09555417720166563
P01_L010,6.935765765765765,0.09572033350500682
P01_L010,6.943272072072072,0.09581066872658066
P01_L010,6.950778378378378,0.09582470827380922
P01_L010,6.958284684684685,0.09576219037647497
P01_L010,6.965790990990991,0.09562306725945284
P01_L010,6.9732972972972975,0.09540750538327511
P01_L010,6.980803603603603,0.09511588475034113
P01_L010,6.98830990990991,0.09474879727999734
P01_L010,6.995816216216216,0.0943070442611463
P01_L010,7.003322522522523,0.09379163289641837
P01_L010,7.010828828828829,0.09320377195725126
P01_L010,7.0183351351351355,0.09254486657439359
P01_L010,7.025841441441441,0.09181651219341931
P01_L010,7.033347747747748,0.09102048772967988
P01_L010,7.040854054054054,0.09015874796178584
P01_L010,7.048360360360361,0.08923341520710042
P01_L010,7.055866666666667,0.088246770326861
P01_L010,7.0633729729729735,0.08720124311234877
P01_L010,7.070879279279279,0.08609940210700982
P01_L010,7.078385585585585,0.08494394392253204
P01_L010,7.085891891891892,0.08373768210961105
P01_L010,7.093398198198198,0.08248353564643571
P01_L010,7.100904504504505,0.08118451710979685
P01_L010,7.108410810810811,0.07984372059514878
P01_L010,7.115917117117117,0.07846430945290343
P01_L010,7.123423423423423,0.07704950390872502
P01_L010,7.13092972972973,0.07560256863559357
P01_L010,7.138436036036036,0.07412680034493102
P01_L010,7.145942342342343,0.07262551546310565
P01_L010,7.153448648648649,0.07110203795822581
P01_L010,7.160954954954955,0.06955968738020422
P01_L010,7.168461261261261,0.06800176717475172
P01_L010,7.175967567567568,0.06643155332917323
P01_L010,7.183473873873874,0.06485228340466712
P01_L010,7.190980180180181,0.06326714600626797
P01_L010,7.198486486486487,0.06167927073768846
P01_L010,7.2059927927927925,0.06009171868408795
P01_L010,7.213499099099099,0.058507473461353626
P01_L010,7.221005405405405,0.056929432865744305
P01_L010,7.228511711711712,0.05536040115288408
P01_L010,7.236018018018018,0.05380308197007748
P01_L010,7.243524324324325,0.05226007196077721
P01_L010,7.2510306306306305,0.05073385505493215
P01_L010,7.258536936936937,0.04922679745375801
P01_L010,7.266043243243243,0.0477411433124164
P01_L010,7.27354954954955,0.046279011119092994
P01_L010,7.281055855855856,0.04484239076413893
P01_L010,7.288562162162163,0.043433141288291434
P01_L010,7.2960684684684685,0.042052989294599136
P01_L010,7.303574774774775,0.04070352800451615
P01_L010,7.311081081081081,0.039386216934829785
P01_L010,7.318587387387388,0.038102382168564576
P01_L010,7.326093693693694,0.036853217189889
P01_L010,7.3336,0.03563978425029303
P01_L010,7.3411063063063065,0.03446301623095208
P01_L010,7.348612612612612,0.03332371896425489
P01_L010,7.356118918918919,0.03222257397594271
P01_L010,7.363625225225225,0.031160141608203348
P01_L010,7.371131531531532,0.030136864483373913
P01_L010,7.378637837837838,0.029153071267619478
P01_L010,7.386144144144144,0.028208980694065914
P01_L010,7.39365045045045,0.027304705805360558
P01_L010,7.401156756756757,0.02644025837647244
P01_L010,7.408663063063063,0.025615553479733717
P01_L010,7.41616936936937,0.024830414155605773
P01_L010,7.423675675675676,0.024084576154422017
P01_L010,7.431181981981982,0.02337769271636214
P01_L010,7.438688288288288,0.02270933935914111
P01_L010,7.446194594594595,0.022079018645278593
P01_L010,7.453700900900901,0.02148616490336181
P01_L010,7.461207207207208,0.020930148880341
P01_L010,7.468713513513514,0.02041028230460859
P01_L010,7.4762198198198195,0.019925822342346352
P01_L010,7.483726126126126,0.01947597593235903
P01_L010,7.491232432432432,0.01905990398731133
P01_L010,7.498738738738739,0.018676725451917037
P01_L010,7.506245045045045,0.018325521211163247
P01_L010,7.513751351351352,0.018005337844066466
P01_L010,7.5212576576576575,0.017715191220726016
P01_L010,7.528763963963964,0.017454069942535767
P01_L010,7.53627027027027,0.01722093862733315
P01_L010,7.543776576576577,0.017014741042974974
P01_L010,7.551282882882883,0.016834403094333837
P01_L010,7.55878918918919,0.016678835669987575
P01_L010,7.5662954954954955,0.016546937355931848
P01_L010,7.573801801801802,0.016437597024472686
P01_L010,7.581308108108108,0.016349696307058986
P01_L010,7.588814414414415,0.01628211196019251
P01_L010,7.596320720720721,0.01623371813371952
P01_L010,7.603827027027027,0.016203388550765117
P01_L010,7.6113333333333335,0.01618999860833816
P01_L010,7.618839639639639,0.016192427407220177
P01_L010,7.626345945945946,0.01620955971917654
P01_L010,7.633852252252252,0.016240287898805664
P01_L010,7.641358558558559,0.016283513746498248
P01_L010,7.648864864864865,0.016338150328025346
P01_L010,7.6563711711711715,0.016403123755242624
P01_L010,7.663877477477477,0.01647737493130181
P01_L010,7.671383783783784,0.016559861262625424
P01_L010,7.67889009009009,0.01664955833875145
P01_L010,7.686396396396397,0.01674546158000484
P01_L010,7.693902702702703,0.016846587851834224
P01_L010,7.7014090090090095,0.01695197704357211
P01_L010,7.708915315315315,0.0170606936083678
P01_L010,7.716421621621622,0.017171828060109588
P01_L010,7.723927927927928,0.017284498422317787
P01_L010,7.731434234234234,0.017397851623268096
P01_L010,7.738940540540541,0.017511064831001878
P01_L010,7.746446846846847,0.01762334672141047
P01_L010,7.753953153153153,0.017733938672249493
P01_L010,7.761459459459459,0.017842115875749964
P01_L010,7.768965765765766,0.017947188362453514
P01_L010,7.776472072072072,0.01804850192900131
P01_L010,7.783978378378379,0.018145438962854567
P01_L010,7.791484684684685,0.018237419157309986
P01_L010,7.798990990990991,0.018323900110694555
P01_L010,7.806497297297297,0.01840437780426202
P01_L010,7.814003603603604,0.018478386954069368
P01_L010,7.82150990990991,0.018545501232964688
P01_L010,7.829016216216217,0.01860533335975506
P01_L010,7.836522522522523,0.018657535053634225
P01_L010,7.844028828828829,0.018701796853010478
P01_L010,7.851535135135135,0.01873784779897834
P01_L010,7.859041441441442,0.01876545498479358
P01_L010,7.866547747747748,0.018784422973836735
P01_L010,7.874054054054054,0.018794593089652638
P01_L010,7.881560360360361,0.01879584258273266
P01_L010,7.8890666666666664,0.018788083679725797
P01_L010,7.896572972972973,0.018771262521733147
P01_L010,7.904079279279279,0.01874535799921977
P01_L010,7.911585585585586,0.01871038049187351
P01_L010,7.919091891891892,0.018666370522433473
P01_L010,7.9265981981981986,0.01861339733409164
P01_L010,7.934104504504504,0.01855155740153693
P01_L010,7.941610810810811,0.01848097288605164
P01_L010,7.949117117117117,0.018401790045287122
P01_L010,7.956623423423424,0.018314177608433607
P01_L010,7.96412972972973,0.01821832512746402
P01_L010,7.9716360360360365,0.018114441314970805
P01_L010,7.979142342342342,0.018002752378840532
P01_L010,7.986648648648649,0.017883500363622618
P01_L010,7.994154954954955,0.017756941507962008
P01_L010,8.001661261261262,0.017623344626884765
P01_L010,8.009167567567568,0.017482989527067498
P01_L010,8.016673873873874,0.017336165462491827
P01_L010,8.024180180180181,0.017183169637107427
P01_L010,8.031686486486487,0.017024305760303626
P01_L010,8.039192792792793,0.016859882660141857
P01_L010,8.046699099099099,0.016690212958443366
P01_L010,8.054205405405407,0.016515611810969208
P01_L010,8.061711711711713,0.016336395715086806
P01_L010,8.069218018018018,0.016152881386505353
P01_L010,8.076724324324324,0.015965384705889245
P01_L010,8.084230630630632,0.01577421973543623
P01_L010,8.091736936936938,0.015579697804844608
P01_L010,8.099243243243244,0.015382126665500196
P01_L010,8.10674954954955,0.015181809711194176
P01_L010,8.114255855855857,0.014979045263241269
P01_L010,8.121762162162163,0.014774125917509304
P01_L010,8.129268468468469,0.014567337950594433
P01_L010,8.136774774774775,0.0143589607821832
P01_L010,8.14428108108108,0.014149266490529068
P01_L010,8.151787387387389,0.013938519377934678
P01_L010,8.159293693693694,0.013726975583165355
P01_L010,8.1668,0.013514882737820613
P01_L010,8.174306306306306,0.013302479663846841
P01_L010,8.181812612612614,0.013089996109582658
P01_L010,8.18931891891892,0.012877652521974866
P01_L010,8.196825225225226,0.01266565985287883
P01_L010,8.204331531531531,0.01245421939765905
P01_L010,8.21183783783784,0.012243522664608233
P01_L010,8.219344144144145,0.012033751274017346
P01_L010,8.226850450450451,0.01182507688602447
P01_L010,8.234356756756757,0.011617661156654907
P01_L010,8.241863063063064,0.011411655721719057
P01_L010,8.24936936936937,0.011207202208456862
P01_L010,8.256875675675676,0.011004432274999554
P01_L010,8.264381981981982,0.010803467677858164
P01_L010,8.271888288288288,0.010604420367734499
P01_L010,8.279394594594596,0.010407392613990206
P01_L010,8.286900900900902,0.010212477158092741
P01_L010,8.294407207207207,0.010019757396290137
P01_L010,8.301913513513513,0.009829307591649478
P01_L010,8.309419819819821,0.00964119311542566
P01_L010,8.316926126126127,0.00945547071751918
P01_L010,8.324432432432433,0.00927218882552976
P01_L010,8.331938738738739,0.009091387871631539
P01_L010,8.339445045045046,0.00891310064618636
P01_L010,8.346951351351352,0.008737352676682039
P01_L010,8.354457657657658,0.008564162630244149
P01_L010,8.361963963963964,0.00839354273762773
P01_L010,8.369470270270272,0.00822549923625562
P01_L010,8.376976576576578,0.00806003282954935
P01_L010,8.384482882882883,0.007897139159492462
P01_L010,8.39198918918919,0.007736809289094638
P01_L010,8.399495495495495,0.007579030191186402
P01_L010,8.407001801801803,0.007423785239776405
P01_L010,8.414508108108109,0.007271054700058212
P01_L010,8.422014414414415,0.007120816213052461
P01_L010,8.42952072072072,0.006973045270832932
P01_L010,8.437027027027028,0.006827715678298657
P01_L010,8.444533333333334,0.006684799997530644
P01_L010,8.45203963963964,0.00654426997090481
P01_L010,8.459545945945946,0.006406096919326053
P01_L010,8.467052252252254,0.006270252112194035
P01_L010,8.47455855855856,0.006136707106012748
P01_L010,8.482064864864865,0.006005434048902217
P01_L010,8.489571171171171,0.005876405948663245
P01_L010,8.497077477477479,0.00574959690247328
P01_L010,8.504583783783785,0.005624982286750304
P01_L010,8.51209009009009,0.005502538906203631
P01_L010,8.519596396396397,0.005382245101589789
P01_L010,8.527102702702702,0.005264080816196365
P01_L010,8.53460900900901,0.005148027621585591
P01_L010,8.542115315315316,0.005034068703627806
P01_L010,8.549621621621622,0.0049221888103402976
P01_L010,8.557127927927928,0.004812374163510347
P01_L010,8.564634234234235,0.004704612336513757
P01_L010,8.572140540540541,0.00459889210114009
P01_L010,8.579646846846847,0.004495203246592023
P01_L010,8.587153153153153,0.004393536374139063
P01_L010,8.59465945945946,0.004293882671167205
P01_L010,8.602165765765767,0.004196233668574793
P01_L010,8.609672072072073,0.004100580985617559
P01_L010,8.617178378378378,0.004006916066403208
P01_L010,8.624684684684686,0.003915229912272584
P01_L010,8.632190990990992,0.0038255128142877367
P01_L010,8.639697297297298,0.0037377540899707884
P01_L010,8.647203603603604,0.0036519418283104703
P01_L010,8.654709909909911,0.0035680626468724483
P01_L010,8.662216216216217,0.00348610146462236
P01_L010,8.669722522522523,0.0034060412937996646
P01_L010,8.677228828828829,0.0033278630538703634
P01_L010,8.684735135135135,0.003251545410242711
P01_L010,8.692241441441443,0.0031770646400583955
P01_L010,8.699747747747749,0.003104394526976172
P01_L010,8.707254054054054,0.003033506286453769
P01_L010,8.71476036036036,0.0029643685226111538
P01_L010,8.722266666666668,0.0028969472173305364
P01_L010,8.729772972972974,0.0028312057518220836
P01_L010,8.73727927927928,0.0027671049604631468
P01_L010,8.744785585585586,0.0027046032163111225
P01_L010,8.752291891891893,0.002643656547297121
P01_L010,8.7597981981982,0.0025842187817374618
P01_L010,8.767304504504505,0.002526241721454659
P01_L010,8.774810810810811,0.002469675340483432
P01_L010,8.782317117117119,0.002414468007053629
P01_L010,8.789823423423424,0.0023605667262933355
P01_L010,8.79732972972973,0.0023079174008832294
P01_L010,8.804836036036036,0.0022564651067210413
P01_L010,8.812342342342342,0.0022061543805205726
P01_L010,8.81984864864865,0.0021569295161769373
P01_L010,8.827354954954956,0.0021087348666760774
P01_L010,8.834861261261262,0.0020615151483123206
P01_L010,8.842367567567567,0.0020152157440027057
P01_L010,8.849873873873875,0.0019697830025475088
P01_L010,8.857380180180181,0.0019251645307832928
P01_L010,8.864886486486487,0.0018813094757037588
P01_L010,8.872392792792793,0.0018381687937834826
P01_L010,8.8798990990991,0.001795695504926726
P01_L010,8.887405405405406,0.0017538449286750735
P01_L010,8.894911711711712,0.0017125749005406918
P01_L010,8.902418018018018,0.001671845966583174
P01_L010,8.909924324324326,0.0016316215546130263
P01_L010,8.917430630630632,0.0015918681206819995
P01_L010,8.924936936936938,0.0015525552698041141
P01_L010,8.932443243243243,0.0015136558501401812
P01_L010,8.93994954954955,0.0014751460201675077
P01_L010,8.947455855855857,0.001437005288643154
P01_L010,8.954962162162163,0.001399216527450628
P01_L010,8.962468468468469,0.001361765957692043
P01_L010,8.969974774774775,0.0013246431096494784
P01_L010,8.977481081081082,0.0012878407574866658
P01_L010,8.984987387387388,0.0012513548297932858
P01_L010,8.992493693693694,0.0012151842972874616
P01_L010,9.0,0.0011793310391853837
P01_L020,1.529,0.01234477829250467
P01_L020,1.5364784784784784,0.013173324998188844
P01_L020,1.543956956956957,0.014034084907232078
P01_L020,1.5514354354354354,0.014926707722424895
P01_L020,1.5589139139139139,0.015850762666648473
P01_L020,1.5663923923923924,0.016805745725879846
P01_L020,1.5738708708708709,0.017791088020984117
P01_L020,1.5813493493493493,0.01880616523935971
P01_L020,1.5888278278278278,0.019850308041663104
P01_L020,1.5963063063063063,0.020922813343746998
P01_L020,1.6037847847847848,0.02202295635978211
P01_L020,1.611263263263263,0.023150003279473974
P01_L020,1.6187417417417416,0.02430322444049421
P01_L020,1.62622022022022,0.02548190784686187
P01_L020,1.6336986986986985,0.026685372875194197
P01_L020,1.641177177177177,0.027912984003614277
P01_L020,1.6486556556556555,0.02916416439279397
P01_L020,1.656134134134134,0.03043840914524853
P01_L020,1.6636126126126125,0.03173529806768361
P01_L020,1.671091091091091,0.0330545077620534
P01_L020,1.6785695695695695,0.03439582287409566
P01_L020,1.686048048048048,0.03575914633355982
P01_L020,1.6935265265265265,0.03714450842818525
P01_L020,1.701005005005005,0.03855207456377224
P01_L020,1.7084834834834834,0.03998215157540038
P01_L020,1.715961961961962,0.04143519246995616
P01_L020,1.7234404404404404,0.04291179949759448
P01_L020,1.730918918918919,0.044412725469369946
P01_L020,1.7383973973973974,0.045938873259930034
P01_L020,1.7458758758758757,0.04749129345756596
P01_L020,1.7533543543543542,0.04907118014877909
P01_L020,1.7608328328328327,0.050679864850477374
P01_L020,1.7683113113113111,0.05231880862953222
P01_L020,1.7757897897897896,0.0539895924762326
P01_L020,1.7832682682682681,0.055693906024632464
P01_L020,1.7907467467467466,0.05743353473836761
P01_L020,1.798225225225225,0.059210345704607516
P01_L020,1.8057037037037036,0.06102627220086373
P01_L020,1.813182182182182,0.06288329721880538
P01_L020,1.8206606606606606,0.06478343614552347
P01_L020,1.828139139139139,0.0667287188153444
P01_L020,1.8356176176176175,0.06872117115394175
P01_L020,1.843096096096096,0.0707627966407753
P01_L020,1.8505745745745745,0.07285555781567075
P01_L020,1.858053053053053,0.0750013580504746
P01_L020,1.8655315315315315,0.07720202379731075
P01_L020,1.87301001001001,0.07945928751115312
P01_L020,1.8804884884884885,0.08177477142661349
P01_L020,1.887966966966967,0.08414997234742891
P01_L020,1.8954454454454455,0.08658624758277268
P01_L020,1.902923923923924,0.08908480213787522
P01_L020,1.9104024024024024,0.09164667723838296
P01_L020,1.9178808808808807,0.09427274023919877
P01_L020,1.9253593593593592,0.09696367594025142
P01_L020,1.9328378378378377,0.09971997930455812
P01_L020,1.9403163163163162,0.10254194954907522
P01_L020,1.9477947947947947,0.10542968555693066
P01_L020,1.9552732732732732,0.10838308254150476
P01_L020,1.9627517517517516,0.11140182987914335
P01_L020,1.9702302302302301,0.11448541001842759
P01_L020,1.9777087087087086,0.11763309837032612
P01_L020,1.9851871871871871,0.12084396408524527
P01_L020,1.9926656656656656,0.12411687162997623
P01_L020,2.000144144144144,0.12745048308944204
P01_L020,2.0076226226226224,0.13084326113456007
P01_L020,2.015101101101101,0.13429347261774363
P01_L020,2.0225795795795793,0.1377991927807076
P01_L020,2.030058058058058,0.1413583100842976
P01_L020,2.0375365365365363,0.14496853169595822
P01_L020,2.045015015015015,0.14862738969592124
P01_L020,2.0524934934934933,0.15233224808700185
P01_L020,2.059971971971972,0.15608031071380365
P01_L020,2.0674504504504503,0.15986863021393505
P01_L020,2.0749289289289288,0.16369411813543702
P01_L020,2.0824074074074073,0.1675535563599993
P01_L020,2.0898858858858858,0.1714436099699922
P01_L020,2.0973643643643642,0.17536084168815963
P01_L020,2.1048428428428427,0.17930172800175503
P01_L020,2.112321321321321,0.18326267705782306
P01_L020,2.1197997997997997,0.18724004838342342
P01_L020,2.127278278278278,0.19123017444434173
P01_L020,2.1347567567567567,0.1952293840089504
P01_L020,2.142235235235235,0.1992340272313819
P01_L020,2.1497137137137137,0.20324050231136478
P01_L020,2.157192192192192,0.2072452835282074
P01_L020,2.1646706706706706,0.2112449503854078
P01_L020,2.172149149149149,0.21523621754163913
P01_L020,2.1796276276276276,0.21921596514561506
P01_L020,2.187106106106106,0.22318126913799574
P01_L020,2.1945845845845846,0.22712943103537558
P01_L020,2.202063063063063,0.23105800667081794
P01_L020,2.2095415415415416,0.23496483333426865
P01_L020,2.21702002002002,0.23884805473587717
P01_L020,2.2244984984984986,0.24270614320686315
P01_L020,2.231976976976977,0.24653791855723728
P01_L020,2.239455455455455,0.2503425630279012
P01_L020,2.246933933933934,0.2541196318067716
P01_L020,2.254412412412412,0.25786905862462367
P01_L020,2.261890890890891,0.26159115600586136
P01_L020,2.269369369369369,0.26528660982168933
P01_L020,2.276847847847848,0.26895646787714445
P01_L020,2.284326326326326,0.27260212235760584
P01_L020,2.291804804804805,0.27622528606336416
P01_L020,2.299283283283283,0.27982796246997177
P01_L020,2.3067617617617615,0.28341240976621945
P01_L020,2.31424024024024,0.28698109913726055
P01_L020,2.3217187187187185,0.2905366676760585
P01_L020,2.329197197197197,0.2940818664188559
P01_L020,2.3366756756756755,0.2976195041075163
P01_L020,2.344154154154154,0.3011523873808496
P01_L020,2.3516326326326324,0.3046832581858918
P01_L020,2.359111111111111,0.308214729276686
P01_L020,2.3665895895895894,0.3117492187301332
P01_L020,2.374068068068068,0.31528888445451153
P01_L020,2.3815465465465464,0.31883555969487953
P01_L020,2.389025025025025,0.3223906905496358
P01_L020,2.3965035035035034,0.3259552765038364
P01_L020,2.403981981981982,0.32952981495663264
P01_L020,2.4114604604604604,0.33311425067335804
P01_L020,2.418938938938939,0.33670793102725893
P01_L020,2.4264174174174173,0.3403095678135131
P01_L020,2.433895895895896,0.3439172063197195
P01_L020,2.4413743743743743,0.34752820222488606
P01_L020,2.448852852852853,0.35113920677511795
P01_L020,2.4563313313313313,0.35474616055100394
P01_L020,2.46380980980981,0.35834429600227163
P01_L020,2.4712882882882883,0.36192814878216956
P01_L020,2.4787667667667668,0.36549157777045715
P01_L020,2.4862452452452453,0.3690277935329077
P01_L020,2.4937237237237238,0.37252939482996317
P01_L020,2.5012022022022022,0.3759884126603951
P01_L020,2.5086806806806807,0.3793963612104908
P01_L020,2.516159159159159,0.38274429497792173
P01_L020,2.5236376376376377,0.38602287125405765
P01_L020,2.5311161161161158,0.38922241708118915
P01_L020,2.5385945945945947,0.3923329997531412
P01_L020,2.5460730730730727,0.3953444999000102
P01_L020,2.5535515515515517,0.3982466861909671
P01_L020,2.5610300300300297,0.40102929070252613
P01_L020,2.5685085085085086,0.4036820840337819
P01_L020,2.5759869869869867,0.40619494930262257
P01_L020,2.5834654654654656,0.4085579542271378
P01_L020,2.5909439439439437,0.41076142058199194
P01_L020,2.5984224224224226,0.41279599041785897
P01_L020,2.6059009009009007,0.4146526885407739
P01_L020,2.6133793793793796,0.4163229808639878
P01_L020,2.6208578578578576,0.4177988283649164
P01_L020,2.6283363363363366,0.4190727365004927
P01_L020,2.6358148148148146,0.42013780005241436
P01_L020,2.643293293293293,0.4209877434864213
P01_L020,2.6507717717717716,0.42161695701377094
P01_L020,2.65825025025025,0.4220205286355465
P01_L020,2.6657287287287286,0.4221942725292027
P01_L020,2.673207207207207,0.4221347541993257
P01_L020,2.6806856856856855,0.4218393128597047
P01_L020,2.688164164164164,0.42130608153975746
P01_L020,2.6956426426426425,0.4205340054149187
P01_L020,2.703121121121121,0.4195228588466994
P01_L020,2.7105995995995995,0.4182732615848245
P01_L020,2.718078078078078,0.41678669453121897
P01_L020,2.7255565565565565,0.41506551539467956
P01_L020,2.733035035035035,0.4131129744777888
P01_L020,2.7405135135135135,0.4109332307356286
P01_L020,2.747991991991992,0.4085313681311352
P01_L020,2.7554704704704704,0.4059134121876289
P01_L020,2.762948948948949,0.40308634650752173
P01_L020,2.7704274274274274,0.40005812889048575
P01_L020,2.777905905905906,0.3968377065482707
P01_L020,2.7853843843843844,0.3934350297793538
P01_L020,2.7928628628628624,0.38986106333916254
P01_L020,2.8003413413413414,0.38612779462341446
P01_L020,2.8078198198198194,0.38224823767759325
P01_L020,2.8152982982982984,0.37823643195742995
P01_L020,2.8227767767767764,0.3741074346976322
P01_L020,2.8302552552552553,0.3698773057020099
P01_L020,2.8377337337337334,0.3655630833506816
P01_L020,2.8452122122122123,0.36118275063219285
P01_L020,2.8526906906906904,0.35675519005260015
P01_L020,2.8601691691691693,0.3523001263516327
P01_L020,2.8676476476476473,0.34783805606984236
P01_L020,2.8751261261261263,0.3433901631606584
P01_L020,2.8826046046046043,0.3389782200278264
P01_L020,2.8900830830830833,0.3346244735907815
P01_L020,2.8975615615615613,0.33035151623699444
P01_L020,2.9050400400400402,0.3261821418078657
P01_L020,2.9125185185185183,0.3221391870804396
P01_L020,2.919996996996997,0.31824535954577443
P01_L020,2.9274754754754753,0.3145230526407285
P01_L020,2.9349539539539538,0.3109941499565748
P01_L020,2.9424324324324322,0.3076798203170773
P01_L020,2.9499109109109107,0.3046003059824497
P01_L020,2.9573893893893892,0.30177470658436656
P01_L020,2.9648678678678677,0.29922076172135686
P01_L020,2.972346346346346,0.2969546354335692
P01_L020,2.9798248248248247,0.29499070602119043
P01_L020,2.987303303303303,0.29334136486176327
P01_L020,2.9947817817817817,0.2920168280098715
P01_L020,3.00226026026026,0.2910249644194599
P01_L020,3.0097387387387387,0.29037114460791846
P01_L020,3.017217217217217,0.2900581134767515
P01_L020,3.0246956956956956,0.2900858908122432
P01_L020,3.032174174174174,0.2904517027103201
P01_L020,3.0396526526526526,0.2911499468027393
P01_L020,3.047131131131131,0.2921721937107879
P01_L020,3.0546096096096096,0.293507226622888
P01_L020,3.062088088088088,0.29514112029221956
P01_L020,3.0695665665665666,0.29705736008993655
P01_L020,3.077045045045045,0.2992370010413089
P01_L020,3.084523523523523,0.301658866030412
P01_L020,3.092002002002002,0.30429978160021226
P01_L020,3.09948048048048,0.3071348490155603
P01_L020,3.106958958958959,0.3101377475152134
P01_L020,3.114437437437437,0.31328106597332095
P01_L020,3.121915915915916,0.3165366585386455
P01_L020,3.129394394394394,0.31987601923827785
P01_L020,3.136872872872873,0.32327067003758325
P01_L020,3.144351351351351,0.3266925564528287
P01_L020,3.15182982982983,0.3301144445297711
P01_L020,3.159308308308308,0.3335103128386263
P01_L020,3.166786786786787,0.3368557330997219
P01_L020,3.174265265265265,0.34012823314707696
P01_L020,3.181743743743744,0.343307636159043
P01_L020,3.189222222222222,0.34637637043148967
P01_L020,3.196700700700701,0.3493197444333151
P01_L020,3.204179179179179,0.3521261824554325
P01_L020,3.211657657657658,0.3547874168304837
P01_L020,3.219136136136136,0.3572986334453946
P01_L020,3.2266146146146144,0.3596585680760329
P01_L020,3.234093093093093,0.3618695519229299
P01_L020,3.2415715715715714,0.36393750560098603
P01_L020,3.24905005005005,0.3658718817134418
P01_L020,3.2565285285285284,0.3676855570021634
P01_L020,3.264007007007007,0.3693946758941156
P01_L020,3.2714854854854853,0.3710184480397179
P01_L020,3.278963963963964,0.3725789031479835
P01_L020,3.2864424424424423,0.37410060705229375
P01_L020,3.293920920920921,0.37561034347882777
P01_L020,3.3013993993993993,0.3771367664291166
P01_L020,3.308877877877878,0.37871002842384827
P01_L020,3.3163563563563563,0.3803613900847405
P01_L020,3.3238348348348348,0.38212281665549713
P01_L020,3.3313133133133133,0.38402656708478544
P01_L020,3.3387917917917918,0.3861047812196556
P01_L020,3.3462702702702702,0.38838907049372895
P01_L020,3.3537487487487487,0.39091011725092645
P01_L020,3.361227227227227,0.39369728753252525
P01_L020,3.3687057057057057,0.39677826178423714
P01_L020,3.3761841841841838,0.40017868752302094
P01_L020,3.3836626626626627,0.40392185755192345
P01_L020,3.3911411411411407,0.4080284168370875
P01_L020,3.3986196196196197,0.4125161006747909
P01_L020,3.4060980980980977,0.41739950628818767
P01_L020,3.4135765765765766,0.42268989951134356
P01_L020,3.4210550550550547,0.4283950577502204
P01_L020,3.4285335335335336,0.4345191499619082
P01_L020,3.4360120120120117,0.4410626539690085
P01_L020,3.4434904904904906,0.4480223110295755
P01_L020,3.4509689689689687,0.4553911172146766
P01_L020,3.4584474474474476,0.46315835080794066
P01_L020,3.4659259259259256,0.47130963463263575
P01_L020,3.4734044044044046,0.479827031931502
P01_L020,3.4808828828828826,0.48868917417135094
P01_L020,3.4883613613613615,0.49787141891583675
P01_L020,3.4958398398398396,0.507346035704503
P01_L020,3.5033183183183185,0.51708241769213
P01_L020,3.5107967967967966,0.5270473166376768
P01_L020,3.518275275275275,0.5372050986863292
P01_L020,3.5257537537537535,0.5475180182596152
P01_L020,3.533232232232232,0.5579465072585371
P01_L020,3.5407107107107105,0.5684494766918282
P01_L020,3.548189189189189,0.5789846277686524
P01_L020,3.5556676676676675,0.5895087694422546
P01_L020,3.563146146146146,0.5999781393606437
P01_L020,3.5706246246246245,0.6103487251744524
P01_L020,3.578103103103103,0.620576583172226
P01_L020,3.5855815815815815,0.6306181512618997
P01_L020,3.59306006006006,0.640430553395573
P01_L020,3.6005385385385384,0.6499718926443506
P01_L020,3.608017017017017,0.6592015302717984
P01_L020,3.6154954954954954,0.6680803483281275
P01_L020,3.622973973973974,0.6765709934926591
P01_L020,3.6304524524524524,0.6846381001274691
P01_L020,3.637930930930931,0.6922484907680003
P01_L020,3.6454094094094094,0.6993713525647752
P01_L020,3.652887887887888,0.7059783884986364
P01_L020,3.6603663663663664,0.7120439425174353
P01_L020,3.667844844844845,0.7175450980786175
P01_L020,3.6753233233233233,0.722461749923972
P01_L020,3.682801801801802,0.7267766492552593
P01_L020,3.6902802802802803,0.7304754228148721
P01_L020,3.697758758758759,0.7335465666996833
P01_L020,3.7052372372372373,0.7359814160415427
P01_L020,3.712715715715716,0.737774091970467
P01_L020,3.7201941941941943,0.7389214275299357
P01_L020,3.7276726726726728,0.7394228744352365
P01_L020,3.7351511511511513,0.7392803927500551
P01_L020,3.7426296296296293,0.7384983257025176
P01_L020,3.750108108108108,0.7370832619664236
P01_L020,3.7575865865865863,0.7350438877958674
P01_L020,3.7650650650650648,0.7323908314228321
P01_L020,3.7725435435435433,0.7291365021061281
P01_L020,3.7800220220220218,0.7252949261610885
P01_L020,3.7875005005005002,0.7208815822018156
P01_L020,3.7949789789789787,0.7159132376981058
P01_L020,3.8024574574574572,0.7104077887878834
P01_L020,3.8099359359359357,0.7043841051003329
P01_L020,3.817414414414414,0.6978618811369955
P01_L020,3.8248928928928927,0.690861495534967
P01_L020,3.832371371371371,0.6834038793008554
P01_L020,3.8398498498498497,0.6755103938635717
P01_L020,3.847328328328328,0.6672027195509591
P01_L020,3.8548068068068067,0.6585027548566456
P01_L020,3.862285285285285,0.6494325266316772
P01_L020,3.8697637637637636,0.640014111116695
P01_L020,3.877242242242242,0.6302695655260468
P01_L020,3.8847207207207206,0.6202208697105521
P01_L020,3.892199199199199,0.6098898772621888
P01_L020,3.8996776776776776,0.5992982752836895
P01_L020,3.907156156156156,0.5884675519319411
P01_L020,3.9146346346346346,0.5774189707554189
P01_L020,3.922113113113113,0.5661735507846144
P01_L020,3.9295915915915915,0.5547520512995955
P01_L020,3.93707007007007,0.5431749601906707
P01_L020,3.9445485485485485,0.5314624848445753
P01_L020,3.952027027027027,0.519634544529458
P01_L020,3.9595055055055055,0.5077107633139846
P01_L020,3.966983983983984,0.49571046263796187
P01_L020,3.9744624624624625,0.48365265275060626
P01_L020,3.981940940940941,0.47155602234568694
P01_L020,3.9894194194194195,0.4594389258467241
P01_L020,3.996897897897898,0.4473193679274071
P01_L020,4.004376376376376,0.43521498498930294
P01_L020,4.011854854854855,0.42314302345647103
P01_L020,4.019333333333334,0.4111203148835431
P01_L020,4.026811811811812,0.39916324800458497
P01_L020,4.03429029029029,0.3872877379743475
P01_L020,4.041768768768769,0.37550919316639764
P01_L020,4.049247247247247,0.36384247999359126
P01_L020,4.056725725725725,0.3523018863020758
P01_L020,4.064204204204204,0.34090108395982494
P01_L020,4.071682682682683,0.3296530913128715
P01_L020,4.079161161161161,0.3185702362162891
P01_L020,4.086639639639639,0.30766412036252405
P01_L020,4.094118118118118,0.2969455856266807
P01_L020,4.101596596596597,0.2864246831274719
P01_L020,4.109075075075075,0.27611064566501564
P01_L020,4.116553553553553,0.2660118641433811
P01_L020,4.124032032032032,0.2561358685188223
P01_L020,4.131510510510511,0.24648931373575203
P01_L020,4.138988988988989,0.23707797102389283
P01_L020,4.146467467467467,0.22790672483422028
P01_L020,4.153945945945946,0.21897957559046816
P01_L020,4.161424424424425,0.21029964832983256
P01_L020,4.168902902902903,0.20186920720344104
P01_L020,4.176381381381381,0.19368967570648757
P01_L020,4.18385985985986,0.18576166241199132
P01_L020,4.191338338338339,0.1780849918928948
P01_L020,4.198816816816817,0.17065874043642199
P01_L020,4.206295295295295,0.16348127608389834
P01_L020,4.213773773773774,0.15655030246964086
P01_L020,4.221252252252253,0.14986290588511506
P01_L020,4.228730730730731,0.14341560495969738
P01_L020,4.236209209209209,0.13720440232746237
P01_L020,4.243687687687688,0.13122483764027845
P01_L020,4.251166166166167,0.1254720412906934
P01_L020,4.258644644644645,0.11994078822308965
P01_L020,4.266123123123123,0.11462555123734494
P01_L020,4.273601601601602,0.10952055322477557
P01_L020,4.281080080080081,0.10461981782001546
P01_L020,4.288558558558559,0.09991721800347812
P01_L020,4.296037037037037,0.09540652224556659
P01_L020,4.303515515515516,0.09108143784429559
P01_L020,4.3109939939939945,0.08693565117110512
P01_L020,4.318472472472473,0.08296286460368076
P01_L020,4.325950950950951,0.0791568299883783
P01_L020,4.3334294294294295,0.07551137853690187
P01_L020,4.340907907907908,0.07202044712116683
P01_L020,4.348386386386386,0.06867810098568358
P01_L020,4.355864864864865,0.06547855294759584
P01_L020,4.3633433433433435,0.062416179199874376
P01_L020,4.3708218218218216,0.05948553187273876
P01_L020,4.3783003003003,0.05668134854178571
P01_L020,4.3857787787787785,0.053998558898346045
P01_L020,4.3932572572572575,0.05143228881840063
P01_L020,4.4007357357357355,0.04897786208095278
P01_L020,4.4082142142142136,0.046630799995547166
P01_L020,4.4156926926926925,0.044386819201870896
P01_L020,4.423171171171171,0.04224182790266115
P01_L020,4.4306496496496495,0.040191920785001604
P01_L020,4.4381281281281275,0.0382333728750962
P01_L020,4.4456066066066064,0.03636263255844105
P01_L020,4.453085085085085,0.03457631398154106
P01_L020,4.460563563563563,0.03287118903365724
P01_L020,4.4680420420420415,0.031244179088031333
P01_L020,4.47552052052052,0.029692346662247775
P01_L020,4.482998998998999,0.028212887137330715
P01_L020,4.490477477477477,0.026803120655301955
P01_L020,4.497955955955955,0.02546048429561618
P01_L020,4.505434434434434,0.024182524612467008
P01_L020,4.512912912912913,0.022966890597651484
P01_L020,4.520391391391391,0.02181132711766614
P01_L020,4.527869869869869,0.020713668859091153
P01_L020,4.535348348348348,0.019671834803147995
P01_L020,4.542826826826827,0.01868382323857309
P01_L020,4.550305305305305,0.017747707311573893
P01_L020,4.557783783783783,0.01686163110257232
P01_L020,4.565262262262262,0.01602380621152292
P01_L020,4.572740740740741,0.01523250882672771
P01_L020,4.580219219219219,0.014486077246109818
P01_L020,4.587697697697697,0.013782909814709608
P01_L020,4.595176176176176,0.01312146323762252
P01_L020,4.602654654654655,0.012500251223591562
P01_L020,4.610133133133133,0.011917843410936761
P01_L020,4.617611611611611,0.011372864524386541
P01_L020,4.62509009009009,0.01086399370866642
P01_L020,4.632568568568568,0.01038996398241535
P01_L020,4.640047047047046,0.009949561754179527
P01_L020,4.647525525525525,0.00954162634097201
P01_L020,4.655004004004004,0.009165049429268768
P01_L020,4.662482482482482,0.008818774418471644
P01_L020,4.66996096096096,0.008501795587932065
P01_L020,4.677439439439439,0.00821315703073129
P01_L020,4.684917917917918,0.007951951300686036
P01_L020,4.692396396396396,0.007717317723591073
P01_L020,4.699874874874874,0.007508440329635348
P01_L020,4.707353353353353,0.007324545371257538
P01_L020,4.714831831831832,0.00716489839947965
P01_L020,4.72231031031031,0.007028800881919093
P01_L020,4.729788788788788,0.006915586357145887
P01_L020,4.737267267267267,0.006824616132675943
P01_L020,4.744745745745746,0.006755274547461005
P01_L020,4.752224224224224,0.006706963833992615
P01_L020,4.759702702702702,0.0066790986297619375
P01_L020,4.767181181181181,0.0066711002024424084
P01_L020,4.77465965965966,0.006682390467385995
P01_L020,4.782138138138138,0.006712385889410383
P01_L020,4.789616616616616,0.0067604913729586635
P01_L020,4.797095095095095,0.006826094255078207
P01_L020,4.804573573573574,0.006908558523860678
P01_L020,4.812052052052052,0.007007219390597957
P01_L020,4.81953053053053,0.0071213783465823195
P01_L020,4.827009009009009,0.007250298834912725
P01_L020,4.834487487487488,0.007393202663641327
P01_L020,4.841965965965966,0.007549267278974075
P01_L020,4.849444444444444,0.007717624005993565
P01_L020,4.856922922922923,0.007897357349581332
P01_L020,4.864401401401402,0.008087505430068006
P01_L020,4.87187987987988,0.008287061606938808
P01_L020,4.879358358358358,0.008494977320083943
P01_L020,4.886836836836837,0.008710166152123848
P01_L020,4.894315315315316,0.008931509087875858
P01_L020,4.901793793793794,0.009157860918738905
P01_L020,4.909272272272272,0.009388057711413806
P01_L020,4.916750750750751,0.009620925232727512
P01_L020,4.924229229229229,0.009855288196188566
P01_L020,4.931707707707707,0.010089980172058435
P01_L020,4.939186186186186,0.010323853981924954
P01_L020,4.946664664664665,0.010555792381700806
P01_L020,4.954143143143143,0.010784718824239557
P01_L020,4.961621621621621,0.01100960808485361
P01_L020,4.9691001001001,0.011229496530296893
P01_L020,4.976578578578579,0.011443491814457009
P01_L020,4.984057057057057,0.01165078179214738
P01_L020,4.991535535535535,0.01185064245590537
P01_L020,4.999014014014014,0.012042444719325368
P01_L020,5.006492492492493,0.012225659893774329
P01_L020,5.013970970970971,0.01239986373278751
P01_L020,5.021449449449449,0.012564738949339535
P01_L020,5.028927927927928,0.012720076144722332
P01_L020,5.036406406406407,0.012865773123067395
P01_L020,5.043884884884885,0.013001832601665887
P01_L020,5.051363363363363,0.01312835836321598
P01_L020,5.058841841841842,0.013245549930981572
P01_L020,5.066320320320321,0.013353695880659124
P01_L020,5.073798798798799,0.013453165932643691
P01_L020,5.081277277277277,0.013544401994588241
P01_L020,5.088755755755756,0.013627908345993384
P01_L020,5.096234234234235,0.013704241173519408
P01_L020,5.103712712712713,0.013773997677398083
P01_L020,5.111191191191191,0.013837804975511112
P01_L020,5.11866966966967,0.01389630903233864
P01_L020,5.126148148148149,0.013950163835159185
P01_L020,5.133626626626627,0.01400002102985972
P01_L020,5.141105105105105,0.01404652021388041
P01_L020,5.148583583583584,0.014090280064694491
P01_L020,5.1560620620620625,0.014131890459431862
P01_L020,5.163540540540541,0.014171905715496565
P01_L020,5.171019019019019,0.014210839054068116
P01_L020,5.1784974974974975,0.014249158358996773
P01_L020,5.1859759759759765,0.014287283273604625
P01_L020,5.1934544544544545,0.014325583648053999
P01_L020,5.200932932932933,0.014364379320979014
P01_L020,5.2084114114114115,0.014403941191653863
P01_L020,5.2158898898898896,0.014444493513688202
P01_L020,5.223368368368368,0.014486217318585924
P01_L020,5.2308468468468465,0.014529254857870353
P01_L020,5.2383253253253255,0.01457371493616175
P01_L020,5.2458038038038035,0.014619678994762396
P01_L020,5.253282282282282,0.014667207796047568
P01_L020,5.2607607607607605,0.014716348553250661
P01_L020,5.268239239239239,0.014767142347960404
P01_L020,5.2757177177177175,0.01481963167863475
P01_L020,5.2831961961961955,0.014873867987424317
P01_L020,5.2906746746746744,0.014929919019290902
P01_L020,5.298153153153153,0.014987875876464222
P01_L020,5.305631631631631,0.015047859642340414
P01_L020,5.3131101101101095,0.015110027461616765
P01_L020,5.320588588588588,0.01517457797740778
P01_L020,5.328067067067067,0.015241756040932843
P01_L020,5.335545545545545,0.015311856624766317
P01_L020,5.343024024024023,0.01538522788627351
P01_L020,5.350502502502502,0.015462273343431048
P01_L020,5.357980980980981,0.015543453140489074
P01_L020,5.365459459459459,0.015629284395646224
P01_L020,5.372937937937937,0.01572034063687853
P01_L020,5.380416416416416,0.01581725034512871
P01_L020,5.387894894894895,0.015920694636078918
P01_L020,5.395373373373373,0.016031404122590708
P01_L020,5.402851851851851,0.01615015500950739
P01_L020,5.41033033033033,0.016277764480810794
P01_L020,5.417808808808809,0.01641508544605391
P01_L020,5.425287287287287,0.016563000718523298
P01_L020,5.432765765765765,0.016722416701700736
P01_L020,5.440244244244244,0.016894256663293847
P01_L020,5.447722722722723,0.017079453677404544
P01_L020,5.455201201201201,0.017278943315333303
P01_L020,5.462679679679679,0.017493656164128797
P01_L020,5.470158158158158,0.0177245102493483
P01_L020,5.477636636636637,0.017972403434691076
P01_L020,5.485115115115115,0.018238205866306718
P01_L020,5.492593593593593,0.01852275252379576
P01_L020,5.500072072072072,0.018826835933362512
P01_L020,5.50755055055055,0.019151199091418828
P01_L020,5.515029029029028,0.01949652863936593
P01_L020,5.522507507507507,0.019863448322495748
P01_L020,5.529985985985986,0.02025251275817904
P01_L020,5.537464464464464,0.02066420153096013
P01_L020,5.544942942942943,0.021098913625081605
P01_L020,5.552421421421421,0.021556962198538667
P01_L020,5.5598998998999,0.022038569697212948
P01_L020,5.567378378378378,0.022543863303148195
P01_L020,5.574856856856857,0.023072870707763635
P01_L020,5.582335335335335,0.023625516198881858
P01_L020,5.589813813813814,0.02420161704996474
P01_L020,5.597292292292292,0.024800880200936293
P01_L020,5.604770770770771,0.025422899222431645
P01_L020,5.612249249249249,0.026067151559169714
P01_L020,5.619727727727728,0.026732996053303062
P01_L020,5.627206206206206,0.027419670754878254
P01_L020,5.634684684684685,0.028126291033732615
P01_L020,5.642163163163163,0.0288518480149984
P01_L020,5.649641641641642,0.029595207368582354
P01_L020,5.65712012012012,0.030355108491211643
P01_L020,5.664598598598598,0.031130164127551083
P01_L020,5.672077077077077,0.03191886048411805
P01_L020,5.679555555555555,0.03271955789594294
P01_L020,5.687034034034034,0.03353049211077445
P01_L020,5.694512512512512,0.03434977625882884
P01_L020,5.701990990990991,0.03517540357736684
P01_L020,5.709469469469469,0.03600525095854055
P01_L020,5.716947947947948,0.03683708338583894
P01_L020,5.724426426426426,0.037668559319007526
P01_L020,5.731904904904905,0.03849723707951022
P01_L020,5.739383383383383,0.0393205822785303
P01_L020,5.746861861861862,0.040135976317308704
P01_L020,5.75434034034034,0.04094072597552228
P01_L020,5.761818818818819,0.041732074087710555
P01_L020,5.769297297297297,0.042507211290780916
P01_L020,5.776775775775776,0.04326328880779367
P01_L020,5.784254254254254,0.04399743221493106
P01_L020,5.791732732732733,0.04470675612025754
P01_L020,5.799211211211211,0.045388379665001734
P01_L020,5.80668968968969,0.0460394427410909
P01_L020,5.814168168168168,0.0466571228029131
P01_L020,5.821646646646647,0.04723865213717285
P01_L020,5.829125125125125,0.047781335442521236
P01_L020,5.836603603603604,0.04828256756066202
P01_L020,5.844082082082082,0.048739851193023806
P01_L020,5.851560560560561,0.04915081443199015
P01_L020,5.859039039039039,0.04951322793312026
P01_L020,5.866517517517518,0.04982502155478374
P01_L020,5.873995995995996,0.050084300294071835
P01_L020,5.881474474474475,0.0502893593526479
P01_L020,5.888952952952953,0.05043869817314565
P01_L020,5.896431431431432,0.05053103329566255
P01_L020,5.90390990990991,0.05056530989457467
P01_L020,5.911388388388389,0.05054071186810576
P01_L020,5.918866866866867,0.05045667036657769
P01_L020,5.926345345345346,0.05031287065984747
P01_L020,5.933823823823824,0.05010925725987415
P01_L020,5.941302302302303,0.04984603723048982
P01_L020,5.948780780780781,0.04952368163311777
P01_L020,5.956259259259259,0.049142925074224554
P01_L020,5.963737737737738,0.04870476333764692
P01_L020,5.971216216216216,0.04821044910245155
P01_L020,5.978694694694695,0.04766148576461811
P01_L020,5.986173173173173,0.047059619398494956
P01_L020,5.993651651651652,0.046406828911571975
P01_L020,6.00113013013013,0.0457053144635723
P01_L020,6.008608608608609,0.0449574842380616
P01_L020,6.016087087087087,0.04416593967160013
P01_L020,6.0235655655655655,0.043333459261743264
P01_L020,6.031044044044044,0.042462981090771644
P01_L020,6.0385225225225225,0.041557584216687704
P01_L020,6.046001001001001,0.04062046909651268
P01_L020,6.0534794794794795,0.039654937219030545
P01_L020,6.0609579579579576,0.03866437013457072
P01_L020,6.0684364364364365,0.03765220807796117
P01_L020,6.0759149149149145,0.036621928387151254
P01_L020,6.0833933933933935,0.035577023923969386
P01_L020,6.0908718718718715,0.03452098170486628
P01_L020,6.0983503503503504,0.03345726194809473
P01_L020,6.1058288288288285,0.032389277739538834
P01_L020,6.113307307307307,0.031320375512238936
P01_L020,6.1207857857857855,0.030253816524602958
P01_L020,6.128264264264264,0.029192759509423998
P01_L020,6.1357427427427425,0.02814024465030667
P01_L020,6.143221221221221,0.027099179024148382
P01_L020,6.150699699699699,0.026072323628234043
P01_L020,6.158178178178178,0.02506228208859583
P01_L020,6.165656656656656,0.024071491123002733
P01_L020,6.173135135135135,0.02310221280765011
P01_L020,6.180613613613613,0.022156528671814234
P01_L020,6.188092092092092,0.021236335619860568
P01_L020,6.19557057057057,0.02034334365551875
P01_L020,6.203049049049049,0.01947907535970021
P01_L020,6.210527527527527,0.018644867050774373
P01_L020,6.218006006006006,0.017841871535497142
P01_L020,6.225484484484484,0.01707106234006624
P01_L020,6.232962962962963,0.016333239294315433
P01_L020,6.240441441441441,0.015629035328121085
P01_L020,6.247919919919919,0.014958924327802494
P01_L020,6.255398398398398,0.014323229891795054
P01_L020,6.262876876876876,0.013722134819190091
P01_L020,6.270355355355355,0.013155691161850686
P01_L020,6.277833833833833,0.012623830670685966
P01_L020,6.285312312312312,0.012126375469161886
P01_L020,6.29279079079079,0.011663048792114472
P01_L020,6.300269269269269,0.01123348563520987
P01_L020,6.307747747747747,0.010837243169769022
P01_L020,6.315226226226226,0.010473810788898207
P01_L020,6.322704704704704,0.010142619663708092
P01_L020,6.330183183183183,0.009843051702598265
P01_L020,6.337661661661661,0.009574447821893348
P01_L020,6.34514014014014,0.009336115452266053
P01_L020,6.352618618618618,0.00912733522214129
P01_L020,6.360097097097097,0.008947366776387473
P01_L020,6.367575575575575,0.00879545370583686
P01_L020,6.375054054054054,0.008670827580305374
P01_L020,6.382532532532532,0.008572711094590629
P01_L020,6.390011011011011,0.008500320353200821
P01_L020,6.397489489489489,0.00845286633511052
P01_L020,6.404967967967968,0.008429555594459053
P01_L020,6.412446446446446,0.008429590266623191
P01_L020,6.419924924924925,0.008452167461332271
P01_L020,6.427403403403403,0.008496478135292555
P01_L020,6.434881881881882,0.008561705545991996
P01_L020,6.44236036036036,0.008647023395831403
P01_L020,6.449838838838839,0.008751593781347421
P01_L020,6.457317317317317,0.008874565065948232
P01_L020,6.464795795795796,0.009015069796187868
P01_L020,6.472274274274274,0.009172222781090103
P01_L020,6.479752752752753,0.009345119451360708
P01_L020,6.487231231231231,0.0095328346104746
P01_L020,6.49470970970971,0.009734421682618299
P01_L020,6.502188188188188,0.009948912553342218
P01_L020,6.509666666666667,0.01017531808762273
P01_L020,6.517145145145145,0.010412629396956993
P01_L020,6.524623623623624,0.010659819912272666
P01_L020,6.532102102102102,0.01091584830300623
P01_L020,6.53958058058058,0.011179662264917576
P01_L020,6.547059059059059,0.011450203180310863
P01_L020,6.554537537537537,0.011726411634612948
P01_L020,6.562016016016016,0.01200723375302979
P01_L020,6.569494494494494,0.012291628300599242
P01_L020,6.576972972972973,0.01257857446874486
P01_L020,6.584451451451451,0.01286708025177887
P01_L020,6.59192992992993,0.01315619129809539
P01_L020,6.599408408408408,0.013445000103419943
P01_L020,6.606886886886887,0.013732655397826431
P01_L020,6.614365365365365,0.01401837156467211
P01_L020,6.621843843843844,0.014301437918500704
P01_L020,6.629322322322322,0.014581227660642116
P01_L020,6.636800800800801,0.01485720632601713
P01_L020,6.644279279279279,0.015128939532773885
P01_L020,6.651757757757758,0.015396099848072864
P01_L020,6.659236236236236,0.015658472588735886
P01_L020,6.666714714714715,0.015915960384690495
P01_L020,6.674193193193193,0.016168586346185954
P01_L020,6.681671671671672,0.016416495692587747
P01_L020,6.68915015015015,0.01665995572103732
P01_L020,6.696628628628629,0.016899354017190178
P01_L020,6.704107107107107,0.017135194837314602
P01_L020,6.711585585585586,0.01736809362087647
P01_L020,6.719064064064064,0.01759876962489519
P01_L020,6.726542542542543,0.017828036705299075
P01_L020,6.734021021021021,0.01805679230563893
P01_L020,6.7414994994995,0.018286004749180157
P01_L020,6.748977977977978,0.018516698965875027
P01_L020,6.756456456456457,0.01874994082028317
P01_L020,6.763934934934935,0.018986820239394495
P01_L020,6.771413413413414,0.019228433369752832
P01_L020,6.778891891891892,0.019475864020527516
P01_L020,6.786370370370371,0.019730164672520426
P01_L020,6.793848848848849,0.01999233735185324
P01_L020,6.801327327327328,0.02026331468067126
P01_L020,6.808805805805806,0.02054394142509991
P01_L020,6.816284284284285,0.020834956862515325
P01_L020,6.823762762762763,0.021136978285642878
P01_L020,6.831241241241241,0.021450485949940853
P01_L020,6.83871971971972,0.0217758097531422
P01_L020,6.846198198198198,0.02211311791187866
P01_L020,6.853676676676677,0.022462407870275373
P01_L020,6.861155155155155,0.02282349963974704
P01_L020,6.8686336336336336,0.023196031728544828
P01_L020,6.876112112112112,0.02357945977462743
P01_L020,6.8835905905905905,0.02397305794703328
P01_L020,6.891069069069069,0.0243759231300836
P01_L020,6.8985475475475475,0.024786981852513715
P01_L020,6.9060260260260256,0.025204999871133164
P01_L020,6.9135045045045045,0.02562859426703572
P01_L020,6.9209829829829825,0.026056247862881615
P01_L020,6.9284614614614615,0.02648632572352478
P01_L020,6.9359399399399395,0.02691709346036665
P01_L020,6.9434184184184184,0.027346737023314575
P01_L020,6.9508968968968965,0.027773383634035035
P01_L020,6.958375375375375,0.028195123491105048
P01_L020,6.9658538538538535,0.02861003186231986
P01_L020,6.973332332332332,0.02901619117225984
P01_L020,6.9808108108108105,0.02941171269451519
P01_L020,6.988289289289289,0.02979475746777854
P01_L020,6.995767767767767,0.030163556073178093
P01_L020,7.003246246246246,0.030516426936382512
P01_L020,7.010724724724724,0.030851792851591398
P01_L020,7.018203203203203,0.031168195464769257
P01_L020,7.025681681681681,0.03146430749945654
P01_L020,7.03316016016016,0.03173894255909838
P01_L020,7.040638638638638,0.03199106239386543
P01_L020,7.048117117117117,0.03221978157608075
P01_L020,7.055595595595595,0.03242436958524455
P01_L020,7.063074074074074,0.03260425035986886
P01_L020,7.070552552552552,0.032758999427506943
P01_L020,7.078031031031031,0.03288833877515962
P01_L020,7.085509509509509,0.032992129668412445
P01_L020,7.092987987987988,0.033070363668080624
P01_L020,7.100466466466466,0.033123152126839306
P01_L020,7.107944944944945,0.03315071447450348
P01_L020,7.115423423423423,0.03315336561870667
P01_L020,7.122901901901902,0.03313150279733734
P01_L020,7.13038038038038,0.03308559222008797
P01_L020,7.137858858858858,0.03301615582894205
P01_L020,7.145337337337337,0.03292375849169289
P01_L020,7.152815815815815,0.03280899591919452
P01_L020,7.160294294294294,0.032672483566733
P01_L020,7.167772772772772,0.03251484674360335
P01_L020,7.175251251251251,0.03233671211375991
P01_L020,7.182729729729729,0.03213870072548155
P01_L020,7.190208208208208,0.03192142266064234
P01_L020,7.197686686686686,0.03168547334573816
P01_L020,7.205165165165165,0.0314314315186424
P01_L020,7.212643643643643,0.031159858798456043
P01_L020,7.220122122122122,0.030871300762034655
P01_L020,7.2276006006006,0.030566289390961822
P01_L020,7.235079079079079,0.03024534671790198
P01_L020,7.242557557557557,0.029908989472258424
P01_L020,7.250036036036036,0.02955773450254631
P01_L020,7.257514514514514,0.029192104737330634
P01_L020,7.264992992992993,0.028812635438221275
P01_L020,7.272471471471471,0.02841988049731351
P01_L020,7.27994994994995,0.02801441853742143
P01_L020,7.287428428428428,0.027596858586122368
P01_L020,7.294906906906907,0.0271678451134325
P01_L020,7.302385385385385,0.02672806224716981
P01_L020,7.309863863863864,0.026278237008849386
P01_L020,7.317342342342342,0.025819141445349695
P01_L020,7.324820820820821,0.025351593566530457
P01_L020,7.332299299299299,0.024876457035403723
P01_L020,7.339777777777778,0.02439463959424993
P01_L020,7.347256256256256,0.023907090246186324
P01_L020,7.354734734734735,0.023414795246110107
P01_L020,7.362213213213213,0.02291877298674446
P01_L020,7.369691691691692,0.022420067893893666
P01_L020,7.37717017017017,0.02191974346930203
P01_L020,7.384648648648649,0.021418874639159365
P01_L020,7.392127127127127,0.02091853958095918
P01_L020,7.399605605605606,0.020419811210868298
P01_L020,7.407084084084084,0.019923748517977475
P01_L020,7.414562562562563,0.01943138793087624
P01_L020,7.422041041041041,0.018943734896199486
P01_L020,7.429519519519519,0.01846175583851168
P01_L020,7.436997997997998,0.01798637065663442
P01_L020,7.444476476476476,0.017518445893871665
P01_L020,7.451954954954955,0.017058788699214456
P01_L020,7.459433433433433,0.01660814167420894
P01_L020,7.466911911911912,0.016167178676469125
P01_L020,7.47439039039039,0.015736501626540396
P01_L020,7.481868868868869,0.01531663834064009
P01_L020,7.489347347347347,0.014908041388380588
P01_L020,7.496825825825826,0.014511087952485019
P01_L020,7.504304304304304,0.014126080647243473
P01_L020,7.511782782782783,0.013753249234438093
P01_L020,7.519261261261261,0.013392753160013697
P01_L020,7.52673973973974,0.013044684822103246
P01_L020,7.534218218218218,0.01270907347126508
P01_L020,7.541696696696697,0.012385889636981012
P01_L020,7.549175175175175,0.012075049970556901
P01_L020,7.556653653653654,0.0117764223934199
P01_L020,7.564132132132132,0.011489831441240713
P01_L020,7.571610610610611,0.011215063698064402
P01_L020,7.579089089089089,0.010951873220433356
P01_L020,7.586567567567568,0.01069998685900857
P01_L020,7.594046046046046,0.010459109394117937
P01_L020,7.601524524524525,0.010228928411646531
P01_L020,7.609003003003003,0.010009118856412013
P01_L020,7.616481481481482,0.009799347211326635
P01_L020,7.62395995995996,0.009599275261959344
P01_L020,7.631438438438439,0.009408563417310613
P01_L020,7.638916916916917,0.009226873568487596
P01_L020,7.646395395395396,0.009053871477322293
P01_L020,7.653873873873874,0.008889228696661379
P01_L020,7.661352352352353,0.008732624032951452
P01_L020,7.668830830830831,0.00858374456976166
P01_L020,7.6763093093093095,0.008442286277964336
P01_L020,7.683787787787788,0.008307954244400928
P01_L020,7.6912662662662665,0.008180462555976637
P01_L020,7.698744744744745,0.008059533880259206
P01_L020,7.7062232232232235,0.007944898786815124
P01_L020,7.7137017017017016,0.007836294855728315
P01_L020,7.72118018018018,0.007733465621041385
P01_L020,7.7286586586586585,0.007636159397275539
P01_L020,7.736137137137137,0.007544128036760371
P01_L020,7.7436156156156155,0.007457125664283563
P01_L020,7.751094094094094,0.007374907433597691
P01_L020,7.7585725725725725,0.00729722834764559
P01_L020,7.7660510510510505,0.007223842181040446
P01_L020,7.7735295295295295,0.007154500539419911
P01_L020,7.7810080080080075,0.007088952085849604
P01_L020,7.7884864864864864,0.00702694195955083
P01_L020,7.7959649649649645,0.00696821140695215
P01_L020,7.803443443443443,0.006912497639499324
P01_L020,7.8109219219219215,0.006859533926901856
P01_L020,7.8184004004004,0.006809049928648831
P01_L020,7.8258788788788785,0.006760772260802367
P01_L020,7.833357357357357,0.006714425289387515
P01_L020,7.840835835835835,0.006669732136259775
P01_L020,7.848314314314314,0.006626415878258381
P01_L020,7.855792792792792,0.006584200915860204
P01_L020,7.863271271271271,0.006542814483533607
P01_L020,7.870749749749749,0.006501988270652644
P01_L020,7.878228228228228,0.006461460119241912
P01_L020,7.885706706706706,0.006420975763047976
P01_L020,7.893185185185185,0.006380290571511431
P01_L020,7.900663663663663,0.0063391712621672204
P01_L020,7.908142142142142,0.006297397545824708
P01_L020,7.91562062062062,0.006254763670547073
P01_L020,7.923099099099099,0.0062110798329118935
P01_L020,7.930577577577577,0.006166173428219225
P01_L020,7.938056056056056,0.00611989011512803
P01_L020,7.945534534534534,0.006072094674538846
P01_L020,7.953013013013013,0.006022671647275578
P01_L020,7.960491491491491,0.005971525740121381
P01_L020,7.96796996996997,0.005918581994895741
P01_L020,7.975448448448448,0.0058637857203805875
P01_L020,7.982926926926927,0.005807102191881562
P01_L020,7.990405405405405,0.005748516127916164
P01_L020,7.997883883883884,0.005688030957840263
P01_L020,8.005362362362362,0.005625667898057822
P01_L020,8.012840840840841,0.005561464857724009
P01_L020,8.02031931931932,0.005495475197488615
P01_L020,8.027797797797797,0.005427766366794036
P01_L020,8.035276276276276,0.005358418446521851
P01_L020,8.042754754754753,0.005287522624379386
P01_L020,8.050233233233232,0.005215179630352466
P01_L020,8.057711711711711,0.005141498158868848
P01_L020,8.06519019019019,0.00506659330307153
P01_L020,8.072668668668669,0.004990585024865418
P01_L020,8.080147147147148,0.00491359668225213
P01_L020,8.087625625625625,0.00483575363299093
P01_L020,8.095104104104104,0.004757181930907875
P01_L020,8.102582582582581,0.004678007128305117
P01_L020,8.11006106106106,0.004598353194980699
P01_L020,8.117539539539539,0.004518341561435279
P01_L020,8.125018018018018,0.0044380902909789965
P01_L020,8.132496496496497,0.00435771338272252
P01_L020,8.139974974974976,0.004277320204885331
P01_L020,8.147453453453453,0.004197015055518868
P01_L020,8.154931931931932,0.004116896845648469
P01_L020,8.16241041041041,0.004037058898001894
P01_L020,8.169888888888888,0.003957588852919402
P01_L020,8.177367367367367,0.0038785686717334854
P01_L020,8.184845845845846,0.0038000747268551985
P01_L020,8.192324324324325,0.003722177967003885
P01_L020,8.199802802802804,0.0036449441454506765
P01_L020,8.207281281281281,0.0035684340988034443
P01_L020,8.21475975975976,0.003492704063728674
P01_L020,8.222238238238237,0.0034178060190710054
P01_L020,8.229716716716716,0.003343788041085513
P01_L020,8.237195195195195,0.0032706946599342893
P01_L020,8.244673673673674,0.0031985672062089785
P01_L020,8.252152152152153,0.0031274441370236408
P01_L020,8.259630630630632,0.0030573613321706245
P01_L020,8.267109109109109,0.0029883523519440795
P01_L020,8.274587587587588,0.0029204486495028573
P01_L020,8.282066066066065,0.002853679732060074
P01_L020,8.289544544544544,0.0027880732667355003
P01_L020,8.297023023023023,0.0027236551285733835
P01_L020,8.304501501501502,0.002660449389985987
P01_L020,8.31197997997998,0.002598478252705806
P01_L020,8.319458458458458,0.0025377619251778574
P01_L020,8.326936936936937,0.0024783184501586575
P01_L020,8.334415415415414,0.0024201634890632464
P01_L020,8.341893893893893,0.002363310071265133
P01_L020,8.349372372372372,0.002307768318056242
P01_L020,8.35685085085085,0.0022535451522593306
P01_L020,8.36432932932933,0.002200644005507024
P01_L020,8.371807807807809,0.0021490645359103213
P01_L020,8.379286286286286,0.00209880236919697
P01_L020,8.386764764764765,0.002049848876374429
P01_L020,8.394243243243242,0.0020021910005435972
P01_L020,8.40172172172172,0.0019558111446475223
P01_L020,8.4092002002002,0.0019106871306917995
P01_L020,8.416678678678679,0.0018667922393365958
P01_L020,8.424157157157158,0.0018240953367700155
P01_L020,8.431635635635637,0.0017825610934745827
P01_L020,8.439114114114114,0.0017421502969546545
P01_L020,8.446592592592593,0.0017028202577727715
P01_L020,8.45407107107107,0.0016645253054292813
P01_L020,8.461549549549549,0.0016272173677976205
P01_L020,8.469028028028028,0.0015908466250894127
P01_L020,8.476506506506507,0.001555362226757803
P01_L020,8.483984984984986,0.0015207130574434672
P01_L020,8.491463463463464,0.0014868485361046403
P01_L020,8.498941941941942,0.0014537194309225253
P01_L020,8.50642042042042,0.0014212786714943011
P01_L020,8.513898898898898,0.001389482139262018
P01_L020,8.521377377377377,0.001358289417102272
P01_L020,8.528855855855856,0.0013276644795291843
P01_L020,8.536334334334335,0.0012975763060300701
P01_L020,8.543812812812813,0.0012679994016326181
P01_L020,8.551291291291292,0.0012389142108479134
P01_L020,8.55876976976977,0.001210307413584356
P01_L020,8.566248248248248,0.0011821720944088497
P01_L020,8.573726726726726,0.001154507779558026
P01_L020,8.581205205205205,0.0011273203392808374
P01_L020,8.588683683683684,0.0011006217563287557
P01_L020,8.596162162162162,0.0010744297646022942
P01_L020,8.603640640640641,0.0010487673650204162
P01_L020,8.611119119119119,0.0010236622285137963
P01_L020,8.618597597597597,0.0009991459985763805
P01_L020,8.626076076076075,0.000975253507976483
P01_L020,8.633554554554554,0.0009520219259764502
P01_L020,8.641033033033032,0.0009294898537032259
P01_L020,8.648511511511511,0.0009076963861298499
P01_L020,8.65598998998999,0.000886680159467511
P01_L020,8.66346846846847,0.000866478402640025
P01_L020,8.670946946946946,0.0008471260109447072
P01_L020,8.678425425425425,0.0008286546590342033
P01_L020,8.685903903903903,0.0008110919690330455
P01_L020,8.693382382382381,0.0007944607479874879
P01_L020,8.70086086086086,0.0007787783070015681
P01_L020,8.70833933933934,0.000764055872401012
P01_L020,8.715817817817818,0.0007502980971559407
P01_L020,8.723296296296297,0.0007375026786457495
P01_L020,8.730774774774774,0.0007256600867235537
P01_L020,8.738253253253253,0.0007147534039846263
P01_L020,8.74573173173173,0.0007047582782068359
P01_L020,8.75321021021021,0.0006956429851455503
P01_L020,8.760688688688688,0.0006873685982563106
P01_L020,8.768167167167167,0.00067988926050084
P01_L020,8.775645645645646,0.0006731525521729541
P01_L020,8.783124124124125,0.0006670999476590546
P01_L020,8.790602602602602,0.0006616673532148969
P01_L020,8.798081081081081,0.0006567857171827579
P01_L020,8.805559559559558,0.0006523817035732758
P01_L020,8.813038038038037,0.000648378419574131
P01_L020,8.820516516516516,0.0006446961873031655
P01_L020,8.827994994994995,0.0006412533499762143
P01_L020,8.835473473473474,0.0006379671025924524
P01_L020,8.842951951951953,0.000634754337237411
P01_L020,8.85043043043043,0.0006315324931551869
P01_L020,8.85790890890891,0.0006282204018398197
P01_L020,8.865387387387386,0.0006247391175390354
P01_L020,8.872865865865865,0.000621012723752969
P01_L020,8.880344344344344,0.0006169691065514944
P01_L020,8.887822822822823,0.0006125406858343119
P01_L020,8.895301301301302,0.0006076650960282567
P01_L020,8.90277977977978,0.0006022858081671442
P01_L020,8.910258258258258,0.0005963526858419237
P01_L020,8.917736736736735,0.0005898224681522967
P01_L020,8.925215215215214,0.0005826591735425775
P01_L020,8.932693693693693,0.0005748344192684001
P01_L020,8.940172172172172,0.0005663276522167805
P01_L020,8.947650650650651,0.0005571262878854539
P01_L020,8.95512912912913,0.0005472257555090707
P01_L020,8.962607607607607,0.0005366294485850462
P01_L020,8.970086086086086,0.0005253485813820102
P01_L020,8.977564564564563,0.0005134019533854289
P01_L020,8.985043043043042,0.0005008156250209841
P01_L020,8.992521521521521,0.0004876225093677479
P01_L020,9.0,0.0004738618858980782
P01_L025,1.0,0.00038324947869820976
P01_L025,1.008008008008008,0.0003825351205701465
P01_L025,1.016016016016016,0.0003804000254320207
P01_L025,1.024024024024024,0.0003768679826647536
P01_L025,1.032032032032032,0.00037197815055984136
P01_L025,1.04004004004004,0.0003657843336754909
P01_L025,1.048048048048048,0.0003583539974190937
P01_L025,1.0560560560560561,0.00034976704508951986
P01_L025,1.064064064064064,0.0003401143883695493
P01_L025,1.072072072072072,0.0003294963470074648
P01_L025,1.08008008008008,0.00031802091702883315
P01_L025,1.088088088088088,0.0003058019491812691
P01_L025,1.0960960960960962,0.0002929572803905146
P01_L025,1.1041041041041042,0.0002796068607978803
P01_L025,1.112112112112112,0.00026587091750604523
P01_L025,1.12012012012012,0.00025186819357484846
P01_L025,1.1281281281281281,0.000237714297211408
P01_L025,1.1361361361361362,0.0002235201916512852
P01_L025,1.1441441441441442,0.00020939085111466532
P01_L025,1.1521521521521523,0.00019542410264368484
P01_L025,1.16016016016016,0.0001817096677905296
P01_L025,1.1681681681681682,0.0001683284122349065
P01_L025,1.1761761761761762,0.00015535180565791874
P01_L025,1.1841841841841843,0.00014284158876401085
P01_L025,1.1921921921921923,0.00013084963937722634
P01_L025,1.2002002002002001,0.00011941802516866605
P01_L025,1.2082082082082082,0.00010857922689445096
P01_L025,1.2162162162162162,9.835651310140322e-05
P01_L025,1.2242242242242243,8.876444512282516e-05
P01_L025,1.2322322322322323,7.98094898404969e-05
P01_L025,1.2402402402402402,7.149071710461563e-05
P01_L025,1.2482482482482482,6.380055882977102e-05
P01_L025,1.2562562562562563,5.6725607550990504e-05
P01_L025,1.2642642642642643,5.0247433542708795e-05
P01_L025,1.2722722722722724,4.434340137809928e-05
P01_L025,1.2802802802802802,3.898746893377386e-05
P01_L025,1.2882882882882882,3.415095422165469e-05
P01_L025,1.2962962962962963,2.980325795526227e-05
P01_L025,1.3043043043043043,2.5912532337938327e-05
P01_L025,1.3123123123123124,2.2446289111503128e-05
P01_L025,1.3203203203203202,1.9371942353279124e-05
P01_L025,1.3283283283283283,1.6657283798337197e-05
P01_L025,1.3363363363363363,1.4270890547340536e-05
P01_L025,1.3443443443443444,1.2182466867621783e-05
P01_L025,1.3523523523523524,1.0363123388909776e-05
P01_L025,1.3603603603603602,8.785598330735231e-06
P01_L025,1.3683683683683685,7.424426482546769e-06
P01_L025,1.3763763763763763,6.256062506065824e-06
P01_L025,1.3843843843843844,5.2589657663022464e-06
P01_L025,1.3923923923923924,4.413654352753802e-06
P01_L025,1.4004004004004003,3.7027362595162865e-06
P01_L025,1.4084084084084085,3.110925888568078e-06
P01_L025,1.4164164164164164,2.625054161309537e-06
P01_L025,1.4244244244244244,2.2340806057671495e-06
P01_L025,1.4324324324324325,1.9291158649952436e-06
P01_L025,1.4404404404404405,1.703463177391305e-06
P01_L025,1.4484484484484486,1.5526875393014088e-06
P01_L025,1.4564564564564564,1.474721497293511e-06
P01_L025,1.4644644644644644,1.4700168496011403e-06
P01_L025,1.4724724724724725,1.5417519757705738e-06
P01_L025,1.4804804804804805,1.6961050669330908e-06
P01_L025,1.4884884884884886,1.9426041967331856e-06
P01_L025,1.4964964964964964,2.294565948821272e-06
P01_L025,1.5045045045045045,2.7696351884966958e-06
P01_L025,1.5125125125125125,3.390439514386632e-06
P01_L025,1.5205205205205206,4.1853729248956546e-06
P01_L025,1.5285285285285286,5.18952425041265e-06
P01_L025,1.5365365365365364,6.4457668955407594e-06
P01_L025,1.5445445445445445,8.00602735820458e-06
P01_L025,1.5525525525525525,9.932750789283416e-06
P01_L025,1.5605605605605606,1.2300582464999788e-05
P01_L025,1.5685685685685686,1.5198284395126085e-05
P01_L025,1.5765765765765765,1.8730906306937066e-05
P01_L025,1.5845845845845847,2.3022229845459174e-05
P01_L025,1.5925925925925926,2.8217503927592367e-05
P01_L025,1.6006006006006006,3.4486487689974154e-05
P01_L025,1.6086086086086087,4.20268152847807e-05
P01_L025,1.6166166166166165,5.10676938109102e-05
P01_L025,1.6246246246246248,6.187394182970316e-05
P01_L025,1.6326326326326326,7.475037111996783e-05
P01_L025,1.6406406406406406,9.004650850155e-05
P01_L025,1.6486486486486487,0.00010816164763855083
P01_L025,1.6566566566566565,0.0001295502126795706
P01_L025,1.6646646646646648,0.00015472740638317487
P01_L025,1.6726726726726726,0.00018427510502105538
P01_L025,1.6806806806806807,0.00021884795089224362
P01_L025,1.6886886886886887,0.00025917958080164854
P01_L025,1.6966966966966965,0.00030608891548302276
P01_L025,1.7047047047047048,0.00036048642085704125
P01_L025,1.7127127127127126,0.0004233802374404622
P01_L025,1.7207207207207207,0.0004958820594494818
P01_L025,1.7287287287287287,0.0005792126305140949
P01_L025,1.7367367367367368,0.0006747067088430866
P01_L025,1.7447447447447448,0.0007838173416075173
P01_L025,1.7527527527527527,0.0009081192767506221
P01_L025,1.7607607607607607,0.0010493113309311298
P01_L025,1.7687687687687688,0.0012092175254423427
P01_L025,1.7767767767767768,0.001389786798314758
P01_L025,1.7847847847847849,0.001593091100996727
P01_L025,1.7927927927927927,0.0018213216925860433
P01_L025,1.8008008008008007,0.002076783454080278
P01_L025,1.8088088088088088,0.00236188705997972
P01_L025,1.8168168168168168,0.002679138865173265
P01_L025,1.8248248248248249,0.003031128391597758
P01_L025,1.8328328328328327,0.003420513331771145
P01_L025,1.840840840840841,0.0038500020248683053
P01_L025,1.8488488488488488,0.004322333405248814
P01_L025,1.8568568568568569,0.0048402544727601336
P01_L025,1.864864864864865,0.005406495387999837
P01_L025,1.8728728728728727,0.006023742353079678
P01_L025,1.880880880880881,0.006694608498111202
P01_L025,1.8888888888888888,0.0074216030542450925
P01_L025,1.896896896896897,0.008207099154074532
P01_L025,1.904904904904905,0.009053300657828554
P01_L025,1.9129129129129128,0.009962208457212704
P01_L025,1.920920920920921,0.010935586756108538
P01_L025,1.9289289289289289,0.011974929866748729
P01_L025,1.936936936936937,0.013081430089634404
P01_L025,1.944944944944945,0.014255947263698221
P01_L025,1.9529529529529528,0.015498980578599554
P01_L025,1.960960960960961,0.016810643232419042
P01_L025,1.968968968968969,0.018190640494597312
P01_L025,1.976976976976977,0.01963825169536398
P01_L025,1.984984984984985,0.021152316609192978
P01_L025,1.992992992992993,0.02273122663158715
P01_L025,2.001001001001001,0.024372921066801327
P01_L025,2.009009009009009,0.026074888750562124
P01_L025,2.017017017017017,0.027834175128494426
P01_L025,2.025025025025025,0.02964739480033222
P01_L025,2.033033033033033,0.03151074942497481
P01_L025,2.041041041041041,0.03342005076521482
P01_L025,2.049049049049049,0.03537074853692132
P01_L025,2.057057057057057,0.037357962619060256
P01_L025,2.065065065065065,0.039376519081622915
P01_L025,2.073073073073073,0.0414209894015987
P01_L025,2.081081081081081,0.04348573216555331
P01_L025,2.089089089089089,0.045564936503758355
P01_L025,2.0970970970970972,0.04765266646725357
P01_L025,2.105105105105105,0.049742905547150024
P01_L025,2.113113113113113,0.051829600545743454
P01_L025,2.121121121121121,0.053906704041597184
P01_L025,2.1291291291291294,0.05596821474504712
P01_L025,2.1371371371371373,0.05800821511507401
P01_L025,2.145145145145145,0.06002090570104297
P01_L025,2.153153153153153,0.06200063578061283
P01_L025,2.161161161161161,0.06394192998476066
P01_L025,2.1691691691691695,0.06583951072853916
P01_L025,2.1771771771771773,0.06768831639770442
P01_L025,2.185185185185185,0.06948351537239987
P01_L025,2.193193193193193,0.07122051609531657
P01_L025,2.201201201201201,0.07289497350895531
P01_L025,2.2092092092092095,0.07450279229089593
P01_L025,2.2172172172172173,0.07604012740387718
P01_L025,2.225225225225225,0.0775033825461178
P01_L025,2.233233233233233,0.07888920713447264
P01_L025,2.2412412412412412,0.08019449247728297
P01_L025,2.2492492492492495,0.081416367794534
P01_L025,2.2572572572572573,0.08255219672040462
P01_L025,2.265265265265265,0.0835995748785453
P01_L025,2.273273273273273,0.0845563290552789
P01_L025,2.2812812812812813,0.08542051841296953
P01_L025,2.2892892892892895,0.08619043808817062
P01_L025,2.2972972972972974,0.08686462541053637
P01_L025,2.305305305305305,0.08744186886281848
P01_L025,2.313313313313313,0.08792121978379147
P01_L025,2.3213213213213213,0.08830200669882356
P01_L025,2.3293293293293296,0.08858385205117614
P01_L025,2.3373373373373374,0.08876669100473246
P01_L025,2.3453453453453452,0.08885079189913996
P01_L025,2.353353353353353,0.08883677786417063
P01_L025,2.3613613613613613,0.08872564904363818
P01_L025,2.3693693693693696,0.08851880484207073
P01_L025,2.3773773773773774,0.08821806559020322
P01_L025,2.3853853853853852,0.08782569302836576
P01_L025,2.393393393393393,0.0873444090292153
P01_L025,2.4014014014014013,0.08677741202162732
P01_L025,2.4094094094094096,0.08612839063391742
P01_L025,2.4174174174174174,0.08540153414427547
P01_L025,2.4254254254254253,0.08460153940642504
P01_L025,2.433433433433433,0.08373361400571132
P01_L025,2.4414414414414414,0.08280347549153795
P01_L025,2.4494494494494496,0.0818173466227612
P01_L025,2.4574574574574575,0.08078194664974368
P01_L025,2.4654654654654653,0.07970447873691817
P01_L025,2.4734734734734736,0.0785926136998723
P01_L025,2.4814814814814814,0.07745447028838624
P01_L025,2.4894894894894897,0.07629859228943507
P01_L025,2.4974974974974975,0.0751339227501298
P01_L025,2.5055055055055053,0.07396977562896398
P01_L025,2.5135135135135136,0.07281580517405699
P01_L025,2.5215215215215214,0.07168197329965037
P01_L025,2.5295295295295297,0.07057851518779139
P01_L025,2.5375375375375375,0.06951590328253929
P01_L025,2.5455455455455454,0.068504809771342
P01_L025,2.5535535535535536,0.0675560675652529
P01_L025,2.5615615615615615,0.06668062969974514
P01_L025,2.5695695695695697,0.06588952698478319
P01_L025,2.5775775775775776,0.06519382364073738
P01_L025,2.5855855855855854,0.0646045705700772
P01_L025,2.5935935935935936,0.06413275583816967
P01_L025,2.6016016016016015,0.0637892518745356
P01_L025,2.6096096096096097,0.0635847588631262
P01_L025,2.6176176176176176,0.06352974377077258
P01_L025,2.6256256256256254,0.06363437447082716
P01_L025,2.6336336336336337,0.06390844845737711
P01_L025,2.641641641641642,0.06436131571682341
P01_L025,2.6496496496496498,0.06500179542974724
P01_L025,2.6576576576576576,0.06583808631742631
P01_L025,2.6656656656656654,0.06687767062365843
P01_L025,2.6736736736736737,0.06812721193189589
P01_L025,2.681681681681682,0.06959244725706154
P01_L025,2.68968968968969,0.07127807411638448
P01_L025,2.6976976976976976,0.07318763356842037
P01_L025,2.7057057057057055,0.07532339050708814
P01_L025,2.7137137137137137,0.07768621279991662
P01_L025,2.721721721721722,0.08027545115746523
P01_L025,2.72972972972973,0.08308882190420758
P01_L025,2.7377377377377377,0.08612229507937692
P01_L025,2.7457457457457455,0.08936999051870378
P01_L025,2.7537537537537538,0.09282408474392892
P01_L025,2.761761761761762,0.09647473160626827
P01_L025,2.76976976976977,0.10030999968333873
P01_L025,2.7777777777777777,0.104315829408343
P01_L025,2.7857857857857855,0.1084760128091097
P01_L025,2.793793793793794,0.1127721985484404
P01_L025,2.801801801801802,0.11718392468391675
P01_L025,2.80980980980981,0.12168868120523242
P01_L025,2.8178178178178177,0.12626200396326617
P01_L025,2.8258258258258255,0.13087760108332655
P01_L025,2.833833833833834,0.13550751236400282
P01_L025,2.841841841841842,0.1401223015140569
P01_L025,2.84984984984985,0.14469128038675805
P01_L025,2.8578578578578577,0.14918276364992084
P01_L025,2.8658658658658656,0.1535643515985876
P01_L025,2.873873873873874,0.15780323809485527
P01_L025,2.881881881881882,0.16186653992581443
P01_L025,2.88988988988989,0.16572164322594138
P01_L025,2.8978978978978978,0.16933656203425493
P01_L025,2.9059059059059056,0.1726803035676068
P01_L025,2.913913913913914,0.17572323440633542
P01_L025,2.921921921921922,0.1784374415216208
P01_L025,2.92992992992993,0.18079708193672447
P01_L025,2.937937937937938,0.18277871481500435
P01_L025,2.9459459459459456,0.18436160991068445
P01_L025,2.953953953953954,0.18552802660423615
P01_L025,2.961961961961962,0.18626345816941148
P01_L025,2.96996996996997,0.18655683647585586
P01_L025,2.977977977977978,0.18640069300822143
P01_L025,2.985985985985986,0.18579127286495214
P01_L025,2.993993993993994,0.1847285992689064
P01_L025,3.002002002002002,0.18321648705700905
P01_L025,3.01001001001001,0.18126250459416735
P01_L025,3.018018018018018,0.17887788455341697
P01_L025,3.026026026026026,0.17607738499482314
P01_L025,3.034034034034034,0.17287910313525898
P01_L025,3.042042042042042,0.16930424510590605
P01_L025,3.05005005005005,0.16537685582191772
P01_L025,3.058058058058058,0.1611235138191369
P01_L025,3.066066066066066,0.15657299652886458
P01_L025,3.074074074074074,0.151755921949659
P01_L025,3.0820820820820822,0.14670437302475609
P01_L025,3.09009009009009,0.14145151123889074
P01_L025,3.098098098098098,0.13603118600671202
P01_L025,3.106106106106106,0.13047754633868977
P01_L025,3.114114114114114,0.12482466104498437
P01_L025,3.1221221221221223,0.11910615338264122
P01_L025,3.13013013013013,0.1133548555792343
P01_L025,3.138138138138138,0.10760248809195944
P01_L025,3.146146146146146,0.10187936780285824
P01_L025,3.154154154154154,0.09621414862731613
P01_L025,3.1621621621621623,0.09063359724448576
P01_L025,3.17017017017017,0.0851624058653154
P01_L025,3.178178178178178,0.07982304315661956
P01_L025,3.186186186186186,0.07463564365763001
P01_L025,3.194194194194194,0.06961793527669682
P01_L025,3.2022022022022023,0.06478520375658771
P01_L025,3.21021021021021,0.06015029236123377
P01_L025,3.2182182182182184,0.05572363447637394
P01_L025,3.2262262262262262,0.05151331634034399
P01_L025,3.234234234234234,0.047525166735399915
P01_L025,3.2422422422422423,0.043762870177917586
P01_L025,3.25025025025025,0.04022809994830573
P01_L025,3.2582582582582584,0.03692066719672298
P01_L025,3.2662662662662663,0.03383868234469074
P01_L025,3.274274274274274,0.030978725069283276
P01_L025,3.2822822822822824,0.02833601929807314
P01_L025,3.29029029029029,0.025904609850229823
P01_L025,3.2982982982982985,0.023677537622061342
P01_L025,3.3063063063063063,0.02164701052312909
P01_L025,3.314314314314314,0.01980456771085001
P01_L025,3.3223223223223224,0.018141235036329174
P01_L025,3.33033033033033,0.016647669991432357
P01_L025,3.3383383383383385,0.015314294826847557
P01_L025,3.3463463463463463,0.014131416883955654
P01_L025,3.354354354354354,0.013089335541559785
P01_L025,3.3623623623623624,0.012178435514881564
P01_L025,3.3703703703703702,0.011389266552869143
P01_L025,3.3783783783783785,0.01071260985617064
P01_L025,3.3863863863863863,0.010139531778725562
P01_L025,3.394394394394394,0.009661425578636588
P01_L025,3.4024024024024024,0.00927004214776038
P01_L025,3.4104104104104103,0.00895751077429671
P01_L025,3.4184184184184185,0.008716351079499623
P01_L025,3.4264264264264264,0.008539477320255293
P01_L025,3.4344344344344346,0.008420196266116805
P01_L025,3.4424424424424425,0.008352199845503932
P01_L025,3.4504504504504503,0.008329553714617981
P01_L025,3.4584584584584586,0.008346682837984681
P01_L025,3.4664664664664664,0.008398355085389253
P01_L025,3.4744744744744747,0.008479663750367726
P01_L025,3.4824824824824825,0.008586009784408186
P01_L025,3.4904904904904903,0.008713084422512857
P01_L025,3.4984984984984986,0.008856852753514916
P01_L025,3.5065065065065064,0.00901353866599788
P01_L025,3.5145145145145147,0.00917961148097631
P01_L025,3.5225225225225225,0.009351774468454335
P01_L025,3.5305305305305303,0.00952695533894983
P01_L025,3.5385385385385386,0.009702298705029888
P01_L025,3.5465465465465464,0.00987516042335673
P01_L025,3.5545545545545547,0.010043103655785169
P01_L025,3.5625625625625625,0.010203896429342366
P01_L025,3.5705705705705704,0.01035551042970936
P01_L025,3.5785785785785786,0.010496120730988375
P01_L025,3.5865865865865865,0.010624106145614142
P01_L025,3.5945945945945947,0.01073804987148122
P01_L025,3.6026026026026026,0.010836740117700706
P01_L025,3.6106106106106104,0.01091917040464372
P01_L025,3.6186186186186187,0.010984539256720358
P01_L025,3.6266266266266265,0.011032249036216763
P01_L025,3.6346346346346348,0.011061903701976803
P01_L025,3.6426426426426426,0.011073305316278306
P01_L025,3.6506506506506504,0.01106644916547588
P01_L025,3.6586586586586587,0.011041517403515696
P01_L025,3.6666666666666665,0.010998871171039409
P01_L025,3.674674674674675,0.010939041185394249
P01_L025,3.6826826826826826,0.0108627168375232
P01_L025,3.6906906906906904,0.01077073386964363
P01_L025,3.6986986986986987,0.010664060742230246
P01_L025,3.7067067067067065,0.010543783829634354
P01_L025,3.714714714714715,0.010411091610377758
P01_L025,3.7227227227227226,0.010267258040564718
P01_L025,3.730730730730731,0.010113625316858993
P01_L025,3.7387387387387387,0.009951586249073212
P01_L025,3.7467467467467466,0.009782566471663687
P01_L025,3.754754754754755,0.009608006728415056
P01_L025,3.7627627627627627,0.009429345465463259
P01_L025,3.770770770770771,0.009248001964690389
P01_L025,3.7787787787787788,0.0090653602425833
P01_L025,3.7867867867867866,0.008882753929045542
P01_L025,3.794794794794795,0.008701452326560643
P01_L025,3.8028028028028027,0.008522647832706136
P01_L025,3.810810810810811,0.008347444888513782
P01_L025,3.818818818818819,0.008176850591798996
P01_L025,3.8268268268268266,0.008011767088601683
P01_L025,3.834834834834835,0.007852985827616267
P01_L025,3.8428428428428427,0.007701183732306271
P01_L025,3.850850850850851,0.0075569213137284316
P01_L025,3.858858858858859,0.007420642714431488
P01_L025,3.8668668668668666,0.0072926776406899855
P01_L025,3.874874874874875,0.007173245107396792
P01_L025,3.8828828828828827,0.007062458887816882
P01_L025,3.890890890890891,0.0069603345297801
P01_L025,3.898898898898899,0.006866797771456338
P01_L025,3.9069069069069067,0.006781694164294751
P01_L025,3.914914914914915,0.006704799688680779
P01_L025,3.9229229229229228,0.006635832129963752
P01_L025,3.930930930930931,0.006574462969274577
P01_L025,3.938938938938939,0.006520329535407437
P01_L025,3.946946946946947,0.006473047161303603
P01_L025,3.954954954954955,0.006432221091538177
P01_L025,3.962962962962963,0.006397457895706691
P01_L025,3.970970970970971,0.00636837615664116
P01_L025,3.978978978978979,0.0063446162216907855
P01_L025,3.986986986986987,0.006325848829478506
P01_L025,3.994994994994995,0.006311782453041734
P01_L025,4.003003003003003,0.0063021692324161625
P01_L025,4.011011011011011,0.006296809404735002
P01_L025,4.019019019019019,0.006295554176929039
P01_L025,4.027027027027027,0.00629830702418973
P01_L025,4.035035035035035,0.0063050234355230455
P01_L025,4.043043043043043,0.0063157091650071434
P01_L025,4.051051051051051,0.006330417082811652
P01_L025,4.059059059059059,0.006349242752733224
P01_L025,4.067067067067067,0.006372318892133632
P01_L025,4.075075075075075,0.00639980889499926
P01_L025,4.083083083083083,0.00643189961879272
P01_L025,4.091091091091091,0.00646879365037822
P01_L025,4.099099099099099,0.006510701275294922
P01_L025,4.107107107107107,0.006557832377912898
P01_L025,4.115115115115115,0.006610388497594988
P01_L025,4.123123123123123,0.006668555258158916
P01_L025,4.131131131131131,0.00673249537510777
P01_L025,4.1391391391391394,0.0068023424278606855
P01_L025,4.147147147147147,0.006878195563319151
P01_L025,4.155155155155155,0.0069601152734244925
P01_L025,4.163163163163163,0.007048120363893109
P01_L025,4.171171171171171,0.0071421862051394315
P01_L025,4.1791791791791795,0.007242244330651147
P01_L025,4.187187187187187,0.007348183423944987
P01_L025,4.195195195195195,0.00745985171384805
P01_L025,4.203203203203203,0.007577060780379037
P01_L025,4.211211211211211,0.007699590760963334
P01_L025,4.2192192192192195,0.007827196940090542
P01_L025,4.227227227227227,0.00795961770560812
P01_L025,4.235235235235235,0.008096583862291203
P01_L025,4.243243243243244,0.00823782930859485
P01_L025,4.251251251251251,0.008383103105809392
P01_L025,4.2592592592592595,0.008532183000190515
P01_L025,4.267267267267267,0.008684890497752692
P01_L025,4.275275275275275,0.008841107637750263
P01_L025,4.283283283283284,0.009000795663575593
P01_L025,4.291291291291291,0.009164015847756083
P01_L025,4.2992992992992995,0.00933095278947638
P01_L025,4.307307307307307,0.009501940566861473
P01_L025,4.315315315315315,0.009677492190087273
P01_L025,4.323323323323324,0.009858332862912754
P01_L025,4.331331331331331,0.010045437616861125
P01_L025,4.33933933933934,0.01024007393115976
P01_L025,4.347347347347347,0.01044384998961784
P01_L025,4.355355355355355,0.010658769249610123
P01_L025,4.363363363363364,0.010887292004863157
P01_L025,4.371371371371371,0.011132404609294867
P01_L025,4.37937937937938,0.011397696990292642
P01_L025,4.387387387387387,0.011687449013052785
P01_L025,4.395395395395395,0.012006726159728191
P01_L025,4.403403403403404,0.012361484855156361
P01_L025,4.411411411411411,0.012758687602304742
P01_L025,4.41941941941942,0.01320642788328262
P01_L025,4.4274274274274275,0.013714064534556149
P01_L025,4.435435435435435,0.01429236501747372
P01_L025,4.443443443443444,0.014953656678057937
P01_L025,4.451451451451451,0.0157119847251799
P01_L025,4.45945945945946,0.016583275257086954
P01_L025,4.4674674674674675,0.017585501237727483
P01_L025,4.475475475475475,0.018738848873129103
P01_L025,4.483483483483484,0.02006588137270656
P01_L025,4.491491491491491,0.02159169661121009
P01_L025,4.4994994994995,0.023344074746335725
P01_L025,4.5075075075075075,0.02535361140884093
P01_L025,4.515515515515515,0.027653831682068995
P01_L025,4.523523523523524,0.03028127974313096
P01_L025,4.531531531531531,0.03327557876674316
P01_L025,4.53953953953954,0.036679455513581836
P01_L025,4.5475475475475475,0.04053872395664243
P01_L025,4.555555555555555,0.044902222359673664
P01_L025,4.563563563563564,0.04982169842786204
P01_L025,4.571571571571571,0.05535163751731937
P01_L025,4.57957957957958,0.06154902942801043
P01_L025,4.587587587587588,0.06847307002227727
P01_L025,4.595595595595595,0.07618479481127272
P01_L025,4.603603603603604,0.08474664273177139
P01_L025,4.611611611611611,0.09422194958771493
P01_L025,4.61961961961962,0.10467437203931146
P01_L025,4.627627627627628,0.11616724456544025
P01_L025,4.635635635635635,0.12876287347385806
P01_L025,4.643643643643644,0.14252177375206782
P01_L025,4.651651651651651,0.15750185629804148
P01_L025,4.65965965965966,0.1737575747966454
P01_L025,4.667667667667668,0.1913390431624805
P01_L025,4.675675675675675,0.21029113599872118
P01_L025,4.683683683683684,0.23065258586777163
P01_L025,4.691691691691691,0.2524550922785796
P01_L025,4.6996996996997,0.27572245811464263
P01_L025,4.707707707707708,0.30046976970901196
P01_L025,4.7157157157157155,0.3267026368785585
P01_L025,4.723723723723724,0.3544165089288092
P01_L025,4.731731731731731,0.3835960819146342
P01_L025,4.73973973973974,0.41421481128554216
P01_L025,4.747747747747748,0.44623454246614325
P01_L025,4.7557557557557555,0.4796052699477524
P01_L025,4.763763763763764,0.5142650331350673
P01_L025,4.771771771771771,0.5501399545579021
P01_L025,4.77977977977978,0.5871444231914708
P01_L025,4.787787787787788,0.6251814226089905
P01_L025,4.7957957957957955,0.6641430006106027
P01_L025,4.803803803803804,0.7039108739271522
P01_L025,4.811811811811811,0.7443571586895329
P01_L025,4.81981981981982,0.7853452146813382
P01_L025,4.827827827827828,0.8267305890497729
P01_L025,4.8358358358358355,0.8683620432244453
P01_L025,4.843843843843844,0.9100826453548574
P01_L025,4.851851851851851,0.9517309096847815
P01_L025,4.85985985985986,0.9931419639687377
P01_L025,4.867867867867868,1.034148726317796
P01_L025,4.875875875875876,1.0745830737292525
P01_L025,4.883883883883884,1.1142769859733317
P01_L025,4.891891891891891,1.1530636504237661
P01_L025,4.8998998998999,1.1907785157484965
P01_L025,4.907907907907908,1.2272602850241576
P01_L025,4.915915915915916,1.262351841691334
P01_L025,4.923923923923924,1.2959011047017341
P01_L025,4.931931931931931,1.3277618120956651
P01_L025,4.93993993993994,1.3577942349599803
P01_L025,4.947947947947948,1.3858658261286336
P01_L025,4.955955955955956,1.411851809993216
P01_L025,4.963963963963964,1.4356357212920852
P01_L025,4.971971971971972,1.4571099016770497
P01_L025,4.97997997997998,1.4761759631674274
P01_L025,4.987987987987988,1.4927452272799098
P01_L025,4.995995995995996,1.5067391476782617
P01_L025,5.004004004004004,1.518089722667476
P01_L025,5.012012012012012,1.5267399018314805
P01_L025,5.02002002002002,1.5326439886803136
P01_L025,5.028028028028028,1.5357680384526917
P01_L025,5.036036036036036,1.5360902473456348
P01_L025,5.044044044044044,1.533601326564219
P01_L025,5.052052052052052,1.5283048518459084
P01_L025,5.06006006006006,1.5202175766670938
P01_L025,5.068068068068068,1.5093696953138112
P01_L025,5.076076076076076,1.495805040519617
P01_L025,5.084084084084084,1.4795811995301875
P01_L025,5.092092092092092,1.4607695323242844
P01_L025,5.1001001001001,1.4394550763327485
P01_L025,5.108108108108108,1.4157363233669298
P01_L025,5.116116116116116,1.3897248565584333
P01_L025,5.124124124124124,1.361544837870362
P01_L025,5.132132132132132,1.3313323400727501
P01_L025,5.14014014014014,1.2992345208660925
P01_L025,5.148148148148148,1.265408640952691
P01_L025,5.156156156156156,1.230020932140917
P01_L025,5.1641641641641645,1.1932453258658875
P01_L025,5.172172172172172,1.1552620566590466
P01_L025,5.18018018018018,1.1162561589415148
P01_L025,5.188188188188188,1.076415878912836
P01_L025,5.196196196196196,1.0359310261263701
P01_L025,5.2042042042042045,0.994991291487088
P01_L025,5.212212212212212,0.9537845597991843
P01_L025,5.22022022022022,0.9124952455814151
P01_L025,5.228228228228228,0.8713026806454072
P01_L025,5.236236236236236,0.8303795809055888
P01_L025,5.2442442442442445,0.789890618107263
P01_L025,5.252252252252252,0.7499911196878272
P01_L025,5.26026026026026,0.7108259169195865
P01_L025,5.268268268268268,0.6725283579322943
P01_L025,5.276276276276276,0.6352194983025125
P01_L025,5.2842842842842845,0.5990074777583663
P01_L025,5.292292292292292,0.5639870873170768
P01_L025,5.3003003003003,0.5302395269800506
P01_L025,5.308308308308308,0.4978323500820908
P01_L025,5.316316316316316,0.46681958663866857
P01_L025,5.324324324324325,0.4372420346570719
P01_L025,5.332332332332332,0.4091277054517027
P01_L025,5.34034034034034,0.3824924065908549
P01_L025,5.348348348348348,0.35734044424134837
P01_L025,5.356356356356356,0.3336654253850225
P01_L025,5.364364364364365,0.31145113965798443
P01_L025,5.372372372372372,0.2906725003874094
P01_L025,5.38038038038038,0.2712965247376706
P01_L025,5.388388388388388,0.25328333367657596
P01_L025,5.396396396396397,0.23658715367451222
P01_L025,5.404404404404405,0.22115730358592653
P01_L025,5.412412412412412,0.20693915196190346
P01_L025,5.42042042042042,0.19387503203096032
P01_L025,5.428428428428428,0.18190510368928478
P01_L025,5.436436436436437,0.17096815399310356
P01_L025,5.444444444444445,0.16100232978019416
P01_L025,5.4524524524524525,0.1519457981088463
P01_L025,5.46046046046046,0.1437373321418055
P01_L025,5.468468468468468,0.13631682188123198
P01_L025,5.476476476476477,0.12962571074750967
P01_L025,5.484484484484485,0.12360736036971993
P01_L025,5.4924924924924925,0.11820734710582813
P01_L025,5.5005005005005,0.11337369473262845
P01_L025,5.508508508508508,0.10905704844204786
P01_L025,5.516516516516517,0.10521079576122101
P01_L025,5.524524524524525,0.1017911402931894
P01_L025,5.5325325325325325,0.09875713427182531
P01_L025,5.54054054054054,0.09607067586011363
P01_L025,5.548548548548548,0.09369647691843655
P01_L025,5.556556556556557,0.09160200665329239
P01_L025,5.564564564564565,0.08975741615112888
P01_L025,5.5725725725725725,0.08813544833011887
P01_L025,5.58058058058058,0.08671133732702994
P01_L025,5.588588588588588,0.08546270079717981
P01_L025,5.596596596596597,0.08436942806125645
P01_L025,5.604604604604605,0.08341356649939301
P01_L025,5.612612612612613,0.08257920808394642
P01_L025,5.62062062062062,0.0818523774690333
P01_L025,5.628628628628628,0.08122092262556976
P01_L025,5.636636636636637,0.08067440863180335
P01_L025,5.644644644644645,0.08020401490518823
P01_L025,5.652652652652653,0.07980243589408056
P01_L025,5.66066066066066,0.07946378503754685
P01_L025,5.668668668668668,0.07918350164723613
P01_L025,5.676676676676677,0.0789582602642377
P01_L025,5.684684684684685,0.0787858819922736
P01_L025,5.692692692692693,0.07866524730164907
P01_L025,5.7007007007007005,0.07859620983065004
P01_L025,5.708708708708708,0.07857951077626385
P01_L025,5.716716716716717,0.07861669355774338
P01_L025,5.724724724724725,0.07871001854773603
P01_L025,5.732732732732733,0.07886237778964257
P01_L025,5.7407407407407405,0.07907720974972386
P01_L025,5.748748748748748,0.07935841428163144
P01_L025,5.756756756756757,0.07971026810334772
P01_L025,5.764764764764765,0.08013734119632751
P01_L025,5.772772772772773,0.08064441462886211
P01_L025,5.7807807807807805,0.08123640037625889
P01_L025,5.788788788788788,0.08191826375582321
P01_L025,5.796796796796797,0.08269494911277633
P01_L025,5.804804804804805,0.08357130938266376
P01_L025,5.812812812812813,0.08455204011648047
P01_L025,5.8208208208208205,0.08564161848765979
P01_L025,5.828828828828828,0.08684424770730745
P01_L025,5.836836836836837,0.08816380715882041
P01_L025,5.844844844844845,0.08960380842956958
P01_L025,5.852852852852853,0.09116735727044897
P01_L025,5.8608608608608606,0.09285712135987738
P01_L025,5.868868868868869,0.0946753035931538
P01_L025,5.876876876876877,0.09662362046769936
P01_L025,5.884884884884885,0.09870328499611747
P01_L025,5.892892892892893,0.10091499345845534
P01_L025,5.900900900900901,0.10325891520854985
P01_L025,5.908908908908909,0.10573468468188241
P01_L025,5.916916916916917,0.1083413947181673
P01_L025,5.924924924924925,0.11107759031397228
P01_L025,5.932932932932933,0.11394126196058044
P01_L025,5.940940940940941,0.11692983780026546
P01_L025,5.948948948948949,0.12004017394889015
P01_L025,5.956956956956957,0.12326854248121943
P01_L025,5.964964964964965,0.12661061675339824
P01_L025,5.972972972972973,0.13006145393881774
P01_L025,5.980980980980981,0.13361547487251857
P01_L025,5.988988988988989,0.13726644152709885
P01_L025,5.996996996996997,0.14100743267215912
P01_L025,6.005005005005005,0.14483081849004276
P01_L025,6.013013013013013,0.14872823512516384
P01_L025,6.021021021021021,0.1526905603235744
P01_L025,6.029029029029029,0.15670789146648653
P01_L025,6.037037037037037,0.16076952740925854
P01_L025,6.045045045045045,0.1648639556009246
P01_L025,6.053053053053053,0.16897884597454133
P01_L025,6.061061061061061,0.17310105306368329
P01_L025,6.069069069069069,0.17721662771471622
P01_L025,6.077077077077077,0.18131083962962258
P01_L025,6.085085085085085,0.18536821179327867
P01_L025,6.093093093093093,0.18937256761698096
P01_L025,6.101101101101101,0.19330709137294522
P01_L025,6.109109109109109,0.1971544022098702
P01_L025,6.117117117117117,0.200896641735755
P01_L025,6.125125125125125,0.20451557483988755
P01_L025,6.133133133133133,0.2079927031105368
P01_L025,6.141141141141141,0.21130938989718395
P01_L025,6.1491491491491495,0.2144469957751224
P01_L025,6.157157157157157,0.21738702290352113
P01_L025,6.165165165165165,0.22011126653295013
P01_L025,6.173173173173173,0.22260197172043467
P01_L025,6.181181181181181,0.22484199315408365
P01_L025,6.1891891891891895,0.22681495587825098
P01_L025,6.197197197197197,0.22850541464586904
P01_L025,6.205205205205205,0.22989900960716653
P01_L025,6.213213213213213,0.23098261607262977
P01_L025,6.221221221221221,0.23174448616052065
P01_L025,6.2292292292292295,0.23217438025223833
P01_L025,6.237237237237237,0.23226368632837363
P01_L025,6.245245245245245,0.23200552543965222
P01_L025,6.253253253253253,0.23139484177500216
P01_L025,6.261261261261261,0.23042847601845165
P01_L025,6.2692692692692695,0.2291052209319256
P01_L025,6.277277277277277,0.22742585835721146
P01_L025,6.285285285285285,0.22539317709230078
P01_L025,6.293293293293293,0.2230119713603803
P01_L025,6.301301301301301,0.2202890198499396
P01_L025,6.3093093093093096,0.21723304555788694
P01_L025,6.317317317317317,0.21385465691120956
P01_L025,6.325325325325325,0.21016627087383424
P01_L025,6.333333333333333,0.20618201896164923
P01_L025,6.341341341341341,0.20191763728824502
P01_L025,6.34934934934935,0.19739034194537874
P01_L025,6.357357357357357,0.19261869118403957
P01_L025,6.365365365365365,0.1876224360033155
P01_L025,6.373373373373373,0.18242236087413397
P01_L025,6.381381381381381,0.17704011642246156
P01_L025,6.38938938938939,0.17149804597123086
P01_L025,6.397397397397397,0.1658190078912919
P01_L025,6.405405405405405,0.16002619573885385
P01_L025,6.413413413413413,0.15414295815964826
P01_L025,6.421421421421422,0.14819262051837287
P01_L025,6.42942942942943,0.14219831016593967
P01_L025,6.4374374374374375,0.13618278718691876
P01_L025,6.445445445445445,0.13016828237603476
P01_L025,6.453453453453453,0.12417634407663386
P01_L025,6.461461461461462,0.11822769537703869
P01_L025,6.46946946946947,0.11234210300446518
P01_L025,6.4774774774774775,0.10653825908282778
P01_L025,6.485485485485485,0.10083367673291321
P01_L025,6.493493493493493,0.09524460029390626
P01_L025,6.501501501501502,0.08978593073742439
P01_L025,6.50950950950951,0.08447116663237225
P01_L025,6.5175175175175175,0.0793123608048265
P01_L025,6.525525525525525,0.07432009262534316
P01_L025,6.533533533533533,0.06950345565031824
P01_L025,6.541541541541542,0.06487006014775755
P01_L025,6.54954954954955,0.06042604985443704
P01_L025,6.5575575575575575,0.05617613214388141
P01_L025,6.565565565565565,0.05212362063558513
P01_L025,6.573573573573573,0.04827048914753867
P01_L025,6.581581581581582,0.04461743578819303
P01_L025,6.58958958958959,0.04116395590155234
P01_L025,6.597597597597598,0.037908422520856314
P01_L025,6.605605605605605,0.03484817295226056
P01_L025,6.613613613613613,0.031979600099680615
P01_L025,6.621621621621622,0.029298247154528403
P01_L025,6.62962962962963,0.026798904308079432
P01_L025,6.637637637637638,0.02447570619786644
P01_L025,6.645645645645645,0.02232222887072849
P01_L025,6.653653653653653,0.02033158513157106
P01_L025,6.661661661661662,0.018496517246028393
P01_L025,6.66966966966967,0.016809486074414452
P01_L025,6.677677677677678,0.015262755830949213
P01_L025,6.685685685685685,0.013848473783652435
P01_L025,6.693693693693693,0.012558744333938736
P01_L025,6.701701701701702,0.01138569703848138
P01_L025,6.70970970970971,0.010321548257099704
P01_L025,6.717717717717718,0.009358656227303952
P01_L025,6.7257257257257255,0.00848956947695522
P01_L025,6.733733733733733,0.007707068589771887
P01_L025,6.741741741741742,0.007004201432933448
P01_L025,6.74974974974975,0.006374312040830656
P01_L025,6.757757757757758,0.005811063423397592
P01_L025,6.7657657657657655,0.0053084546309929495
P01_L025,6.773773773773773,0.00486083246025736
P01_L025,6.781781781781782,0.004462898226775834
P01_L025,6.78978978978979,0.004109710060922614
P01_L025,6.797797797797798,0.0037966812033414523
P01_L025,6.8058058058058055,0.003519574786668393
P01_L025,6.813813813813813,0.0032744955910037126
P01_L025,6.821821821821822,0.0030578792530864284
P01_L025,6.82982982982983,0.0028664793939982007
P01_L025,6.837837837837838,0.0026973531084827492
P01_L025,6.8458458458458455,0.002547845231620794
P01_L025,6.853853853853853,0.002415571766684722
P01_L025,6.861861861861862,0.002298402822562267
P01_L025,6.86986986986987,0.0021944453712214656
P01_L025,6.877877877877878,0.0021020260962973094
P01_L025,6.885885885885886,0.002019674563976748
P01_L025,6.893893893893894,0.0019461069078344337
P01_L025,6.901901901901902,0.0018802101809430028
P01_L025,6.90990990990991,0.0018210274921629673
P01_L025,6.917917917917918,0.0017677440096208325
P01_L025,6.925925925925926,0.0017196738835000727
P01_L025,6.933933933933934,0.001676248112771391
P01_L025,6.941941941941942,0.0016370033566202613
P01_L025,6.94994994994995,0.0016015716712151258
P01_L025,6.957957957957958,0.0015696711361024415
P01_L025,6.965965965965966,0.0015410973218105768
P01_L025,6.973973973973974,0.0015157155409902185
P01_L025,6.981981981981982,0.0014934538193298805
P01_L025,6.98998998998999,0.0014742965192106165
P01_L025,6.997997997997998,0.0014582785482075908
P01_L025,7.006006006006006,0.0014454800856840253
P01_L025,7.014014014014014,0.0014360217634251876
P01_L025,7.022022022022022,0.0014300602401070756
P01_L025,7.03003003003003,0.0014277841139961854
P01_L025,7.038038038038038,0.001429410123285413
P01_L025,7.046046046046046,0.0014351795885932854
P01_L025,7.054054054054054,0.0014453550571571767
P01_L025,7.062062062062062,0.0014602171129699721
P01_L025,7.07007007007007,0.0014800613214419507
P01_L025,7.078078078078078,0.0015051952810764362
P01_L025,7.086086086086086,0.001535935758142984
P01_L025,7.094094094094094,0.0015726058834745877
P01_L025,7.102102102102102,0.0016155323933963932
P01_L025,7.11011011011011,0.0016650428995226172
P01_L025,7.118118118118118,0.0017214631748501536
P01_L025,7.126126126126126,0.0017851144463395885
P01_L025,7.134134134134134,0.0018563106870929413
P01_L025,7.142142142142142,0.0019353559043710415
P01_L025,7.15015015015015,0.0020225414230631714
P01_L025,7.158158158158158,0.0021181431678077758
P01_L025,7.166166166166166,0.002222418950707859
P01_L025,7.1741741741741745,0.002335605775389939
P01_L025,7.182182182182182,0.002457917171892963
P01_L025,7.19019019019019,0.0025895405803934876
P01_L025,7.198198198198198,0.0027306348049105445
P01_L025,7.206206206206206,0.0028813275607286397
P01_L025,7.2142142142142145,0.0030417131411782723
P01_L025,7.222222222222222,0.0032118502304987625
P01_L025,7.23023023023023,0.0033917598896902215
P01_L025,7.238238238238238,0.003581423741498274
P01_L025,7.246246246246246,0.00378078237897854
P01_L025,7.2542542542542545,0.0039897340195215675
P01_L025,7.262262262262262,0.004208133422901509
P01_L025,7.27027027027027,0.004435791088013201
P01_L025,7.278278278278278,0.004672472738688912
P01_L025,7.286286286286286,0.0049178991045790025
P01_L025,7.2942942942942945,0.005171745998794238
P01_L025,7.302302302302302,0.00543364469009433
P01_L025,7.31031031031031,0.005703182564106624
P01_L025,7.318318318318318,0.0059799040655724965
P01_L025,7.326326326326326,0.006263311912100127
P01_L025,7.334334334334335,0.006552868569440737
P01_L025,7.342342342342342,0.006847997978917134
P01_L025,7.35035035035035,0.0071480875292528065
P01_L025,7.358358358358358,0.0074524902675301066
P01_L025,7.366366366366366,0.007760527347121061
P01_L025,7.374374374374375,0.008071490713885883
P01_L025,7.382382382382382,0.00838464603536668
P01_L025,7.39039039039039,0.008699235880724488
P01_L025,7.398398398398398,0.009014483161357998
P01_L025,7.406406406406406,0.00932959484310271
P01_L025,7.414414414414415,0.009643765940258453
P01_L025,7.4224224224224224,0.009956183799120279
P01_L025,7.43043043043043,0.010266032673961617
P01_L025,7.438438438438438,0.010572498591412672
P01_L025,7.446446446446447,0.010874774489897094
P01_L025,7.454454454454455,0.011172065609371075
P01_L025,7.4624624624624625,0.011463595093337477
P01_L025,7.47047047047047,0.011748609750408366
P01_L025,7.478478478478478,0.012026385907123207
P01_L025,7.486486486486487,0.012296235267972628
P01_L025,7.494494494494495,0.012557510683396984
P01_L025,7.5025025025025025,0.01280961171275474
P01_L025,7.51051051051051,0.013051989857733827
P01_L025,7.518518518518518,0.013284153333249329
P01_L025,7.526526526526527,0.013505671238293918
P01_L025,7.534534534534535,0.013716176989157178
P01_L025,7.5425425425425425,0.013915370882418373
P01_L025,7.55055055055055,0.014103021665483585
P01_L025,7.558558558558558,0.014278967008305714
P01_L025,7.566566566566567,0.014443112791182319
P01_L025,7.574574574574575,0.014595431149818785
P01_L025,7.5825825825825826,0.01473595724957204
P01_L025,7.59059059059059,0.014864784795119344
P01_L025,7.598598598598598,0.014982060318689358
P01_L025,7.606606606606607,0.015087976328229282
P01_L025,7.614614614614615,0.015182763435118792
P01_L025,7.622622622622623,0.015266681617856551
P01_L025,7.63063063063063,0.015340010812094221
P01_L025,7.638638638638638,0.015403041047080108
P01_L025,7.646646646646647,0.015456062372701087
P01_L025,7.654654654654655,0.015499354838746641
P01_L025,7.662662662662663,0.015533178797845049
P01_L025,7.67067067067067,0.015557765805081497
P01_L025,7.678678678678678,0.015573310380239944
P01_L025,7.686686686686687,0.015579962882868094
P01_L025,7.694694694694695,0.015577823726227897
P01_L025,7.702702702702703,0.01556693912425947
P01_L025,7.7107107107107105,0.015547298526851544
P01_L025,7.718718718718718,0.015518833854141562
P01_L025,7.726726726726727,0.01548142059164923
P01_L025,7.734734734734735,0.015434880756337557
P01_L025,7.742742742742743,0.015378987690860327
P01_L025,7.7507507507507505,0.01531347259100767
P01_L025,7.758758758758758,0.015238032621395661
P01_L025,7.766766766766767,0.015152340428368024
P01_L025,7.774774774774775,0.015056054818358935
P01_L025,7.782782782782783,0.014948832335873933
P01_L025,7.7907907907907905,0.01483033944881972
P01_L025,7.798798798798798,0.014700265030916508
P01_L025,7.806806806806807,0.014558332821832852
P01_L025,7.814814814814815,0.014404313545667796
P01_L025,7.822822822822823,0.014238036377347345
P01_L025,7.8308308308308305,0.014059399463992584
P01_L025,7.838838838838838,0.013868379233695428
P01_L025,7.846846846846847,0.013665038256506789
P01_L025,7.854854854854855,0.013449531460725691
P01_L025,7.862862862862863,0.013222110550545337
P01_L025,7.870870870870871,0.0129831265174406
P01_L025,7.878878878878878,0.012733030185992473
P01_L025,7.886886886886887,0.012472370783750308
P01_L025,7.894894894894895,0.012201792572886368
P01_L025,7.902902902902903,0.011922029627518508
P01_L025,7.910910910910911,0.011633898883503883
P01_L025,7.918918918918919,0.0113382916262003
P01_L025,7.926926926926927,0.011036163615285402
P01_L025,7.934934934934935,0.010728524073510319
P01_L025,7.942942942942943,0.010416423787731324
P01_L025,7.950950950950951,0.010100942585372889
P01_L025,7.958958958958959,0.009783176457487091
P01_L025,7.966966966966967,0.009464224600816112
P01_L025,7.974974974974975,0.009145176645936106
P01_L025,7.982982982982983,0.008827100327019784
P01_L025,7.990990990990991,0.008511029831488506
P01_L025,7.998998998998999,0.008197955045448964
P01_L025,8.007007007007008,0.007888811884033058
P01_L025,8.015015015015015,0.007584473865371967
P01_L025,8.023023023023022,0.007285745053785081
P01_L025,8.03103103103103,0.006993354462730964
P01_L025,8.03903903903904,0.006707951972047945
P01_L025,8.047047047047048,0.006430105777895277
P01_L025,8.055055055055055,0.006160301358456029
P01_L025,8.063063063063062,0.0058989419046943
P01_L025,8.07107107107107,0.005646350134031318
P01_L025,8.07907907907908,0.005402771376390765
P01_L025,8.087087087087088,0.005168377797252348
P01_L025,8.095095095095095,0.004943273601627826
P01_L025,8.103103103103102,0.004727501046605957
P01_L025,8.11111111111111,0.004521047078561301
P01_L025,8.11911911911912,0.004323850404418952
P01_L025,8.127127127127128,0.004135808804529162
P01_L025,8.135135135135135,0.003956786497629831
P01_L025,8.143143143143142,0.0037866213758406546
P01_L025,8.15115115115115,0.0036251319393223935
P01_L025,8.15915915915916,0.0034721237757278844
P01_L025,8.167167167167168,0.0033273954483699713
P01_L025,8.175175175175175,0.00319074367856931
P01_L025,8.183183183183182,0.0030619677312989546
P01_L025,8.19119119119119,0.0029408729383617075
P01_L025,8.1991991991992,0.0028272733192434914
P01_L025,8.207207207207208,0.002720993285810317
P01_L025,8.215215215215215,0.0026218684424996544
P01_L025,8.223223223223222,0.0025297455179726504
P01_L025,8.23123123123123,0.0024444814867671154
P01_L025,8.23923923923924,0.0023659419598026587
P01_L025,8.247247247247248,0.0022939989401961534
P01_L025,8.255255255255255,0.002228528055383404
P01_L025,8.263263263263262,0.0021694053877348396
P01_L025,8.27127127127127,0.0021165040335164548
P01_L025,8.27927927927928,0.0020696905240905603
P01_L025,8.287287287287288,0.0020288212436773818
P01_L025,8.295295295295295,0.001993738974900225
P01_L025,8.303303303303302,0.00196426969688975
P01_L025,8.31131131131131,0.0019402197511811598
P01_L025,8.31931931931932,0.0019213734783225748
P01_L025,8.327327327327328,0.0019074914134033743
P01_L025,8.335335335335335,0.0018983091120332945
P01_L025,8.343343343343342,0.0018935366601166325
P01_L025,8.35135135135135,0.00189285890155336
P01_L025,8.35935935935936,0.0018959363982525542
P01_L025,8.367367367367368,0.0019024071170535399
P01_L025,8.375375375375375,0.0019118888187935749
P01_L025,8.383383383383382,0.0019239821062915152
P01_L025,8.391391391391391,0.0019382740708555064
P01_L025,8.3993993993994,0.001954342461449346
P01_L025,8.407407407407408,0.0019717602871994555
P01_L025,8.415415415415415,0.0019901007527714327
P01_L025,8.423423423423422,0.002008942417515083
P01_L025,8.431431431431431,0.0020278744633315093
P01_L025,8.43943943943944,0.0020465019530571714
P01_L025,8.447447447447448,0.0020644509608266698
P01_L025,8.455455455455455,0.0020813734583470167
P01_L025,8.463463463463462,0.0020969518462091207
P01_L025,8.471471471471471,0.0021109030271390574
P01_L025,8.47947947947948,0.0021229819282581565
P01_L025,8.487487487487488,0.002132984391734927
P01_L025,8.495495495495495,0.0021407493673822374
P01_L025,8.503503503503502,0.002146160356452072
P01_L025,8.511511511511511,0.0021491460727415617
P01_L025,8.51951951951952,0.0021496803047564477
P01_L025,8.527527527527528,0.0021477809806685145
P01_L025,8.535535535535535,0.002143508455727024
P01_L025,8.543543543543542,0.0021369630592120176
P01_L025,8.551551551551551,0.0021282819545274034
P01_L025,8.55955955955956,0.0021176353812177606
P01_L025,8.567567567567568,0.0021052223611747116
P01_L025,8.575575575575575,0.002091265962734186
P01_L025,8.583583583583582,0.002076008225458846
P01_L025,8.591591591591591,0.00205970485491176
P01_L025,8.5995995995996,0.0020426198004849993
P01_L025,8.607607607607608,0.0020250198302497633
P01_L025,8.615615615615615,0.0020071692148212962
P01_L025,8.623623623623622,0.001989324627442422
P01_L025,8.631631631631631,0.001971730360027226
P01_L025,8.63963963963964,0.0019546139449945978
P01_L025,8.647647647647648,0.001938182260660925
P01_L025,8.655655655655655,0.0019226181841195727
P01_L025,8.663663663663662,0.0019080778403386147
P01_L025,8.671671671671671,0.0018946884801270716
P01_L025,8.67967967967968,0.001882547003153425
P01_L025,8.687687687687689,0.001871719125858262
P01_L025,8.695695695695695,0.0018622391783900943
P01_L025,8.703703703703702,0.001854110500087778
P01_L025,8.711711711711711,0.0018473063899703574
P01_L025,8.71971971971972,0.001841771557550294
P01_L025,8.727727727727729,0.001837424010359918
P01_L025,8.735735735735735,0.0018341573080872717
P01_L025,8.743743743743742,0.001831843109275762
P01_L025,8.751751751751751,0.0018303339351721547
P01_L025,8.75975975975976,0.0018294660764302736
P01_L025,8.767767767767769,0.0018290625718188995
P01_L025,8.775775775775776,0.00182893619358076
P01_L025,8.783783783783782,0.0018288923813095173
P01_L025,8.791791791791791,0.0018287320747592162
P01_L025,8.7997997997998,0.001828254405440401
P01_L025,8.807807807807809,0.0018272592167340865
P01_L025,8.815815815815816,0.0018255493921134945
P01_L025,8.823823823823822,0.001822932980470045
P01_L025,8.831831831831831,0.001819225116100793
P01_L025,8.83983983983984,0.001814249738293756
P01_L025,8.847847847847849,0.0018078411213813355
P01_L025,8.855855855855856,0.0017998452304401873
P01_L025,8.863863863863862,0.0017901209204061739
P01_L025,8.871871871871871,0.0017785409972459444
P01_L025,8.87987987987988,0.0017649931590701224
P01_L025,8.887887887887889,0.0017493808328576822
P01_L025,8.895895895895896,0.0017316239190278678
P01_L025,8.903903903903903,0.00171165945174273
P01_L025,8.911911911911911,0.0016894421778877098
P01_L025,8.91991991991992,0.0016649450525189021
P01_L025,8.927927927927929,0.0016381596435441732
P01_L025,8.935935935935936,0.0016090964338667647
P01_L025,8.943943943943944,0.0015777850054729595
P01_L025,8.951951951951951,0.0015442740872516907
P01_L025,8.95995995995996,0.0015086314468893728
P01_L025,8.967967967967969,0.0014709436071166772
P01_L025,8.975975975975976,0.0014313153679416483
P01_L025,8.983983983983984,0.0013898691192608327
P01_L025,8.991991991991991,0.0013467439322904578
P01_L025,9.0,0.0013020944234338864
P01_L050,2.164,0.00023306352483446204
P01_L050,2.170842842842843,0.0002321589340817291
P01_L050,2.177685685685686,0.00022946617332613472
P01_L050,2.1845285285285287,0.00022504746576244614
P01_L050,2.1913713713713716,0.0002190038560833346
P01_L050,2.1982142142142145,0.00021147136961377591
P01_L050,2.2050570570570573,0.00020261592462964985
P01_L050,2.2118998998999,0.00019262726348744734
P01_L050,2.218742742742743,0.0001817122121851244
P01_L050,2.225585585585586,0.00017008760173516685
P01_L050,2.2324284284284284,0.00015797318741548648
P01_L050,2.2392712712712712,0.0001455848843460091
P01_L050,2.246114114114114,0.00013312860217422971
P01_L050,2.252956956956957,0.00012079491141545194
P01_L050,2.2597997997998,0.00010875471351823008
P01_L050,2.2666426426426427,9.715602079841916e-05
P01_L050,2.2734854854854856,8.612188582092091e-05
P01_L050,2.2803283283283284,7.574945705864565e-05
P01_L050,2.2871711711711713,6.611008248654513e-05
P01_L050,2.294014014014014,5.725033801289774e-05
P01_L050,2.300856856856857,4.919382509164059e-05
P01_L050,2.3076996996997,4.194356219654872e-05
P01_L050,2.3145425425425428,3.5484787756108115e-05
P01_L050,2.3213853853853856,2.9787996469427647e-05
P01_L050,2.3282282282282285,2.4812044812486515e-05
P01_L050,2.3350710710710714,2.05071827397785e-05
P01_L050,2.3419139139139142,1.681789464099271e-05
P01_L050,2.348756756756757,1.368546110905029e-05
P01_L050,2.3555995995996,1.1050181811529593e-05
P01_L050,2.3624424424424424,8.853226878306753e-06
P01_L050,2.3692852852852853,7.038108302783258e-06
P01_L050,2.376128128128128,5.55178294673564e-06
P01_L050,2.382970970970971,4.3454143378683584e-06
P01_L050,2.389813813813814,3.374831459553818e-06
P01_L050,2.3966566566566567,2.600729393748301e-06
P01_L050,2.4034994994994996,1.9886594799605245e-06
P01_L050,2.4103423423423425,1.5088562458007672e-06
P01_L050,2.4171851851851853,1.1359454764777736e-06
P01_L050,2.424028028028028,8.485731566270054e-07
P01_L050,2.430870870870871,6.289893234171454e-07
P01_L050,2.437713713713714,4.6261471140364373e-07
P01_L050,2.444556556556557,3.3761193153643563e-07
P01_L050,2.4513993993993997,2.444771731158229e-07
P01_L050,2.4582422422422425,1.7566329516479488e-07
P01_L050,2.4650850850850854,1.2524082406979525e-07
P01_L050,2.4719279279279283,8.859985055885823e-08
P01_L050,2.478770770770771,6.219310557397115e-08
P01_L050,2.485613613613614,4.3318526872213616e-08
P01_L050,2.4924564564564564,2.993831104868771e-08
P01_L050,2.4992992992992993,2.053066868955732e-08
P01_L050,2.506142142142142,1.3970150170998368e-08
P01_L050,2.512984984984985,9.432378850390335e-09
P01_L050,2.519827827827828,6.319221501152367e-09
P01_L050,2.5266706706706707,4.200762250743216e-09
P01_L050,2.5335135135135136,2.7708614346356844e-09
P01_L050,2.5403563563563565,1.8135256187831337e-09
P01_L050,2.5471991991991993,1.1777544757918993e-09
P01_L050,2.554042042042042,7.589409963216395e-10
P01_L050,2.560884884884885,4.852700008123736e-10
P01_L050,2.567727727727728,3.0787970148632215e-10
P01_L050,2.574570570570571,1.938210093004606e-10
P01_L050,2.5814134134134137,1.210717517589936e-10
P01_L050,2.5882562562562565,7.504244627272221e-11
P01_L050,2.5950990990990994,4.615229704558131e-11
P01_L050,2.6019419419419423,2.8164486712542392e-11
P01_L050,2.608784784784785,1.7054246731039717e-11
P01_L050,2.615627627627628,1.0246733102673515e-11
P01_L050,2.6224704704704704,6.108864442405905e-12
P01_L050,2.6293133133133133,3.613746910386627e-12
P01_L050,2.636156156156156,2.1211782242142324e-12
P01_L050,2.642998998998999,1.2354317779696702e-12
P01_L050,2.649841841841842,7.139742643378843e-13
P01_L050,2.6566846846846848,4.0941950468386564e-13
P01_L050,2.6635275275275276,2.3295749134685687e-13
P01_L050,2.6703703703703705,1.3152460754862773e-13
P01_L050,2.6772132132132134,7.368168172769763e-14
P01_L050,2.6840560560560562,4.0957574160840204e-14
P01_L050,2.690898898898899,2.259077365591159e-14
P01_L050,2.697741741741742,1.236374854144828e-14
P01_L050,2.704584584584585,6.71415564109937e-15
P01_L050,2.7114274274274277,3.61788557143644e-15
P01_L050,2.7182702702702706,1.9343739289612216e-15
P01_L050,2.7251131131131134,1.0262382915748862e-15
P01_L050,2.7319559559559563,5.402293581012941e-16
P01_L050,2.7387987987987987,2.8218266422632417e-16
P01_L050,2.745641641641642,1.4625295808257944e-16
P01_L050,2.7524844844844845,7.521443014491713e-17
P01_L050,2.7593273273273278,3.838131600070209e-17
P01_L050,2.76617017017017,1.9433934516967534e-17
P01_L050,2.773013013013013,9.763910502060754e-18
P01_L050,2.779855855855856,4.867534363954645e-18
P01_L050,2.786698698698699,2.4077780111355174e-18
P01_L050,2.7935415415415417,1.1818055987732724e-18
P01_L050,2.8003843843843845,5.75569568221579e-19
P01_L050,2.8072272272272274,2.7814533831641964e-19
P01_L050,2.8140700700700703,1.333730027580395e-19
P01_L050,2.820912912912913,6.345798150196333e-20
P01_L050,2.827755755755756,2.995896185101492e-20
P01_L050,2.834598598598599,1.40342577221846e-20
P01_L050,2.8414414414414417,6.523404615691894e-21
P01_L050,2.8482842842842846,3.0087171876742587e-21
P01_L050,2.8551271271271275,1.3769259942939563e-21
P01_L050,2.8619699699699703,6.252619663748957e-22
P01_L050,2.8688128128128128,2.817316292207532e-22
P01_L050,2.875655655655656,1.2595963190612136e-22
P01_L050,2.8824984984984985,5.587909197730179e-23
P01_L050,2.889341341341342,2.4597415610632144e-23
P01_L050,2.896184184184184,1.0743648718007454e-23
P01_L050,2.903027027027027,4.656250145663253e-24
P01_L050,2.90986986986987,2.0023638676317434e-24
P01_L050,2.916712712712713,8.544210652431928e-25
P01_L050,2.9235555555555557,3.6176247424220453e-25
P01_L050,2.9303983983983986,1.5198476032191947e-25
P01_L050,2.9372412412412414,6.33601659166986e-26
P01_L050,2.9440840840840843,2.621595353439888e-26
P01_L050,2.950926926926927,1.0780457903226501e-26
P01_L050,2.95776976976977,4.443441581603797e-27
P01_L050,2.964612612612613,1.931171461125934e-27
P01_L050,2.9714554554554558,1.1179807644222766e-27
P01_L050,2.9782982982982986,1.309022866380944e-27
P01_L050,2.9851411411411415,2.6734402952148395e-27
P01_L050,2.9919839839839844,6.387783175127886e-27
P01_L050,2.9988268268268268,1.5605859753795286e-26
P01_L050,3.00566966966967,3.8017224076258595e-26
P01_L050,3.0125125125125125,9.19718742844952e-26
P01_L050,3.019355355355356,2.2081589448883114e-25
P01_L050,3.0261981981981982,5.260926875255879e-25
P01_L050,3.033041041041041,1.2437823606032298e-24
P01_L050,3.039883883883884,2.9179391171384686e-24
P01_L050,3.046726726726727,6.792947082783202e-24
P01_L050,3.0535695695695697,1.5692460477977403e-23
P01_L050,3.0604124124124126,3.5972890715214656e-23
P01_L050,3.0672552552552554,8.182986116824519e-23
P01_L050,3.0740980980980983,1.8471458575352013e-22
P01_L050,3.080940940940941,4.137559051845976e-22
P01_L050,3.087783783783784,9.1969032695042e-22
P01_L050,3.094626626626627,2.0285896834047708e-21
P01_L050,3.1014694694694698,4.4402026361607035e-21
P01_L050,3.1083123123123126,9.644243769753668e-21
P01_L050,3.1151551551551555,2.0786971944826127e-20
P01_L050,3.1219979979979984,4.446034397150309e-20
P01_L050,3.128840840840841,9.436563048501827e-20
P01_L050,3.135683683683684,1.987537084649792e-19
P01_L050,3.1425265265265265,4.154109676657134e-19
P01_L050,3.14936936936937,8.615946307557767e-19
P01_L050,3.1562122122122123,1.773337225718304e-18
P01_L050,3.163055055055055,3.621963292007677e-18
P01_L050,3.169897897897898,7.341117951532473e-18
P01_L050,3.176740740740741,1.4765457705924638e-17
P01_L050,3.1835835835835837,2.9471302175758725e-17
P01_L050,3.1904264264264266,5.837415641425958e-17
P01_L050,3.1972692692692695,1.1473925057249835e-16
P01_L050,3.2041121121121123,2.2380756255627066e-16
P01_L050,3.210954954954955,4.3322165923378035e-16
P01_L050,3.217797797797798,8.321843829594073e-16
P01_L050,3.224640640640641,1.5863694674833658e-15
P01_L050,3.231483483483484,3.000999586480446e-15
P01_L050,3.2383263263263267,5.633857004076335e-15
P01_L050,3.245169169169169,1.0496041139492233e-14
P01_L050,3.2520120120120124,1.940558015192961e-14
P01_L050,3.258854854854855,3.5604982501248915e-14
P01_L050,3.265697697697698,6.483054244933574e-14
P01_L050,3.2725405405405406,1.1714803861201157e-13
P01_L050,3.279383383383384,2.1007708993243724e-13
P01_L050,3.2862262262262263,3.738630565113832e-13
P01_L050,3.2930690690690696,6.602958274502011e-13
P01_L050,3.299911911911912,1.157334022689068e-12
P01_L050,3.306754754754755,2.0131454656928998e-12
P01_L050,3.3135975975975978,3.4752819598954183e-12
P01_L050,3.3204404404404406,5.9539564558065314e-12
P01_L050,3.3272832832832835,1.0123352011391658e-11
P01_L050,3.3341261261261264,1.7082386740703156e-11
P01_L050,3.340968968968969,2.86075613949682e-11
P01_L050,3.347811811811812,4.754708096011683e-11
P01_L050,3.354654654654655,7.842966837304267e-11
P01_L050,3.361497497497498,1.2839652766492322e-10
P01_L050,3.3683403403403407,2.0861501696644233e-10
P01_L050,3.375183183183183,3.364034052342053e-10
P01_L050,3.3820260260260264,5.383949832540859e-10
P01_L050,3.388868868868869,8.552062332270085e-10
P01_L050,3.395711711711712,1.3482596160931726e-09
P01_L050,3.4025545545545546,2.109661427331564e-09
P01_L050,3.409397397397398,3.2763666374202444e-09
P01_L050,3.4162402402402403,5.050296123282116e-09
P01_L050,3.4230830830830836,7.72663025974075e-09
P01_L050,3.429925925925926,1.1733211359642491e-08
P01_L050,3.436768768768769,1.7684871290511758e-08
P01_L050,3.443611611611612,2.6457583476278716e-08
P01_L050,3.4504544544544546,3.928863946244421e-08
P01_L050,3.4572972972972975,5.791057958572572e-08
P01_L050,3.4641401401401404,8.472836144524746e-08
P01_L050,3.4709829829829832,1.230512051210398e-07
P01_L050,3.477825825825826,1.7739265959479756e-07
P01_L050,3.484668668668669,2.5385460517095633e-07
P01_L050,3.491511511511512,3.6061301459679747e-07
P01_L050,3.4983543543543547,5.085251657613585e-07
P01_L050,3.505197197197197,7.1187940414696e-07
P01_L050,3.5120400400400404,9.893092143011657e-07
P01_L050,3.518882882882883,1.3648929499184217e-06
P01_L050,3.525725725725726,1.869458729357242e-06
P01_L050,3.5325685685685686,2.5421103489490213e-06
P01_L050,3.539411411411412,3.4319842335453937e-06
P01_L050,3.5462542542542543,4.600239114528738e-06
P01_L050,3.5530970970970976,6.122269075907394e-06
P01_L050,3.55993993993994,8.090116759346834e-06
P01_L050,3.566782782782783,1.0615046986202976e-05
P01_L050,3.573625625625626,1.3830222202233723e-05
P01_L050,3.5804684684684687,1.7893400628372714e-05
P01_L050,3.5873113113113115,2.2989556767695495e-05
P01_L050,3.5941541541541544,2.9333303241532052e-05
P01_L050,3.6009969969969973,3.717097434916924e-05
P01_L050,3.60783983983984,4.678221701524537e-05
P01_L050,3.614682682682683,5.84809257560249e-05
P01_L050,3.621525525525526,7.26153567655569e-05
P01_L050,3.6283683683683687,8.956726378323631e-05
P01_L050,3.635211211211211,0.00010974991623456112
P01_L050,3.6420540540540545,0.00013360488881551802
P01_L050,3.648896896896897,0.0001615975510244169
P01_L050,3.65573973973974,0.00019421123404112596
P01_L050,3.6625825825825826,0.0002319401087623139
P01_L050,3.669425425425426,0.00027528086974592614
P01_L050,3.6762682682682684,0.00032472338152611627
P01_L050,3.6831111111111117,0.0003807405019059944
P01_L050,3.689953953953954,0.0004437773468780346
P01_L050,3.696796796796797,0.0005142402994249481
P01_L050,3.70363963963964,0.0005924860859426939
P01_L050,3.7104824824824827,0.0006788112468533179
P01_L050,3.7173253253253256,0.0007734423111085257
P01_L050,3.7241681681681684,0.0008765269485072481
P01_L050,3.7310110110110113,0.000988126321772392
P01_L050,3.737853853853854,0.001108208796715054
P01_L050,3.744696696696697,0.0012366450996633249
P01_L050,3.75153953953954,0.0013732049437782429
P01_L050,3.7583823823823828,0.0015175550873706876
P01_L050,3.765225225225225,0.0016692587448133107
P01_L050,3.7720680680680685,0.001827776249683531
P01_L050,3.778910910910911,0.0019924668737758347
P01_L050,3.7857537537537542,0.0021625917351756696
P01_L050,3.7925965965965966,0.0023373177810993807
P01_L050,3.79943943943944,0.002515722900868375
P01_L050,3.8062822822822824,0.002696802302509523
P01_L050,3.8131251251251257,0.0028794763622158725
P01_L050,3.819967967967968,0.0030626002172897816
P01_L050,3.826810810810811,0.003244975408424539
P01_L050,3.833653653653654,0.003425363875980927
P01_L050,3.8404964964964967,0.003602504569877467
P01_L050,3.8473393393393396,0.003775132840395966
P01_L050,3.8541821821821824,0.003942002638899826
P01_L050,3.8610250250250253,0.004101911379474647
P01_L050,3.867867867867868,0.004253727105891205
P01_L050,3.874710710710711,0.0043964173880992165
P01_L050,3.881553553553554,0.004529079156438878
P01_L050,3.888396396396397,0.004650968488761499
P01_L050,3.895239239239239,0.00476152921384181
P01_L050,3.9020820820820825,0.004860419099519907
P01_L050,3.908924924924925,0.004947532367549421
P01_L050,3.9157677677677682,0.005023017325514053
P01_L050,3.9226106106106107,0.00508728802984376
P01_L050,3.929453453453454,0.005141029087350003
P01_L050,3.9362962962962964,0.005185192954751422
P01_L050,3.9431391391391397,0.005220989390898696
P01_L050,3.949981981981982,0.005249867036377015
P01_L050,3.956824824824825,0.005273487420151476
P01_L050,3.963667667667668,0.005293692003684642
P01_L050,3.9705105105105107,0.0053124631523391525
P01_L050,3.9773533533533536,0.005331880158095496
P01_L050,3.9841961961961965,0.0053540716171161205
P01_L050,3.9910390390390393,0.005381165585525031
P01_L050,3.997881881881882,0.005415238996478817
P01_L050,4.004724724724725,0.005458267824622571
P01_L050,4.0115675675675675,0.005512079436804288
P01_L050,4.018410410410411,0.005578308478817611
P01_L050,4.025253253253253,0.005658357526049961
P01_L050,4.0320960960960965,0.005753363579987151
P01_L050,4.038938938938939,0.0058641713301025855
P01_L050,4.045781781781782,0.005991313927462681
P01_L050,4.052624624624625,0.006135001836042779
P01_L050,4.059467467467468,0.0062951201418747944
P01_L050,4.06631031031031,0.006471234508654783
P01_L050,4.073153153153154,0.006662605770136918
P01_L050,4.079995995995996,0.006868212942953266
P01_L050,4.086838838838839,0.007086784227259448
P01_L050,4.093681681681682,0.0073168353368036594
P01_L050,4.100524524524525,0.007556714266476127
P01_L050,4.107367367367368,0.007804651368255222
P01_L050,4.11421021021021,0.008058813372471881
P01_L050,4.121053053053053,0.00831735976985505
P01_L050,4.127895895895897,0.008578499772701033
P01_L050,4.134738738738739,0.00884054791445896
P01_L050,4.1415815815815815,0.009101976240944415
P01_L050,4.148424424424425,0.009361461008369702
P01_L050,4.155267267267267,0.009617921847502153
P01_L050,4.162110110110111,0.009870551491294245
P01_L050,4.168952952952953,0.010118834403329578
P01_L050,4.175795795795796,0.010362552989402272
P01_L050,4.182638638638639,0.010601780521238856
P01_L050,4.189481481481481,0.010836860439379615
P01_L050,4.1963243243243245,0.011068372313486405
P01_L050,4.203167167167168,0.01129708539716874
P01_L050,4.21001001001001,0.011523901388213277
P01_L050,4.216852852852853,0.011749788655716393
P01_L050,4.223695695695696,0.0119757107814203
P01_L050,4.230538538538539,0.012202552741096778
P01_L050,4.237381381381382,0.012431048383011175
P01_L050,4.244224224224224,0.012661713009954475
P01_L050,4.251067067067067,0.012894784813757875
P01_L050,4.257909909909911,0.013130178633376805
P01_L050,4.264752752752753,0.013367455010686318
P01_L050,4.2715955955955955,0.013605806818902128
P01_L050,4.278438438438439,0.013844064869627323
P01_L050,4.285281281281282,0.014080722913019256
P01_L050,4.292124124124125,0.014313981390406523
P01_L050,4.298966966966967,0.014541808246727054
P01_L050,4.30580980980981,0.014762014131317766
P01_L050,4.312652652652653,0.01497233847735624
P01_L050,4.319495495495495,0.01517054231211806
P01_L050,4.3263383383383385,0.015354503258508572
P01_L050,4.333181181181182,0.015522308072025143
P01_L050,4.340024024024024,0.01567233822519584
P01_L050,4.346866866866867,0.015803344491134824
P01_L050,4.35370970970971,0.015914507156163087
P01_L050,4.360552552552553,0.01600547935762493
P01_L050,4.367395395395396,0.016076412032655484
P01_L050,4.374238238238238,0.016127960004240504
P01_L050,4.381081081081081,0.01616126974814774
P01_L050,4.387923923923925,0.01617795030841088
P01_L050,4.394766766766767,0.016180029600564888
P01_L050,4.40160960960961,0.01616989891640189
P01_L050,4.408452452452453,0.016150248795555665
P01_L050,4.415295295295296,0.01612399955131749
P01_L050,4.422138138138139,0.01609422964344892
P01_L050,4.428980980980981,0.016064104808925273
P01_L050,4.435823823823824,0.016036810435024383
P01_L050,4.442666666666667,0.016015489138602918
P01_L050,4.449509509509509,0.016003184954133304
P01_L050,4.4563523523523525,0.016002794981885247
P01_L050,4.463195195195196,0.016017028850024057
P01_L050,4.470038038038038,0.016048375932947955
P01_L050,4.476880880880881,0.016099079962339786
P01_L050,4.483723723723724,0.01617112047278446
P01_L050,4.490566566566567,0.016266200433057508
P01_L050,4.49740940940941,0.01638573940924078
P01_L050,4.504252252252252,0.01653087166112243
P01_L050,4.511095095095095,0.01670244865977871
P01_L050,4.517937937937939,0.01690104560319494
P01_L050,4.524780780780781,0.017126971573895915
P01_L050,4.531623623623624,0.017380283010708552
P01_L050,4.538466466466467,0.017660800148094093
P01_L050,4.54530930930931,0.01796812601298749
P01_L050,4.552152152152153,0.018301667472098743
P01_L050,4.558994994994995,0.018660657710929576
P01_L050,4.565837837837838,0.019044179422719576
P01_L050,4.572680680680681,0.01945118791568848
P01_L050,4.579523523523523,0.019880533332280854
P01_L050,4.5863663663663665,0.020330981230716527
P01_L050,4.59320920920921,0.020801230914420803
P01_L050,4.600052052052052,0.021289931105953612
P01_L050,4.606894894894895,0.021795692835292323
P01_L050,4.613737737737738,0.02231709972449863
P01_L050,4.620580580580581,0.022852716171281613
P01_L050,4.627423423423424,0.023401094228114722
P01_L050,4.634266266266266,0.02396078020669782
P01_L050,4.6411091091091095,0.024530322179174713
P01_L050,4.647951951951953,0.02510827957511889
P01_L050,4.654794794794795,0.02569323597538611
P01_L050,4.661637637637638,0.026283815981789627
P01_L050,4.668480480480481,0.02687870670958776
P01_L050,4.675323323323324,0.02747668403422104
P01_L050,4.682166166166167,0.028076643260089216
P01_L050,4.689009009009009,0.028677633408349137
P01_L050,4.695851851851852,0.029278893884779736
P01_L050,4.702694694694695,0.02987989192628682
P01_L050,4.709537537537537,0.030480358966714728
P01_L050,4.7163803803803805,0.031080323929783576
P01_L050,4.723223223223224,0.03168014145726895
P01_L050,4.730066066066066,0.032280513209387
P01_L050,4.736908908908909,0.03288250061568743
P01_L050,4.743751751751752,0.03348752778370691
P01_L050,4.750594594594595,0.03409737365896593
P01_L050,4.757437437437438,0.03471415294208435
P01_L050,4.76428028028028,0.03534028567795821
P01_L050,4.7711231231231235,0.035978455815184
P01_L050,4.777965965965967,0.03663155937657391
P01_L050,4.784808808808809,0.037302643178273164
P01_L050,4.791651651651652,0.03799483528892271
P01_L050,4.798494494494495,0.03871126864166395
P01_L050,4.805337337337338,0.03945499941456093
P01_L050,4.812180180180181,0.04022892199357468
P01_L050,4.819023023023023,0.04103568253742566
P01_L050,4.825865865865866,0.041877593379728344
P01_L050,4.832708708708709,0.04275655072565942
P01_L050,4.839551551551551,0.04367395831300079
P01_L050,4.846394394394395,0.04463065988572467
P01_L050,4.853237237237238,0.04562688343975739
P01_L050,4.86008008008008,0.04666220020822278
P01_L050,4.866922922922923,0.04773550122050943
P01_L050,4.873765765765766,0.04884499396429987
P01_L050,4.880608608608609,0.04998822118062588
P01_L050,4.887451451451452,0.051162103121866045
P01_L050,4.894294294294294,0.05236300371166711
P01_L050,4.9011371371371375,0.053586819993346774
P01_L050,4.907979979979981,0.05482909308742111
P01_L050,4.914822822822823,0.05608513766388333
P01_L050,4.921665665665666,0.05735018574752277
P01_L050,4.928508508508509,0.058619539598556016
P01_L050,4.935351351351352,0.059888727530157226
P01_L050,4.942194194194195,0.0611536559165955
P01_L050,4.949037037037037,0.06241075037485237
P01_L050,4.95587987987988,0.06365707921389108
P01_L050,4.962722722722723,0.06489045276050673
P01_L050,4.969565565565565,0.0661094930835648
P01_L050,4.976408408408409,0.06731366991651472
P01_L050,4.983251251251252,0.06850330016187424
P01_L050,4.990094094094094,0.06967951016802952
P01_L050,4.996936936936937,0.07084416189654362
P01_L050,5.00377977977978,0.07199974603316366
P01_L050,5.010622622622623,0.07314924691845155
P01_L050,5.017465465465466,0.07429598576750297
P01_L050,5.024308308308308,0.0754434499058249
P01_L050,5.0311511511511515,0.0765951165809429
P01_L050,5.037993993993995,0.07775428025167688
P01_L050,5.044836836836837,0.07892389207346882
P01_L050,5.05167967967968,0.08010641958593115
P01_L050,5.058522522522523,0.08130373339970307
P01_L050,5.065365365365366,0.08251702603983185
P01_L050,5.072208208208209,0.0837467661296277
P01_L050,5.079051051051051,0.0849926889162005
P01_L050,5.0858938938938945,0.08625382188960219
P01_L050,5.092736736736737,0.08752854208475934
P01_L050,5.099579579579579,0.08881465973172074
P01_L050,5.106422422422423,0.09010952137585843
P01_L050,5.113265265265266,0.09141012454329489
P01_L050,5.120108108108108,0.09271323556225967
P01_L050,5.126950950950951,0.09401550231107202
P01_L050,5.133793793793794,0.09531355444358443
P01_L050,5.140636636636637,0.0966040849899044
P01_L050,5.14747947947948,0.09788390904404584
P01_L050,5.154322322322322,0.09914999739068471
P01_L050,5.1611651651651655,0.10039948522049917
P01_L050,5.168008008008009,0.10162965835155918
P01_L050,5.174850850850851,0.10283792142640813
P01_L050,5.181693693693694,0.10402175422018946
P01_L050,5.188536536536537,0.10517866333507539
P01_L050,5.19537937937938,0.10630613707525678
P01_L050,5.202222222222223,0.10740161115275121
P01_L050,5.209065065065065,0.10846245208247803
P01_L050,5.2159079079079085,0.1094859637561798
P01_L050,5.222750750750751,0.11046942085844333
P01_L050,5.229593593593593,0.11141013066094899
P01_L050,5.236436436436437,0.112305522481798
P01_L050,5.24327927927928,0.11315326190878165
P01_L050,5.250122122122122,0.11395138492977319
P01_L050,5.256964964964965,0.11469844553333866
P01_L050,5.263807807807808,0.11539366924154244
P01_L050,5.270650650650651,0.11603710447112861
P01_L050,5.277493493493494,0.1166297635958345
P01_L050,5.284336336336336,0.11717374606272615
P01_L050,5.29117917917918,0.11767233682250212
P01_L050,5.298022022022023,0.1181300745645379
P01_L050,5.304864864864865,0.11855278568620922
P01_L050,5.311707707707708,0.11894758145764468
P01_L050,5.318550550550551,0.11932281736554949
P01_L050,5.325393393393394,0.11968801505336912
P01_L050,5.332236236236237,0.12005374856782211
P01_L050,5.339079079079079,0.12043149774976593
P01_L050,5.3459219219219225,0.12083347257191668
P01_L050,5.352764764764765,0.12127241304618418
P01_L050,5.359607607607607,0.12176137002759109
P01_L050,5.366450450450451,0.12231347285681152
P01_L050,5.373293293293294,0.12294169032606395
P01_L050,5.380136136136136,0.12365859192287665
P01_L050,5.386978978978979,0.12447611668189802
P01_L050,5.393821821821822,0.12540535721484036
P01_L050,5.400664664664665,0.12645636653547862
P01_L050,5.407507507507508,0.12763799508512078
P01_L050,5.41435035035035,0.1289577648315905
P01_L050,5.421193193193194,0.1304217864131265
P01_L050,5.428036036036037,0.13203472400443814
P01_L050,5.434878878878879,0.1337998109061528
P01_L050,5.441721721721722,0.13571891685094542
P01_L050,5.448564564564565,0.1377926657695115
P01_L050,5.455407407407408,0.14002060039303674
P01_L050,5.462250250250251,0.14240138773828712
P01_L050,5.469093093093093,0.144933057393759
P01_L050,5.4759359359359365,0.14761326276565673
P01_L050,5.482778778778779,0.1504395541982901
P01_L050,5.489621621621621,0.1534096522692006
P01_L050,5.496464464464465,0.15652170964274628
P01_L050,5.503307307307308,0.15977455066099616
P01_L050,5.51015015015015,0.1631678793132585
P01_L050,5.516992992992993,0.16670244825686203
P01_L050,5.523835835835836,0.17038018401663885
P01_L050,5.5306786786786795,0.17420426619109053
P01_L050,5.537521521521522,0.17817916124561553
P01_L050,5.544364364364364,0.1823106140852599
P01_L050,5.551207207207208,0.18660560290051534
P01_L050,5.558050050050051,0.1910722646327724
P01_L050,5.564892892892893,0.1957197997221165
P01_L050,5.571735735735736,0.20055836554088835
P01_L050,5.578578578578579,0.20559896809483036
P01_L050,5.585421421421422,0.2108533612473057
P01_L050,5.592264264264265,0.2163339619803973
P01_L050,5.599107107107107,0.22205378915751506
P01_L050,5.6059499499499506,0.22802643200322897
P01_L050,5.612792792792793,0.23426605316079183
P01_L050,5.619635635635635,0.2407874297919992
P01_L050,5.626478478478479,0.24760603477642568
P01_L050,5.633321321321322,0.25473815863965366
P01_L050,5.640164164164164,0.26220107134874093
P01_L050,5.647007007007007,0.2700132214900724
P01_L050,5.65384984984985,0.27819446851172924
P01_L050,5.6606926926926935,0.2867663415983865
P01_L050,5.667535535535536,0.2957523163068633
P01_L050,5.674378378378378,0.30517809732257517
P01_L050,5.681221221221222,0.3150718926557281
P01_L050,5.688064064064065,0.3254646614009361
P01_L050,5.694906906906907,0.3363903140206367
P01_L050,5.70174974974975,0.3478858412296045
P01_L050,5.708592592592593,0.35999134525224363
P01_L050,5.715435435435436,0.37274994582540755
P01_L050,5.722278278278279,0.38620753316513706
P01_L050,5.729121121121121,0.4004123415253129
P01_L050,5.735963963963965,0.41541432022328906
P01_L050,5.742806806806807,0.4312642842905227
P01_L050,5.749649649649649,0.44801283431964234
P01_L050,5.756492492492493,0.46570904459331736
P01_L050,5.763335335335336,0.48439893001357504
P01_L050,5.7701781781781785,0.5041237153641502
P01_L050,5.777021021021021,0.524917944520729
P01_L050,5.783863863863864,0.5468074817008957
P01_L050,5.7907067067067075,0.5698074708875558
P01_L050,5.79754954954955,0.5939203322150162
P01_L050,5.804392392392392,0.6191338843411239
P01_L050,5.811235235235236,0.6454196885819617
P01_L050,5.818078078078079,0.6727317128483468
P01_L050,5.824920920920921,0.7010054103155905
P01_L050,5.831763763763764,0.7301572986285346
P01_L050,5.838606606606607,0.760085109957508
P01_L050,5.84544944944945,0.790668560448761
P01_L050,5.852292292292293,0.8217707600984643
P01_L050,5.859135135135135,0.8532402518774082
P01_L050,5.865977977977979,0.8849136336158135
P01_L050,5.872820820820821,0.9166186797608159
P01_L050,5.879663663663663,0.9481778450593431
P01_L050,5.886506506506507,0.9794120011361686
P01_L050,5.89334934934935,1.0101442325134677
P01_L050,5.9001921921921925,1.0402035033532162
P01_L050,5.907035035035035,1.0694280021736953
P01_L050,5.913877877877878,1.0976679804262484
P01_L050,5.9207207207207215,1.1247879226909612
P01_L050,5.927563563563564,1.1506679209415425
P01_L050,5.934406406406406,1.175204171348026
P01_L050,5.94124924924925,1.1983085668979572
P01_L050,5.948092092092093,1.2199074192598969
P01_L050,5.954934934934935,1.2399394046173267
P01_L050,5.961777777777778,1.2583528860937097
P01_L050,5.968620620620621,1.2751028152504742
P01_L050,5.9754634634634645,1.290147452710876
P01_L050,5.982306306306307,1.3034451697210205
P01_L050,5.989149149149149,1.314951595979109
P01_L050,5.995991991991993,1.3246173632670892
P01_L050,6.002834834834835,1.332386659740853
P01_L050,6.0096776776776775,1.3381967581396588
P01_L050,6.016520520520521,1.341978616046987
P01_L050,6.023363363363364,1.3436585722262677
P01_L050,6.0302062062062065,1.3431610853345732
P01_L050,6.037049049049049,1.3404123857273238
P01_L050,6.043891891891892,1.3353448432469752
P01_L050,6.0507347347347356,1.3279017989094366
P01_L050,6.057577577577578,1.3180425703315617
P01_L050,6.06442042042042,1.3057473223340925
P01_L050,6.071263263263264,1.2910214966113462
P01_L050,6.078106106106107,1.2738995172818253
P01_L050,6.084948948948949,1.2544475305736336
P01_L050,6.091791791791792,1.2327649935644702
P01_L050,6.098634634634635,1.2089849944556081
P01_L050,6.1054774774774785,1.1832732603325022
P01_L050,6.112320320320321,1.1558258825380814
P01_L050,6.119163163163163,1.12686585963964
P01_L050,6.126006006006007,1.096638619058552
P01_L050,6.132848848848849,1.065406727194341
P01_L050,6.1396916916916915,1.033444031848431
P01_L050,6.146534534534535,1.0010294986919328
P01_L050,6.153377377377378,0.968441005391247
P01_L050,6.1602202202202205,0.9359493438929614
P01_L050,6.167063063063063,0.9038126553009874
P01_L050,6.173905905905906,0.8722714854877964
P01_L050,6.18074874874875,0.8415446062327389
P01_L050,6.187591591591591,0.8118256996011124
P01_L050,6.194434434434434,0.7832809556915407
P01_L050,6.201277277277278,0.7560475886908019
P01_L050,6.208120120120121,0.7302332357954976
P01_L050,6.214962962962963,0.7059161697959998
P01_L050,6.221805805805806,0.6831462301210633
P01_L050,6.228648648648649,0.6619463594123656
P01_L050,6.2354914914914925,0.6423146231381063
P01_L050,6.242334334334334,0.6242265877582988
P01_L050,6.249177177177177,0.6076379375193174
P01_L050,6.256020020020021,0.592487219812077
P01_L050,6.262862862862864,0.5786986227628643
P01_L050,6.2697057057057055,0.5661847048976413
P01_L050,6.276548548548549,0.5548490139615111
P01_L050,6.283391391391392,0.5445885490688307
P01_L050,6.2902342342342354,0.535296036295068
P01_L050,6.297077077077077,0.526862001831076
P01_L050,6.30391991991992,0.5191766383830024
P01_L050,6.310762762762764,0.5121314693443968
P01_L050,6.317605605605605,0.5056208213397407
P01_L050,6.3244484484484484,0.4995431191826346
P01_L050,6.331291291291292,0.4938020184024876
P01_L050,6.338134134134135,0.48830738967702003
P01_L050,6.344976976976977,0.4829761672404689
P01_L050,6.35181981981982,0.4777330701240798
P01_L050,6.358662662662663,0.47251120142374914
P01_L050,6.3655055055055065,0.46725252713965304
P01_L050,6.372348348348348,0.4619082328917131
P01_L050,6.379191191191191,0.4564389543007012
P01_L050,6.386034034034035,0.45081487526540404
P01_L050,6.392876876876878,0.4450156878960944
P01_L050,6.3997197197197195,0.43903040852618985
P01_L050,6.406562562562563,0.43285704597770014
P01_L050,6.413405405405406,0.4265021209888106
P01_L050,6.4202482482482495,0.4199800392532636
P01_L050,6.427091091091091,0.41331232465806383
P01_L050,6.433933933933934,0.4065267237964275
P01_L050,6.440776776776778,0.39965619742410113
P01_L050,6.447619619619619,0.3927378189628188
P01_L050,6.4544624624624625,0.38581160419316807
P01_L050,6.461305305305306,0.3789192996941971
P01_L050,6.468148148148149,0.37210316018444783
P01_L050,6.474990990990991,0.36540474653439464
P01_L050,6.481833833833834,0.3588637767316152
P01_L050,6.488676676676677,0.3525170614078942
P01_L050,6.495519519519521,0.34639755365227654
P01_L050,6.502362362362362,0.34053353975844075
P01_L050,6.509205205205205,0.3349479933660083
P01_L050,6.516048048048049,0.3296581102870515
P01_L050,6.522890890890892,0.32467503534611314
P01_L050,6.529733733733734,0.32000378604015034
P01_L050,6.536576576576577,0.3156433710153165
P01_L050,6.54341941941942,0.31158709456008366
P01_L050,6.5502622622622635,0.30782303183783466
P01_L050,6.557105105105105,0.3043346537281819
P01_L050,6.563947947947948,0.3011015751895068
P01_L050,6.570790790790792,0.298100397225432
P01_L050,6.577633633633633,0.295305610004625
P01_L050,6.5844764764764765,0.29269052354353514
P01_L050,6.59131931931932,0.29022819263434646
P01_L050,6.598162162162163,0.2878923043254151
P01_L050,6.605005005005005,0.2856579991063557
P01_L050,6.611847847847848,0.28350260082071593
P01_L050,6.618690690690691,0.28140623498637085
P01_L050,6.625533533533535,0.27935232038240904
P01_L050,6.632376376376376,0.2773279241886677
P01_L050,6.639219219219219,0.27532397638134143
P01_L050,6.646062062062063,0.2733353442632138
P01_L050,6.652904904904906,0.2713607727503131
P01_L050,6.659747747747748,0.2694027002047541
P01_L050,6.666590590590591,0.2674669631023542
P01_L050,6.673433433433434,0.2655624056064243
P01_L050,6.6802762762762775,0.2637004121773993
P01_L050,6.687119119119119,0.26189438270292803
P01_L050,6.693961961961962,0.2601591703251197
P01_L050,6.700804804804806,0.2585105022187007
P01_L050,6.707647647647647,0.2569644030842751
P01_L050,6.7144904904904905,0.25553664010673666
P01_L050,6.721333333333334,0.25424220662510655
P01_L050,6.728176176176177,0.25309485979451346
P01_L050,6.735019019019019,0.2521067251215417
P01_L050,6.741861861861862,0.251287977953597
P01_L050,6.748704704704705,0.2506466088495455
P01_L050,6.755547547547549,0.25018827632285484
P01_L050,6.76239039039039,0.24991624682885358
P01_L050,6.7692332332332334,0.24983141819511176
P01_L050,6.776076076076077,0.24993241912862074
P01_L050,6.78291891891892,0.2502157741597536
P01_L050,6.789761761761762,0.25067612059725347
P01_L050,6.796604604604605,0.25130646196511947
P01_L050,6.803447447447448,0.2520984411438397
P01_L050,6.8102902902902915,0.25304261617863705
P01_L050,6.817133133133133,0.2541287225212677
P01_L050,6.823975975975976,0.25534590734225654
P01_L050,6.83081881881882,0.2566829244080371
P01_L050,6.837661661661661,0.2581282816992776
P01_L050,6.8445045045045045,0.25967033821120855
P01_L050,6.851347347347348,0.26129735091922973
P01_L050,6.858190190190191,0.26299747736574897
P01_L050,6.865033033033033,0.26475874336574523
P01_L050,6.871875875875876,0.2665689885934378
P01_L050,6.878718718718719,0.2684158050040929
P01_L050,6.885561561561563,0.2702864839440169
P01_L050,6.892404404404404,0.2721679872897695
P01_L050,6.8992472472472475,0.27404695603201606
P01_L050,6.906090090090091,0.2759097664989392
P01_L050,6.912932932932934,0.2777426401319036
P01_L050,6.919775775775776,0.2795318077140112
P01_L050,6.926618618618619,0.2812637236133883
P01_L050,6.933461461461462,0.28292532037989143
P01_L050,6.940304304304306,0.2845042893694646
P01_L050,6.947147147147147,0.28598936937139513
P01_L050,6.95398998998999,0.287370622814771
P01_L050,6.960832832832834,0.28863967826601666
P01_L050,6.967675675675675,0.2897899187126159
P01_L050,6.974518518518519,0.29081659754180444
P01_L050,6.981361361361362,0.2917168680205831
P01_L050,6.988204204204205,0.292489717201439
P01_L050,6.995047047047047,0.2931358011575559
P01_L050,7.00188988988989,0.2936571848668775
P01_L050,7.008732732732733,0.2940569964587453
P01_L050,7.015575575575577,0.294339011455124
P01_L050,7.022418418418418,0.29450718766409556
P01_L050,7.0292612612612615,0.29456517516710296
P01_L050,7.036104104104105,0.29451582812663907
P01_L050,7.042946946946948,0.29436074577911875
P01_L050,7.04978978978979,0.2940998689360486
P01_L050,7.056632632632633,0.2937311556774242
P01_L050,7.063475475475476,0.29325035587105946
P01_L050,7.07031831831832,0.2926508989652742
P01_L050,7.077161161161161,0.2919239035201307
P01_L050,7.084004004004004,0.2910583105437792
P01_L050,7.090846846846848,0.29004113627793143
P01_L050,7.097689689689689,0.28885783400739273
P01_L050,7.104532532532533,0.2874927490926119
P01_L050,7.111375375375376,0.2859296470222868
P01_L050,7.118218218218219,0.2841522910635361
P01_L050,7.125061061061061,0.28214504417624664
P01_L050,7.131903903903904,0.2798934692981467
P01_L050,7.138746746746747,0.27738490285870027
P01_L050,7.145589589589591,0.27460897833075226
P01_L050,7.152432432432432,0.27155807960627176
P01_L050,7.1592752752752755,0.2682277077681137
P01_L050,7.166118118118119,0.2646167491766473
P01_L050,7.172960960960962,0.2607276374402745
P01_L050,7.179803803803804,0.2565664065386806
P01_L050,7.186646646646647,0.2521426368831796
P01_L050,7.19348948948949,0.24746930022598468
P01_L050,7.200332332332334,0.24256251290581893
P01_L050,7.207175175175175,0.23744120982084316
P01_L050,7.2140180180180185,0.23212675367778932
P01_L050,7.220860860860862,0.2266424954495739
P01_L050,7.227703703703703,0.2210133025943133
P01_L050,7.234546546546547,0.21526507149440255
P01_L050,7.24138938938939,0.20942423984051814
P01_L050,7.248232232232233,0.2035173134089986
P01_L050,7.255075075075075,0.19757041997181118
P01_L050,7.261917917917918,0.19160890105245454
P01_L050,7.268760760760761,0.18565695001513405
P01_L050,7.275603603603605,0.17973730265930557
P01_L050,7.282446446446446,0.17387098418988903
P01_L050,7.2892892892892895,0.16807711423479602
P01_L050,7.296132132132133,0.16237276956238725
P01_L050,7.302974974974976,0.15677290237248911
P01_L050,7.309817817817818,0.1512903105406031
P01_L050,7.316660660660661,0.14593565501406225
P01_L050,7.323503503503504,0.1407175187034631
P01_L050,7.330346346346348,0.13564250067926814
P01_L050,7.337189189189189,0.13071533925403173
P01_L050,7.3440320320320325,0.12593905757418403
P01_L050,7.350874874874876,0.12131512561961388
P01_L050,7.357717717717717,0.1168436329643257
P01_L050,7.364560560560561,0.11252346723215466
P01_L050,7.371403403403404,0.10835249383201245
P01_L050,7.378246246246247,0.10432773322440639
P01_L050,7.385089089089089,0.10044553260896727
P01_L050,7.391931931931932,0.0967017294956844
P01_L050,7.398774774774775,0.09309180510710585
P01_L050,7.405617617617619,0.08961102594587615
P01_L050,7.41246046046046,0.08625457215595292
P01_L050,7.419303303303304,0.08301765152340948
P01_L050,7.426146146146147,0.07989559812980951
P01_L050,7.43298898898899,0.07688395481883457
P01_L050,7.439831831831832,0.07397853879754546
P01_L050,7.446674674674675,0.07117548989563102
P01_L050,7.453517517517518,0.06847130127045237
P01_L050,7.460360360360362,0.06586283268286677
P01_L050,7.467203203203203,0.06334730687713828
P01_L050,7.4740460460460465,0.06092229006367283
P01_L050,7.48088888888889,0.058585658001211745
P01_L050,7.487731731731731,0.05633554967281954
P01_L050,7.494574574574575,0.05417031101060375
P01_L050,7.501417417417418,0.05208843151064356
P01_L050,7.508260260260261,0.05008847685894571
P01_L050,7.515103103103103,0.04816902083597644
P01_L050,7.521945945945946,0.04632857976557147
P01_L050,7.528788788788789,0.044565552619483424
P01_L050,7.535631631631633,0.0428781695879936
P01_L050,7.542474474474474,0.04126445149659343
P01_L050,7.549317317317318,0.03972218191301563
P01_L050,7.556160160160161,0.03824889317746014
P01_L050,7.563003003003004,0.036841866933577064
P01_L050,7.569845845845846,0.03549814907038506
P01_L050,7.576688688688689,0.034214578335324694
P01_L050,7.583531531531532,0.03298782727222157
P01_L050,7.590374374374376,0.031814453597091355
P01_L050,7.597217217217217,0.030690959667764982
P01_L050,7.6040600600600605,0.029613857344968863
P01_L050,7.610902902902904,0.028579735294867348
P01_L050,7.617745745745745,0.02758532565589974
P01_L050,7.624588588588589,0.026627566993607008
P01_L050,7.631431431431432,0.02570366060102267
P01_L050,7.638274274274275,0.0248111174705587
P01_L050,7.645117117117117,0.023947793662846224
P01_L050,7.65195995995996,0.023111912319062053
P01_L050,7.6588028028028035,0.02230207118890979
P01_L050,7.665645645645647,0.021517235251303325
P01_L050,7.672488488488488,0.020756714755678182
P01_L050,7.679331331331332,0.020020129768370823
P01_L050,7.686174174174175,0.01930736302566556
P01_L050,7.693017017017018,0.01861850352622679
P01_L050,7.69985985985986,0.01795378379636279
P01_L050,7.706702702702703,0.017313514093929873
P01_L050,7.713545545545546,0.016698016953113425
P01_L050,7.72038838838839,0.01610756539888253
P01_L050,7.727231231231231,0.015542327878461281
P01_L050,7.7340740740740745,0.015002322485934302
P01_L050,7.740916916916918,0.014487382428801156
P01_L050,7.747759759759759,0.013997133948398936
P01_L050,7.754602602602603,0.013530987114992806
P01_L050,7.761445445445446,0.013088139132257903
P01_L050,7.768288288288289,0.012667589062671361
P01_L050,7.775131131131131,0.01226816227617378
P01_L050,7.781973973973974,0.01188854246935386
P01_L050,7.7888168168168175,0.011527308826908458
P01_L050,7.795659659659661,0.011182975810578796
P01_L050,7.802502502502502,0.010854033156185857
P01_L050,7.809345345345346,0.01053898391503698
P01_L050,7.816188188188189,0.010236378758260795
P01_L050,7.823031031031032,0.009944845229991128
P01_L050,7.829873873873874,0.009663111142727426
P01_L050,7.836716716716717,0.009390021811475902
P01_L050,7.84355955955956,0.00912455128314028
P01_L050,7.850402402402404,0.00886580810270396
P01_L050,7.857245245245245,0.008613036446554633
P01_L050,7.864088088088089,0.008365613635017533
P01_L050,7.870930930930932,0.008123045110182638
P01_L050,7.877773773773773,0.007884957939715298
P01_L050,7.884616616616617,0.007651093797616188
P01_L050,7.89145945945946,0.007421302198367956
P01_L050,7.898302302302303,0.007195534543092074
P01_L050,7.905145145145145,0.006973839296671867
P01_L050,7.911987987987988,0.006756358372884332
P01_L050,7.9188308308308315,0.006543324577208894
P01_L050,7.925673673673675,0.00633505975754457
P01_L050,7.932516516516516,0.0061319731516276295
P01_L050,7.93935935935936,0.005934559303541591
P01_L050,7.946202202202203,0.005743394854901244
P01_L050,7.953045045045046,0.005559133501635871
P01_L050,7.959887887887888,0.005382498445719223
P01_L050,7.966730730730731,0.005214271762095789
P01_L050,7.973573573573574,0.0050552802421851084
P01_L050,7.980416416416418,0.004906377462448199
P01_L050,7.987259259259259,0.004768422052912223
P01_L050,7.994102102102103,0.00464225239677832
P01_L050,8.000944944944946,0.004528658265825054
P01_L050,8.007787787787787,0.004428350171936552
P01_L050,8.01463063063063,0.004341927475094766
P01_L050,8.021473473473474,0.004269846513587417
P01_L050,8.028316316316317,0.004212390193988201
P01_L050,8.035159159159159,0.004169640579247103
P01_L050,8.042002002002002,0.004141456028851385
P01_L050,8.048844844844846,0.004127454366249825
P01_L050,8.055687687687689,0.0041270033725499785
P01_L050,8.06253053053053,0.004139219635940362
P01_L050,8.069373373373374,0.0041629764346879285
P01_L050,8.076216216216217,0.004196920916121426
P01_L050,8.08305905905906,0.0042395003786969
P01_L050,8.089901901901902,0.0042889969970899625
P01_L050,8.096744744744745,0.004343569881236415
P01_L050,8.103587587587588,0.004401302958861846
P01_L050,8.110430430430432,0.004460256843958742
P01_L050,8.117273273273273,0.004518522622501426
P01_L050,8.124116116116117,0.004574275366260456
P01_L050,8.13095895895896,0.004625825182773167
P01_L050,8.137801801801801,0.004671663722865716
P01_L050,8.144644644644645,0.004710504287065638
P01_L050,8.151487487487488,0.004741313982241974
P01_L050,8.158330330330331,0.004763336757903865
P01_L050,8.165173173173173,0.0047761065724696685
P01_L050,8.172016016016016,0.004779450377065314
P01_L050,8.17885885885886,0.004773481032709819
P01_L050,8.185701701701703,0.004758580673852194
P01_L050,8.192544544544544,0.004735375379479463
P01_L050,8.199387387387388,0.004704702300284711
P01_L050,8.206230230230231,0.0046675706103418675
P01_L050,8.213073073073074,0.004625117803516265
P01_L050,8.219915915915916,0.004578562942142675
P01_L050,8.22675875875876,0.004529158495266253
P01_L050,8.233601601601602,0.004478142384634248
P01_L050,8.240444444444446,0.004426691797505061
P01_L050,8.247287287287287,0.004375880233929986
P01_L050,8.25413013013013,0.004326639138093126
P01_L050,8.260972972972974,0.004279725321636893
P01_L050,8.267815815815815,0.004235695222239839
P01_L050,8.274658658658659,0.004194886851735259
P01_L050,8.281501501501502,0.004157410072548919
P01_L050,8.288344344344345,0.0041231455973449104
P01_L050,8.295187187187187,0.00409175283434908
P01_L050,8.30203003003003,0.0040626864026070625
P01_L050,8.308872872872874,0.004035220823917902
P01_L050,8.315715715715717,0.004008482571984245
P01_L050,8.322558558558558,0.003981488338990755
P01_L050,8.329401401401402,0.003953188083061846
P01_L050,8.336244244244245,0.003922511166372779
P01_L050,8.343087087087088,0.0038884137026850034
P01_L050,8.34992992992993,0.0038499251224540084
P01_L050,8.356772772772773,0.0038061919472655776
P01_L050,8.363615615615617,0.0037565168514516545
P01_L050,8.37045845845846,0.003700391278670972
P01_L050,8.377301301301301,0.0036375201687714348
P01_L050,8.384144144144145,0.0035678377215509253
P01_L050,8.390986986986988,0.003491513558454877
P01_L050,8.39782982982983,0.0034089491147718124
P01_L050,8.404672672672673,0.0033207645741376883
P01_L050,8.411515515515516,0.0032277771137922883
P01_L050,8.41835835835836,0.0031309716342481147
P01_L050,8.425201201201201,0.0030314654760018422
P01_L050,8.432044044044044,0.0029304688597972233
P01_L050,8.438886886886888,0.002829242914387528
P01_L050,8.445729729729731,0.002729057173642542
P01_L050,8.452572572572572,0.0026311483383530975
P01_L050,8.459415415415416,0.002536681919824781
P01_L050,8.466258258258259,0.002446718130980166
P01_L050,8.473101101101102,0.0023621830889346013
P01_L050,8.479943943943944,0.00228384606544313
P01_L050,8.486786786786787,0.0022123031923390315
P01_L050,8.49362962962963,0.0021479677196330213
P01_L050,8.500472472472474,0.002091066651572917
P01_L050,8.507315315315315,0.0020416433625012795
P01_L050,8.514158158158159,0.00199956562568005
P01_L050,8.521001001001002,0.001964538374487481
P01_L050,8.527843843843844,0.0019361204516195022
P01_L050,8.534686686686687,0.0019137445794518647
P01_L050,8.54152952952953,0.0018967397925927457
P01_L050,8.548372372372373,0.001884355600330018
P01_L050,8.555215215215215,0.0018757871815459168
P01_L050,8.562058058058058,0.0018702009493519033
P01_L050,8.568900900900902,0.00186675985190937
P01_L050,8.575743743743745,0.0018646477978711573
P01_L050,8.582586586586586,0.001863092611238655
P01_L050,8.58942942942943,0.0018613869356783699
P01_L050,8.596272272272273,0.0018589065289450132
P01_L050,8.603115115115116,0.0018551254213205624
P01_L050,8.609957957957958,0.001849627464844377
P01_L050,8.616800800800801,0.0018421138780305264
P01_L050,8.623643643643645,0.001832406496778871
P01_L050,8.630486486486488,0.0018204465762755363
P01_L050,8.63732932932933,0.001806289147529554
P01_L050,8.644172172172173,0.0017900931092985311
P01_L050,8.651015015015016,0.0017721074222896832
P01_L050,8.657857857857858,0.0017526539564971986
P01_L050,8.6647007007007,0.0017321077121748014
P01_L050,8.671543543543544,0.001710875278141355
P01_L050,8.678386386386387,0.00168937249691559
P01_L050,8.685229229229229,0.0016680023657107668
P01_L050,8.692072072072072,0.0016471342095991613
P01_L050,8.698914914914916,0.00162708511558003
P01_L050,8.705757757757759,0.001608104514883539
P01_L050,8.7126006006006,0.0015903626502204319
P01_L050,8.719443443443444,0.0015739434726853758
P01_L050,8.726286286286287,0.001558842290151848
P01_L050,8.73312912912913,0.001544968247681307
P01_L050,8.739971971971972,0.0015321514741790864
P01_L050,8.746814814814815,0.0015201544918679113
P01_L050,8.753657657657659,0.0015086872689794304
P01_L050,8.760500500500502,0.0014974251127202172
P01_L050,8.767343343343343,0.0014860284582318495
P01_L050,8.774186186186187,0.0014741635165132104
P01_L050,8.78102902902903,0.0014615227038509782
P01_L050,8.787871871871872,0.001447843788090218
P01_L050,8.794714714714715,0.0014329267512476086
P01_L050,8.801557557557558,0.0014166474793143656
P01_L050,8.808400400400402,0.001398967542439378
P01_L050,8.815243243243243,0.0013799395143690495
P01_L050,8.822086086086086,0.0013597074903913748
P01_L050,8.82892892892893,0.0013385026888779771
P01_L050,8.835771771771773,0.0013166342534440922
P01_L050,8.842614614614615,0.0012944756014572826
P01_L050,8.849457457457458,0.0012724468811186776
P01_L050,8.856300300300301,0.0012509942950350813
P01_L050,8.863143143143144,0.001230567215031331
P01_L050,8.869985985985986,0.0012115941434705261
P01_L050,8.87682882882883,0.0011944586638695065
P01_L050,8.883671671671673,0.0011794765624227688
P01_L050,8.890514514514516,0.0011668752877963345
P01_L050,8.897357357357357,0.0011567768465608889
P01_L050,8.9042002002002,0.0011491851054221622
P01_L050,8.911043043043044,0.0011439782911475355
P01_L050,8.917885885885886,0.0011409072499911459
P01_L050,8.924728728728729,0.001139599758970138
P01_L050,8.931571571571572,0.0011395708832967614
P01_L050,8.938414414414416,0.0011402390623508273
P01_L050,8.945257257257257,0.0011409472978472829
P01_L050,8.9521001001001,0.00114098853075427
P01_L050,8.958942942942944,0.0011396340466270553
P01_L050,8.965785785785787,0.0011361635596373004
P01_L050,8.972628628628629,0.0011298955082246712
P01_L050,8.979471471471472,0.0011202160603550903
P01_L050,8.986314314314315,0.001106605378922511
P01_L050,8.993157157157158,0.0010886598369267376
P01_L050,9.0,0.0010661090904623386
P01_L200,2.6963,0.0003856520077858165
P01_L200,2.70261001001001,0.0003907324517339893
P01_L200,2.70892002002002,0.00039454352816659517
P01_L200,2.71523003003003,0.00039744430929292493
P01_L200,2.72154004004004,0.00039987959062232916
P01_L200,2.72785005005005,0.0004023716010338147
P01_L200,2.73416006006006,0.00040550833063202394
P01_L200,2.74047007007007,0.00040992871781346914
P01_L200,2.74678008008008,0.0004163050556660298
P01_L200,2.75309009009009,0.00042532308413414824
P01_L200,2.7594001001001,0.0004376603261250474
P01_L200,2.76571011011011,0.00045396330169219287
P01_L200,2.77202012012012,0.00047482431405625045
P01_L200,2.77833013013013,0.0005007585442457654
P01_L200,2.78464014014014,0.000532182217210999
P01_L200,2.79095015015015,0.0005693926106430775
P01_L200,2.79726016016016,0.0006125506670973488
P01_L200,2.80357017017017,0.0006616669384574087
P01_L200,2.8098801801801803,0.0007165915369320442
P01_L200,2.81619019019019,0.0007770086862021596
P01_L200,2.8225002002002,0.0008424363579556717
P01_L200,2.82881021021021,0.0009122313417270619
P01_L200,2.83512022022022,0.0009855999300529441
P01_L200,2.8414302302302303,0.001061614208813526
P01_L200,2.84774024024024,0.0011392337289379698
P01_L200,2.8540502502502503,0.0012173321075729954
P01_L200,2.86036026026026,0.001294727873886789
P01_L200,2.86667027027027,0.0013702186484521827
P01_L200,2.87298028028028,0.0014426175385701182
P01_L200,2.87929029029029,0.0015107904584880697
P01_L200,2.8856003003003003,0.0015736929563901548
P01_L200,2.89191031031031,0.0016304050610375766
P01_L200,2.8982203203203203,0.0016801626593564197
P01_L200,2.90453033033033,0.0017223839881264327
P01_L200,2.9108403403403402,0.0017566899701982246
P01_L200,2.9171503503503504,0.0017829173458161446
P01_L200,2.92346036036036,0.0018011238354029358
P01_L200,2.9297703703703704,0.0018115849097499347
P01_L200,2.93608038038038,0.0018147821210217575
P01_L200,2.9423903903903903,0.0018113833440550672
P01_L200,2.9487004004004005,0.001802215670543351
P01_L200,2.9550104104104102,0.0017882320662684823
P01_L200,2.9613204204204204,0.0017704732213798889
P01_L200,2.96763043043043,0.0017500262755354044
P01_L200,2.9739404404404404,0.0017279822665484167
P01_L200,2.98025045045045,0.0017053942207393652
P01_L200,2.9865604604604603,0.0016832377689101645
P01_L200,2.9928704704704705,0.0016623760336687112
P01_L200,2.9991804804804802,0.0016435302984360227
P01_L200,3.0054904904904904,0.0016272576491975829
P01_L200,3.0118005005005006,0.0016139363961730085
P01_L200,3.0181105105105104,0.001603759658089592
P01_L200,3.0244205205205206,0.001596737053809468
P01_L200,3.0307305305305303,0.0015927040230209735
P01_L200,3.0370405405405405,0.001591337916963021
P01_L200,3.0433505505505503,0.0015921796860214118
P01_L200,3.0496605605605605,0.0015946597627864636
P01_L200,3.0559705705705706,0.0015981266094279157
P01_L200,3.0622805805805804,0.0016018763719784436
P01_L200,3.0685905905905906,0.0016051821581995057
P01_L200,3.0749006006006003,0.0016073216192634804
P01_L200,3.0812106106106105,0.0016076017509420559
P01_L200,3.0875206206206207,0.0016053801147044716
P01_L200,3.0938306306306305,0.0016000819875307039
P01_L200,3.1001406406406407,0.00159121325521571
P01_L200,3.1064506506506504,0.0015783691432163516
P01_L200,3.1127606606606606,0.0015612391114326924
P01_L200,3.119070670670671,0.0015396084102250825
P01_L200,3.1253806806806805,0.0015133568967885046
P01_L200,3.1316906906906907,0.0014824557432717323
P01_L200,3.1380007007007005,0.0014469626370749971
P01_L200,3.1443107107107107,0.0014070159916322205
P01_L200,3.1506207207207204,0.0013628285688042335
P01_L200,3.1569307307307306,0.0013146807799885034
P01_L200,3.163240740740741,0.0012629138003883338
P01_L200,3.1695507507507505,0.001207922515791609
P01_L200,3.1758607607607607,0.001150148236276305
P01_L200,3.1821707707707705,0.0010900710643286392
P01_L200,3.1884807807807807,0.0010282017985049838
P01_L200,3.194790790790791,0.0009650732854121484
P01_L200,3.2011008008008006,0.0009012311953776166
P01_L200,3.207410810810811,0.0008372242803736784
P01_L200,3.2137208208208206,0.0007735942643157787
P01_L200,3.2200308308308307,0.0007108656032234811
P01_L200,3.226340840840841,0.0006495354245066061
P01_L200,3.2326508508508507,0.0005900640017828665
P01_L200,3.238960860860861,0.0005328661383375535
P01_L200,3.2452708708708706,0.0004783038164399516
P01_L200,3.251580880880881,0.00042668042270170044
P01_L200,3.2578908908908906,0.00037823678616979366
P01_L200,3.2642009009009008,0.00033314917302399957
P01_L200,3.270510910910911,0.00029152927825298403
P01_L200,3.2768209209209207,0.00025342614967798773
P01_L200,3.283130930930931,0.00021882988187906503
P01_L200,3.289440940940941,0.00018767683437142184
P01_L200,3.295750950950951,0.00015985606530778337
P01_L200,3.3020609609609606,0.0001352166323497597
P01_L200,3.3083709709709708,0.00011357539715807385
P01_L200,3.314680980980981,9.472497806199416e-05
P01_L200,3.3209909909909907,7.844152396431757e-05
P01_L200,3.327301001001001,6.44920272015705e-05
P01_L200,3.333611011011011,5.26409489336001e-05
P01_L200,3.339921021021021,4.265599248511543e-05
P01_L200,3.346231031031031,3.43129229637622e-05
P01_L200,3.352541041041041,2.7399391132068994e-05
P01_L200,3.358851051051051,2.1717772509898405e-05
P01_L200,3.3651610610610607,1.708707666015882e-05
P01_L200,3.371471071071071,1.3344015247280982e-05
P01_L200,3.377781081081081,1.0343340414863899e-05
P01_L200,3.384091091091091,7.957577790700215e-06
P01_L200,3.390401101101101,6.076282110521788e-06
P01_L200,3.3967111111111112,4.604939593464505e-06
P01_L200,3.403021121121121,3.4636315561435906e-06
P01_L200,3.409331131131131,2.58556010819822e-06
P01_L200,3.415641141141141,1.915520811299099e-06
P01_L200,3.421951151151151,1.408390374431423e-06
P01_L200,3.428261161161161,1.0276809939470475e-06
P01_L200,3.434571171171171,7.441977197954576e-07
P01_L200,3.4408811811811812,5.348218363793959e-07
P01_L200,3.447191191191191,3.8143201703820564e-07
P01_L200,3.453501201201201,2.6996604991223854e-07
P01_L200,3.459811211211211,1.8961916966896992e-07
P01_L200,3.466121221221221,1.321702700405816e-07
P01_L200,3.472431231231231,9.142424520253283e-08
P01_L200,3.478741241241241,6.275710607539649e-08
P01_L200,3.4850512512512513,4.275002854876393e-08
P01_L200,3.491361261261261,2.889882113506467e-08
P01_L200,3.497671271271271,1.9386190360482485e-08
P01_L200,3.5039812812812814,1.2905416014602265e-08
P01_L200,3.510291291291291,8.525452393993883e-09
P01_L200,3.5166013013013013,5.588915833326524e-09
P01_L200,3.522911311311311,3.6358114201610936e-09
P01_L200,3.5292213213213213,2.347133583655146e-09
P01_L200,3.535531331331331,1.5036129859761272e-09
P01_L200,3.541841341341341,9.558623069555735e-10
P01_L200,3.5481513513513514,6.029966395819856e-10
P01_L200,3.554461361361361,3.774801167854119e-10
P01_L200,3.5607713713713713,2.3449430963551383e-10
P01_L200,3.5670813813813815,1.4455364074664433e-10
P01_L200,3.5733913913913913,8.842677108713624e-11
P01_L200,3.579701401401401,5.367796694404299e-11
P01_L200,3.586011411411411,3.233445169109089e-11
P01_L200,3.5923214214214214,1.9328213822096294e-11
P01_L200,3.598631431431431,1.1465008476879597e-11
P01_L200,3.6049414414414414,6.74859189382566e-12
P01_L200,3.6112514514514515,3.941919888358361e-12
P01_L200,3.6175614614614613,2.2848516244696892e-12
P01_L200,3.6238714714714715,1.3142063242088876e-12
P01_L200,3.6301814814814812,7.501087358297333e-13
P01_L200,3.6364914914914914,4.2485409761894344e-13
P01_L200,3.642801501501501,2.3878669761256657e-13
P01_L200,3.6491115115115114,1.331787717015392e-13
P01_L200,3.6554215215215216,7.370794137448145e-14
P01_L200,3.6617315315315313,4.048068243107333e-14
P01_L200,3.6680415415415415,2.2061526410471323e-14
P01_L200,3.6743515515515517,1.1931020424091882e-14
P01_L200,3.6806615615615614,6.402871062545898e-15
P01_L200,3.686971571571571,3.409814514440775e-15
P01_L200,3.6932815815815814,1.80202430347208e-15
P01_L200,3.6995915915915916,9.452021073466696e-16
P01_L200,3.7059016016016013,4.923374018562768e-16
P01_L200,3.7122116116116115,2.552272180914752e-16
P01_L200,3.7185216216216217,1.3281575194301214e-16
P01_L200,3.7248316316316314,7.165287409088457e-17
P01_L200,3.731141641641641,4.4428035695752575e-17
P01_L200,3.737451651651652,3.8736002232656747e-17
P01_L200,3.7437616616616616,5.1861254725078716e-17
P01_L200,3.7500716716716713,8.957776250743484e-17
P01_L200,3.7563816816816815,1.6847698163786008e-16
P01_L200,3.7626916916916917,3.226736022441783e-16
P01_L200,3.7690017017017015,6.173509070206242e-16
P01_L200,3.7753117117117116,1.1740282076206791e-15
P01_L200,3.781621721721722,2.2164262570228045e-15
P01_L200,3.7879317317317316,4.152579940486355e-15
P01_L200,3.7942417417417413,7.720366153451345e-15
P01_L200,3.8005517517517515,1.4243090576288517e-14
P01_L200,3.8068617617617617,2.6074429796901983e-14
P01_L200,3.8131717717717715,4.73662603539518e-14
P01_L200,3.8194817817817817,8.538211944274137e-14
P01_L200,3.825791791791792,1.5272434984999732e-13
P01_L200,3.8321018018018016,2.7107729965952597e-13
P01_L200,3.838411811811812,4.774429953957428e-13
P01_L200,3.844721821821822,8.344367264512964e-13
P01_L200,3.8510318318318317,1.4471341893369394e-12
P01_L200,3.8573418418418415,2.4903919649054483e-12
P01_L200,3.8636518518518517,4.252752589858399e-12
P01_L200,3.869961861861862,7.206361394242385e-12
P01_L200,3.8762718718718716,1.2117289027176024e-11
P01_L200,3.882581881881882,2.021800990656997e-11
P01_L200,3.888891891891892,3.347455804966901e-11
P01_L200,3.8952019019019017,5.499646910653461e-11
P01_L200,3.9015119119119115,8.965990460604097e-11
P01_L200,3.9078219219219217,1.450458295127783e-10
P01_L200,3.914131931931932,2.328390017343732e-10
P01_L200,3.9204419419419416,3.708939251383407e-10
P01_L200,3.926751951951952,5.86255891930937e-10
P01_L200,3.933061961961962,9.19534926740378e-10
P01_L200,3.9393719719719718,1.4311750217288184e-09
P01_L200,3.945681981981982,2.2103486109058845e-09
P01_L200,3.951991991991992,3.387445455660672e-09
P01_L200,3.958302002002002,5.1514246985806696e-09
P01_L200,3.9646120120120116,7.77366658517854e-09
P01_L200,3.970922022022022,1.1640401826056905e-08
P01_L200,3.977232032032032,1.7296313326526578e-08
P01_L200,3.9835420420420418,2.5502492267363475e-08
P01_L200,3.989852052052052,3.7312574361667294e-08
P01_L200,3.996162062062062,5.4171556261490275e-08
P01_L200,4.002472072072072,7.804245445436388e-08
P01_L200,4.008782082082082,1.1156655829286489e-07
P01_L200,4.015092092092092,1.5826346170720355e-07
P01_L200,4.021402102102102,2.2277722752827628e-07
P01_L200,4.027712112112112,3.111748133513049e-07
P01_L200,4.034022122122122,4.313021166857562e-07
P01_L200,4.040332132132132,5.932015132402627e-07
P01_L200,4.046642142142142,8.095923948654993e-07
P01_L200,4.052952152152152,1.096412803363206e-06
P01_L200,4.059262162162162,1.4734156749995637e-06
P01_L200,4.065572172172172,1.9648073864765777e-06
P01_L200,4.071882182182182,2.5999092394484045e-06
P01_L200,4.078192192192192,3.413814365161753e-06
P01_L200,4.084502202202202,4.448003544168924e-06
P01_L200,4.090812212212212,5.750874055085565e-06
P01_L200,4.097122222222222,7.378126507213103e-06
P01_L200,4.103432232232232,9.392946468920372e-06
P01_L200,4.109742242242242,1.1865911529223581e-05
P01_L200,4.116052252252252,1.4874551290996074e-05
P01_L200,4.122362262262262,1.850248880417249e-05
P01_L200,4.128672272272272,2.2838098173575373e-05
P01_L200,4.134982282282282,2.7972625425756383e-05
P01_L200,4.141292292292292,3.399773881123822e-05
P01_L200,4.147602302302302,4.100250075087964e-05
P01_L200,4.153912312312312,4.906978626278868e-05
P01_L200,4.160222322322323,5.827221094478768e-05
P01_L200,4.1665323323323324,6.866767375842965e-05
P01_L200,4.172842342342342,8.029466359600418e-05
P01_L200,4.179152352352352,9.316752092779885e-05
P01_L200,4.185462362362362,0.00010727188327514184
P01_L200,4.191772372372372,0.0001225605721495766
P01_L200,4.198082382382382,0.00013895019580985348
P01_L200,4.204392392392393,0.00015631874348083827
P01_L200,4.2107024024024025,0.0001745044300681436
P01_L200,4.217012412412412,0.0001933060144979987
P01_L200,4.223322422422422,0.0002124847595975853
P01_L200,4.229632432432433,0.00023176812845765901
P01_L200,4.235942442442442,0.0002508552246660667
P01_L200,4.242252452452452,0.0002694238863897774
P01_L200,4.248562462462463,0.0002871392430322811
P01_L200,4.2548724724724725,0.00030366344502141124
P01_L200,4.261182482482482,0.0003186661894863685
P01_L200,4.267492492492492,0.00033183559423261786
P01_L200,4.273802502502503,0.000342888925731573
P01_L200,4.280112512512512,0.0003515826685636092
P01_L200,4.286422522522522,0.00035772143668752937
P01_L200,4.292732532532533,0.00036116527155569936
P01_L200,4.2990425425425425,0.00036183494650362727
P01_L200,4.305352552552552,0.00035971499669619955
P01_L200,4.311662562562562,0.00035485431281735214
P01_L200,4.317972572572573,0.0003473642666767746
P01_L200,4.324282582582582,0.0003374144690820426
P01_L200,4.330592592592593,0.00032522638560976067
P01_L200,4.336902602602603,0.0003110651458040432
P01_L200,4.3432126126126125,0.00029522996861359454
P01_L200,4.349522622622622,0.00027804368618643667
P01_L200,4.355832632632632,0.0002598418763652865
P01_L200,4.362142642642643,0.00024096211069762132
P01_L200,4.368452652652652,0.00022173379122046098
P01_L200,4.374762662662663,0.00020246898957252494
P01_L200,4.381072672672673,0.00018345462170950364
P01_L200,4.3873826826826825,0.0001649461973886912
P01_L200,4.393692692692692,0.00014716328291461002
P01_L200,4.400002702702703,0.00013028671556813246
P01_L200,4.406312712712713,0.00011445751518622078
P01_L200,4.412622722722722,9.977735790102287e-05
P01_L200,4.418932732732733,8.631041302551753e-05
P01_L200,4.425242742742743,7.408629882027744e-05
P01_L200,4.4315527527527525,6.310388711109558e-05
P01_L200,4.437862762762762,5.333567968764091e-05
P01_L200,4.444172772772773,4.4732489098767656e-05
P01_L200,4.450482782782783,3.722817995142467e-05
P01_L200,4.456792792792792,3.074426063195038e-05
P01_L200,4.463102802802803,2.519415580201704e-05
P01_L200,4.469412812812813,2.0487033481728412e-05
P01_L200,4.4757228228228225,1.6531103789345348e-05
P01_L200,4.482032832832832,1.3236346783614894e-05
P01_L200,4.488342842842843,1.0516662337004867e-05
P01_L200,4.494652852852853,8.291464242780109e-06
P01_L200,4.500962862862862,6.486763183982944e-06
P01_L200,4.507272872872873,5.035798719912535e-06
P01_L200,4.513582882882883,3.879289508895238e-06
P01_L200,4.5198928928928925,2.965374370499234e-06
P01_L200,4.526202902902902,2.2493155017283607e-06
P01_L200,4.532512912912913,1.6930303045221928e-06
P01_L200,4.538822922922923,1.2645109554397532e-06
P01_L200,4.545132932932933,9.371820668430751e-07
P01_L200,4.551442942942943,6.892374261775028e-07
P01_L200,4.557752952952953,5.029875588892405e-07
P01_L200,4.5640629629629625,3.6424126303867527e-07
P01_L200,4.570372972972972,2.6173665767643856e-07
P01_L200,4.576682982982983,1.8663086552824192e-07
P01_L200,4.582992992992993,1.3205227784229808e-07
P01_L200,4.589303003003003,9.271539069229381e-08
P01_L200,4.595613013013013,6.459535321590351e-08
P01_L200,4.601923023023023,4.465748190246322e-08
P01_L200,4.6082330330330326,3.06359035340967e-08
P01_L200,4.614543043043043,2.0855022595198042e-08
P01_L200,4.620853053053053,1.4087507004270348e-08
P01_L200,4.627163063063063,9.442807453546833e-09
P01_L200,4.633473073073073,6.280751811048832e-09
P01_L200,4.639783083083083,4.145392327385153e-09
P01_L200,4.646093093093093,2.7149582478035747e-09
P01_L200,4.652403103103103,1.764428970604566e-09
P01_L200,4.658713113113113,1.1378596935781988e-09
P01_L200,4.665023123123123,7.281431299737756e-10
P01_L200,4.671333133133133,4.623685732531125e-10
P01_L200,4.677643143143143,2.9134218182682755e-10
P01_L200,4.683953153153153,1.821637414446043e-10
P01_L200,4.690263163163163,1.130222674602954e-10
P01_L200,4.696573173173173,6.958403408614079e-11
P01_L200,4.702883183183183,4.2510743346102107e-11
P01_L200,4.709193193193193,2.57710019692377e-11
P01_L200,4.715503203203204,1.5502702682214506e-11
P01_L200,4.721813213213213,9.253947702701725e-12
P01_L200,4.728123223223223,5.4813833028296125e-12
P01_L200,4.734433233233233,3.221786913633571e-12
P01_L200,4.740743243243243,1.87908732309994e-12
P01_L200,4.747053253253253,1.0875284352015e-12
P01_L200,4.753363263263263,6.245652089731603e-13
P01_L200,4.759673273273274,3.559249762390978e-13
P01_L200,4.765983283283283,2.0127166993283568e-13
P01_L200,4.772293293293293,1.1294066592856436e-13
P01_L200,4.778603303303303,6.288709706390274e-14
P01_L200,4.784913313313313,3.474691580819108e-14
P01_L200,4.791223323323323,1.9050855917827694e-14
P01_L200,4.797533333333333,1.0364688670987873e-14
P01_L200,4.803843343343344,5.595535558070396e-15
P01_L200,4.810153353353353,2.9975818877775257e-15
P01_L200,4.816463363363363,1.5934775339972902e-15
P01_L200,4.822773373373373,8.405671149671656e-16
P01_L200,4.829083383383383,4.4002265646255553e-16
P01_L200,4.835393393393393,2.2864084410488757e-16
P01_L200,4.841703403403404,1.1803579866392505e-16
P01_L200,4.848013413413414,6.076986359790495e-17
P01_L200,4.854323423423423,3.1669265730546694e-17
P01_L200,4.860633433433433,1.7642379143819078e-17
P01_L200,4.866943443443443,1.225231378522184e-17
P01_L200,4.873253453453453,1.2991731033636222e-17
P01_L200,4.879563463463463,2.0206108044741292e-17
P01_L200,4.885873473473474,3.724279887210162e-17
P01_L200,4.892183483483484,7.188470732767331e-17
P01_L200,4.898493493493493,1.3962980274445665e-16
P01_L200,4.904803503503503,2.70078299058953e-16
P01_L200,4.911113513513513,5.188272627170356e-16
P01_L200,4.9174235235235235,9.892208774447367e-16
P01_L200,4.923733533533533,1.8716779669637367e-15
P01_L200,4.930043543543544,3.5141408891823885e-15
P01_L200,4.936353553553554,6.547164338833739e-15
P01_L200,4.942663563563563,1.21040973698858e-14
P01_L200,4.948973573573573,2.220529420599422e-14
P01_L200,4.955283583583583,4.042273371694284e-14
P01_L200,4.9615935935935935,7.301969024056372e-14
P01_L200,4.967903603603603,1.3088793165826546e-13
P01_L200,4.974213613613614,2.328116515003055e-13
P01_L200,4.980523623623624,4.109183158850162e-13
P01_L200,4.986833633633633,7.197011235478158e-13
P01_L200,4.993143643643643,1.2508204928193879e-12
P01_L200,4.999453653653653,2.1571690307191886e-12
P01_L200,5.0057636636636635,3.691645819977783e-12
P01_L200,5.012073673673673,6.2690660968335755e-12
P01_L200,5.018383683683684,1.0564111536163487e-11
P01_L200,5.024693693693694,1.766488383865211e-11
P01_L200,5.031003703703703,2.931140796888436e-11
P01_L200,5.037313713713713,4.826264368901949e-11
P01_L200,5.043623723723723,7.885596645403659e-11
P01_L200,5.0499337337337336,1.2785201356714537e-10
P01_L200,5.056243743743744,2.056983172866598e-10
P01_L200,5.062553753753754,3.284011792153873e-10
P01_L200,5.068863763763764,5.202716856223927e-10
P01_L200,5.075173773773773,8.179146192770206e-10
P01_L200,5.081483783783783,1.2759654200141462e-09
P01_L200,5.087793793793794,1.9752584810086888e-09
P01_L200,5.094103803803804,3.0343389811099003e-09
P01_L200,5.100413813813814,4.6255195800384976e-09
P01_L200,5.106723823823824,6.99704172403828e-09
P01_L200,5.113033833833834,1.050333663228486e-08
P01_L200,5.1193438438438434,1.5645897831643255e-08
P01_L200,5.125653853853853,2.3127874869702004e-08
P01_L200,5.131963863863864,3.3926168431650375e-08
P01_L200,5.138273873873874,4.938553178615213e-08
P01_L200,5.144583883883884,7.133992969091904e-08
P01_L200,5.150893893893894,1.022671238197829e-07
P01_L200,5.157203903903904,1.4548307348667623e-07
P01_L200,5.1635139139139135,2.0538316970276236e-07
P01_L200,5.169823923923923,2.877374442468172e-07
P01_L200,5.176133933933934,4.000465769661222e-07
P01_L200,5.182443943943944,5.519646107627729e-07
P01_L200,5.188753953953954,7.557926131553825e-07
P01_L200,5.195063963963964,1.0270449388369044e-06
P01_L200,5.201373973973974,1.3850861138895252e-06
P01_L200,5.2076839839839835,1.8538315872626394e-06
P01_L200,5.213993993993993,2.4624996553360436e-06
P01_L200,5.220304004004004,3.2463948331224913e-06
P01_L200,5.2266140140140145,4.247695015394612e-06
P01_L200,5.232924024024024,5.516206282389543e-06
P01_L200,5.239234034034034,7.110040657775284e-06
P01_L200,5.245544044044044,9.096164185339516e-06
P01_L200,5.2518540540540535,1.1550756171242255e-05
P01_L200,5.258164064064063,1.4559316276886294e-05
P01_L200,5.264474074074074,1.821645534753201e-05
P01_L200,5.2707840840840845,2.2625309421261113e-05
P01_L200,5.277094094094094,2.789652518009983e-05
P01_L200,5.283404104104104,3.41467798718905e-05
P01_L200,5.289714114114114,4.149681982140933e-05
P01_L200,5.2960241241241235,5.00690290097601e-05
P01_L200,5.302334134134134,5.998457226485799e-05
P01_L200,5.308644144144144,7.136019523138475e-05
P01_L200,5.3149541541541545,8.430480374575846e-05
P01_L200,5.321264164164164,9.891598624720865e-05
P01_L200,5.327574174174174,0.00011527668167015753
P01_L200,5.333884184184184,0.00013345222883875938
P01_L200,5.3401941941941935,0.0001534880585706695
P01_L200,5.346504204204204,0.00017540830347513746
P01_L200,5.352814214214214,0.00019921560016725333
P01_L200,5.3591242242242245,0.0002248923423169608
P01_L200,5.365434234234234,0.0002524036094566178
P01_L200,5.371744244244244,0.00028170194564614936
P01_L200,5.378054254254254,0.0003127340948999365
P01_L200,5.3843642642642635,0.00034544971878779356
P01_L200,5.390674274274274,0.0003798120289396201
P01_L200,5.396984284284284,0.0004158101673080121
P01_L200,5.4032942942942945,0.0004534730646557266
P01_L200,5.409604304304304,0.0004928844079645907
P01_L200,5.415914314314314,0.0005341982556373116
P01_L200,5.422224324324324,0.0005776547607728923
P01_L200,5.4285343343343335,0.0006235954024870957
P01_L200,5.434844344344344,0.0006724770878421186
P01_L200,5.441154354354355,0.0007248844764959175
P01_L200,5.4474643643643645,0.0007815399000186297
P01_L200,5.453774374374374,0.0008433103004300081
P01_L200,5.460084384384384,0.0009112106993208667
P01_L200,5.466394394394394,0.0009864038300969288
P01_L200,5.472704404404404,0.001070195720029398
P01_L200,5.479014414414414,0.0011640271926514501
P01_L200,5.485324424424425,0.0012694614691501
P01_L200,5.4916344344344346,0.0013881682718759406
P01_L200,5.497944444444444,0.0015219050634695788
P01_L200,5.504254454454454,0.0016724962784357574
P01_L200,5.510564464464464,0.0018418116052299435
P01_L200,5.516874474474474,0.00203174453956859
P01_L200,5.523184484484484,0.002244192536877175
P01_L200,5.529494494494495,0.0024810401276590256
P01_L200,5.535804504504505,0.0027441463107961846
P01_L200,5.542114514514514,0.003035337397344968
P01_L200,5.548424524524524,0.003356406238151528
P01_L200,5.554734534534534,0.0037091184367949504
P01_L200,5.561044544544544,0.004095225737421895
P01_L200,5.567354554554554,0.004516486306019577
P01_L200,5.573664564564565,0.004974691122766881
P01_L200,5.579974574574575,0.0054716952084166255
P01_L200,5.586284584584584,0.0060094519601702045
P01_L200,5.592594594594594,0.0065900485153663245
P01_L200,5.598904604604604,0.007215739836630127
P01_L200,5.6052146146146145,0.007888979157597564
P01_L200,5.611524624624625,0.00861244257378563
P01_L200,5.617834634634635,0.009389045927741878
P01_L200,5.624144644644645,0.010221952727291633
P01_L200,5.630454654654654,0.011114572642141657
P01_L200,5.636764664664664,0.01207055112414975
P01_L200,5.643074674674674,0.013093751853088427
P01_L200,5.6493846846846845,0.014188234973463137
P01_L200,5.655694694694695,0.015358235399993092
P01_L200,5.662004704704705,0.016608146764685153
P01_L200,5.668314714714715,0.017942517789046264
P01_L200,5.674624724724724,0.019366068923715337
P01_L200,5.680934734734734,0.020883737941042903
P01_L200,5.687244744744745,0.022500763736473337
P01_L200,5.6935547547547545,0.024222817842043536
P01_L200,5.699864764764765,0.026056193038276478
P01_L200,5.706174774774775,0.0280080579353347
P01_L200,5.712484784784785,0.030086785453762185
P01_L200,5.718794794794794,0.032302361748006
P01_L200,5.725104804804804,0.03466688026481552
P01_L200,5.731414814814815,0.03719512329881084
P01_L200,5.7377248248248245,0.03990523058638599
P01_L200,5.744034834834835,0.0428194511568137
P01_L200,5.750344844844845,0.0459649708304669
P01_L200,5.756654854854855,0.04937480342138951
P01_L200,5.762964864864864,0.0530887288808222
P01_L200,5.769274874874874,0.05715425634608629
P01_L200,5.775584884884885,0.06162758439953075
P01_L200,5.7818948948948945,0.06657452489684715
P01_L200,5.788204904904905,0.07207135064076549
P01_L200,5.794514914914915,0.0782055211578961
P01_L200,5.800824924924925,0.08507623514773197
P01_L200,5.807134934934934,0.09279475314294537
P01_L200,5.813444944944944,0.10148442994353857
P01_L200,5.819754954954955,0.1112803939161207
P01_L200,5.826064964964965,0.12232880978163026
P01_L200,5.832374974974975,0.13478566357236677
P01_L200,5.838684984984985,0.14881501354144822
P01_L200,5.844994994994995,0.16458665943363626
P01_L200,5.851305005005004,0.18227319507287187
P01_L200,5.857615015015015,0.20204642595429081
P01_L200,5.863925025025025,0.22407315453257684
P01_L200,5.870235035035035,0.24851036102844803
P01_L200,5.876545045045045,0.27549983641122927
P01_L200,5.882855055055055,0.3051623560292178
P01_L200,5.889165065065065,0.33759151609269494
P01_L200,5.895475075075074,0.37284738948205864
P01_L200,5.901785085085085,0.4109501904629487
P01_L200,5.908095095095095,0.4518741678968617
P01_L200,5.914405105105105,0.495541971316838
P01_L200,5.920715115115115,0.54181975160351
P01_L200,5.927025125125125,0.5905132658192702
P01_L200,5.933335135135135,0.6413652521245934
P01_L200,5.939645145145144,0.6940543240760728
P01_L200,5.945955155155155,0.7481956029941957
P01_L200,5.952265165165165,0.8033432621904972
P01_L200,5.958575175175175,0.8589950981704116
P01_L200,5.964885185185185,0.9145991728972962
P01_L200,5.971195195195195,0.9695624901601984
P01_L200,5.977505205205205,1.0232615812775043
P01_L200,5.983815215215214,1.0750547848250709
P01_L200,5.990125225225225,1.1242959164497943
P01_L200,5.996435235235235,1.1703489431325471
P01_L200,6.002745245245245,1.21260320658045
P01_L200,6.009055255255255,1.250488687561847
P01_L200,6.015365265265265,1.2834907711266679
P01_L200,6.021675275275275,1.3111639649861206
P01_L200,6.027985285285284,1.333144041798329
P01_L200,6.034295295295295,1.3491581211679866
P01_L200,6.040605305305306,1.3590322776409076
P01_L200,6.0469153153153155,1.3626963540480712
P01_L200,6.053225325325325,1.3601857708866218
P01_L200,6.059535335335335,1.3516402463840687
P01_L200,6.065845345345345,1.3372994718831586
P01_L200,6.072155355355355,1.3174959160903685
P01_L200,6.078465365365365,1.2926450523791044
P01_L200,6.084775375375376,1.2632334090051616
P01_L200,6.0910853853853855,1.2298049269657756
P01_L200,6.097395395395395,1.1929461698184698
P01_L200,6.103705405405405,1.1532709612024439
P01_L200,6.110015415415415,1.11140502799976
P01_L200,6.116325425425425,1.0679712008095632
P01_L200,6.122635435435435,1.0235756712025263
P01_L200,6.128945445445446,0.978795731107983
P01_L200,6.1352554554554555,0.9341693288809593
P01_L200,6.141565465465465,0.8901866750895421
P01_L200,6.147875475475475,0.8472840251751812
P01_L200,6.154185485485485,0.8058396620594007
P01_L200,6.160495495495495,0.7661720051616275
P01_L200,6.166805505505505,0.7285396879274856
P01_L200,6.173115515515516,0.6931433774817306
P01_L200,6.1794255255255255,0.6601290597596108
P01_L200,6.185735535535535,0.6295924824379633
P01_L200,6.192045545545545,0.6015844359057124
P01_L200,6.198355555555555,0.5761165579606544
P01_L200,6.204665565565565,0.5531673685457237
P01_L200,6.210975575575576,0.5326882736150992
P01_L200,6.217285585585586,0.5146093187223021
P01_L200,6.2235955955955955,0.49884451959472054
P01_L200,6.229905605605605,0.48529664537249734
P01_L200,6.236215615615615,0.47386137725274097
P01_L200,6.242525625625625,0.4644308084027974
P01_L200,6.248835635635635,0.456896288211399
P01_L200,6.255145645645646,0.45115064392293514
P01_L200,6.261455655655656,0.44708983480704967
P01_L200,6.2677656656656655,0.4446141082375826
P01_L200,6.274075675675675,0.4436287339209701
P01_L200,6.280385685685685,0.4440443929898645
P01_L200,6.286695695695696,0.4457772940368699
P01_L200,6.293005705705705,0.448749079856652
P01_L200,6.299315715715716,0.45288657818618683
P01_L200,6.305625725725726,0.45812143850208914
P01_L200,6.3119357357357355,0.4643896861915361
P01_L200,6.318245745745745,0.471631216144973
P01_L200,6.324555755755755,0.4797892407024356
P01_L200,6.330865765765766,0.48880970227063986
P01_L200,6.337175775775775,0.49864065884297204
P01_L200,6.343485785785786,0.5092316508375848
P01_L200,6.349795795795796,0.5205330596267164
P01_L200,6.3561058058058055,0.5324954712066168
P01_L200,6.362415815815815,0.5450690619168882
P01_L200,6.368725825825825,0.5582030262256151
P01_L200,6.375035835835836,0.5718450687008834
P01_L200,6.381345845845845,0.5859409828790413
P01_L200,6.387655855855856,0.6004343385026453
P01_L200,6.393965865865866,0.6152662954368185
P01_L200,6.4002758758758755,0.6303755576094582
P01_L200,6.406585885885885,0.6456984738850073
P01_L200,6.412895895895895,0.6611692853670529
P01_L200,6.419205905905906,0.6767205108346757
P01_L200,6.425515915915916,0.6922834545028864
P01_L200,6.431825925925926,0.707788813691445
P01_L200,6.438135935935936,0.7231673588428822
P01_L200,6.4444459459459456,0.7383506550706812
P01_L200,6.450755955955955,0.7532717932941337
P01_L200,6.457065965965966,0.7678661000889073
P01_L200,6.463375975975976,0.7820717985201376
P01_L200,6.469685985985986,0.7958305971220343
P01_L200,6.475995995995996,0.8090881903941961
P01_L200,6.482306006006006,0.821794661150543
P01_L200,6.488616016016016,0.8339047821857262
P01_L200,6.494926026026025,0.8453782214264974
P01_L200,6.501236036036036,0.8561796604814422
P01_L200,6.507546046046046,0.8662788408630352
P01_L200,6.513856056056056,0.8756505548417338
P01_L200,6.520166066066066,0.8842745987678152
P01_L200,6.526476076076076,0.8921357057921082
P01_L200,6.532786086086086,0.8992234724143628
P01_L200,6.539096096096095,0.9055322895031558
P01_L200,6.545406106106106,0.911061283778668
P01_L200,6.551716116116116,0.9158142707051883
P01_L200,6.558026126126126,0.9197997147960457
P01_L200,6.564336136136136,0.9230306889549873
P01_L200,6.570646146146146,0.9255248210638922
P01_L200,6.576956156156156,0.9273042138757833
P01_L200,6.583266166166165,0.9283953235601118
P01_L200,6.589576176176176,0.9288287830137493
P01_L200,6.595886186186187,0.9286391582000502
P01_L200,6.602196196196196,0.9278646290889225
P01_L200,6.608506206206206,0.9265465909205297
P01_L200,6.614816216216216,0.9247291761126218
P01_L200,6.621126226226226,0.9224587017506457
P01_L200,6.627436236236235,0.9197830518266152
P01_L200,6.633746246246246,0.916751006858987
P01_L200,6.640056256256257,0.9134115359507049
P01_L200,6.646366266266266,0.9098130675550952
P01_L200,6.652676276276276,0.906002755182043
P01_L200,6.658986286286286,0.9020257530835105
P01_L200,6.665296296296296,0.8979245148296885
P01_L200,6.671606306306306,0.8937381249500119
P01_L200,6.677916316316316,0.8895016708602443
P01_L200,6.684226326326327,0.885245659551292
P01_L200,6.690536336336336,0.8809954813784041
P01_L200,6.696846346346346,0.8767709220988543
P01_L200,6.703156356356356,0.872585724287981
P01_L200,6.7094663663663665,0.8684472005056325
P01_L200,6.715776376376376,0.8643559030138991
P01_L200,6.722086386386386,0.860305358226097
P01_L200,6.728396396396396,0.8562818780131969
P01_L200,6.734706406406406,0.8522644640056977
P01_L200,6.741016416416416,0.8482248245349835
P01_L200,6.747326426426426,0.8441275262718695
P01_L200,6.7536364364364365,0.8399303034002431
P01_L200,6.759946446446446,0.8355845458757091
P01_L200,6.766256456456456,0.8310359846866368
P01_L200,6.772566466466467,0.826225585979961
P01_L200,6.778876476476476,0.8210906575795344
P01_L200,6.785186486486486,0.8155661611769643
P01_L200,6.791496496496496,0.8095862118850166
P01_L200,6.7978065065065065,0.80308573464898
P01_L200,6.804116516516516,0.7960022350603354
P01_L200,6.810426526526526,0.7882776313034533
P01_L200,6.816736536536537,0.7798600851544042
P01_L200,6.823046546546546,0.7707057639082697
P01_L200,6.829356556556556,0.7607804624389223
P01_L200,6.835666566566566,0.7500610156817203
P01_L200,6.8419765765765765,0.7385364368128206
P01_L200,6.848286586586586,0.7262087251548858
P01_L200,6.854596596596596,0.7130932999878036
P01_L200,6.860906606606607,0.6992190313743765
P01_L200,6.867216616616616,0.6846278560275736
P01_L200,6.873526626626626,0.6693739842202177
P01_L200,6.879836636636637,0.6535227217740504
P01_L200,6.8861466466466466,0.6371489482649504
P01_L200,6.892456656656656,0.6203353078096484
P01_L200,6.898766666666666,0.603170181337874
P01_L200,6.905076676676677,0.5857455184495651
P01_L200,6.911386686686686,0.5681546123539492
P01_L200,6.917696696696696,0.5504899027477597
P01_L200,6.924006706706707,0.5328408888009736
P01_L200,6.930316716716717,0.5152922278823313
P01_L200,6.936626726726726,0.49792208567748913
P01_L200,6.942936736736736,0.4808007905032235
P01_L200,6.949246746746747,0.4639898296119864
P01_L200,6.955556756756756,0.44754120891798477
P01_L200,6.961866766766766,0.4314971807166455
P01_L200,6.968176776776777,0.4158903274764039
P01_L200,6.974486786786787,0.40074397448168964
P01_L200,6.980796796796796,0.38607289074079065
P01_L200,6.987106806806807,0.37188422676729666
P01_L200,6.993416816816817,0.3581786300698492
P01_L200,6.9997268268268265,0.34495147473762455
P01_L200,7.006036836836836,0.3321941404918595
P01_L200,7.012346846846847,0.3198952788945813
P01_L200,7.018656856856857,0.3080420097850523
P01_L200,7.024966866866866,0.2966209990036132
P01_L200,7.031276876876877,0.28561937847594593
P01_L200,7.037586886886887,0.2750254810838759
P01_L200,7.0438968968968965,0.26482937470691054
P01_L200,7.050206906906906,0.2550231916449469
P01_L200,7.056516916916917,0.24560126063952115
P01_L200,7.062826926926927,0.23656005830422216
P01_L200,7.069136936936936,0.2278980044922614
P01_L200,7.075446946946947,0.2196151316647697
P01_L200,7.081756956956957,0.21171266154286214
P01_L200,7.0880669669669665,0.2041925232640274
P01_L200,7.094376976976977,0.1970568461086674
P01_L200,7.100686986986987,0.19030745693322756
P01_L200,7.106996996996997,0.18394540815287294
P01_L200,7.113307007007006,0.17797055692217176
P01_L200,7.119617017017017,0.17238121053892913
P01_L200,7.125927027027027,0.1671738474877053
P01_L200,7.1322370370370365,0.16234291832566342
P01_L200,7.138547047047047,0.15788072608734682
P01_L200,7.144857057057057,0.15377738223851803
P01_L200,7.151167067067067,0.1500208315302558
P01_L200,7.157477077077077,0.14659693738403884
P01_L200,7.163787087087087,0.14348961858685952
P01_L200,7.170097097097097,0.14068102794365117
P01_L200,7.1764071071071065,0.13815176393967868
P01_L200,7.182717117117117,0.13588110721591862
P01_L200,7.189027127127127,0.13384727457713524
P01_L200,7.195337137137137,0.1320276841872353
P01_L200,7.201647147147147,0.13039922645326663
P01_L200,7.207957157157157,0.12893853579850348
P01_L200,7.214267167167167,0.12762225906058428
P01_L200,7.2205771771771765,0.12642731664414547
P01_L200,7.226887187187187,0.12533115285523316
P01_L200,7.233197197197197,0.12431197210581452
P01_L200,7.239507207207207,0.12334895795853844
P01_L200,7.245817217217217,0.1224224723297791
P01_L200,7.252127227227227,0.12151423260750194
P01_L200,7.258437237237237,0.12060746496993449
P01_L200,7.264747247247247,0.11968703278758915
P01_L200,7.271057257257257,0.11873953961155456
P01_L200,7.277367267267267,0.11775340684004885
P01_L200,7.283677277277277,0.11671892665558681
P01_L200,7.289987287287287,0.1156282911870996
P01_L200,7.296297297297297,0.11447559904185516
P01_L200,7.302607307307307,0.11325684036150112
P01_L200,7.308917317317317,0.11196986140165527
P01_L200,7.315227327327327,0.1106143093582988
P01_L200,7.321537337337337,0.10919155783126176
P01_L200,7.327847347347347,0.10770461300416749
P01_L200,7.334157357357357,0.10615800041390401
P01_L200,7.340467367367367,0.10455763215669439
P01_L200,7.346777377377377,0.102910654589538
P01_L200,7.353087387387387,0.10122527706561275
P01_L200,7.359397397397397,0.09951058298671286
P01_L200,7.365707407407407,0.09777632542571744
P01_L200,7.372017417417418,0.09603271069366848
P01_L200,7.378327427427427,0.09429017439714102
P01_L200,7.384637437437437,0.09255915563128421
P01_L200,7.390947447447447,0.09084987585468549
P01_L200,7.397257457457457,0.08917212957372253
P01_L200,7.403567467467467,0.08753509412686178
P01_L200,7.409877477477477,0.0859471655366539
P01_L200,7.416187487487488,0.08441582656429544
P01_L200,7.422497497497497,0.08294755178061633
P01_L200,7.428807507507507,0.08154775272786487
P01_L200,7.435117517517517,0.08022076420090286
P01_L200,7.4414275275275275,0.07896987047065497
P01_L200,7.447737537537537,0.07779736807413988
P01_L200,7.454047547547547,0.07670465977732914
P01_L200,7.460357557557558,0.07569237264247879
P01_L200,7.466667567567567,0.0747604919375394
P01_L200,7.472977577577577,0.07390850200988724
P01_L200,7.479287587587588,0.07313552525904737
P01_L200,7.4855975975975975,0.07244045097843904
P01_L200,7.491907607607607,0.0718220470356054
P01_L200,7.498217617617617,0.07127904901634523
P01_L200,7.504527627627628,0.07081022342439551
P01_L200,7.510837637637637,0.07041440363368388
P01_L200,7.517147647647647,0.07009049935494248
P01_L200,7.523457657657658,0.0698374822311926
P01_L200,7.5297676676676675,0.06965435167032721
P01_L200,7.536077677677677,0.06954008604874784
P01_L200,7.542387687687687,0.06949358491641602
P01_L200,7.548697697697698,0.06951360779175475
P01_L200,7.555007707707707,0.0695987145974605
P01_L200,7.561317717717717,0.0697472118443054
P01_L200,7.567627727727728,0.06995710744399303
P01_L200,7.5739377377377375,0.07022607567063249
P01_L200,7.580247747747747,0.0705514324462061
P01_L200,7.586557757757758,0.0709301199418204
P01_L200,7.592867767767768,0.07135869858276737
P01_L200,7.599177777777777,0.07183334400527641
P01_L200,7.605487787787787,0.07234984637724748
P01_L200,7.611797797797798,0.07290360975973575
P01_L200,7.6181078078078075,0.07348964980292437
P01_L200,7.624417817817817,0.07410258895582962
P01_L200,7.630727827827828,0.07473664941318928
P01_L200,7.637037837837838,0.07538564510262113
P01_L200,7.643347847847847,0.07604297500719091
P01_L200,7.649657857857858,0.07670162091266448
P01_L200,7.655967867867868,0.07735415317826233
P01_L200,7.6622778778778775,0.07799274829875368
P01_L200,7.668587887887887,0.07860922183315149
P01_L200,7.674897897897898,0.07919507973426267
P01_L200,7.681207907907908,0.07974159026777809
P01_L200,7.687517917917917,0.08023987762708341
P01_L200,7.693827927927928,0.08068103711355941
P01_L200,7.700137937937938,0.08105627045092277
P01_L200,7.7064479479479475,0.08135703852279982
P01_L200,7.712757957957957,0.08157522764221851
P01_L200,7.719067967967968,0.08170332444269783
P01_L200,7.725377977977978,0.08173459366892098
P01_L200,7.731687987987987,0.08166325257002764
P01_L200,7.737997997997998,0.08148463527552681
P01_L200,7.744308008008008,0.08119534046736752
P01_L200,7.7506180180180175,0.0807933558499367
P01_L200,7.756928028028028,0.08027815335792093
P01_L200,7.763238038038038,0.07965074972473153
P01_L200,7.769548048048048,0.07891372795623866
P01_L200,7.775858058058057,0.07807121640918951
P01_L200,7.782168068068068,0.07712882354971264
P01_L200,7.788478078078078,0.07609352804475611
P01_L200,7.7947880880880875,0.07497352558462891
P01_L200,7.801098098098098,0.07377803569699076
P01_L200,7.807408108108108,0.07251707372052156
P01_L200,7.813718118118118,0.07120119496903082
P01_L200,7.820028128128127,0.06984121982577347
P01_L200,7.826338138138138,0.06844794994419633
P01_L200,7.832648148148148,0.0670318867742873
P01_L200,7.8389581581581576,0.06560296417125516
P01_L200,7.845268168168168,0.06417030678468644
P01_L200,7.851578178178178,0.0627420252134678
P01_L200,7.857888188188188,0.06132505752891327
P01_L200,7.864198198198198,0.059925064748898534
P01_L200,7.870508208208208,0.05854638527369915
P01_L200,7.876818218218218,0.057192050302693934
P01_L200,7.883128228228228,0.05586385901423199
P01_L200,7.889438238238238,0.054562509012023884
P01_L200,7.895748248248248,0.05328777443754108
P01_L200,7.902058258258258,0.052038721432470715
P01_L200,7.908368268268268,0.050813948500427746
P01_L200,7.914678278278278,0.049611837917248554
P01_L200,7.920988288288288,0.0484308037778104
P01_L200,7.927298298298298,0.04726952258806487
P01_L200,7.933608308308308,0.046127133493927365
P01_L200,7.939918318318318,0.04500339720216343
P01_L200,7.946228328328328,0.04389880525596663
P01_L200,7.952538338338338,0.042814634399861
P01_L200,7.958848348348348,0.041752944096571966
P01_L200,7.965158358358358,0.04071651862238495
P01_L200,7.9714683683683685,0.039708758351819494
P01_L200,7.977778378378378,0.038733527652176664
P01_L200,7.984088388388388,0.03779496908216414
P01_L200,7.990398398398398,0.03689729520809342
P01_L200,7.996708408408408,0.036044570246646084
P01_L200,8.003018418418417,0.03524049389618087
P01_L200,8.009328428428429,0.03448819915852736
P01_L200,8.015638438438438,0.033790074752680886
P01_L200,8.021948448448448,0.03314762098806908
P01_L200,8.028258458458458,0.03256134583061104
P01_L200,8.034568468468468,0.032030705506795494
P01_L200,8.04087847847848,0.03155409150094958
P01_L200,8.047188488488487,0.031128863354872378
P01_L200,8.053498498498499,0.030751424409441612
P01_L200,8.059808508508508,0.03041733564672116
P01_L200,8.066118518518518,0.030121461185274926
P01_L200,8.072428528528528,0.029858137809726824
P01_L200,8.078738538538538,0.029621360207895374
P01_L200,8.08504854854855,0.029404973346854553
P01_L200,8.091358558558557,0.029202863618919633
P01_L200,8.097668568568569,0.02900914098354945
P01_L200,8.103978578578579,0.02881830525755088
P01_L200,8.110288588588588,0.028625390887354687
P01_L200,8.116598598598598,0.028426085890130206
P01_L200,8.122908608608608,0.02821682209016414
P01_L200,8.12921861861862,0.02799483522187869
P01_L200,8.135528628628627,0.027758194847647317
P01_L200,8.141838638638639,0.027505805285261576
P01_L200,8.148148648648649,0.027237379808547943
P01_L200,8.154458658658658,0.026953391242533625
P01_L200,8.160768668668668,0.02665500270452532
P01_L200,8.167078678678678,0.026343982641781734
P01_L200,8.17338868868869,0.02602260849520202
P01_L200,8.179698698698697,0.02569356329688571
P01_L200,8.186008708708709,0.025359829315197237
P01_L200,8.192318718718719,0.02502458252608008
P01_L200,8.198628728728728,0.024691091247322237
P01_L200,8.204938738738738,0.024362621755897765
P01_L200,8.211248748748748,0.024042353147209507
P01_L200,8.21755875875876,0.02373330311491779
P01_L200,8.223868768768767,0.023438265752446546
P01_L200,8.230178778778779,0.02315976191926141
P01_L200,8.236488788788789,0.022900002189934425
P01_L200,8.242798798798798,0.022660861922363718
P01_L200,8.24910880880881,0.02244386755210755
P01_L200,8.255418818818818,0.022250192850640838
P01_L200,8.26172882882883,0.022080663584427652
P01_L200,8.268038838838837,0.021935768787257157
P01_L200,8.274348848848849,0.021815676718610233
P01_L200,8.280658858858859,0.02172025353368004
P01_L200,8.286968868868868,0.021649082742169794
P01_L200,8.29327887887888,0.021601483686364314
P01_L200,8.299588888888888,0.021576527523055996
P01_L200,8.3058988988989,0.021573049541989412
P01_L200,8.312208908908907,0.021589657082319635
P01_L200,8.318518918918919,0.02162473279809809
P01_L200,8.324828928928929,0.021676433547441098
P01_L200,8.331138938938938,0.021742685705899267
P01_L200,8.33744894894895,0.021821178197239617
P01_L200,8.343758958958958,0.02190935495801009
P01_L200,8.35006896896897,0.022004408871420945
P01_L200,8.356378978978979,0.022103279391763625
P01_L200,8.362688988988989,0.02220265611112448
P01_L200,8.368998998998999,0.022298990384041623
P01_L200,8.375309009009008,0.022388516823256183
P01_L200,8.38161901901902,0.02246728602343626
P01_L200,8.387929029029028,0.02253120928415064
P01_L200,8.39423903903904,0.022576115423192412
P01_L200,8.400549049049049,0.02259781903909744
P01_L200,8.406859059059059,0.022592198844454157
P01_L200,8.413169069069069,0.022555283997360526
P01_L200,8.419479079079078,0.0224833457524745
P01_L200,8.42578908908909,0.022372991274771943
P01_L200,8.432099099099098,0.02222125613883093
P01_L200,8.43840910910911,0.022025691893933178
P01_L200,8.444719119119119,0.021784445118584735
P01_L200,8.451029129129129,0.02149632461358297
P01_L200,8.457339139139139,0.021160853776163085
P01_L200,8.463649149149148,0.02077830573551801
P01_L200,8.46995915915916,0.020349719481631414
P01_L200,8.476269169169168,0.01987689594977383
P01_L200,8.48257917917918,0.019362373794876854
P01_L200,8.488889189189189,0.018809385366073628
P01_L200,8.495199199199199,0.018221794136602888
P01_L200,8.501509209209209,0.017604015526228832
P01_L200,8.507819219219218,0.016960923644951463
P01_L200,8.51412922922923,0.016297746966082997
P01_L200,8.520439239239238,0.015619956287305793
P01_L200,8.52674924924925,0.01493314854951015
P01_L200,8.53305925925926,0.014242930150226622
P01_L200,8.539369269269269,0.013554803312156234
P01_L200,8.545679279279279,0.012874058854125407
P01_L200,8.551989289289288,0.012205678373406954
P01_L200,8.5582992992993,0.011554248401527245
P01_L200,8.564609309309308,0.010923888561641473
P01_L200,8.57091931931932,0.010318195159475779
P01_L200,8.57722932932933,0.009740201009843321
P01_L200,8.583539339339339,0.009192351666773794
P01_L200,8.589849349349349,0.008676497617746175
P01_L200,8.596159359359358,0.008193901450439077
P01_L200,8.60246936936937,0.007745258529940445
P01_L200,8.608779379379378,0.007330729356841227
P01_L200,8.61508938938939,0.006949981527094675
P01_L200,8.6213993993994,0.006602239090442428
P01_L200,8.627709409409409,0.006286337104669178
P01_L200,8.63401941941942,0.006000779298585155
P01_L200,8.640329429429428,0.0057437969700081136
P01_L200,8.64663943943944,0.005513407531918629
P01_L200,8.652949449449448,0.005307471451221722
P01_L200,8.65925945945946,0.005123746668358067
P01_L200,8.66556946946947,0.004959939910739234
P01_L200,8.671879479479479,0.004813754589840684
P01_L200,8.67818948948949,0.0046829351776485634
P01_L200,8.684499499499498,0.004565308077660479
P01_L200,8.69080950950951,0.004458819032918869
P01_L200,8.697119519519518,0.004361567052919703
P01_L200,8.70342952952953,0.0042718347070347775
P01_L200,8.70973953953954,0.004188114447528834
P01_L200,8.716049549549549,0.004109130420320656
P01_L200,8.72235955955956,0.004033855030274222
P01_L200,8.728669569569568,0.003961519384521709
P01_L200,8.73497957957958,0.0038916166736588246
P01_L200,8.74128958958959,0.0038238975917183784
P01_L200,8.7475995995996,0.003758357057306579
P01_L200,8.75390960960961,0.003695211784238431
P01_L200,8.760219619619619,0.0036348686516582836
P01_L200,8.76652962962963,0.0035778843193759505
P01_L200,8.772839639639638,0.003524917090772001
P01_L200,8.77914964964965,0.0034766726007054113
P01_L200,8.78545965965966,0.0034338454511740075
P01_L200,8.79176966966967,0.0033970593831321476
P01_L200,8.79807967967968,0.0033668089117865883
P01_L200,8.804389689689689,0.003343405525060607
P01_L200,8.8106996996997,0.0033269315222052578
P01_L200,8.817009709709708,0.0033172043376382336
P01_L200,8.82331971971972,0.003313753756316036
P01_L200,8.82962972972973,0.0033158138006244243
P01_L200,8.83593973973974,0.003322330290356914
P01_L200,8.84224974974975,0.0033319841960653004
P01_L200,8.848559759759759,0.003343229981258266
P01_L200,8.85486976976977,0.0033543472254349326
P01_L200,8.861179779779778,0.0033635030028668746
P01_L200,8.86748978978979,0.0033688218213692857
P01_L200,8.8737997997998,0.0033684594508761904
P01_L200,8.88010980980981,0.0033606767289489823
P01_L200,8.88641981981982,0.00334390943751758
P01_L200,8.892729829829829,0.0033168306013798173
P01_L200,8.89903983983984,0.0032784020446354157
P01_L200,8.905349849849848,0.0032279127195505223
P01_L200,8.91165985985986,0.0031650021426201974
P01_L200,8.91796986986987,0.003089668174473315
P01_L200,8.92427987987988,0.003002259298845854
P01_L200,8.93058988988989,0.0029034524270540258
P01_L200,8.936899899899899,0.002794218020098376
P01_L200,8.94320990990991,0.002675774933036092
P01_L200,8.949519919919918,0.0025495378117072363
P01_L200,8.95582992992993,0.0024170600923343302
P01_L200,8.96213993993994,0.002279975668461649
P01_L200,8.96844994994995,0.0021399421113023442
P01_L200,8.97475995995996,0.0019985879864163423
P01_L200,8.981069969969969,0.0018574663395705085
P01_L200,8.98737997997998,0.0017180158718344749
P01_L200,8.993689989989988,0.0015815307348655296
P01_L200,9.0,0.001449139296586495
P02_L010,1.0,0.0006479706566860477
P02_L010,1.008008008008008,0.0006790959545338711
P02_L010,1.016016016016016,0.0007115931444878085
P02_L010,1.024024024024024,0.0007455568187653544
P02_L010,1.032032032032032,0.000781089171629054
P02_L010,1.04004004004004,0.0008183000878661724
P02_L010,1.048048048048048,0.0008573071679029
P02_L010,1.0560560560560561,0.0008982356850070615
P02_L010,1.064064064064064,0.0009412184705160023
P02_L010,1.072072072072072,0.0009863957235783285
P02_L010,1.08008008008008,0.0010339147425148375
P02_L010,1.088088088088088,0.0010839295755801434
P02_L010,1.0960960960960962,0.0011366005896351287
P02_L010,1.1041041041041042,0.0011920939560144878
P02_L010,1.112112112112112,0.001250581053684305
P02_L010,1.12012012012012,0.0013122377906230483
P02_L010,1.1281281281281281,0.001377243845215324
P02_L010,1.1361361361361362,0.0014457818303110436
P02_L010,1.1441441441441442,0.0015180363834622042
P02_L010,1.1521521521521523,0.0015941931876942647
P02_L010,1.16016016016016,0.0016744379279880744
P02_L010,1.1681681681681682,0.0017589551894299923
P02_L010,1.1761761761761762,0.0018479273037219563
P02_L010,1.1841841841841843,0.0019415331514191021
P02_L010,1.1921921921921923,0.0020399469278706076
P02_L010,1.2002002002002001,0.0021433368813710495
P02_L010,1.2082082082082082,0.0022518640324767224
P02_L010,1.2162162162162162,0.0023656808837977206
P02_L010,1.2242242242242243,0.002484930129836689
P02_L010,1.2322322322322323,0.0026097433766051675
P02_L010,1.2402402402402402,0.0027402398808062784
P02_L010,1.2482482482482482,0.002876525318327027
P02_L010,1.2562562562562563,0.0030186905916360337
P02_L010,1.2642642642642643,0.0031668106854352367
P02_L010,1.2722722722722724,0.0033209435795711895
P02_L010,1.2802802802802802,0.003481129227778706
P02_L010,1.2882882882882882,0.0036473886103136825
P02_L010,1.2962962962962963,0.003819722867940841
P02_L010,1.3043043043043043,0.003998112524085972
P02_L010,1.3123123123123124,0.004182516801250318
P02_L010,1.3203203203203202,0.004372873037028123
P02_L010,1.3283283283283283,0.004569096204279133
P02_L010,1.3363363363363363,0.004771078539195648
P02_L010,1.3443443443443444,0.004978689280182067
P02_L010,1.3523523523523524,0.005191774519642764
P02_L010,1.3603603603603602,0.0054101571699635325
P02_L010,1.3683683683683685,0.005633637044181705
P02_L010,1.3763763763763763,0.005861991051078357
P02_L010,1.3843843843843844,0.0060949735037028425
P02_L010,1.3923923923923924,0.006332316539656658
P02_L010,1.4004004004004003,0.0065737306508317096
P02_L010,1.4084084084084085,0.006818905319713503
P02_L010,1.4164164164164164,0.007067509758830534
P02_L010,1.4244244244244244,0.007319193749454619
P02_L010,1.4324324324324325,0.007573588575231564
P02_L010,1.4404404404404405,0.007830308046048373
P02_L010,1.4484484484484486,0.008088949607115573
P02_L010,1.4564564564564564,0.008349095527959203
P02_L010,1.4644644644644644,0.008610314165771103
P02_L010,1.4724724724724725,0.00887216129735358
P02_L010,1.4804804804804805,0.00913418151370947
P02_L010,1.4884884884884886,0.009395909671166804
P02_L010,1.4964964964964964,0.00965687239278243
P02_L010,1.5045045045045045,0.00991658961363911
P02_L010,1.5125125125125125,0.010174576163529368
P02_L010,1.5205205205205206,0.010430343380407181
P02_L010,1.5285285285285286,0.010683400747881766
P02_L010,1.5365365365365364,0.010933257549927725
P02_L010,1.5445445445445445,0.01117942453589237
P02_L010,1.5525525525525525,0.011421415588797357
P02_L010,1.5605605605605606,0.011658749389861507
P02_L010,1.5685685685685686,0.01189095107211747
P02_L010,1.5765765765765765,0.012117553855964816
P02_L010,1.5845845845845847,0.012338100659500487
P02_L010,1.5925925925925926,0.01255214567650002
P02_L010,1.6006006006006006,0.012759255914999481
P02_L010,1.6086086086086087,0.012959012689550518
P02_L010,1.6166166166166165,0.013151013060399354
P02_L010,1.6246246246246248,0.013334871213076758
P02_L010,1.6326326326326326,0.013510219772187967
P02_L010,1.6406406406406406,0.013676711043556375
P02_L010,1.6486486486486487,0.013834018179310261
P02_L010,1.6566566566566565,0.013981836261001091
P02_L010,1.6646646646646648,0.014119883296407006
P02_L010,1.6726726726726726,0.014247901126298396
P02_L010,1.6806806806806807,0.014365656238118548
P02_L010,1.6886886886886887,0.014472940484253185
P02_L010,1.6966966966966965,0.014569571703316108
P02_L010,1.7047047047047048,0.014655394243654037
P02_L010,1.7127127127127126,0.014730279389056702
P02_L010,1.7207207207207207,0.014794125687436684
P02_L010,1.7287287287287287,0.014846859183998338
P02_L010,1.7367367367367368,0.014888433561135544
P02_L010,1.7447447447447448,0.014918830187965533
P02_L010,1.7527527527527527,0.014938058083007605
P02_L010,1.7607607607607607,0.014946153794039024
P02_L010,1.7687687687687688,0.014943181199591395
P02_L010,1.7767767767767768,0.014929231236883488
P02_L010,1.7847847847847849,0.014904421561208834
P02_L010,1.7927927927927927,0.014868896141910417
P02_L010,1.8008008008008007,0.014822824800071046
P02_L010,1.8088088088088088,0.014766402692934494
P02_L010,1.8168168168168168,0.014699849749851363
P02_L010,1.8248248248248249,0.014623410064219912
P02_L010,1.8328328328328327,0.014537351245482567
P02_L010,1.840840840840841,0.01444196373475005
P02_L010,1.8488488488488488,0.014337560087078302
P02_L010,1.8568568568568569,0.014224474222833
P02_L010,1.864864864864865,0.014103060649963587
P02_L010,1.8728728728728727,0.013973693658393863
P02_L010,1.880880880880881,0.013836766487139314
P02_L010,1.8888888888888888,0.013692690464203511
P02_L010,1.896896896896897,0.013541894118808706
P02_L010,1.904904904904905,0.013384822265095107
P02_L010,1.9129129129129128,0.013221935056098671
P02_L010,1.920920920920921,0.013053707006600726
P02_L010,1.9289289289289289,0.012880625983347415
P02_L010,1.936936936936937,0.012703192161168218
P02_L010,1.944944944944945,0.012521916943689919
P02_L010,1.9529529529529528,0.012337321847636695
P02_L010,1.960960960960961,0.012149937350135816
P02_L010,1.968968968968969,0.01196030169899584
P02_L010,1.976976976976977,0.01176895968657989
P02_L010,1.984984984984985,0.01157646138865082
P02_L010,1.992992992992993,0.011383360870390468
P02_L010,2.001001001001001,0.011190214862678623
P02_L010,2.009009009009009,0.010997581412629636
P02_L010,2.017017017017017,0.010806018513302653
P02_L010,2.025025025025025,0.010616082718398824
P02_L010,2.033033033033033,0.010428327748605673
P02_L010,2.041041041041041,0.010243303097026413
P02_L010,2.049049049049049,0.010061552641802222
P02_L010,2.057057057057057,0.009883613274589025
P02_L010,2.065065065065065,0.009710013553955484
P02_L010,2.073073073073073,0.009541272393012843
P02_L010,2.081081081081081,0.009377897790654621
P02_L010,2.089089089089089,0.009220385615664827
P02_L010,2.0970970970970972,0.009069218452641319
P02_L010,2.105105105105105,0.008924864518177401
P02_L010,2.113113113113113,0.008787776655050572
P02_L010,2.121121121121121,0.00865839141129432
P02_L010,2.1291291291291294,0.008537128209990525
P02_L010,2.1371371371371373,0.008424388614434486
P02_L010,2.145145145145145,0.008320555692011402
P02_L010,2.153153153153153,0.008225993478719133
P02_L010,2.161161161161161,0.008141046544791052
P02_L010,2.1691691691691695,0.008066039660365142
P02_L010,2.1771771771771773,0.008001277558630211
P02_L010,2.185185185185185,0.00794704479240411
P02_L010,2.193193193193193,0.007903605678690967
P02_L010,2.201201201201201,0.00787120432446554
P02_L010,2.2092092092092095,0.007850064725772073
P02_L010,2.2172172172172173,0.007840390931240783
P02_L010,2.225225225225225,0.007842367260341132
P02_L010,2.233233233233233,0.007856158566136659
P02_L010,2.2412412412412412,0.007881910532003432
P02_L010,2.2492492492492495,0.007919749991735862
P02_L010,2.2572572572572573,0.007969785262707823
P02_L010,2.265265265265265,0.008032106482280525
P02_L010,2.273273273273273,0.008106785938463451
P02_L010,2.2812812812812813,0.008193878386918759
P02_L010,2.2892892892892895,0.008293421347754687
P02_L010,2.2972972972972974,0.008405435377151983
P02_L010,2.305305305305305,0.00852992431068669
P02_L010,2.313313313313313,0.00866687547721914
P02_L010,2.3213213213213213,0.008816259884385015
P02_L010,2.3293293293293296,0.008978032378995728
P02_L010,2.3373373373373374,0.00915213178799922
P02_L010,2.3453453453453452,0.00933848104801113
P02_L010,2.353353353353353,0.009536987333758202
P02_L010,2.3613613613613613,0.009747542198014231
P02_L010,2.3693693693693696,0.009970021737717584
P02_L010,2.3773773773773774,0.01020428680286805
P02_L010,2.3853853853853852,0.010450183266472278
P02_L010,2.393393393393393,0.010707542375177246
P02_L010,2.4014014014014013,0.01097618120126947
P02_L010,2.4094094094094096,0.011255903217366822
P02_L010,2.4174174174174174,0.011546499015363348
P02_L010,2.4254254254254253,0.011847747190974704
P02_L010,2.433433433433433,0.012159415414542607
P02_L010,2.4414414414414414,0.012481261707580989
P02_L010,2.4494494494494496,0.012813035942886365
P02_L010,2.4574574574574575,0.013154481583869351
P02_L010,2.4654654654654653,0.0135053376761333
P02_L010,2.4734734734734736,0.013865341101232937
P02_L010,2.4814814814814814,0.01423422909902677
P02_L010,2.4894894894894897,0.014611742061141998
P02_L010,2.4974974974974975,0.014997626593833734
P02_L010,2.5055055055055053,0.015391638844020023
P02_L010,2.5135135135135136,0.01579354807756634
P02_L010,2.5215215215215214,0.01620314049405968
P02_L010,2.5295295295295297,0.0166202232574315
P02_L010,2.5375375375375375,0.01704462871695127
P02_L010,2.5455455455455454,0.017476218788415203
P02_L010,2.5535535535535536,0.017914889460876302
P02_L010,2.5615615615615615,0.01836057539011535
P02_L010,2.5695695695695697,0.018813254536325416
P02_L010,2.5775775775775776,0.01927295280025925
P02_L010,2.5855855855855854,0.019739748609471613
P02_L010,2.5935935935935936,0.020213777404346125
P02_L010,2.6016016016016015,0.02069523597241396
P02_L010,2.6096096096096097,0.021184386579087805
P02_L010,2.6176176176176176,0.021681560843448605
P02_L010,2.6256256256256254,0.022187163309112665
P02_L010,2.6336336336336337,0.022701674662548865
P02_L010,2.641641641641642,0.02322565455448618
P02_L010,2.6496496496496498,0.023759743984263712
P02_L010,2.6576576576576576,0.024304667212073448
P02_L010,2.6656656656656654,0.024861233170030746
P02_L010,2.6736736736736737,0.02543033634976909
P02_L010,2.681681681681682,0.02601295715174041
P02_L010,2.68968968968969,0.026610161689522654
P02_L010,2.6976976976976976,0.02722310105103814
P02_L010,2.7057057057057055,0.027853010027582312
P02_L010,2.7137137137137137,0.028501205330789814
P02_L010,2.721721721721722,0.029169083326955197
P02_L010,2.72972972972973,0.029858117327346573
P02_L010,2.7377377377377377,0.030569854482097425
P02_L010,2.7457457457457455,0.031305912333769545
P02_L010,2.7537537537537538,0.0320679750945788
P02_L010,2.761761761761762,0.032857789718379944
P02_L010,2.76976976976977,0.033677161844628115
P02_L010,2.7777777777777777,0.03452795169655393
P02_L010,2.7857857857857855,0.03541207001950139
P02_L010,2.793793793793794,0.036331474147685096
P02_L010,2.801801801801802,0.03728816428839379
P02_L010,2.80980980980981,0.038284180111788635
P02_L010,2.8178178178178177,0.03932159773187694
P02_L010,2.8258258258258255,0.0404025271599004
P02_L010,2.833833833833834,0.04152911030526706
P02_L010,2.841841841841842,0.04270351959128155
P02_L010,2.84984984984985,0.04392795724332578
P02_L010,2.8578578578578577,0.04520465529588591
P02_L010,2.8658658658658656,0.046535876352030964
P02_L010,2.873873873873874,0.04792391511473002
P02_L010,2.881881881881882,0.0493711006939413
P02_L010,2.88988988988989,0.05087979967689715
P02_L010,2.8978978978978978,0.05245241993167026
P02_L010,2.9059059059059056,0.05409141509616882
P02_L010,2.913913913913914,0.05579928968645908
P02_L010,2.921921921921922,0.05757860473999444
P02_L010,2.92992992992993,0.059431983891280515
P02_L010,2.937937937937938,0.0613621197599703
P02_L010,2.9459459459459456,0.06337178051471169
P02_L010,2.953953953953954,0.06546381646052546
P02_L010,2.961961961961962,0.06764116648340572
P02_L010,2.96996996996997,0.06990686417342862
P02_L010,2.977977977977978,0.07226404343728172
P02_L010,2.985985985985986,0.07471594340292854
P02_L010,2.993993993993994,0.07726591241342166
P02_L010,3.002002002002002,0.07991741090375512
P02_L010,3.01001001001001,0.08267401295438516
P02_L010,3.018018018018018,0.08553940631763206
P02_L010,3.026026026026026,0.08851739071880253
P02_L010,3.034034034034034,0.09161187424252268
P02_L010,3.042042042042042,0.09482686762646422
P02_L010,3.05005005005005,0.0981664762993022
P02_L010,3.058058058058058,0.10163489001741217
P02_L010,3.066066066066066,0.10523636997512986
P02_L010,3.074074074074074,0.10897523328648065
P02_L010,3.0820820820820822,0.11285583476167511
P02_L010,3.09009009009009,0.1168825459293426
P02_L010,3.098098098098098,0.1210597312849568
P02_L010,3.106106106106106,0.12539172177712604
P02_L010,3.114114114114114,0.1298827855757924
P02_L010,3.1221221221221223,0.13453709619983673
P02_L010,3.13013013013013,0.13935869811550392
P02_L010,3.138138138138138,0.14435146995129441
P02_L010,3.146146146146146,0.1495190855089102
P02_L010,3.154154154154154,0.15486497278342254
P02_L010,3.1621621621621623,0.16039227123822655
P02_L010,3.17017017017017,0.16610378761174346
P02_L010,3.178178178178178,0.17200195056230205
P02_L010,3.186186186186186,0.17808876448530717
P02_L010,3.194194194194194,0.18436576286206158
P02_L010,3.2022022022022023,0.19083396152227491
P02_L010,3.21021021021021,0.1974938122220614
P02_L010,3.2182182182182184,0.2043451569558886
P02_L010,3.2262262262262262,0.21138718343416452
P02_L010,3.234234234234234,0.21861838216797047
P02_L010,3.2422422422422423,0.22603650560831837
P02_L010,3.25025025025025,0.23363852978969588
P02_L010,3.2582582582582584,0.2414206189256741
P02_L010,3.2662662662662663,0.24937809339885628
P02_L010,3.274274274274274,0.25750540157736074
P02_L010,3.2822822822822824,0.2657960958764569
P02_L010,3.29029029029029,0.2742428134657581
P02_L010,3.2982982982982985,0.28283726200070575
P02_L010,3.3063063063063063,0.29157021073098455
P02_L010,3.314314314314314,0.3004314873088227
P02_L010,3.3223223223223224,0.3094099805865572
P02_L010,3.33033033033033,0.3184936496555838
P02_L010,3.3383383383383385,0.3276695393381569
P02_L010,3.3463463463463463,0.3369238022992669
P02_L010,3.354354354354354,0.3462417278987076
P02_L010,3.3623623623623624,0.35560777785316583
P02_L010,3.3703703703703702,0.36500562872514647
P02_L010,3.3783783783783785,0.3744182212002834
P02_L010,3.3863863863863863,0.38382781605698274
P02_L010,3.394394394394394,0.3932160566729107
P02_L010,3.4024024024024024,0.4025640378521713
P02_L010,3.4104104104104103,0.41185238069500996
P02_L010,3.4184184184184185,0.4210613131696197
P02_L010,3.4264264264264264,0.43017075598300675
P02_L010,3.4344344344344346,0.4391604132860519
P02_L010,3.4424424424424425,0.4480098676867618
P02_L010,3.4504504504504503,0.45669867898684885
P02_L010,3.4584584584584586,0.46520648599975195
P02_L010,3.4664664664664664,0.47351311075486907
P02_L010,3.4744744744744747,0.4815986643429688
P02_L010,3.4824824824824825,0.4894436536130236
P02_L010,3.4904904904904903,0.4970290878910515
P02_L010,3.4984984984984986,0.5043365848588142
P02_L010,3.5065065065065064,0.5113484747041209
P02_L010,3.5145145145145147,0.5180479016364506
P02_L010,3.5225225225225225,0.5244189218526477
P02_L010,3.5305305305305303,0.5304465970369027
P02_L010,3.5385385385385386,0.5361170824896864
P02_L010,3.5465465465465464,0.5414177090003099
P02_L010,3.5545545545545547,0.546337057609177
P02_L010,3.5625625625625625,0.5508650264479101
P02_L010,3.5705705705705704,0.554992888898998
P02_L010,3.5785785785785786,0.5587133423810227
P02_L010,3.5865865865865865,0.5620205471410036
P02_L010,3.5945945945945947,0.5649101545210007
P02_L010,3.6026026026026026,0.5673793242617036
P02_L010,3.6106106106106104,0.5694267305103669
P02_L010,3.6186186186186187,0.5710525563126572
P02_L010,3.6266266266266265,0.5722584764873926
P02_L010,3.6346346346346348,0.5730476289076825
P02_L010,3.6426426426426426,0.573424574340126
P02_L010,3.6506506506506504,0.5733952451246136
P02_L010,3.6586586586586587,0.5729668831076588
P02_L010,3.6666666666666665,0.5721479673718298
P02_L010,3.674674674674675,0.570948132429356
P02_L010,3.6826826826826826,0.5693780776682746
P02_L010,3.6906906906906904,0.567449468952329
P02_L010,3.6986986986986987,0.5651748333792781
P02_L010,3.7067067067067065,0.5625674482944214
P02_L010,3.714714714714715,0.5596412257356638
P02_L010,3.7227227227227226,0.5564105935514247
P02_L010,3.730730730730731,0.5528903744819081
P02_L010,3.7387387387387387,0.5490956645268174
P02_L010,3.7467467467467466,0.5450417119373677
P02_L010,3.754754754754755,0.5407437981671277
P02_L010,3.7627627627627627,0.5362171220943465
P02_L010,3.770770770770771,0.5314766887882494
P02_L010,3.7787787787787788,0.5265372040335189
P02_L010,3.7867867867867866,0.5214129757515712
P02_L010,3.794794794794795,0.5161178233652994
P02_L010,3.8028028028028027,0.5106649960469749
P02_L010,3.810810810810811,0.5050671006685095
P02_L010,3.818818818818819,0.49933604014096356
P02_L010,3.8268268268268266,0.4934829626884447
P02_L010,3.834834834834835,0.48751822245197785
P02_L010,3.8428428428428427,0.481451351664505
P02_L010,3.850850850850851,0.47529104448080395
P02_L010,3.858858858858859,0.46904515238855815
P02_L010,3.8668668668668666,0.4627206909713817
P02_L010,3.874874874874875,0.45632385764403066
P02_L010,3.8828828828828827,0.44986005983603156
P02_L010,3.890890890890891,0.4433339529655711
P02_L010,3.898898898898899,0.43674948742200076
P02_L010,3.9069069069069067,0.43010996366501414
P02_L010,3.914914914914915,0.4234180944528536
P02_L010,3.9229229229229228,0.41667607313213756
P02_L010,3.930930930930931,0.40988564685906437
P02_L010,3.938938938938939,0.40304819357679894
P02_L010,3.946946946946947,0.3961648015467841
P02_L010,3.954954954954955,0.3892363502230038
P02_L010,3.962962962962963,0.38226359126773546
P02_L010,3.970970970970971,0.3752472285338458
P02_L010,3.978978978978979,0.3681879958826049
P02_L010,3.986986986986987,0.36108673176503897
P02_L010,3.994994994994995,0.3539444495687114
P02_L010,4.003003003003003,0.3467624028182241
P02_L010,4.011011011011011,0.3395421444156953
P02_L010,4.019019019019019,0.33228557921474894
P02_L010,4.027027027027027,0.3249950093361241
P02_L010,4.035035035035035,0.3176731717534154
P02_L010,4.043043043043043,0.31032326780109465
P02_L010,4.051051051051051,0.30294898438222273
P02_L010,4.059059059059059,0.29555450677779344
P02_L010,4.067067067067067,0.28814452308208977
P02_L010,4.075075075075075,0.28072422040618367
P02_L010,4.083083083083083,0.2732992731040971
P02_L010,4.091091091091091,0.2658758233805598
P02_L010,4.099099099099099,0.25846045473538426
P02_L010,4.107107107107107,0.25106015878542554
P02_L010,4.115115115115115,0.24368229608008748
P02_L010,4.123123123123123,0.23633455159008857
P02_L010,4.131131131131131,0.22902488560030562
P02_L010,4.1391391391391394,0.22176148077662988
P02_L010,4.147147147147147,0.21455268620299942
P02_L010,4.155155155155155,0.20740695919892285
P02_L010,4.163163163163163,0.20033280572936224
P02_L010,4.171171171171171,0.19333872020919562
P02_L010,4.1791791791791795,0.18643312548354832
P02_L010,4.187187187187187,0.1796243137341443
P02_L010,4.195195195195195,0.17292038902149864
P02_L010,4.203203203203203,0.16632921212400517
P02_L010,4.211211211211211,0.15985834827914974
P02_L010,4.2192192192192195,0.153515018370055
P02_L010,4.227227227227227,0.14730605403392114
P02_L010,4.235235235235235,0.14123785709846262
P02_L010,4.243243243243244,0.13531636367974975
P02_L010,4.251251251251251,0.12954701320088313
P02_L010,4.2592592592592595,0.12393472251687603
P02_L010,4.267267267267267,0.11848386525819014
P02_L010,4.275275275275275,0.11319825643441518
P02_L010,4.283283283283284,0.10808114227163092
P02_L010,4.291291291291291,0.10313519519286567
P02_L010,4.2992992992992995,0.0983625137914741
P02_L010,4.307307307307307,0.09376462759284193
P02_L010,4.315315315315315,0.0893425063509929
P02_L010,4.323323323323324,0.08509657358399213
P02_L010,4.331331331331331,0.08102672401555984
P02_L010,4.33933933933934,0.07713234456030794
P02_L010,4.347347347347347,0.0734123384665156
P02_L010,4.355355355355355,0.0698651522132585
P02_L010,4.363363363363364,0.06648880474785837
P02_L010,4.371371371371371,0.06328091864481039
P02_L010,4.37937937937938,0.06023875276814786
P02_L010,4.387387387387387,0.05735923602538639
P02_L010,4.395395395395395,0.054639001812082186
P02_L010,4.403403403403404,0.05207442276137416
P02_L010,4.411411411411411,0.04966164543197214
P02_L010,4.41941941941942,0.04739662459039405
P02_L010,4.4274274274274275,0.04527515676837048
P02_L010,4.435435435435435,0.04329291280351934
P02_L010,4.443443443443444,0.04144546910028258
P02_L010,4.451451451451451,0.0397283373780122
P02_L010,4.45945945945946,0.038136992703675716
P02_L010,4.4674674674674675,0.036666899637322975
P02_L010,4.475475475475475,0.03531353634889843
P02_L010,4.483483483483484,0.034072416594781114
P02_L010,4.491491491491491,0.03293910947129467
P02_L010,4.4994994994995,0.0319092568900648
P02_L010,4.5075075075075075,0.03097858874631971
P02_L010,4.515515515515515,0.030142935775815855
P02_L010,4.523523523523524,0.029398240118990292
P02_L010,4.531531531531531,0.028740563632015412
P02_L010,4.53953953953954,0.028166094003718053
P02_L010,4.5475475475475475,0.027671148754767724
P02_L010,4.555555555555555,0.027252177211201413
P02_L010,4.563563563563564,0.026905760558293752
P02_L010,4.571571571571571,0.026628610093048698
P02_L010,4.57957957957958,0.02641756380432599
P02_L010,4.587587587587588,0.026269581418888487
P02_L010,4.595595595595595,0.026181738059552123
P02_L010,4.603603603603604,0.026151216668293623
P02_L010,4.611611611611611,0.026175299352657985
P02_L010,4.61961961961962,0.02625135781820832
P02_L010,4.627627627627628,0.026376843053142536
P02_L010,4.635635635635635,0.02654927443361843
P02_L010,4.643643643643644,0.026766228419764847
P02_L010,4.651651651651651,0.02702532701289501
P02_L010,4.65965965965966,0.02732422614399122
P02_L010,4.667667667667668,0.02766060416211056
P02_L010,4.675675675675675,0.028032150588948056
P02_L010,4.683683683683684,0.02843655530224721
P02_L010,4.691691691691691,0.02887149830611744
P02_L010,4.6996996996997,0.029334640240431274
P02_L010,4.707707707707708,0.02982361377432987
P02_L010,4.7157157157157155,0.030336016020383456
P02_L010,4.723723723723724,0.0308694020960517
P02_L010,4.731731731731731,0.031421279947789614
P02_L010,4.73973973973974,0.03198910654037803
P02_L010,4.747747747747748,0.03257028549985307
P02_L010,4.7557557557557555,0.033162166282827706
P02_L010,4.763763763763764,0.03376204492805553
P02_L010,4.771771771771771,0.034367166427948286
P02_L010,4.77977977977978,0.03497472873851407
P02_L010,4.787787787787788,0.03558188842603879
P02_L010,4.7957957957957955,0.036185767927980304
P02_L010,4.803803803803804,0.03678346438425312
P02_L010,4.811811811811811,0.03737205997356829
P02_L010,4.81981981981982,0.03794863366814841
P02_L010,4.827827827827828,0.038510274299166376
P02_L010,4.8358358358358355,0.03905409480512203
P02_L010,4.843843843843844,0.03957724751626837
P02_L010,4.851851851851851,0.040076940310635065
P02_L010,4.85985985985986,0.04055045346134605
P02_L010,4.867867867867868,0.04099515698122685
P02_L010,4.875875875875876,0.041408528259400355
P02_L010,4.883883883883884,0.04178816977591089
P02_L010,4.891891891891891,0.042131826674690696
P02_L010,4.8998998998999,0.04243740397249933
P02_L010,4.907907907907908,0.042702983182025124
P02_L010,4.915915915915916,0.04292683813114586
P02_L010,4.923923923923924,0.04310744976748176
P02_L010,4.931931931931931,0.043243519747743986
P02_L010,4.93993993993994,0.04333398262492573
P02_L010,4.947947947947948,0.04337801646287414
P02_L010,4.955955955955956,0.04337505172708384
P02_L010,4.963963963963964,0.04332477832225767
P02_L010,4.971971971971972,0.0432271506711271
P02_L010,4.97997997997998,0.043082390754645955
P02_L010,4.987987987987988,0.04289098906072653
P02_L010,4.995995995995996,0.04265370341665158
P02_L010,5.004004004004004,0.04237155570868273
P02_L010,5.012012012012012,0.04204582652086129
P02_L010,5.02002002002002,0.041678047752910126
P02_L010,5.028028028028028,0.041269993304217156
P02_L010,5.036036036036036,0.0408236679365507
P02_L010,5.044044044044044,0.04034129445206691
P02_L010,5.052052052052052,0.03982529934496448
P02_L010,5.06006006006006,0.039278297104432466
P02_L010,5.068068068068068,0.038703073363134645
P02_L010,5.076076076076076,0.03810256709904913
P02_L010,5.084084084084084,0.03747985210898043
P02_L010,5.092092092092092,0.03683811797929462
P02_L010,5.1001001001001,0.0361806507833909
P02_L010,5.108108108108108,0.0355108137361488
P02_L010,5.116116116116116,0.03483202803311285
P02_L010,5.124124124124124,0.03414775409666997
P02_L010,5.132132132132132,0.033461473443102324
P02_L010,5.14014014014014,0.032776671373389576
P02_L010,5.148148148148148,0.032096820677264694
P02_L010,5.156156156156156,0.03142536652456512
P02_L010,5.1641641641641645,0.030765712700758268
P02_L010,5.172172172172172,0.03012120932487802
P02_L010,5.18018018018018,0.029495142168466406
P02_L010,5.188188188188188,0.028890723673703156
P02_L010,5.196196196196196,0.028311085748130408
P02_L010,5.2042042042042045,0.027759274392543026
P02_L010,5.212212212212212,0.02723824619800231
P02_L010,5.22022022022022,0.026750866727861113
P02_L010,5.228228228228228,0.02629991078135175
P02_L010,5.236236236236236,0.025888064516944878
P02_L010,5.2442442442442445,0.025517929396487813
P02_L010,5.252252252252252,0.025192027895196416
P02_L010,5.26026026026026,0.024912810908046746
P02_L010,5.268268268268268,0.024682666769992142
P02_L010,5.276276276276276,0.024503931795778786
P02_L010,5.2842842842842845,0.024378902234912164
P02_L010,5.292292292292292,0.024309847528495316
P02_L010,5.3003003003003,0.0242990247471256
P02_L010,5.308308308308308,0.02434869408271449
P02_L010,5.316316316316316,0.02446113526183552
P02_L010,5.324324324324325,0.024638664743885437
P02_L010,5.332332332332332,0.024883653563783734
P02_L010,5.34034034034034,0.025198545676000928
P02_L010,5.348348348348348,0.02558587665420967
P02_L010,5.356356356356356,0.02604829259862972
P02_L010,5.364364364364365,0.0265885691010749
P02_L010,5.372372372372372,0.027209630115582584
P02_L010,5.38038038038038,0.027914566580300216
P02_L010,5.388388388388388,0.02870665463378707
P02_L010,5.396396396396397,0.029589373266101445
P02_L010,5.404404404404405,0.030566421241811415
P02_L010,5.412412412412412,0.03164173312848382
P02_L010,5.42042042042042,0.0328194942601496
P02_L010,5.428428428428428,0.03410415446086642
P02_L010,5.436436436436437,0.035500440348795466
P02_L010,5.444444444444445,0.037013366036306346
P02_L010,5.4524524524524525,0.038648242036694355
P02_L010,5.46046046046046,0.04041068218325691
P02_L010,5.468468468468468,0.04230660836198455
P02_L010,5.476476476476477,0.044342252855192006
P02_L010,5.484484484484485,0.046524158090337726
P02_L010,5.4924924924924925,0.04885917358628866
P02_L010,5.5005005005005,0.05135444988879337
P02_L010,5.508508508508508,0.05401742928813457
P02_L010,5.516516516516517,0.056855833115305274
P02_L010,5.524524524524525,0.0598776454188023
P02_L010,5.5325325325325325,0.06309109283272406
P02_L010,5.54054054054054,0.06650462045849385
P02_L010,5.548548548548548,0.07012686359760845
P02_L010,5.556556556556557,0.07396661519152953
P02_L010,5.564564564564565,0.07803278884750287
P02_L010,5.5725725725725725,0.08233437735580518
P02_L010,5.58058058058058,0.08688040663489809
P02_L010,5.588588588588588,0.09167988507620715
P02_L010,5.596596596596597,0.09674174829977149
P02_L010,5.604604604604605,0.10207479937572192
P02_L010,5.612612612612613,0.10768764461425825
P02_L010,5.62062062062062,0.11358862507824097
P02_L010,5.628628628628628,0.11978574402733479
P02_L010,5.636636636636637,0.12628659056034477
P02_L010,5.644644644644645,0.1330982597824266
P02_L010,5.652652652652653,0.14022726988564171
P02_L010,5.66066066066066,0.1476794765939284
P02_L010,5.668668668668668,0.15545998548636514
P02_L010,5.676676676676677,0.16357306277466047
P02_L010,5.684684684684685,0.1720220451709224
P02_L010,5.692692692692693,0.18080924953937638
P02_L010,5.7007007007007005,0.18993588307931472
P02_L010,5.708708708708708,0.1994019548354431
P02_L010,5.716716716716717,0.20920618937479252
P02_L010,5.724724724724725,0.21934594350534511
P02_L010,5.732732732732733,0.2298171269398776
P02_L010,5.7407407407407405,0.2406141278277792
P02_L010,5.748748748748748,0.2517297440875588
P02_L010,5.756756756756757,0.26315512147226117
P02_L010,5.764764764764765,0.2748796992886863
P02_L010,5.772772772772773,0.28689116466857
P02_L010,5.7807807807807805,0.29917541625575134
P02_L010,5.788788788788788,0.3117165381271684
P02_L010,5.796796796796797,0.32449678470796434
P02_L010,5.804804804804805,0.33749657737170996
P02_L010,5.812812812812813,0.35069451333665347
P02_L010,5.8208208208208205,0.3640673873781285
P02_L010,5.828828828828828,0.3775902267769005
P02_L010,5.836836836836837,0.3912363398141739
P02_L010,5.844844844844845,0.40497737800686745
P02_L010,5.852852852852853,0.4187834121537144
P02_L010,5.8608608608608606,0.4326230221338882
P02_L010,5.868868868868869,0.44646340026785464
P02_L010,5.876876876876877,0.46027046791542897
P02_L010,5.884884884884885,0.47400900485111586
P02_L010,5.892892892892893,0.4876427908223207
P02_L010,5.900900900900901,0.5011347585646633
P02_L010,5.908908908908909,0.5144471574209876
P02_L010,5.916916916916917,0.5275417265889423
P02_L010,5.924924924924925,0.5403798769075552
P02_L010,5.932932932932933,0.5529228799874424
P02_L010,5.940940940940941,0.5651320633933339
P02_L010,5.948948948948949,0.5769690105032541
P02_L010,5.956956956956957,0.5883957635964846
P02_L010,5.964964964964965,0.5993750286634143
P02_L010,5.972972972972973,0.6098703803859145
P02_L010,5.980980980980981,0.6198464657069946
P02_L010,5.988988988988989,0.6292692043936688
P02_L010,5.996996996996997,0.6381059849984558
P02_L010,6.005005005005005,0.6463258546415735
P02_L010,6.013013013013013,0.6538997010688311
P02_L010,6.021021021021021,0.6608004254883854
P02_L010,6.029029029029029,0.6670031047534528
P02_L010,6.037037037037037,0.6724851415362689
P02_L010,6.045045045045045,0.6772264012312842
P02_L010,6.053053053053053,0.6812093344312349
P02_L010,6.061061061061061,0.6844190839377939
P02_L010,6.069069069069069,0.6868435753977482
P02_L010,6.077077077077077,0.688473590794407
P02_L010,6.085085085085085,0.6893028241716864
P02_L010,6.093093093093093,0.6893279191223425
P02_L010,6.101101101101101,0.6885484877319754
P02_L010,6.109109109109109,0.6869671108333163
P02_L010,6.117117117117117,0.6845893195907353
P02_L010,6.125125125125125,0.6814235586003312
P02_L010,6.133133133133133,0.6774811308543074
P02_L010,6.141141141141141,0.6727761250781923
P02_L010,6.1491491491491495,0.6673253261042424
P02_L010,6.157157157157157,0.6611481090915777
P02_L010,6.165165165165165,0.6542663185419345
P02_L010,6.173173173173173,0.6467041331880646
P02_L010,6.181181181181181,0.6384879179477985
P02_L010,6.1891891891891895,0.6296460642391445
P02_L010,6.197197197197197,0.6202088200406068
P02_L010,6.205205205205205,0.61020811115297
P02_L010,6.213213213213213,0.5996773551758239
P02_L010,6.221221221221221,0.5886512697515306
P02_L010,6.2292292292292295,0.5771656766521572
P02_L010,6.237237237237237,0.5652573032902253
P02_L010,6.245245245245245,0.5529635832226973
P02_L010,6.253253253253253,0.5403224571896768
P02_L010,6.261261261261261,0.5273721761848803
P02_L010,6.2692692692692695,0.5141511079964977
P02_L010,6.277277277277277,0.5006975485835292
P02_L010,6.285285285285285,0.4870495395674369
P02_L010,6.293293293293293,0.47324469302181515
P02_L010,6.301301301301301,0.45932002463640875
P02_L010,6.3093093093093096,0.4453117962172857
P02_L010,6.317317317317317,0.43125536836417505
P02_L010,6.325325325325325,0.4171850640410502
P02_L010,6.333333333333333,0.403134043628219
P02_L010,6.341341341341341,0.38913419191565707
P02_L010,6.34934934934935,0.3752160173698127
P02_L010,6.357357357357357,0.36140856388086623
P02_L010,6.365365365365365,0.3477393350765506
P02_L010,6.373373373373373,0.3342342311729509
P02_L010,6.381381381381381,0.3209174982237511
P02_L010,6.38938938938939,0.3078116895281516
P02_L010,6.397397397397397,0.29493763886500174
P02_L010,6.405405405405405,0.2823144451370931
P02_L010,6.413413413413413,0.2699594679359118
P02_L010,6.421421421421422,0.2578883334731815
P02_L010,6.42942942942943,0.24611495027187213
P02_L010,6.4374374374374375,0.23465153396554608
P02_L010,6.445445445445445,0.22350864052100247
P02_L010,6.453453453453453,0.21269520717457363
P02_L010,6.461461461461462,0.20221860035675335
P02_L010,6.46946946946947,0.19208466987259107
P02_L010,6.4774774774774775,0.18229780860545342
P02_L010,6.485485485485485,0.17286101701911596
P02_L010,6.493493493493493,0.16377597174639325
P02_L010,6.501501501501502,0.15504309757127258
P02_L010,6.50950950950951,0.1466616421347982
P02_L010,6.5175175175175175,0.1386297527220235
P02_L010,6.525525525525525,0.1309445545174901
P02_L010,6.533533533533533,0.12360222974929017
P02_L010,6.541541541541542,0.1165980971759363
P02_L010,6.54954954954955,0.10992669140587599
P02_L010,6.5575575575575575,0.10358184157550043
P02_L010,6.565565565565565,0.097556748947981
P02_L010,6.573573573573573,0.09184406303147022
P02_L010,6.581581581581582,0.08643595585106191
P02_L010,6.58958958958959,0.08132419404408107
P02_L010,6.597597597597598,0.0765002084825939
P02_L010,6.605605605605605,0.07195516116037724
P02_L010,6.613613613613613,0.06768000911388715
P02_L010,6.621621621621622,0.06366556517789428
P02_L010,6.62962962962963,0.05990255540650323
P02_L010,6.637637637637638,0.05638167301911985
P02_L010,6.645645645645645,0.053093628758633424
P02_L010,6.653653653653653,0.05002919757569875
P02_L010,6.661661661661662,0.04717926157841276
P02_L010,6.66966966966967,0.044534849211110845
P02_L010,6.677677677677678,0.04208717064920352
P02_L010,6.685685685685685,0.03982764941916976
P02_L010,6.693693693693693,0.03774795027385578
P02_L010,6.701701701701702,0.035840003373127635
P02_L010,6.70970970970971,0.03409602483865443
P02_L010,6.717717717717718,0.03250853376911083
P02_L010,6.7257257257257255,0.031070365818335624
P02_L010,6.733733733733733,0.029774683453910877
P02_L010,6.741741741741742,0.028614983027179644
P02_L010,6.74974974974975,0.027585098797863604
P02_L010,6.757757757757758,0.02667920406710142
P02_L010,6.7657657657657655,0.025891809581890458
P02_L010,6.773773773773773,0.025217759381553174
P02_L010,6.781781781781782,0.024652224262926518
P02_L010,6.78978978978979,0.024190693045532397
P02_L010,6.797797797797798,0.023828961821025153
P02_L010,6.8058058058058055,0.023563121372781246
P02_L010,6.813813813813813,0.023389542951651264
P02_L010,6.821821821821822,0.0233048625927315
P02_L010,6.82982982982983,0.023305964155621788
P02_L010,6.837837837837838,0.023389961267127415
P02_L010,6.8458458458458455,0.02355417834089327
P02_L010,6.853853853853853,0.023796130843143182
P02_L010,6.861861861861862,0.024113504967725453
P02_L010,6.86986986986987,0.024504136877163036
P02_L010,6.877877877877878,0.02496599165957036
P02_L010,6.885885885885886,0.025497142144265978
P02_L010,6.893893893893894,0.02609574771186482
P02_L010,6.901901901901902,0.02676003322769108
P02_L010,6.90990990990991,0.02748826822068934
P02_L010,6.917917917917918,0.028278746423694694
P02_L010,6.925925925925926,0.02912976578512033
P02_L010,6.933933933933934,0.030039609056817487
P02_L010,6.941941941941942,0.03100652505820445
P02_L010,6.94994994994995,0.032028710712691234
P02_L010,6.957957957957958,0.033104293948982254
P02_L010,6.965965965965966,0.03423131755696601
P02_L010,6.973973973973974,0.03540772408555117
P02_L010,6.981981981981982,0.036631341867852725
P02_L010,6.98998998998999,0.03789987225750714
P02_L010,6.997997997997998,0.03921087815839404
P02_L010,7.006006006006006,0.0405617739285694
P02_L010,7.014014014014014,0.041949816737526784
P02_L010,7.022022022022022,0.043372099453875865
P02_L010,7.03003003003003,0.044825545137902885
P02_L010,7.038038038038038,0.04630690321012442
P02_L010,7.046046046046046,0.04781274736261478
P02_L010,7.054054054054054,0.04933947527446103
P02_L010,7.062062062062062,0.050883310185963815
P02_L010,7.07007007007007,0.05244030437808588
P02_L010,7.078078078078078,0.05400634459397155
P02_L010,7.086086086086086,0.05557715942814915
P02_L010,7.094094094094094,0.05714832869613992
P02_L010,7.102102102102102,0.05871529478278389
P02_L010,7.11011011011011,0.06027337595154029
P02_L010,7.118118118118118,0.06181778157964366
P02_L010,7.126126126126126,0.06334362926522431
P02_L010,7.134134134134134,0.06484596373274991
P02_L010,7.142142142142142,0.06631977744247979
P02_L010,7.15015015015015,0.0677600327884568
P02_L010,7.158158158158158,0.06916168574813819
P02_L010,7.166166166166166,0.07051971082548258
P02_L010,7.1741741741741745,0.07182912710854542
P02_L010,7.182182182182182,0.07308502524271869
P02_L010,7.19019019019019,0.07428259510220238
P02_L010,7.198198198198198,0.07541715392539348
P02_L010,7.206206206206206,0.07648417466509631
P02_L010,7.2142142142142145,0.0774793142921415
P02_L010,7.222222222222222,0.07839844178148557
P02_L010,7.23023023023023,0.07923766550345833
P02_L010,7.238238238238238,0.07999335973980681
P02_L010,7.246246246246246,0.08066219004473503
P02_L010,7.2542542542542545,0.08124113717541395
P02_L010,7.262262262262262,0.08172751932453005
P02_L010,7.27027027027027,0.08211901239932572
P02_L010,7.278278278278278,0.08241366810727986
P02_L010,7.286286286286286,0.08260992962783904
P02_L010,7.2942942942942945,0.08270664467235773
P02_L010,7.302302302302302,0.08270307576028042
P02_L010,7.31031031031031,0.08259890756831716
P02_L010,7.318318318318318,0.08239425124049635
P02_L010,7.326326326326326,0.08208964558015117
P02_L010,7.334334334334335,0.08168605507950408
P02_L010,7.342342342342342,0.0811848647781906
P02_L010,7.35035035035035,0.08058787197811747
P02_L010,7.358358358358358,0.07989727487804371
P02_L010,7.366366366366366,0.07911565822657081
P02_L010,7.374374374374375,0.07824597612632259
P02_L010,7.382382382382382,0.07729153215444572
P02_L010,7.39039039039039,0.07625595699467987
P02_L010,7.398398398398398,0.07514318380365828
P02_L010,7.406406406406406,0.07395742155840725
P02_L010,7.414414414414415,0.07270312665288362
P02_L010,7.4224224224224224,0.07138497302849274
P02_L010,7.43043043043043,0.07000782113669846
P02_L010,7.438438438438438,0.06857668604085741
P02_L010,7.446446446446447,0.06709670496928219
P02_L010,7.454454454454455,0.0655731046321904
P02_L010,7.4624624624624625,0.06401116861174304
P02_L010,7.47047047047047,0.06241620512692934
P02_L010,7.478478478478478,0.06079351546383666
P02_L010,7.486486486486487,0.05914836334709948
P02_L010,7.494494494494495,0.05748594551038644
P02_L010,7.5025025025025025,0.05581136370298054
P02_L010,7.51051051051051,0.05412959834629573
P02_L010,7.518518518518518,0.05244548402891315
P02_L010,7.526526526526527,0.05076368700188613
P02_L010,7.534534534534535,0.04908868480813418
P02_L010,7.5425425425425425,0.047424748151122444
P02_L010,7.55055055055055,0.04577592507921645
P02_L010,7.558558558558558,0.044146027533484476
P02_L010,7.566566566566567,0.04253862027876531
P02_L010,7.574574574574575,0.04095701221085295
P02_L010,7.5825825825825826,0.0394042500070539
P02_L010,7.59059059059059,0.03788311406344516
P02_L010,7.598598598598598,0.036396116640149065
P02_L010,7.606606606606607,0.034945502116094054
P02_L010,7.614614614614615,0.03353324923717948
P02_L010,7.622622622622623,0.0321610752266597
P02_L010,7.63063063063063,0.03083044161397247
P02_L010,7.638638638638638,0.02954256162817409
P02_L010,7.646646646646647,0.02829840899461886
P02_L010,7.654654654654655,0.027098727968460176
P02_L010,7.662662662662663,0.025944044435861124
P02_L010,7.67067067067067,0.02483467791338602
P02_L010,7.678678678678678,0.023770754277705402
P02_L010,7.686686686686687,0.022752219061356188
P02_L010,7.694694694694695,0.021778851155634958
P02_L010,7.702702702702703,0.020850276768564803
P02_L010,7.7107107107107105,0.019965983494062967
P02_L010,7.718718718718718,0.019125334357715025
P02_L010,7.726726726726727,0.018327581714724595
P02_L010,7.734734734734735,0.017571880886440978
P02_L010,7.742742742742743,0.016857303433163592
P02_L010,7.7507507507507505,0.016182849972497085
P02_L010,7.758758758758758,0.015547462464193099
P02_L010,7.766766766766767,0.0149500358940114
P02_L010,7.774774774774775,0.014389429300512813
P02_L010,7.782782782782783,0.013864476099729404
P02_L010,7.7907907907907905,0.01337399367323763
P02_L010,7.798798798798798,0.012916792195194343
P02_L010,7.806806806806807,0.012491682683305687
P02_L010,7.814814814814815,0.012097484267443321
P02_L010,7.822822822822823,0.011733030677642153
P02_L010,7.8308308308308305,0.011397175960503924
P02_L010,7.838838838838838,0.011088799439568413
P02_L010,7.846846846846847,0.010806809941006558
P02_L010,7.854854854854855,0.010550149311051063
P02_L010,7.862862862862863,0.010317795255924828
P02_L010,7.870870870870871,0.010108763538695878
P02_L010,7.878878878878878,0.009922109570499235
P02_L010,7.886886886886887,0.009756929435973593
P02_L010,7.894894894894895,0.009612360394593683
P02_L010,7.902902902902903,0.009487580900885436
P02_L010,7.910910910910911,0.00938181018733304
P02_L010,7.918918918918919,0.009294307454161157
P02_L010,7.926926926926927,0.009224370710148987
P02_L010,7.934934934934935,0.009171335308238122
P02_L010,7.942942942942943,0.009134572218971246
P02_L010,7.950950950950951,0.009113486083777177
P02_L010,7.958958958958959,0.009107513088827545
P02_L010,7.966966966966967,0.00911611869866241
P02_L010,7.974974974974975,0.009138795287037548
P02_L010,7.982982982982983,0.00917505970051277
P02_L010,7.990990990990991,0.009224450788193322
P02_L010,7.998998998998999,0.009286526928781872
P02_L010,8.007007007007008,0.009360863583707885
P02_L010,8.015015015015015,0.009447050902599128
P02_L010,8.023023023023022,0.009544691404757166
P02_L010,8.03103103103103,0.009653397757619805
P02_L010,8.03903903903904,0.009772790670450405
P02_L010,8.047047047047048,0.009902496918710438
P02_L010,8.055055055055055,0.010042147511764616
P02_L010,8.063063063063062,0.010191376013760103
P02_L010,8.07107107107107,0.010349817024734743
P02_L010,8.07907907907908,0.010517104826265992
P02_L010,8.087087087087088,0.01069287219330191
P02_L010,8.095095095095095,0.010876749371234123
P02_L010,8.103103103103102,0.011068363214817864
P02_L010,8.11111111111111,0.011267336483235274
P02_L010,8.11911911911912,0.011473287283459494
P02_L010,8.127127127127128,0.011685828652146341
P02_L010,8.135135135135135,0.011904568264565277
P02_L010,8.143143143143142,0.012129108257623224
P02_L010,8.15115115115115,0.012359045152838543
P02_L010,8.15915915915916,0.012593969864222735
P02_L010,8.167167167167168,0.012833467775425326
P02_L010,8.175175175175175,0.013077118870214108
P02_L010,8.183183183183182,0.0133244979004069
P02_L010,8.19119119119119,0.013575174575736178
P02_L010,8.1991991991992,0.013828713760826108
P02_L010,8.207207207207208,0.014084675665475282
P02_L010,8.215215215215215,0.014342616015762134
P02_L010,8.223223223223222,0.014602086195100802
P02_L010,8.23123123123123,0.014862633346258739
P02_L010,8.23923923923924,0.015123800427461875
P02_L010,8.247247247247248,0.015385126218040421
P02_L010,8.255255255255255,0.015646145271554227
P02_L010,8.263263263263262,0.015906387816950793
P02_L010,8.27127127127127,0.016165379610993468
P02_L010,8.27927927927928,0.016422641747911155
P02_L010,8.287287287287288,0.016677690434899816
P02_L010,8.295295295295295,0.016930036744705286
P02_L010,8.303303303303302,0.017179186358972604
P02_L010,8.31131131131131,0.01742463931830567
P02_L010,8.31931931931932,0.017665889796989822
P02_L010,8.327327327327328,0.017902425922031895
P02_L010,8.335335335335335,0.018133729657522267
P02_L010,8.343343343343342,0.018359276776268744
P02_L010,8.35135135135135,0.018578536941170332
P02_L010,8.35935935935936,0.018790973918831604
P02_L010,8.367367367367368,0.018996045947466875
P02_L010,8.375375375375375,0.01919320628017079
P02_L010,8.383383383383382,0.01938190392314423
P02_L010,8.391391391391391,0.019561584586450978
P02_L010,8.3993993993994,0.01973169186237243
P02_L010,8.407407407407408,0.01989166864342284
P02_L010,8.415415415415415,0.020040958788645372
P02_L010,8.423423423423422,0.020179009042954135
P02_L010,8.431431431431431,0.02030527121008282
P02_L010,8.43943943943944,0.020419204575209123
P02_L010,8.447447447447448,0.020520278568613243
P02_L010,8.455455455455455,0.020607975656883003
P02_L010,8.463463463463462,0.020681794443278587
P02_L010,8.471471471471471,0.02074125295401023
P02_L010,8.47947947947948,0.020785892082452566
P02_L010,8.487487487487488,0.020815279158816178
P02_L010,8.495495495495495,0.020829011608614847
P02_L010,8.503503503503502,0.0208267206594944
P02_L010,8.511511511511511,0.02080807505271869
P02_L010,8.51951951951952,0.02077278471291281
P02_L010,8.527527527527528,0.02072060432762804
P02_L010,8.535535535535535,0.020651336786962536
P02_L010,8.543543543543542,0.020564836432917736
P02_L010,8.551551551551551,0.020461012068415486
P02_L010,8.55955955955956,0.020339829676971802
P02_L010,8.567567567567568,0.02020131480594002
P02_L010,8.575575575575575,0.020045554568973608
P02_L010,8.583583583583582,0.01987269922691256
P02_L010,8.591591591591591,0.01968296331061344
P02_L010,8.5995995995996,0.01947662625427987
P02_L010,8.607607607607608,0.019254032513528526
P02_L010,8.615615615615615,0.019015591148670175
P02_L010,8.623623623623622,0.018761774860394737
P02_L010,8.631631631631631,0.018493118472125442
P02_L010,8.63963963963964,0.01821021686062537
P02_L010,8.647647647647648,0.01791372234388764
P02_L010,8.655655655655655,0.01760434154279024
P02_L010,8.663663663663662,0.017282831740316598
P02_L010,8.671671671671671,0.016949996769212945
P02_L010,8.67967967967968,0.016606682465646345
P02_L010,8.687687687687689,0.016253771732626602
P02_L010,8.695695695695695,0.01589217926255227
P02_L010,8.703703703703702,0.015522845973134221
P02_L010,8.711711711711711,0.015146733215057486
P02_L010,8.71971971971972,0.014764816812987424
P02_L010,8.727727727727729,0.0143780810038513
P02_L010,8.735735735735735,0.013987512337699678
P02_L010,8.743743743743742,0.013594093606839722
P02_L010,8.751751751751751,0.013198797868339902
P02_L010,8.75975975975976,0.01280258262344048
P02_L010,8.767767767767769,0.01240638421489955
P02_L010,8.775775775775776,0.012011112499912489
P02_L010,8.783783783783782,0.011617645852019616
P02_L010,8.791791791791791,0.011226826540449951
P02_L010,8.7997997997998,0.010839456529721844
P02_L010,8.807807807807809,0.010456293736143953
P02_L010,8.815815815815816,0.010078048771238083
P02_L010,8.823823823823822,0.00970538219515473
P02_L010,8.831831831831831,0.009338902296003378
P02_L010,8.83983983983984,0.008979163403782924
P02_L010,8.847847847847849,0.008626664740404223
P02_L010,8.855855855855856,0.008281849800262104
P02_L010,8.863863863863862,0.007945106249050201
P02_L010,8.871871871871871,0.007616766322127297
P02_L010,8.87987987987988,0.00729710769782858
P02_L010,8.887887887887889,0.006986354815761311
P02_L010,8.895895895895896,0.006684680605399444
P02_L010,8.903903903903903,0.006392208586253326
P02_L010,8.911911911911911,0.006109015297588805
P02_L010,8.91991991991992,0.005835133013125515
P02_L010,8.927927927927929,0.0055705526943806635
P02_L010,8.935935935935936,0.005315227135336829
P02_L010,8.943943943943944,0.00506907425088425
P02_L010,8.951951951951951,0.0048319804619995615
P02_L010,8.95995995995996,0.004603804131825233
P02_L010,8.967967967967969,0.004384379008662827
P02_L010,8.975975975975976,0.004173517634323827
P02_L010,8.983983983983984,0.003971014679227964
P02_L010,8.991991991991991,0.0037766501690250044
P02_L010,9.0,0.0035901925712590503
P02_L026,1.5755,0.00041318939963509986
P02_L026,1.582931931931932,0.00042024896381103924
P02_L026,1.5903638638638637,0.00042752449691812815
P02_L026,1.5977957957957958,0.0004350452492624854
P02_L026,1.6052277277277276,0.0004428427335487935
P02_L026,1.6126596596596596,0.00045095079477092966
P02_L026,1.6200915915915914,0.00045940567783401073
P02_L026,1.6275235235235235,0.0004682460926028261
P02_L026,1.6349554554554553,0.0004775132760611094
P02_L026,1.6423873873873873,0.00048725105125559234
P02_L026,1.6498193193193191,0.0004975058826884609
P02_L026,1.6572512512512512,0.0005083269278119583
P02_L026,1.664683183183183,0.0005197660842689863
P02_L026,1.672115115115115,0.0005318780325145199
P02_L026,1.679547047047047,0.0005447202734438455
P02_L026,1.6869789789789789,0.0005583531606455631
P02_L026,1.694410910910911,0.0005728399268900168
P02_L026,1.7018428428428427,0.0005882467044573894
P02_L026,1.7092747747747747,0.0006046425389042877
P02_L026,1.7167067067067066,0.000622099395863335
P02_L026,1.7241386386386386,0.0006406921604674145
P02_L026,1.7315705705705704,0.0006604986289886247
P02_L026,1.7390025025025024,0.0006815994922820846
P02_L026,1.7464344344344342,0.000704078310626728
P02_L026,1.7538663663663663,0.000728021479558771
P02_L026,1.761298298298298,0.0007535181862996353
P02_L026,1.7687302302302301,0.0007806603563881517
P02_L026,1.7761621621621622,0.0008095425901373998
P02_L026,1.783594094094094,0.0008402620885496672
P02_L026,1.791026026026026,0.0008729185683389698
P02_L026,1.7984579579579578,0.000907614165729225
P02_L026,1.8058898898898899,0.0009444533287178482
P02_L026,1.8133218218218217,0.0009835426975197403
P02_L026,1.8207537537537537,0.0010249909729344653
P02_L026,1.8281856856856855,0.001068908772411212
P02_L026,1.8356176176176175,0.0011154084736211133
P02_L026,1.8430495495495496,0.0011646040453848574
P02_L026,1.8504814814814814,0.0012166108658459563
P02_L026,1.8579134134134132,0.001271545527825525
P02_L026,1.8653453453453452,0.0013295256313438579
P02_L026,1.8727772772772773,0.0013906695633471233
P02_L026,1.880209209209209,0.0014550962647339601
P02_L026,1.8876411411411411,0.0015229249848367106
P02_L026,1.895073073073073,0.0015942750235756048
P02_L026,1.902505005005005,0.0016692654615706392
P02_L026,1.9099369369369368,0.0017480148785658713
P02_L026,1.9173688688688688,0.0018306410605934628
P02_L026,1.9248008008008006,0.0019172606963800268
P02_L026,1.9322327327327327,0.002007989063575954
P02_L026,1.9396646646646647,0.002102939705468181
P02_L026,1.9470965965965965,0.002202224098918447
P02_L026,1.9545285285285283,0.002305951314353136
P02_L026,1.9619604604604604,0.0024142276687142937
P02_L026,1.9693923923923924,0.002527156372367415
P02_L026,1.9768243243243242,0.002644837171046537
P02_L026,1.9842562562562562,0.0027673659840026957
P02_L026,1.991688188188188,0.0028948345396067085
P02_L026,1.99912012012012,0.003027330009740401
P02_L026,2.006552052052052,0.003164934644392518
P02_L026,2.0139839839839837,0.003307725407955768
P02_L026,2.0214159159159157,0.0034557736187980103
P02_L026,2.0288478478478478,0.0036091445937544596
P02_L026,2.03627977977978,0.0037678972992587607
P02_L026,2.043711711711712,0.003932084010895279
P02_L026,2.0511436436436434,0.004101749983216972
P02_L026,2.0585755755755755,0.004276933131728099
P02_L026,2.0660075075075075,0.0044576637289808615
P02_L026,2.073439439439439,0.00464396411677808
P02_L026,2.080871371371371,0.0048358484365101755
P02_L026,2.088303303303303,0.005033322379684168
P02_L026,2.095735235235235,0.005236382960722043
P02_L026,2.1031671671671672,0.0054450183141204365
P02_L026,2.1105990990990993,0.005659207518066136
P02_L026,2.118031031031031,0.005878920446598279
P02_L026,2.125462962962963,0.006104117652393871
P02_L026,2.132894894894895,0.006334750282229104
P02_L026,2.1403268268268265,0.006570760027138368
P02_L026,2.1477587587587585,0.006812079109247145
P02_L026,2.1551906906906906,0.007058630307204582
P02_L026,2.1626226226226226,0.007310327022078905
P02_L026,2.1700545545545546,0.007567073385506407
P02_L026,2.1774864864864862,0.00782876441180265
P02_L026,2.1849184184184183,0.008095286195655284
P02_L026,2.1923503503503503,0.008366516156913856
P02_L026,2.1997822822822823,0.008642323333887115
P02_L026,2.207214214214214,0.008922568726435322
P02_L026,2.214646146146146,0.00920710569002323
P02_L026,2.222078078078078,0.009495780381762143
P02_L026,2.22951001001001,0.009788432259329806
P02_L026,2.236941941941942,0.010084894633508196
P02_L026,2.2443738738738737,0.010384995274926014
P02_L026,2.2518058058058057,0.010688557075432025
P02_L026,2.2592377377377377,0.01099539876436355
P02_L026,2.2666696696696693,0.01130533567980308
P02_L026,2.2741016016016014,0.011618180594748909
P02_L026,2.2815335335335334,0.0119337445979486
P02_L026,2.2889654654654654,0.012251838028969703
P02_L026,2.2963973973973975,0.012572271466909738
P02_L026,2.3038293293293295,0.012894856771965446
P02_L026,2.311261261261261,0.013219408178911521
P02_L026,2.318693193193193,0.013545743441364019
P02_L026,2.326125125125125,0.01387368502553158
P02_L026,2.3335570570570567,0.01420306135199184
P02_L026,2.3409889889889888,0.014533708083866118
P02_L026,2.348420920920921,0.014865469459606099
P02_L026,2.355852852852853,0.015198199668452586
P02_L026,2.363284784784785,0.01553176426647914
P02_L026,2.3707167167167165,0.0158660416309913
P02_L026,2.3781486486486485,0.016200924450918336
P02_L026,2.3855805805805805,0.01653632125070617
P02_L026,2.3930125125125126,0.016872157945100417
P02_L026,2.400444444444444,0.017208379422098404
P02_L026,2.407876376376376,0.01754495115124287
P02_L026,2.4153083083083082,0.017881860814334346
P02_L026,2.4227402402402403,0.018219119955554187
P02_L026,2.4301721721721723,0.01855676564790405
P02_L026,2.437604104104104,0.018894862172803735
P02_L026,2.445036036036036,0.019233502709616
P02_L026,2.452467967967968,0.0195728110318123
P02_L026,2.4598998998998995,0.01991294320644683
P02_L026,2.4673318318318316,0.02025408929354729
P02_L026,2.4747637637637636,0.020596475042006415
P02_L026,2.4821956956956956,0.02094036357850961
P02_L026,2.4896276276276277,0.021286057086007386
P02_L026,2.4970595595595597,0.0216338984682119
P02_L026,2.5044914914914913,0.021984272996567945
P02_L026,2.5119234234234233,0.022337609936120894
P02_L026,2.5193553553553554,0.022694384146680985
P02_L026,2.526787287287287,0.02305511765565136
P02_L026,2.534219219219219,0.023420381198862986
P02_L026,2.541651151151151,0.023790795725717507
P02_L026,2.549083083083083,0.024167033864913173
P02_L026,2.556515015015015,0.024549821346978164
P02_L026,2.5639469469469467,0.02493993837978793
P02_L026,2.5713788788788787,0.025338220973193975
P02_L026,2.5788108108108108,0.02574556220882053
P02_L026,2.5862427427427424,0.026162913451017615
P02_L026,2.5936746746746744,0.02659128549487823
P02_L026,2.6011066066066064,0.027031749647134756
P02_L026,2.6085385385385385,0.027485438735649993
P02_L026,2.6159704704704705,0.027953548043106
P02_L026,2.6234024024024025,0.028437336160375814
P02_L026,2.6308343343343346,0.02893812575492578
P02_L026,2.638266266266266,0.02945730424945787
P02_L026,2.645698198198198,0.029996324405852474
P02_L026,2.6531301301301298,0.03055670480930531
P02_L026,2.660562062062062,0.031140030247390413
P02_L026,2.667993993993994,0.03174795197860535
P02_L026,2.675425925925926,0.03238218788477052
P02_L026,2.682857857857858,0.03304452250147827
P02_L026,2.69028978978979,0.03373680692059254
P02_L026,2.6977217217217215,0.034460958558625826
P02_L026,2.7051536536536536,0.03521896078462555
P02_L026,2.712585585585585,0.03601286240103348
P02_L026,2.720017517517517,0.03684477697080278
P02_L026,2.7274494494494492,0.03771688198391153
P02_L026,2.7348813813813813,0.03863141785624723
P02_L026,2.7423133133133133,0.0395906867537263
P02_L026,2.7497452452452453,0.04059705123439566
P02_L026,2.7571771771771774,0.04165293270118001
P02_L026,2.764609109109109,0.04276080965789101
P02_L026,2.772041041041041,0.04392321576108002
P02_L026,2.7794729729729726,0.045142737660344545
P02_L026,2.7869049049049046,0.04642201261973401
P02_L026,2.7943368368368366,0.04776372591301448
P02_L026,2.8017687687687687,0.04917060798568367
P02_L026,2.8092007007007007,0.05064543137683312
P02_L026,2.8166326326326327,0.05219100739420237
P02_L026,2.824064564564565,0.05381018253608182
P02_L026,2.8314964964964964,0.05550583465409742
P02_L026,2.8389284284284284,0.05728086885134533
P02_L026,2.84636036036036,0.05913821311086375
P02_L026,2.853792292292292,0.0610808136499929
P02_L026,2.861224224224224,0.06311162999684528
P02_L026,2.868656156156156,0.06523362978582675
P02_L026,2.876088088088088,0.06744978326995976
P02_L026,2.88352002002002,0.06976305754864393
P02_L026,2.8909519519519518,0.07217641051045266
P02_L026,2.898383883883884,0.0746927844916039
P02_L026,2.9058158158158154,0.07731509965186573
P02_L026,2.9132477477477474,0.08004624707085174
P02_L026,2.9206796796796795,0.0828890815689276
P02_L026,2.9281116116116115,0.08584641425829719
P02_L026,2.9355435435435435,0.0889210048312426
P02_L026,2.9429754754754756,0.09211555359397043
P02_L026,2.9504074074074076,0.09543269325604889
P02_L026,2.957839339339339,0.09887498048699885
P02_L026,2.965271271271271,0.10244488725327235
P02_L026,2.972703203203203,0.10614479195046829
P02_L026,2.980135135135135,0.10997697034742605
P02_L026,2.987567067067067,0.11394358636048604
P02_L026,2.994998998998999,0.11804668267803992
P02_L026,3.002430930930931,0.12228817125719452
P02_L026,3.009862862862863,0.1266698237161484
P02_L026,3.017294794794795,0.13119326164763917
P02_L026,3.0247267267267266,0.13585994688049616
P02_L026,3.0321586586586586,0.14067117171805554
P02_L026,3.0395905905905902,0.14562804918377892
P02_L026,3.0470225225225223,0.1507315033060344
P02_L026,3.0544544544544543,0.15598225947544264
P02_L026,3.0618863863863863,0.16138083490963878
P02_L026,3.0693183183183184,0.16692752926158771
P02_L026,3.0767502502502504,0.17262241540879292
P02_L026,3.084182182182182,0.17846533046179705
P02_L026,3.091614114114114,0.18445586703134806
P02_L026,3.099046046046046,0.19059336479431085
P02_L026,3.1064779779779776,0.19687690239914213
P02_L026,3.1139099099099097,0.20330528975208084
P02_L026,3.1213418418418417,0.2098770607255556
P02_L026,3.1287737737737737,0.21659046633036852
P02_L026,3.136205705705706,0.22344346839307982
P02_L026,3.143637637637638,0.2304337337797064
P02_L026,3.1510695695695694,0.2375586292062703
P02_L026,3.1585015015015014,0.24481521667602463
P02_L026,3.165933433433433,0.2522002495821071
P02_L026,3.173365365365365,0.25971016951321096
P02_L026,3.180797297297297,0.26734110379840254
P02_L026,3.188229229229229,0.2750888638254854
P02_L026,3.195661161161161,0.28294894416543076
P02_L026,3.203093093093093,0.29091652253323574
P02_L026,3.2105250250250252,0.29898646061319256
P02_L026,3.217956956956957,0.30715330577396227
P02_L026,3.225388888888889,0.3154112936960522
P02_L026,3.2328208208208205,0.3237543519312552
P02_L026,3.2402527527527525,0.3321761044104528
P02_L026,3.2476846846846845,0.34066987691276185
P02_L026,3.2551166166166166,0.3492287035054974
P02_L026,3.2625485485485486,0.35784533396062584
P02_L026,3.2699804804804806,0.3665122421496715
P02_L026,3.277412412412412,0.37522163541498943
P02_L026,3.2848443443443442,0.3839654649112319
P02_L026,3.2922762762762763,0.3927354369068026
P02_L026,3.299708208208208,0.40152302503076864
P02_L026,3.30714014014014,0.4103194834465217
P02_L026,3.314572072072072,0.41911586092923303
P02_L026,3.322004004004004,0.42790301581981166
P02_L026,3.329435935935936,0.4366716318240383
P02_L026,3.336867867867868,0.4454122346211281
P02_L026,3.3442997997997996,0.4541152092421428
P02_L026,3.3517317317317317,0.4627708181745444
P02_L026,3.3591636636636633,0.4713692201454163
P02_L026,3.3665955955955953,0.47990048953211856
P02_L026,3.3740275275275273,0.48835463634570137
P02_L026,3.3814594594594594,0.4967216267290287
P02_L026,3.3888913913913914,0.5049914039085507
P02_L026,3.3963233233233234,0.5131539095356454
P02_L026,3.4037552552552555,0.521199105351133
P02_L026,3.411187187187187,0.5291169951039532
P02_L026,3.418619119119119,0.5368976466532882
P02_L026,3.4260510510510507,0.5445312141814531
P02_L026,3.4334829829829827,0.5520079604437123
P02_L026,3.4409149149149147,0.5593182789800476
P02_L026,3.448346846846847,0.5664527162132683
P02_L026,3.455778778778779,0.5734019933574824
P02_L026,3.463210710710711,0.5801570280610991
P02_L026,3.4706426426426424,0.5867089557087865
P02_L026,3.4780745745745745,0.5930491503077353
P02_L026,3.4855065065065065,0.599169244884581
P02_L026,3.492938438438438,0.6050611513209787
P02_L026,3.50037037037037,0.6107170795575196
P02_L026,3.507802302302302,0.616129556098045
P02_L026,3.515234234234234,0.6212914417488415
P02_L026,3.5226661661661662,0.6261959485301023
P02_L026,3.5300980980980983,0.6308366557002509
P02_L026,3.53753003003003,0.6352075248370798
P02_L026,3.544961961961962,0.6393029139236314
P02_L026,3.5523938938938935,0.643117590390443
P02_L026,3.5598258258258255,0.6466467430701799
P02_L026,3.5672577577577576,0.6498859930252842
P02_L026,3.5746896896896896,0.6528314032134
P02_L026,3.5821216216216216,0.6554794869607525
P02_L026,3.5895535535535537,0.6578272152179453
P02_L026,3.5969854854854852,0.6598720225781637
P02_L026,3.6044174174174173,0.6616118120425445
P02_L026,3.6118493493493493,0.6630449585226986
P02_L026,3.6192812812812813,0.6641703110755893
P02_L026,3.626713213213213,0.664987193871006
P02_L026,3.634145145145145,0.6654954058969871
P02_L026,3.641577077077077,0.6656952194136501
P02_L026,3.649009009009009,0.6655873771707419
P02_L026,3.6564409409409406,0.6651730884090012
P02_L026,3.6638728728728727,0.6644540236701846
P02_L026,3.6713048048048047,0.6634323084450067
P02_L026,3.6787367367367367,0.6621105156925254
P02_L026,3.6861686686686688,0.6604916572686462
P02_L026,3.6936006006006004,0.6585791743051124
P02_L026,3.7010325325325324,0.6563769265840516
P02_L026,3.7084644644644644,0.6538891809563501
P02_L026,3.7158963963963965,0.6511205988551931
P02_L026,3.723328328328328,0.6480762229586747
P02_L026,3.73076026026026,0.6447614630580376
P02_L026,3.738192192192192,0.6411820811898324
P02_L026,3.745624124124124,0.6373441760923579
P02_L026,3.7530560560560557,0.6332541670479316
P02_L026,3.760487987987988,0.628918777173721
P02_L026,3.76791991991992,0.624345016224681
P02_L026,3.775351851851852,0.6195401629724288
P02_L026,3.782783783783784,0.6145117472241612
P02_L026,3.7902157157157155,0.6092675315454124
P02_L026,3.7976476476476475,0.6038154927500053
P02_L026,3.8050795795795795,0.5981638032197124
P02_L026,3.8125115115115116,0.592320812115118
P02_L026,3.819943443443443,0.5862950265377658
P02_L026,3.827375375375375,0.5800950927021034
P02_L026,3.8348073073073072,0.5737297771740351
P02_L026,3.8422392392392393,0.5672079482305092
P02_L026,3.849671171171171,0.5605385573928015
P02_L026,3.857103103103103,0.5537306211833
P02_L026,3.864535035035035,0.5467932031533111
P02_L026,3.871966966966967,0.5397353962265012
P02_L026,3.879398898898899,0.5325663053999854
P02_L026,3.8868308308308306,0.5252950308418535
P02_L026,3.8942627627627626,0.5179306514212574
P02_L026,3.9016946946946947,0.5104822087038531
P02_L026,3.9091266266266267,0.502958691442522
P02_L026,3.9165585585585583,0.4953690205901261
P02_L026,3.9239904904904903,0.48772203485791726
P02_L026,3.9314224224224223,0.48002647684029787
P02_L026,3.9388543543543544,0.47229097972352185
P02_L026,3.946286286286286,0.46452405459306845
P02_L026,3.953718218218218,0.45673407835139007
P02_L026,3.96115015015015,0.448929282255206
P02_L026,3.968582082082082,0.4411177410786117
P02_L026,3.976014014014014,0.43330736290586075
P02_L026,3.9834459459459457,0.42550587955518504
P02_L026,3.9908778778778777,0.4177208376327335
P02_L026,3.9983098098098098,0.40995959021357953
P02_L026,4.005741741741742,0.4022292891447309
P02_L026,4.013173673673673,0.39453687796321674
P02_L026,4.020605605605605,0.38688908542067985
P02_L026,4.0280375375375375,0.3792924196042952
P02_L026,4.0354694694694695,0.37175316264253055
P02_L026,4.0429014014014015,0.36427736598305677
P02_L026,4.050333333333333,0.3568708462289886
P02_L026,4.057765265265266,0.3495391815187615
P02_L026,4.065197197197197,0.34228770843429923
P02_L026,4.07262912912913,0.33512151942130175
P02_L026,4.080061061061061,0.3280454607052712
P02_L026,4.087492992992993,0.32106413068629
P02_L026,4.094924924924925,0.3141818787955993
P02_L026,4.102356856856857,0.30740280479673493
P02_L026,4.109788788788789,0.30073075851405
P02_L026,4.11722072072072,0.29416933997163947
P02_L026,4.124652652652653,0.28772189992570485
P02_L026,4.132084584584584,0.2813915407738488
P02_L026,4.139516516516516,0.27518111782496524
P02_L026,4.146948448448448,0.2690932409139468
P02_L026,4.15438038038038,0.263130276345758
P02_L026,4.161812312312312,0.2572943491539829
P02_L026,4.169244244244244,0.25158734565944646
P02_L026,4.176676176176176,0.24601091631507363
P02_L026,4.1841081081081075,0.24056647882369522
P02_L026,4.19154004004004,0.23525522151607106
P02_L026,4.198971971971972,0.23007810697697242
P02_L026,4.206403903903904,0.2250358759077223
P02_L026,4.213835835835836,0.22012905121410775
P02_L026,4.221267767767768,0.2153579423091055
P02_L026,4.2286996996997,0.21072264962037315
P02_L026,4.236131631631631,0.20622306929287315
P02_L026,4.243563563563564,0.20185889807744997
P02_L026,4.250995495495495,0.19762963839657072
P02_L026,4.258427427427428,0.1935346035787416
P02_L026,4.265859359359359,0.18957292325347627
P02_L026,4.273291291291291,0.18574354889886294
P02_L026,4.280723223223223,0.18204525953410527
P02_L026,4.288155155155155,0.17847666754944058
P02_L026,4.295587087087087,0.17503622466607233
P02_L026,4.303019019019018,0.17172222801878212
P02_L026,4.310450950950951,0.16853282635390768
P02_L026,4.317882882882882,0.1654660263354196
P02_L026,4.325314814814815,0.16251969895171672
P02_L026,4.332746746746746,0.1596915860157621
P02_L026,4.3401786786786785,0.15697930675097965
P02_L026,4.3476106106106105,0.15438036445528408
P02_L026,4.3550425425425425,0.151892153235373
P02_L026,4.362474474474475,0.14951196480326645
P02_L026,4.369906406406406,0.14723699532687298
P02_L026,4.377338338338339,0.14506435232610287
P02_L026,4.38477027027027,0.14299106160588362
P02_L026,4.392202202202203,0.14101407421712076
P02_L026,4.399634134134134,0.13913027343648807
P02_L026,4.407066066066066,0.13733648175561697
P02_L026,4.414497997997998,0.1356294678701017
P02_L026,4.42192992992993,0.13400595365844112
P02_L026,4.429361861861862,0.13246262114090174
P02_L026,4.436793793793793,0.13099611940803235
P02_L026,4.444225725725726,0.12960307150844386
P02_L026,4.451657657657657,0.12828008128526824
P02_L026,4.45908958958959,0.12702374015063633
P02_L026,4.466521521521521,0.1258306337873905
P02_L026,4.473953453453453,0.1246973487671777
P02_L026,4.481385385385385,0.12362047907407328
P02_L026,4.488817317317317,0.12259663252284538
P02_L026,4.496249249249249,0.12162243706103476
P02_L026,4.5036811811811805,0.12069454694410381
P02_L026,4.5111131131131135,0.11980964877298934
P02_L026,4.518545045045045,0.11896446738358389
P02_L026,4.5259769769769775,0.11815577157784304
P02_L026,4.533408908908909,0.11738037968643068
P02_L026,4.540840840840841,0.11663516495312058
P02_L026,4.548272772772773,0.11591706073142942
P02_L026,4.555704704704705,0.11522306548435472
P02_L026,4.563136636636637,0.11455024757841674
P02_L026,4.570568568568568,0.11389574986367178
P02_L026,4.578000500500501,0.11325679403176718
P02_L026,4.585432432432432,0.11263068474464058
P02_L026,4.592864364364364,0.11201481352693758
P02_L026,4.600296296296296,0.11140666241579172
P02_L026,4.607728228228228,0.11080380736218248
P02_L026,4.61516016016016,0.11020392137866929
P02_L026,4.622592092092092,0.10960477742893572
P02_L026,4.630024024024024,0.10900425105521003
P02_L026,4.637455955955955,0.10840032274028975
P02_L026,4.644887887887888,0.10779108000156726
P02_L026,4.6523198198198195,0.10717471921516
P02_L026,4.6597517517517515,0.10654954716890754
P02_L026,4.6671836836836835,0.10591398234375358
P02_L026,4.674615615615616,0.10526655592369238
P02_L026,4.682047547547548,0.10460591253520095
P02_L026,4.689479479479479,0.10393081071777939
P02_L026,4.696911411411412,0.10324012312791866
P02_L026,4.704343343343343,0.10253283647953378
P02_L026,4.711775275275276,0.10180805122456495
P02_L026,4.719207207207207,0.1010649809781566
P02_L026,4.726639139139139,0.1003029516934573
P02_L026,4.734071071071071,0.09952140059174738
P02_L026,4.741503003003003,0.09871987485422144
P02_L026,4.748934934934935,0.09789803008234635
P02_L026,4.756366866866866,0.09705562853431307
P02_L026,4.763798798798799,0.09619253714561954
P02_L026,4.77123073073073,0.09530872534237157
P02_L026,4.778662662662663,0.09440426265636588
P02_L026,4.786094594594594,0.0934793161514592
P02_L026,4.793526526526526,0.0925341476711766
P02_L026,4.800958458458458,0.0915691109178771
P02_L026,4.80839039039039,0.09058464837413469
P02_L026,4.815822322322322,0.08958128807731498
P02_L026,4.823254254254254,0.08855964025857753
P02_L026,4.8306861861861865,0.08752039385776869
P02_L026,4.838118118118118,0.08646431292583678
P02_L026,4.845550050050051,0.08539223292654663
P02_L026,4.852981981981982,0.08430505694937317
P02_L026,4.860413913913914,0.08320375184548753
P02_L026,4.867845845845846,0.0820893442987609
P02_L026,4.875277777777778,0.08096291684368577
P02_L026,4.88270970970971,0.07982560384203509
P02_L026,4.890141641641641,0.07867858742991908
P02_L026,4.897573573573574,0.07752309344681602
P02_L026,4.905005505505505,0.07636038735786299
P02_L026,4.912437437437438,0.0751917701805101
P02_L026,4.919869369369369,0.07401857442633683
P02_L026,4.927301301301301,0.0728421600685151
P02_L026,4.934733233233233,0.0716639105450612
P02_L026,4.942165165165165,0.07048522880761422
P02_L026,4.949597097097097,0.06930753342509736
P02_L026,4.957029029029028,0.06813225475113346
P02_L026,4.964460960960961,0.0669608311636567
P02_L026,4.9718928928928925,0.06579470538464498
P02_L026,4.9793248248248245,0.06463532088738486
P02_L026,4.986756756756757,0.06348411839816524
P02_L026,4.994188688688689,0.06234253249872484
P02_L026,5.001620620620621,0.061211988335235216
P02_L026,5.009052552552553,0.060093898439015754
P02_L026,5.016484484484485,0.058989659663617536
P02_L026,5.023916416416416,0.05790065024229749
P02_L026,5.031348348348349,0.05682822696936384
P02_L026,5.03878028028028,0.05577372250824491
P02_L026,5.046212212212212,0.05473844282859422
P02_L026,5.053644144144144,0.05372366477414582
P02_L026,5.061076076076076,0.052730633762487926
P02_L026,5.068508008008008,0.051760561617370186
P02_L026,5.075939939939939,0.05081462453362562
P02_L026,5.083371871871872,0.04989396117427438
P02_L026,5.090803803803803,0.04899967089888632
P02_L026,5.098235735735736,0.04813281212179579
P02_L026,5.105667667667667,0.0472944007983284
P02_L026,5.113099599599599,0.046485409036772556
P02_L026,5.120531531531531,0.045706763833432446
P02_L026,5.127963463463463,0.044959345927747536
P02_L026,5.1353953953953955,0.04424398877412338
P02_L026,5.142827327327327,0.04356147762683207
P02_L026,5.1502592592592595,0.04291254873406386
P02_L026,5.157691191191191,0.042297888636999244
P02_L026,5.165123123123124,0.04171813356956365
P02_L026,5.172555055055055,0.04117386895438137
P02_L026,5.179986986986987,0.0406656289903171
P02_L026,5.187418918918919,0.04019389632691197
P02_L026,5.194850850850851,0.03975910182097395
P02_L026,5.202282782782783,0.03936162437056929
P02_L026,5.209714714714714,0.03900179082167861
P02_L026,5.217146646646647,0.038679875942842515
P02_L026,5.224578578578578,0.03839610246321535
P02_L026,5.232010510510511,0.03815064116955094
P02_L026,5.239442442442442,0.03794361105781214
P02_L026,5.246874374374374,0.03777507953526658
P02_L026,5.254306306306306,0.03764506266913671
P02_L026,5.261738238238238,0.03755352547811295
P02_L026,5.26917017017017,0.037500382263279224
P02_L026,5.2766021021021015,0.037485496975290904
P02_L026,5.284034034034034,0.03750868361492254
P02_L026,5.2914659659659655,0.03756970666442525
P02_L026,5.2988978978978984,0.03766828154744849
P02_L026,5.30632982982983,0.03780407511560949
P02_L026,5.313761761761762,0.03797670616015029
P02_L026,5.321193693693694,0.03818574594744421
P02_L026,5.328625625625626,0.03843071877748377
P02_L026,5.336057557557558,0.03871110256481056
P02_L026,5.343489489489489,0.03902632944170623
P02_L026,5.350921421421422,0.03937578638378943
P02_L026,5.358353353353353,0.03975881585849563
P02_L026,5.365785285285285,0.040174716497239776
P02_L026,5.373217217217217,0.040622743792350265
P02_L026,5.380649149149149,0.04110211082016377
P02_L026,5.388081081081081,0.04161198899191969
P02_L026,5.395513013013013,0.042151508834357046
P02_L026,5.402944944944945,0.042719760802114426
P02_L026,5.410376876876876,0.0433157961242512
P02_L026,5.417808808808809,0.04393862768735573
P02_L026,5.42524074074074,0.04458723095785494
P02_L026,5.432672672672672,0.045260544946244215
P02_L026,5.440104604604604,0.045957473216026404
P02_L026,5.4475365365365365,0.04667688494019538
P02_L026,5.4549684684684685,0.04741761600810009
P02_L026,5.4624004004004,0.04817847018550336
P02_L026,5.469832332332333,0.048958220330577604
P02_L026,5.477264264264264,0.049755609668488195
P02_L026,5.484696196196197,0.05056935312708053
P02_L026,5.492128128128128,0.05139813873600332
P02_L026,5.49956006006006,0.05224062909142155
P02_L026,5.506991991991992,0.053095462888207656
P02_L026,5.514423923923924,0.053961256521250306
P02_L026,5.521855855855856,0.0548366057572046
P02_L026,5.529287787787787,0.05572008747768381
P02_L026,5.53671971971972,0.05661026149453154
P02_L026,5.544151651651651,0.05750567243741774
P02_L026,5.551583583583584,0.0584048517136211
P02_L026,5.559015515515515,0.05930631953938337
P02_L026,5.566447447447447,0.060208587041824774
P02_L026,5.573879379379379,0.06111015842990224
P02_L026,5.581311311311311,0.06200953323243072
P02_L026,5.588743243243243,0.06290520860071085
P02_L026,5.596175175175175,0.06379568167278311
P02_L026,5.603607107107107,0.06467945199585409
P02_L026,5.611039039039039,0.06555502400293554
P02_L026,5.618470970970971,0.06642090953923224
P02_L026,5.625902902902903,0.0672756304333391
P02_L026,5.633334834834835,0.06811772110782156
P02_L026,5.640766766766767,0.0689457312232922
P02_L026,5.648198698698699,0.0697582283496456
P02_L026,5.655630630630631,0.0705538006576938
P02_L026,5.663062562562563,0.07133105962403352
P02_L026,5.670494494494495,0.07208864274160881
P02_L026,5.677926426426426,0.07282521622807905
P02_L026,5.685358358358358,0.07353947772380383
P02_L026,5.69279029029029,0.07423015897096162
P02_L026,5.700222222222222,0.07489602846509445
P02_L026,5.707654154154154,0.07553589407018084
P02_L026,5.715086086086086,0.07614860558816516
P02_L026,5.722518018018018,0.07673305727377554
P02_L026,5.72994994994995,0.07728819028541241
P02_L026,5.737381881881881,0.07781299506284928
P02_L026,5.744813813813813,0.07830651362254526
P02_L026,5.752245745745745,0.07876784176144556
P02_L026,5.7596776776776775,0.07919613116028158
P02_L026,5.7671096096096095,0.07959059137756308
P02_L026,5.7745415415415415,0.07995049172571202
P02_L026,5.781973473473474,0.08027516302103878
P02_L026,5.789405405405406,0.08056399919963086
P02_L026,5.796837337337338,0.08081645879158612
P02_L026,5.804269269269269,0.08103206624645692
P02_L026,5.811701201201201,0.08121041310324466
P02_L026,5.819133133133133,0.08135115899880026
P02_L026,5.826565065065065,0.08145403250904772
P02_L026,5.833996996996997,0.08151883181802431
P02_L026,5.841428928928929,0.08154542521037995
P02_L026,5.848860860860861,0.08153375138362451
P02_L026,5.856292792792793,0.0814838195770935
P02_L026,5.863724724724725,0.08139570951534043
P02_L026,5.871156656656656,0.08126957116435472
P02_L026,5.878588588588588,0.08110562429980187
P02_L026,5.88602052052052,0.08090415788719046
P02_L026,5.893452452452452,0.08066552927469627
P02_L026,5.900884384384384,0.08039016320010132
P02_L026,5.908316316316316,0.08007855061410607
P02_L026,5.915748248248248,0.07973124732303605
P02_L026,5.92318018018018,0.07934887245473068
P02_L026,5.930612112112112,0.07893210675213416
P02_L026,5.938044044044044,0.07848169069986824
P02_L026,5.945475975975976,0.0779984224897408
P02_L026,5.952907907907908,0.07748315583187257
P02_L026,5.96033983983984,0.07693679761873529
P02_L026,5.967771771771772,0.07636030545005895
P02_L026,5.975203703703704,0.0757546850271233
P02_L026,5.982635635635636,0.07512098742550942
P02_L026,5.990067567567568,0.07446030625590172
P02_L026,5.997499499499499,0.07377377472296659
P02_L026,6.004931431431431,0.07306256259277205
P02_L026,6.012363363363363,0.07232787307956025
P02_L026,6.019795295295295,0.07157093966300085
P02_L026,6.027227227227227,0.07079302284730507
P02_L026,6.034659159159159,0.06999540687379605
P02_L026,6.042091091091091,0.06917939639865957
P02_L026,6.049523023023023,0.06834631314770329
P02_L026,6.056954954954955,0.06749749255998562
P02_L026,6.064386886886886,0.06663428043214323
P02_L026,6.0718188188188185,0.06575802957517907
P02_L026,6.0792507507507505,0.06487009649533165
P02_L026,6.0866826826826825,0.06397183811046088
P02_L026,6.094114614614615,0.06306460851314177
P02_L026,6.101546546546547,0.062149755791368354
P02_L026,6.108978478478479,0.061228618917423795
P02_L026,6.116410410410411,0.06030252471508602
P02_L026,6.123842342342342,0.05937278491490308
P02_L026,6.131274274274274,0.05844069330679588
P02_L026,6.138706206206206,0.05750752299873111
P02_L026,6.146138138138138,0.0565745237896561
P02_L026,6.15357007007007,0.05564291966430188
P02_L026,6.161002002002002,0.05471390641684841
P02_L026,6.168433933933934,0.05378864940980579
P02_L026,6.175865865865866,0.0528682814738103
P02_L026,6.183297797797798,0.05195390095333664
P02_L026,6.190729729729729,0.051046569902663964
P02_L026,6.198161661661661,0.050147312435694966
P02_L026,6.205593593593593,0.04925711323254306
P02_L026,6.213025525525525,0.048376916205072736
P02_L026,6.220457457457457,0.04750762332287176
P02_L026,6.227889389389389,0.0466500936004219
P02_L026,6.235321321321321,0.04580514224553651
P02_L026,6.2427532532532535,0.04497353996844374
P02_L026,6.2501851851851855,0.04415601245021995
P02_L026,6.257617117117117,0.04335323996862606
P02_L026,6.265049049049049,0.042565857178761456
P02_L026,6.272480980980981,0.0417944530453487
P02_L026,6.279912912912913,0.04103957092287174
P02_L026,6.287344844844845,0.04030170877925251
P02_L026,6.294776776776777,0.03958131955821822
P02_L026,6.302208708708709,0.03887881167503877
P02_L026,6.309640640640641,0.038194549639862976
P02_L026,6.317072572572572,0.03752885480246968
P02_L026,6.324504504504504,0.036882006211888
P02_L026,6.331936436436436,0.03625424158400545
P02_L026,6.339368368368368,0.035645758370002334
P02_L026,6.3468003003003,0.03505671491820224
P02_L026,6.354232232232232,0.03448723172173285
P02_L026,6.361664164164164,0.03393739274422917
P02_L026,6.369096096096096,0.03340724681570193
P02_L026,6.376528028028028,0.032896809090621065
P02_L026,6.3839599599599595,0.03240606256023796
P02_L026,6.3913918918918915,0.03193495961118207
P02_L026,6.3988238238238235,0.031483423622429736
P02_L026,6.406255755755756,0.031051350592826262
P02_L026,6.413687687687688,0.030638610791493784
P02_L026,6.42111961961962,0.03024505042361444
P02_L026,6.428551551551552,0.029870493304293942
P02_L026,6.435983483483484,0.029514742533453864
P02_L026,6.443415415415416,0.029177582164965812
P02_L026,6.450847347347347,0.028858778863556915
P02_L026,6.458279279279279,0.02855808354333595
P02_L026,6.465711211211211,0.02827523298215356
P02_L026,6.473143143143143,0.028009951406387512
P02_L026,6.480575075075075,0.027761952041142138
P02_L026,6.488007007007007,0.02753093862127326
P02_L026,6.495438938938939,0.02731660685908021
P02_L026,6.502870870870871,0.027118645864951524
P02_L026,6.510302802802802,0.0269367395177118
P02_L026,6.517734734734734,0.026770567781871087
P02_L026,6.525166666666666,0.02661980796945503
P02_L026,6.532598598598598,0.02648413594455349
P02_L026,6.54003053053053,0.02636322726919984
P02_L026,6.547462462462462,0.026256758289649858
P02_L026,6.5548943943943945,0.02616440716259375
P02_L026,6.5623263263263265,0.026085854821273093
P02_L026,6.5697582582582585,0.026020785881920472
P02_L026,6.57719019019019,0.02596888949135261
P02_L026,6.584622122122122,0.025929860116958487
P02_L026,6.592054054054054,0.025903398280709398
P02_L026,6.599485985985986,0.025889211239180913
P02_L026,6.606917917917918,0.025887013611923318
P02_L026,6.61434984984985,0.025896527960829568
P02_L026,6.621781781781782,0.025917485323445323
P02_L026,6.629213713713714,0.025949625703425457
P02_L026,6.636645645645646,0.02599269852157245
P02_L026,6.644077577577577,0.02604646303109709
P02_L026,6.651509509509509,0.026110688700906756
P02_L026,6.658941441441441,0.02618515557086385
P02_L026,6.666373373373373,0.0262696545830587
P02_L026,6.673805305305305,0.026363987893204096
P02_L026,6.681237237237237,0.026467969166293057
P02_L026,6.688669169169169,0.026581423860654287
P02_L026,6.696101101101101,0.026704189504498762
P02_L026,6.7035330330330325,0.026836115968978173
P02_L026,6.7109649649649645,0.026977065741657404
P02_L026,6.718396896896897,0.027126914204164323
P02_L026,6.725828828828829,0.027285549917595266
P02_L026,6.733260760760761,0.027452874919040585
P02_L026,6.740692692692693,0.02762880503235055
P02_L026,6.748124624624625,0.027813270195984095
P02_L026,6.755556556556557,0.02800621481047644
P02_L026,6.762988488488489,0.02820759810772675
P02_L026,6.77042042042042,0.028417394543949575
P02_L026,6.777852352352352,0.028635594217746103
P02_L026,6.785284284284284,0.02886220331434696
P02_L026,6.792716216216216,0.029097244576655464
P02_L026,6.800148148148148,0.029340757803270383
P02_L026,6.80758008008008,0.02959280037321956
P02_L026,6.815012012012012,0.029853447796659174
P02_L026,6.822443943943944,0.03012279429031734
P02_L026,6.829875875875876,0.03040095337598161
P02_L026,6.837307807807807,0.0306880584998349
P02_L026,6.844739739739739,0.03098426366996285
P02_L026,6.852171671671671,0.031289744108871344
P02_L026,6.859603603603603,0.03160469691737291
P02_L026,6.8670355355355355,0.031929341745733995
P02_L026,6.8744674674674675,0.032263921467523146
P02_L026,6.8818993993993995,0.03260870285115395
P02_L026,6.889331331331332,0.03296397722370445
P02_L026,6.896763263263263,0.033330061121193674
P02_L026,6.904195195195195,0.03370729691912268
P02_L026,6.911627127127127,0.034096053436748056
P02_L026,6.919059059059059,0.03449672650824103
P02_L026,6.926490990990991,0.03490973951361014
P02_L026,6.933922922922923,0.03533554386202338
P02_L026,6.941354854854855,0.03577461941996565
P02_L026,6.948786786786787,0.0362274748765111
P02_L026,6.956218718718719,0.03669464803787112
P02_L026,6.96365065065065,0.037176706043315105
P02_L026,6.971082582582582,0.037674245494540105
P02_L026,6.978514514514514,0.038187892490593456
P02_L026,6.985946446446446,0.03871830256053727
P02_L026,6.993378378378378,0.03926616048617251
P02_L026,7.00081031031031,0.039832180007334864
P02_L026,7.008242242242242,0.04041710340250075
P02_L026,7.015674174174174,0.04102170093775478
P02_L026,7.023106106106106,0.04164677017749892
P02_L026,7.030538038038038,0.042293135150701176
P02_L026,7.03796996996997,0.042961645366926336
P02_L026,7.045401901901902,0.043653174676901725
P02_L026,7.052833833833834,0.0443686199729306
P02_L026,7.060265765765766,0.045108899725069554
P02_L026,7.067697697697698,0.0458749523496452
P02_L026,7.07512962962963,0.04666773440738073
P02_L026,7.082561561561562,0.047488218629150314
P02_L026,7.089993493493493,0.048337391768161514
P02_L026,7.097425425425425,0.049216252278184346
P02_L026,7.104857357357357,0.050125807818299485
P02_L026,7.112289289289289,0.051067072585530136
P02_L026,7.119721221221221,0.05204106447761383
P02_L026,7.127153153153153,0.053048802089131375
P02_L026,7.134585085085085,0.054091301545125516
P02_L026,7.142017017017017,0.055169573177339386
P02_L026,7.149448948948949,0.05628461804914972
P02_L026,7.15688088088088,0.05743742433626144
P02_L026,7.164312812812812,0.05862896357119903
P02_L026,7.171744744744744,0.059860186760588796
P02_L026,7.1791766766766765,0.06113202038520098
P02_L026,7.1866086086086085,0.0624453622936341
P02_L026,7.1940405405405405,0.06380107750145689
P02_L026,7.201472472472473,0.06519999390850338
P02_L026,7.208904404404405,0.06664289794786458
P02_L026,7.216336336336337,0.06813053018094385
P02_L026,7.223768268268268,0.06966358085370679
P02_L026,7.2312002002002,0.07124268542997776
P02_L026,7.238632132132132,0.07286842011829996
P02_L026,7.246064064064064,0.07454129740948794
P02_L026,7.253495995995996,0.07626176164253957
P02_L026,7.260927927927928,0.07803018461705004
P02_L026,7.26835985985986,0.07984686127067032
P02_L026,7.275791791791792,0.08171200544048766
P02_L026,7.283223723723724,0.08362574572743672
P02_L026,7.290655655655655,0.08558812148302566
P02_L026,7.298087587587587,0.08759907893772911
P02_L026,7.305519519519519,0.08965846749039612
P02_L026,7.312951451451451,0.09176603617790441
P02_L026,7.320383383383383,0.09392143034411896
P02_L026,7.327815315315315,0.09612418852690269
P02_L026,7.335247247247247,0.09837373958155868
P02_L026,7.3426791791791794,0.10066940005859387
P02_L026,7.350111111111111,0.1030103718531496
P02_L026,7.357543043043043,0.10539574014273816
P02_L026,7.364974974974975,0.10782447162920168
P02_L026,7.372406906906907,0.11029541309995819
P02_L026,7.379838838838839,0.1128072903226423
P02_L026,7.387270770770771,0.11535870728624865
P02_L026,7.394702702702703,0.1179481458007789
P02_L026,7.402134634634635,0.12057396546620451
P02_L026,7.409566566566567,0.12323440402029738
P02_L026,7.416998498498498,0.12592757807357413
P02_L026,7.42443043043043,0.12865148423818634
P02_L026,7.431862362362362,0.13140400065614116
P02_L026,7.439294294294294,0.13418288893076044
P02_L026,7.446726226226226,0.13698579646368833
P02_L026,7.454158158158158,0.13981025919821452
P02_L026,7.46159009009009,0.1426537047680165
P02_L026,7.469022022022022,0.1455134560488012
P02_L026,7.476453953953954,0.14838673510864095
P02_L026,7.483885885885885,0.15127066755111415
P02_L026,7.4913178178178175,0.1541622872437005
P02_L026,7.4987497497497495,0.15705854142216402
P02_L026,7.5061816816816815,0.15995629616002602
P02_L026,7.513613613613614,0.16285234219055908
P02_L026,7.521045545545546,0.16574340106711805
P02_L026,7.528477477477478,0.16862613164607335
P02_L026,7.53590940940941,0.17149713687501725
P02_L026,7.543341341341341,0.17435297086750126
P02_L026,7.550773273273273,0.17719014624408133
P02_L026,7.558205205205205,0.18000514171813714
P02_L026,7.565637137137137,0.18279440990362858
P02_L026,7.573069069069069,0.18555438532076488
P02_L026,7.580501001001001,0.1882814925744706
P02_L026,7.587932932932933,0.19097215467948694
P02_L026,7.595364864864865,0.19362280150508254
P02_L026,7.602796796796797,0.19622987831151434
P02_L026,7.610228728728728,0.19878985434970836
P02_L026,7.61766066066066,0.20129923149503362
P02_L026,7.625092592592592,0.20375455288562758
P02_L026,7.632524524524524,0.20615241153536815
P02_L026,7.639956456456456,0.20848945889139997
P02_L026,7.647388388388388,0.21076241330605747
P02_L026,7.6548203203203204,0.2129680683930641
P02_L026,7.6622522522522525,0.21510330123810195
P02_L026,7.6696841841841845,0.21716508043414415
P02_L026,7.677116116116116,0.21915047391241102
P02_L026,7.684548048048048,0.22105665654038295
P02_L026,7.69197997997998,0.2228809174590213
P02_L026,7.699411911911912,0.22462066713218243
P02_L026,7.706843843843844,0.22627344408217562
P02_L026,7.714275775775776,0.22783692128649213
P02_L026,7.721707707707708,0.2293089122119311
P02_L026,7.72913963963964,0.2306873764636515
P02_L026,7.736571571571571,0.23197042502810591
P02_L026,7.744003503503503,0.23315632509029072
P02_L026,7.751435435435435,0.23424350440740588
P02_L026,7.758867367367367,0.23523055522263292
P02_L026,7.766299299299299,0.23611623770457352
P02_L026,7.773731231231231,0.236899482899698
P02_L026,7.781163163163163,0.23757939518704096
P02_L026,7.788595095095095,0.23815525422634887
P02_L026,7.796027027027027,0.23862651639288193
P02_L026,7.8034589589589585,0.23899281569407102
P02_L026,7.8108908908908905,0.23925396416532527
P02_L026,7.8183228228228225,0.23940995174430457
P02_L026,7.825754754754755,0.23946094562508785
P02_L026,7.833186686686687,0.23940728909569814
P02_L026,7.840618618618619,0.2392494998645169
P02_L026,7.848050550550551,0.23898826788313998
P02_L026,7.855482482482483,0.23862445267520277
P02_L026,7.862914414414415,0.23815908018268966
P02_L026,7.870346346346346,0.23759333914306957
P02_L026,7.877778278278278,0.2369285770124965
P02_L026,7.88521021021021,0.2361662954520103
P02_L026,7.892642142142142,0.23530814539539963
P02_L026,7.900074074074074,0.23435592171891198
P02_L026,7.907506006006006,0.23331155753456675
P02_L026,7.914937937937938,0.23217711813012404
P02_L026,7.92236986986987,0.23095479458010376
P02_L026,7.929801801801801,0.22964689705338295
P02_L026,7.937233733733733,0.22825584784391503
P02_L026,7.944665665665665,0.22678417415206342
P02_L026,7.952097597597597,0.22523450064480804
P02_L026,7.959529529529529,0.22360954182368636
P02_L026,7.9669614614614614,0.22191209422992408
P02_L026,7.9743933933933935,0.22014502851648382
P02_L026,7.9818253253253255,0.21831128141707626
P02_L026,7.9892572572572575,0.2164138476421998
P02_L026,7.996689189189189,0.21445577173227617
P02_L026,8.00412112112112,0.21244013989773028
P02_L026,8.011553053053053,0.21037007187555817
P02_L026,8.018984984984986,0.2082487128314516
P02_L026,8.026416916916917,0.20607922533598333
P02_L026,8.033848848848848,0.20386478144261977
P02_L026,8.041280780780781,0.20160855489450996
P02_L026,8.048712712712714,0.19931371348604848
P02_L026,8.056144644644645,0.19698341160412977
P02_L026,8.063576576576576,0.19462078297288174
P02_L026,8.071008508508509,0.19222893362437316
P02_L026,8.07844044044044,0.1898109351164812
P02_L026,8.085872372372371,0.18736981801762265
P02_L026,8.093304304304304,0.18490856567661937
P02_L026,8.100736236236237,0.18243010829435735
P02_L026,8.108168168168168,0.17993731731229873
P02_L026,8.1156001001001,0.1774330001312655
P02_L026,8.123032032032032,0.17491989517217352
P02_L026,8.130463963963964,0.17240066728874381
P02_L026,8.137895895895895,0.1698779035403963
P02_L026,8.145327827827828,0.16735410933187647
P02_L026,8.15275975975976,0.16483170492436502
P02_L026,8.160191691691692,0.16231302232111117
P02_L026,8.167623623623623,0.15980030252894126
P02_L026,8.175055555555556,0.15729569319530262
P02_L026,8.182487487487489,0.1548012466188664
P02_L026,8.189919419419418,0.15231891813013784
P02_L026,8.197351351351351,0.14985056483696876
P02_L026,8.204783283283284,0.14739794472842346
P02_L026,8.212215215215215,0.1449627161290189
P02_L026,8.219647147147146,0.1425464374940359
P02_L026,8.227079079079079,0.1401505675353766
P02_L026,8.234511011011012,0.13777646566625773
P02_L026,8.241942942942943,0.13542539275195192
P02_L026,8.249374874874874,0.13309851215283844
P02_L026,8.256806806806807,0.1307968910451396
P02_L026,8.264238738738738,0.12852150200391324
P02_L026,8.27167067067067,0.1262732248322272
P02_L026,8.279102602602602,0.12405284861985068
P02_L026,8.286534534534535,0.12186107401433212
P02_L026,8.293966466466467,0.11969851568695135
P02_L026,8.301398398398398,0.11756570497578712
P02_L026,8.30883033033033,0.1154630926879738
P02_L026,8.316262262262262,0.11339105204313445
P02_L026,8.323694194194193,0.11134988174003546
P02_L026,8.331126126126126,0.1093398091286172
P02_L026,8.338558058058059,0.1073609934697829
P02_L026,8.34598998998999,0.10541352926559941
P02_L026,8.353421921921921,0.1034974496429828
P02_L026,8.360853853853854,0.10161272977437842
P02_L026,8.368285785785787,0.09975929031946984
P02_L026,8.375717717717718,0.09793700087255755
P02_L026,8.38314964964965,0.0961456834009026
P02_L026,8.390581581581582,0.09438511566002658
P02_L026,8.398013513513513,0.09265503457272846
P02_L026,8.405445445445444,0.0909551395593681
P02_L026,8.412877377377377,0.0892850958078039
P02_L026,8.42030930930931,0.08764453747222538
P02_L026,8.427741241241241,0.0860330707910142
P02_L026,8.435173173173173,0.08445027711465741
P02_L026,8.442605105105105,0.08289571583565518
P02_L026,8.450037037037037,0.08136892721326784
P02_L026,8.457468968968968,0.07986943508686627
P02_L026,8.4649009009009,0.07839674947255106
P02_L026,8.472332832832834,0.07695036903859404
P02_L026,8.479764764764765,0.0755297834561344
P02_L026,8.487196696696696,0.07413447562240043
P02_L026,8.494628628628629,0.0727639237545681
P02_L026,8.502060560560562,0.07141760335314379
P02_L026,8.509492492492491,0.07009498903452616
P02_L026,8.516924424424424,0.0687955562331085
P02_L026,8.524356356356357,0.06751878277398657
P02_L026,8.531788288288288,0.06626415031793888
P02_L026,8.53922022022022,0.06503114568095986
P02_L026,8.546652152152152,0.06381926203116133
P02_L026,8.554084084084085,0.06262799996634942
P02_L026,8.561516016016016,0.06145686847602811
P02_L026,8.568947947947947,0.060305385791981865
P02_L026,8.57637987987988,0.05917308013192473
P02_L026,8.583811811811811,0.05805949034100885
P02_L026,8.591243743743743,0.05696416643622135
P02_L026,8.598675675675675,0.05588667005890348
P02_L026,8.606107607607608,0.05482657484077535
P02_L026,8.61353953953954,0.053783466688954014
P02_L026,8.62097147147147,0.05275694399551151
P02_L026,8.628403403403404,0.051746617777151456
P02_L026,8.635835335335337,0.05075211175055024
P02_L026,8.643267267267266,0.049773062348858456
P02_L026,8.650699199199199,0.04880911868477053
P02_L026,8.658131131131132,0.04785994246544935
P02_L026,8.665563063063063,0.046925207864431384
P02_L026,8.672994994994994,0.0460046013554727
P02_L026,8.680426926926927,0.04509782151309285
P02_L026,8.68785885885886,0.04420457878435186
P02_L026,8.695290790790791,0.0433245952361541
P02_L026,8.702722722722722,0.04245760428213324
P02_L026,8.710154654654655,0.041603350392897503
P02_L026,8.717586586586586,0.040761588793149096
P02_L026,8.725018518518517,0.03993208514891192
P02_L026,8.73245045045045,0.03911461524782283
P02_L026,8.739882382382383,0.038308964675161226
P02_L026,8.747314314314314,0.03751492848800754
P02_L026,8.754746246246246,0.03673231088965004
P02_L026,8.762178178178178,0.035960924906092664
P02_L026,8.76961011011011,0.0352005920662454
P02_L026,8.77704204204204,0.03445114208713497
P02_L026,8.784473973973974,0.033712412565233205
P02_L026,8.791905905905907,0.032984248674765605
P02_L026,8.799337837837838,0.03226650287365442
P02_L026,8.806769769769769,0.03155903461754888
P02_L026,8.814201701701702,0.030861710082212526
P02_L026,8.821633633633635,0.030174401894365075
P02_L026,8.829065565565566,0.02949698887093365
P02_L026,8.836497497497497,0.028829355766524397
P02_L026,8.84392942942943,0.028171393028815626
P02_L026,8.851361361361361,0.027522996561470076
P02_L026,8.858793293293292,0.02688406749407963
P02_L026,8.866225225225225,0.026254511958591138
P02_L026,8.873657157157158,0.025634240871609097
P02_L026,8.88108908908909,0.025023169721935048
P02_L026,8.88852102102102,0.02442121836268188
P02_L026,8.895952952952953,0.023828310807296135
P02_L026,8.903384884884884,0.023244375028823296
P02_L026,8.910816816816816,0.022669342761769663
P02_L026,8.918248748748749,0.022103149305943356
P02_L026,8.925680680680681,0.021545733331694822
P02_L026,8.933112612612613,0.02099703668602244
P02_L026,8.940544544544544,0.020457004199062892
P02_L026,8.947976476476477,0.01992558349055167
P02_L026,8.95540840840841,0.019402724775897242
P02_L026,8.962840340340339,0.01888838067158829
P02_L026,8.970272272272272,0.018382505999724484
P02_L026,8.977704204204205,0.01788505759153841
P02_L026,8.985136136136136,0.017395994089848352
P02_L026,8.992568068068067,0.01691527575046104
P02_L026,9.0,0.01644286424261889
P02_L049,1.4121,0.03407178614414198
P02_L049,1.4196954954954955,0.03466763180574378
P02_L049,1.427290990990991,0.03527005623113568
P02_L049,1.4348864864864863,0.035879386838836645
P02_L049,1.4424819819819819,0.03649597855968709
P02_L049,1.4500774774774774,0.03712021460947383
P02_L049,1.457672972972973,0.0377525072255356
P02_L049,1.4652684684684685,0.038393298363877545
P02_L049,1.4728639639639638,0.03904306035329423
P02_L049,1.4804594594594593,0.03970229650296933
P02_L049,1.4880549549549549,0.04037154166000226
P02_L049,1.4956504504504504,0.041051362713309586
P02_L049,1.503245945945946,0.04174235904033668
P02_L049,1.5108414414414413,0.04244516289303971
P02_L049,1.5184369369369368,0.04316043971960383
P02_L049,1.5260324324324324,0.043888888418405415
P02_L049,1.533627927927928,0.044631241520756766
P02_L049,1.5412234234234234,0.04538826529903195
P02_L049,1.5488189189189188,0.04616075979682994
P02_L049,1.5564144144144143,0.04694955877790518
P02_L049,1.5640099099099098,0.04775552959068687
P02_L049,1.5716054054054054,0.04857957294529994
P02_L049,1.5792009009009007,0.04942262260011375
P02_L049,1.5867963963963962,0.05028564495496726
P02_L049,1.5943918918918918,0.0511696385483502
P02_L049,1.6019873873873873,0.05207563345597075
P02_L049,1.6095828828828829,0.05300469058829698
P02_L049,1.6171783783783784,0.05395790088483031
P02_L049,1.6247738738738737,0.054936384403057814
P02_L049,1.6323693693693693,0.05594128930021693
P02_L049,1.6399648648648648,0.0569737907062308
P02_L049,1.6475603603603604,0.058035089486374786
P02_L049,1.6551558558558557,0.05912641089248478
P02_L049,1.6627513513513512,0.0602490031017481
P02_L049,1.6703468468468468,0.06140413564238854
P02_L049,1.6779423423423423,0.06259309770580955
P02_L049,1.6855378378378378,0.06381719634505201
P02_L049,1.6931333333333334,0.06507775455969939
P02_L049,1.7007288288288287,0.06637610926767366
P02_L049,1.7083243243243242,0.06771360916466176
P02_L049,1.7159198198198198,0.0690916124722386
P02_L049,1.7235153153153153,0.07051148457607609
P02_L049,1.7311108108108106,0.07197459555595416
P02_L049,1.7387063063063062,0.07348231760964222
P02_L049,1.7463018018018017,0.07503602237304977
P02_L049,1.7538972972972973,0.07663707813941395
P02_L049,1.7614927927927928,0.0782868469806334
P02_L049,1.7690882882882883,0.07998668177422337
P02_L049,1.7766837837837837,0.0817379231397322
P02_L049,1.7842792792792792,0.08354189628881667
P02_L049,1.7918747747747747,0.08539990779354431
P02_L049,1.7994702702702703,0.08731324227784971
P02_L049,1.8070657657657656,0.0892831590374384
P02_L049,1.8146612612612611,0.09131088859379176
P02_L049,1.8222567567567567,0.09339762918827438
P02_L049,1.8298522522522522,0.09554454322270915
P02_L049,1.8374477477477478,0.09775275365311789
P02_L049,1.8450432432432433,0.10002334034366331
P02_L049,1.8526387387387386,0.10235733638816585
P02_L049,1.8602342342342342,0.10475572440686788
P02_L049,1.8678297297297297,0.10721943282644048
P02_L049,1.875425225225225,0.10974933215150719
P02_L049,1.8830207207207206,0.11234623123624358
P02_L049,1.8906162162162161,0.11501087356487454
P02_L049,1.8982117117117117,0.11774393355012415
P02_L049,1.9058072072072072,0.12054601285891961
P02_L049,1.9134027027027027,0.12341763677483666
P02_L049,1.9209981981981983,0.12635925060697267
P02_L049,1.9285936936936936,0.12937121615509045
P02_L049,1.9361891891891891,0.13245380824102287
P02_L049,1.9437846846846847,0.1356072113164282
P02_L049,1.95138018018018,0.1388315161570968
P02_L049,1.9589756756756755,0.14212671665405105
P02_L049,1.966571171171171,0.14549270671173137
P02_L049,1.9741666666666666,0.14892927726355165
P02_L049,1.9817621621621622,0.15243611341509863
P02_L049,1.9893576576576577,0.15601279172518134
P02_L049,1.9969531531531532,0.15965877763485384
P02_L049,2.0045486486486483,0.16337342305443117
P02_L049,2.012144144144144,0.16715596411833075
P02_L049,2.0197396396396394,0.171005519117441
P02_L049,2.027335135135135,0.17492108661844508
P02_L049,2.0349306306306305,0.17890154377932768
P02_L049,2.042526126126126,0.18294564486996795
P02_L049,2.0501216216216216,0.18705202000643575
P02_L049,2.057717117117117,0.19121917410723466
P02_L049,2.0653126126126127,0.1954454860793657
P02_L049,2.072908108108108,0.19972920824165913
P02_L049,2.0805036036036038,0.20406846599238304
P02_L049,2.0880990990990993,0.20846125772763793
P02_L049,2.0956945945945944,0.21290545501656294
P02_L049,2.10329009009009,0.21739880303880835
P02_L049,2.1108855855855855,0.22193892128917586
P02_L049,2.118481081081081,0.22652330455373004
P02_L049,2.1260765765765766,0.23114932416104933
P02_L049,2.133672072072072,0.2358142295116464
P02_L049,2.1412675675675676,0.24051514988790273
P02_L049,2.148863063063063,0.24524909654618707
P02_L049,2.1564585585585583,0.2500129650920841
P02_L049,2.164054054054054,0.25480353813896145
P02_L049,2.1716495495495494,0.25961748824931996
P02_L049,2.179245045045045,0.2644513811576419
P02_L049,2.1868405405405404,0.26930167927265514
P02_L049,2.194436036036036,0.27416474545615493
P02_L049,2.2020315315315315,0.27903684707475057
P02_L049,2.209627027027027,0.2839141603200809
P02_L049,2.2172225225225226,0.2887927747922742
P02_L049,2.224818018018018,0.2936686983406283
P02_L049,2.2324135135135137,0.29853786215466815
P02_L049,2.2400090090090092,0.30339612609801436
P02_L049,2.2476045045045043,0.308239284276648
P02_L049,2.2552,0.3130630708324473
P02_L049,2.2627954954954954,0.3178631659521035
P02_L049,2.270390990990991,0.32263520208079577
P02_L049,2.2779864864864865,0.3273747703292802
P02_L049,2.285581981981982,0.33207742706238524
P02_L049,2.2931774774774776,0.3367387006562257
P02_L049,2.3007729729729727,0.3413540984108082
P02_L049,2.308368468468468,0.3459191136041169
P02_L049,2.3159639639639638,0.3504292326731871
P02_L049,2.3235594594594593,0.35487994250712446
P02_L049,2.331154954954955,0.3592667378365685
P02_L049,2.3387504504504504,0.3635851287036008
P02_L049,2.346345945945946,0.3678306479957096
P02_L049,2.3539414414414415,0.371998859027053
P02_L049,2.361536936936937,0.3760853631499153
P02_L049,2.3691324324324325,0.3800858073790126
P02_L049,2.376727927927928,0.3839958920110316
P02_L049,2.3843234234234236,0.3878113782216544
P02_L049,2.391918918918919,0.3915280956221485
P02_L049,2.3995144144144143,0.3951419497575974
P02_L049,2.40710990990991,0.3986489295287199
P02_L049,2.4147054054054053,0.40204511451940705
P02_L049,2.422300900900901,0.40532668221204904
P02_L049,2.4298963963963964,0.4084899150729627
P02_L049,2.437491891891892,0.4115312074904079
P02_L049,2.445087387387387,0.4144470725479105
P02_L049,2.4526828828828826,0.4172341486159463
P02_L049,2.460278378378378,0.41988920574537636
P02_L049,2.4678738738738737,0.42240915184646316
P02_L049,2.4754693693693692,0.42479103863774104
P02_L049,2.4830648648648648,0.42703206734952315
P02_L049,2.4906603603603603,0.42912959416743296
P02_L049,2.498255855855856,0.43108113540190174
P02_L049,2.5058513513513514,0.4328843723702723
P02_L049,2.513446846846847,0.434537155978823
P02_L049,2.5210423423423425,0.4360375109928043
P02_L049,2.528637837837838,0.4373836399832982
P02_L049,2.5362333333333336,0.4385739269405822
P02_L049,2.543828828828829,0.4396069405445212
P02_L049,2.5514243243243246,0.44048143708335874
P02_L049,2.5590198198198197,0.44119636301321363
P02_L049,2.5666153153153153,0.4417508571515324
P02_L049,2.574210810810811,0.4421442524986772
P02_L049,2.5818063063063064,0.44237607768281834
P02_L049,2.589401801801802,0.4424460580242919
P02_L049,2.596997297297297,0.44235411621657356
P02_L049,2.6045927927927925,0.44210037262205765
P02_L049,2.612188288288288,0.4416851451818049
P02_L049,2.6197837837837836,0.441108948939478
P02_L049,2.627379279279279,0.44037249518069216
P02_L049,2.6349747747747747,0.43947669019000135
P02_L049,2.6425702702702702,0.4384226336287702
P02_L049,2.650165765765766,0.43721161653815227
P02_L049,2.6577612612612613,0.4358451189723839
P02_L049,2.665356756756757,0.4343248072685732
P02_L049,2.6729522522522524,0.4326525309600547
P02_L049,2.680547747747748,0.4308303193413575
P02_L049,2.6881432432432435,0.428860377693665
P02_L049,2.695738738738739,0.4267450831805377
P02_L049,2.703334234234234,0.4244869804244606
P02_L049,2.7109297297297297,0.4220887767755854
P02_L049,2.718525225225225,0.4195533372847763
P02_L049,2.7261207207207208,0.4168836793937883
P02_L049,2.7337162162162163,0.4140829673560464
P02_L049,2.7413117117117114,0.4111545064021368
P02_L049,2.748907207207207,0.4081017366647052
P02_L049,2.7565027027027025,0.40492822687793817
P02_L049,2.764098198198198,0.40163766786734967
P02_L049,2.7716936936936936,0.39823386584596276
P02_L049,2.779289189189189,0.3947207355333847
P02_L049,2.7868846846846846,0.39110229311459616
P02_L049,2.79448018018018,0.38738264905553477
P02_L049,2.8020756756756757,0.3835660007927902
P02_L049,2.8096711711711713,0.3796566253148844
P02_L049,2.817266666666667,0.37565887165272044
P02_L049,2.8248621621621623,0.3715771532968574
P02_L049,2.832457657657658,0.367415940559269
P02_L049,2.8400531531531534,0.3631797528971935
P02_L049,2.847648648648649,0.3588731512166104
P02_L049,2.855244144144144,0.3545007301727234
P02_L049,2.8628396396396396,0.35006711048460476
P02_L049,2.870435135135135,0.3455769312810004
P02_L049,2.8780306306306307,0.3410348424939047
P02_L049,2.8856261261261262,0.3364454973162664
P02_L049,2.8932216216216213,0.3318135447397746
P02_L049,2.900817117117117,0.32714362218826093
P02_L049,2.9084126126126124,0.32244034826182666
P02_L049,2.916008108108108,0.31770831560628865
P02_L049,2.9236036036036035,0.31295208392201745
P02_L049,2.931199099099099,0.3081761731257083
P02_L049,2.9387945945945946,0.3033850566780234
P02_L049,2.94639009009009,0.29858315508942884
P02_L049,2.9539855855855857,0.293774829615925
P02_L049,2.961581081081081,0.2889643761557042
P02_L049,2.9691765765765767,0.2841560193570997
P02_L049,2.9767720720720723,0.27935390694747914
P02_L049,2.984367567567568,0.27456210429203504
P02_L049,2.9919630630630634,0.26978458919072573
P02_L049,2.999558558558559,0.26502524692082857
P02_L049,3.007154054054054,0.26028786553191346
P02_L049,3.0147495495495495,0.25557613139922536
P02_L049,3.022345045045045,0.2508936250407729
P02_L049,3.0299405405405406,0.24624381720266084
P02_L049,3.037536036036036,0.2416300652164539
P02_L049,3.0451315315315313,0.2370556096316361
P02_L049,3.052727027027027,0.23252357112551827
P02_L049,3.0603225225225223,0.22803694769219143
P02_L049,3.067918018018018,0.22359861211145238
P02_L049,3.0755135135135134,0.2192113096979218
P02_L049,3.083109009009009,0.21487765632988606
P02_L049,3.0907045045045045,0.21060013675678085
P02_L049,3.0983,0.20638110318350641
P02_L049,3.1058954954954956,0.20222277412925405
P02_L049,3.113490990990991,0.1981272335578234
P02_L049,3.1210864864864867,0.19409643027589876
P02_L049,3.128681981981982,0.1901321775951689
P02_L049,3.1362774774774778,0.18623615325364762
P02_L049,3.1438729729729733,0.1824098995910736
P02_L049,3.1514684684684684,0.17865482397275725
P02_L049,3.159063963963964,0.17497219945581668
P02_L049,3.1666594594594595,0.17136316569131835
P02_L049,3.174254954954955,0.16782873005544371
P02_L049,3.1818504504504506,0.16436976900243006
P02_L049,3.1894459459459457,0.16098702963171033
P02_L049,3.197041441441441,0.15768113146136836
P02_L049,3.2046369369369367,0.15445256839972551
P02_L049,3.2122324324324323,0.1513017109066561
P02_L049,3.219827927927928,0.1482288083359723
P02_L049,3.2274234234234234,0.14523399145005936
P02_L049,3.235018918918919,0.14231727509773937
P02_L049,3.2426144144144144,0.13947856104623388
P02_L049,3.25020990990991,0.1367176409579548
P02_L049,3.2578054054054055,0.13403419950278578
P02_L049,3.265400900900901,0.1314278175964416
P02_L049,3.2729963963963966,0.12889797575546044
P02_L049,3.280591891891892,0.12644405755937124
P02_L049,3.2881873873873877,0.1240653532105794
P02_L049,3.2957828828828832,0.12176106318255095
P02_L049,3.3033783783783783,0.119530301946941
P02_L049,3.310973873873874,0.11737210177034209
P02_L049,3.3185693693693694,0.11528541657148113
P02_L049,3.326164864864865,0.11326912582974842
P02_L049,3.3337603603603605,0.11132203853610294
P02_L049,3.3413558558558556,0.10944289717753307
P02_L049,3.348951351351351,0.10763038174640265
P02_L049,3.3565468468468467,0.1058831137662088
P02_L049,3.364142342342342,0.10419966032544058
P02_L049,3.3717378378378378,0.10257853811143754
P02_L049,3.3793333333333333,0.1010182174363725
P02_L049,3.386928828828829,0.09951712624768431
P02_L049,3.3945243243243244,0.09807365411552348
P02_L049,3.40211981981982,0.09668615619003142
P02_L049,3.4097153153153155,0.09535295712149922
P02_L049,3.417310810810811,0.09407235493672413
P02_L049,3.4249063063063065,0.09284262486513731
P02_L049,3.432501801801802,0.09166202310854585
P02_L049,3.4400972972972976,0.09052879054860676
P02_L049,3.447692792792793,0.08944115638642046
P02_L049,3.4552882882882887,0.08839734170891589
P02_L049,3.4628837837837843,0.08739556297698711
P02_L049,3.470479279279279,0.08643403543060832
P02_L049,3.4780747747747744,0.08551097640645627
P02_L049,3.48567027027027,0.08462460856384656
P02_L049,3.4932657657657655,0.08377316301507921
P02_L049,3.500861261261261,0.08295488235656973
P02_L049,3.5084567567567566,0.08216802359743355
P02_L049,3.516052252252252,0.08141086098247076
P02_L049,3.5236477477477477,0.08068168870677565
P02_L049,3.5312432432432432,0.07997882351948506
P02_L049,3.5388387387387388,0.07930060721444548
P02_L049,3.5464342342342343,0.07864540900585407
P02_L049,3.55402972972973,0.07801162778720745
P02_L049,3.5616252252252254,0.07739769427214428
P02_L049,3.569220720720721,0.0768020730160419
P02_L049,3.5768162162162165,0.07622326431747464
P02_L049,3.584411711711712,0.0756598059989068
P02_L049,3.5920072072072076,0.0751102750662258
P02_L049,3.599602702702703,0.07457328924698019
P02_L049,3.6071981981981986,0.07404750840741274
P02_L049,3.614793693693694,0.07353163584861536
P02_L049,3.622389189189189,0.0730244194823616
P02_L049,3.6299846846846844,0.07252465288738676
P02_L049,3.63758018018018,0.0720311762471049
P02_L049,3.6451756756756755,0.07154287716995518
P02_L049,3.652771171171171,0.07105869139377886
P02_L049,3.6603666666666665,0.07057760337580805
P02_L049,3.667962162162162,0.07009864677005473
P02_L049,3.6755576576576576,0.06962090479404884
P02_L049,3.683153153153153,0.06914351048706452
P02_L049,3.6907486486486487,0.0686656468621263
P02_L049,3.6983441441441443,0.06818654695425543
P02_L049,3.70593963963964,0.06770549376756055
P02_L049,3.7135351351351353,0.06722182012392583
P02_L049,3.721130630630631,0.06673490841617885
P02_L049,3.7287261261261264,0.06624419026875523
P02_L049,3.736321621621622,0.06574914610899106
P02_L049,3.7439171171171175,0.06524930465228596
P02_L049,3.751512612612613,0.06474424230448804
P02_L049,3.7591081081081086,0.06423358248494067
P02_L049,3.766703603603604,0.0637169948737199
P02_L049,3.7742990990990988,0.06319419458667441
P02_L049,3.7818945945945943,0.06266494128193816
P02_L049,3.78949009009009,0.06212903820166236
P02_L049,3.7970855855855854,0.06158633115275442
P02_L049,3.804681081081081,0.06103670743046234
P02_L049,3.8122765765765765,0.060480094688674595
P02_L049,3.819872072072072,0.0599164597608393
P02_L049,3.8274675675675676,0.05934580743542018
P02_L049,3.835063063063063,0.05876817918982002
P02_L049,3.8426585585585586,0.05818365188670719
P02_L049,3.850254054054054,0.05759233643666634
P02_L049,3.8578495495495497,0.05699437643109587
P02_L049,3.8654450450450453,0.05638994674923901
P02_L049,3.873040540540541,0.055779252143210105
P02_L049,3.8806360360360364,0.055162525804847325
P02_L049,3.888231531531532,0.054540027918166485
P02_L049,3.8958270270270274,0.053912044201149055
P02_L049,3.903422522522523,0.05327888444053077
P02_L049,3.9110180180180185,0.052640881023195765
P02_L049,3.918613513513513,0.05199838746770618
P02_L049,3.9262090090090087,0.051351776959417346
P02_L049,3.9338045045045043,0.05070144089254386
P02_L049,3.9414,0.05004778742244983
P02_L049,3.9489954954954953,0.04939124003134215
P02_L049,3.956590990990991,0.04873223611043536
P02_L049,3.9641864864864864,0.04807122556156065
P02_L049,3.971781981981982,0.047408669421065856
P02_L049,3.9793774774774775,0.046745038508749705
P02_L049,3.986972972972973,0.04608081210444413
P02_L049,3.9945684684684686,0.04541647665473365
P02_L049,4.002163963963964,0.044752524512182104
P02_L049,4.00975945945946,0.04408945270929425
P02_L049,4.017354954954955,0.04342776176931572
P02_L049,4.024950450450451,0.04276795455583418
P02_L049,4.032545945945946,0.04211053516300982
P02_L049,4.040141441441442,0.04145600784812306
P02_L049,4.047736936936937,0.04080487600798481
P02_L049,4.055332432432433,0.04015764120062287
P02_L049,4.0629279279279285,0.0395148022135026
P02_L049,4.070523423423423,0.038876854179414284
P02_L049,4.078118918918919,0.038244287741005356
P02_L049,4.085714414414414,0.037617588264805574
P02_L049,4.09330990990991,0.03699723510544705
P02_L049,4.100905405405405,0.03638370092064688
P02_L049,4.108500900900901,0.03577745103738509
P02_L049,4.116096396396396,0.035178942869569865
P02_L049,4.123691891891892,0.034588625387359004
P02_L049,4.131287387387387,0.034006938638170295
P02_L049,4.138882882882883,0.033434313319289186
P02_L049,4.1464783783783785,0.032871170401859294
P02_L049,4.154073873873874,0.03231792080591931
P02_L049,4.16166936936937,0.031774965126035226
P02_L049,4.169264864864865,0.031242693406958205
P02_L049,4.176860360360361,0.030721484968638742
P02_L049,4.184455855855856,0.030211708279811837
P02_L049,4.192051351351352,0.029713720879272
P02_L049,4.199646846846847,0.029227869343862883
P02_L049,4.207242342342343,0.028754489302104693
P02_L049,4.214837837837838,0.02829390549230549
P02_L049,4.222433333333333,0.027846431863908394
P02_L049,4.230028828828829,0.02741237172075681
P02_L049,4.237624324324324,0.026992017904878207
P02_L049,4.24521981981982,0.026585653019322524
P02_L049,4.252815315315315,0.026193549688521865
P02_L049,4.260410810810811,0.02581597085458135
P02_L049,4.268006306306306,0.02545317010785216
P02_L049,4.275601801801802,0.02510539205008826
P02_L049,4.283197297297297,0.024772872688440247
P02_L049,4.290792792792793,0.024455839858498554
P02_L049,4.2983882882882885,0.024154513674556805
P02_L049,4.305983783783784,0.023869107005237058
P02_L049,4.3135792792792795,0.023599825972584483
P02_L049,4.321174774774775,0.023346870472715272
P02_L049,4.328770270270271,0.023110434716077877
P02_L049,4.336365765765766,0.022890707785372392
P02_L049,4.343961261261262,0.02268787420915478
P02_L049,4.351556756756757,0.022502114549142117
P02_L049,4.359152252252253,0.022333605999231124
P02_L049,4.366747747747747,0.022182522994229834
P02_L049,4.374343243243243,0.022049037826309945
P02_L049,4.3819387387387385,0.021933321267179395
P02_L049,4.389534234234234,0.021835543193986576
P02_L049,4.39712972972973,0.021755873216968515
P02_L049,4.404725225225225,0.021694481306868133
P02_L049,4.412320720720721,0.021651538420155457
P02_L049,4.419916216216216,0.021627217120101974
P02_L049,4.427511711711712,0.021621692191772072
P02_L049,4.435107207207207,0.021635141249015433
P02_L049,4.442702702702703,0.021667745331562918
P02_L049,4.450298198198198,0.021719689490349095
P02_L049,4.457893693693694,0.021791163359209255
P02_L049,4.4654891891891895,0.021882361711123864
P02_L049,4.473084684684685,0.02199348499720917
P02_L049,4.4806801801801805,0.022124739866680777
P02_L049,4.488275675675676,0.0222763396660472
P02_L049,4.495871171171172,0.02244850491582205
P02_L049,4.503466666666667,0.02264146376307481
P02_L049,4.511062162162163,0.022855452408174368
P02_L049,4.518657657657657,0.023090715504116604
P02_L049,4.526253153153153,0.023347506526863075
P02_L049,4.5338486486486484,0.023626088115155215
P02_L049,4.541444144144144,0.023926732378311614
P02_L049,4.5490396396396395,0.02424972117055527
P02_L049,4.556635135135135,0.024595346330460226
P02_L049,4.564230630630631,0.024963909884157403
P02_L049,4.571826126126126,0.025355724210976763
P02_L049,4.579421621621622,0.025771112170263934
P02_L049,4.587017117117117,0.026210407188147405
P02_L049,4.594612612612613,0.026673953303097006
P02_L049,4.602208108108108,0.027162105169159373
P02_L049,4.609803603603604,0.02767522801582166
P02_L049,4.617399099099099,0.028213697563508063
P02_L049,4.624994594594595,0.028777899893779872
P02_L049,4.6325900900900905,0.02936823127337313
P02_L049,4.640185585585586,0.0299850979312755
P02_L049,4.647781081081082,0.03062891578811405
P02_L049,4.655376576576577,0.03130011013719949
P02_L049,4.662972072072073,0.03199911527664818
P02_L049,4.670567567567567,0.032726374092083274
P02_L049,4.678163063063063,0.03348233758949644
P02_L049,4.685758558558558,0.034267464377940454
P02_L049,4.693354054054054,0.03508222010181048
P02_L049,4.7009495495495495,0.03592707682256309
P02_L049,4.708545045045045,0.03680251234981997
P02_L049,4.7161405405405405,0.03770900952189897
P02_L049,4.723736036036036,0.03864705543592306
P02_L049,4.731331531531532,0.039617140627756404
P02_L049,4.738927027027027,0.04061975820212962
P02_L049,4.746522522522523,0.04165540291343298
P02_L049,4.754118018018018,0.042724570197759396
P02_L049,4.761713513513514,0.0438277551569118
P02_L049,4.769309009009009,0.044965451495200794
P02_L049,4.776904504504505,0.046138150409984834
P02_L049,4.7845,0.04734633943703897
P02_L049,4.792095495495496,0.048590501251953015
P02_L049,4.7996909909909915,0.04987111242891027
P02_L049,4.807286486486487,0.05118864215830919
P02_L049,4.814881981981982,0.0525435509248487
P02_L049,4.822477477477477,0.0539362891478156
P02_L049,4.830072972972973,0.05536729578545928
P02_L049,4.837668468468468,0.05683699690547519
P02_L049,4.845263963963964,0.058345804223757174
P02_L049,4.852859459459459,0.05989411361371829
P02_L049,4.860454954954955,0.0614823035886113
P02_L049,4.8680504504504505,0.06311073375943294
P02_L049,4.875645945945946,0.06477974327110844
P02_L049,4.883241441441442,0.06648964921981236
P02_L049,4.890836936936937,0.06824074505439325
P02_L049,4.898432432432433,0.07003329896501091
P02_L049,4.906027927927928,0.07186755226221275
P02_L049,4.913623423423424,0.07374371774980687
P02_L049,4.921218918918919,0.07566197809499674
P02_L049,4.928814414414415,0.07762248419936289
P02_L049,4.93640990990991,0.07962535357437833
P02_L049,4.944005405405406,0.08167066872525296
P02_L049,4.951600900900901,0.08375847554698759
P02_L049,4.959196396396397,0.08588878173661289
P02_L049,4.966791891891892,0.08806155522566433
P02_L049,4.974387387387387,0.0902767226370225
P02_L049,4.981982882882883,0.09253416777029667
P02_L049,4.989578378378378,0.09483373011999895
P02_L049,4.997173873873874,0.0971752034307948
P02_L049,5.004769369369369,0.09955833429414311
P02_L049,5.012364864864865,0.10198282079066814
P02_L049,5.01996036036036,0.10444831118262209
P02_L049,5.027555855855856,0.10695440266078035
P02_L049,5.0351513513513515,0.10950064015012209
P02_L049,5.042746846846847,0.11208651517860745
P02_L049,5.050342342342343,0.11471146481333241
P02_L049,5.057937837837838,0.117374870668294
P02_L049,5.065533333333334,0.12007605798793622
P02_L049,5.073128828828829,0.12281429481056393
P02_L049,5.080724324324325,0.12558879121563526
P02_L049,5.08831981981982,0.12839869865882533
P02_L049,5.095915315315316,0.13124310939865183
P02_L049,5.103510810810811,0.13412105601830981
P02_L049,5.111106306306307,0.1370315110462312
P02_L049,5.118701801801802,0.13997338667871276
P02_L049,5.126297297297297,0.1429455346078018
P02_L049,5.133892792792793,0.14594674595742824
P02_L049,5.141488288288288,0.14897575133059138
P02_L049,5.149083783783784,0.1520312209701803
P02_L049,5.156679279279279,0.15511176503580734
P02_L049,5.164274774774775,0.15821593399877615
P02_L049,5.17187027027027,0.1613422191570847
P02_L049,5.179465765765766,0.16448905327208366
P02_L049,5.187061261261261,0.16765481132816534
P02_L049,5.194656756756757,0.17083781141655824
P02_L049,5.2022522522522525,0.17403631574405515
P02_L049,5.209847747747748,0.17724853176714966
P02_L049,5.217443243243244,0.1804726134518185
P02_L049,5.225038738738739,0.18370666265883664
P02_L049,5.232634234234235,0.18694873065421128
P02_L049,5.24022972972973,0.1901968197440021
P02_L049,5.247825225225226,0.19344888503247215
P02_L049,5.255420720720721,0.19670283630218668
P02_L049,5.263016216216217,0.1999565400143377
P02_L049,5.2706117117117115,0.20320782142727764
P02_L049,5.278207207207207,0.20645446683086108
P02_L049,5.285802702702703,0.20969422589391049
P02_L049,5.293398198198198,0.21292481412178205
P02_L049,5.300993693693694,0.21614391542066164
P02_L049,5.308589189189189,0.21934918476494694
P02_L049,5.316184684684685,0.22253825096370447
P02_L049,5.32378018018018,0.2257087195219186
P02_L049,5.331375675675676,0.22885817559194285
P02_L049,5.338971171171171,0.23198418701026077
P02_L049,5.346566666666667,0.2350843074143762
P02_L049,5.3541621621621625,0.2381560794344174
P02_L049,5.361757657657658,0.24119703795372144
P02_L049,5.3693531531531535,0.2442047134324686
P02_L049,5.376948648648649,0.2471766352881711
P02_L049,5.384544144144145,0.25011033532661
P02_L049,5.39213963963964,0.2530033512166144
P02_L049,5.399735135135136,0.2558532300018735
P02_L049,5.407330630630631,0.25865753164280864
P02_L049,5.414926126126126,0.2614138325813894
P02_L049,5.422521621621621,0.26411972932161115
P02_L049,5.430117117117117,0.26677284201825835
P02_L049,5.4377126126126125,0.2693708180664901
P02_L049,5.445308108108108,0.2719113356846455
P02_L049,5.452903603603604,0.2743921074827099
P02_L049,5.460499099099099,0.27681088400873044
P02_L049,5.468094594594595,0.2791654572655458
P02_L049,5.47569009009009,0.2814536641901525
P02_L049,5.483285585585586,0.2836733900880678
P02_L049,5.490881081081081,0.2858225720150821
P02_L049,5.498476576576577,0.2878992020989016
P02_L049,5.506072072072072,0.2899013307932219
P02_L049,5.513667567567568,0.2918270700569205
P02_L049,5.5212630630630635,0.2936745964511725
P02_L049,5.528858558558558,0.2954421541474391
P02_L049,5.536454054054054,0.29712805783948415
P02_L049,5.544049549549549,0.29873069555272735
P02_L049,5.551645045045045,0.3002485313444544
P02_L049,5.55924054054054,0.30168010788868954
P02_L049,5.566836036036036,0.3030240489397073
P02_L049,5.574431531531531,0.3042790616684924
P02_L049,5.582027027027027,0.3054439388666787
P02_L049,5.5896225225225225,0.3065175610128638
P02_L049,5.597218018018018,0.30749889819643517
P02_L049,5.6048135135135135,0.308387011894436
P02_L049,5.612409009009009,0.30918105659728934
P02_L049,5.620004504504505,0.3098802812795731
P02_L049,5.6276,0.31048403071241726
P02_L049,5.635195495495496,0.310991746614405
P02_L049,5.642790990990991,0.31140296863833056
P02_L049,5.650386486486487,0.3117173351914623
P02_L049,5.657981981981982,0.3119345840874265
P02_L049,5.665577477477478,0.3120545530281783
P02_L049,5.673172972972973,0.31207717991495265
P02_L049,5.680768468468468,0.31200250298749105
P02_L049,5.688363963963964,0.31183066079124877
P02_L049,5.695959459459459,0.311561891972657
P02_L049,5.703554954954955,0.3111965349030214
P02_L049,5.71115045045045,0.3107350271318835
P02_L049,5.718745945945946,0.31017790467124656
P02_L049,5.726341441441441,0.3095258011123255
P02_L049,5.733936936936937,0.3087794465769433
P02_L049,5.741532432432432,0.30793966650606097
P02_L049,5.749127927927928,0.3070073802882986
P02_L049,5.7567234234234235,0.3059835997316752
P02_L049,5.764318918918919,0.30486942738215356
P02_L049,5.7719144144144146,0.3036660546929079
P02_L049,5.77950990990991,0.3023747600485956
P02_L049,5.787105405405406,0.3009969066491879
P02_L049,5.794700900900901,0.29953394025826646
P02_L049,5.802296396396397,0.29798738682095444
P02_L049,5.809891891891892,0.29635884995693096
P02_L049,5.817487387387388,0.294650008334258
P02_L049,5.8250828828828825,0.2928626129299631
P02_L049,5.832678378378378,0.2909984841835605
P02_L049,5.8402738738738735,0.2890595090499178
P02_L049,5.847869369369369,0.2870476379580279
P02_L049,5.855464864864865,0.2849648816824625
P02_L049,5.86306036036036,0.2828133081343894
P02_L049,5.870655855855856,0.2805950390792161
P02_L049,5.878251351351351,0.27831224678800304
P02_L049,5.885846846846847,0.275967150629883
P02_L049,5.893442342342342,0.2735620136128406
P02_L049,5.901037837837838,0.27109913888020803
P02_L049,5.908633333333333,0.26858086617030086
P02_L049,5.916228828828829,0.26600956824661914
P02_L049,5.9238243243243245,0.2633876473060749
P02_L049,5.93141981981982,0.26071753137261344
P02_L049,5.939015315315316,0.25800167068362817
P02_L049,5.946610810810811,0.25524253407648084
P02_L049,5.954206306306307,0.25244260538234303
P02_L049,5.961801801801802,0.2496043798345299
P02_L049,5.969397297297298,0.24673036049833744
P02_L049,5.976992792792792,0.24382305472930113
P02_L049,5.984588288288288,0.24088497066663722
P02_L049,5.9921837837837835,0.23791861376847254
P02_L049,5.999779279279279,0.2349264833952965
P02_L049,6.0073747747747746,0.2319110694478868
P02_L049,6.01497027027027,0.22887484906574884
P02_L049,6.022565765765766,0.22582028339191662
P02_L049,6.030161261261261,0.22274981440972505
P02_L049,6.037756756756757,0.21966586185692602
P02_L049,6.045352252252252,0.21657082022229085
P02_L049,6.052947747747748,0.21346705582958805
P02_L049,6.060543243243243,0.21035690401353774
P02_L049,6.068138738738739,0.2072426663921095
P02_L049,6.075734234234234,0.20412660823924061
P02_L049,6.08332972972973,0.20101095596175145
P02_L049,6.0909252252252255,0.19789789468398583
P02_L049,6.098520720720721,0.19478956594337596
P02_L049,6.106116216216217,0.19168806549987202
P02_L049,6.113711711711712,0.1885954412618453
P02_L049,6.121307207207208,0.1855136913308051
P02_L049,6.128902702702702,0.18244476216696176
P02_L049,6.136498198198198,0.17939054687735279
P02_L049,6.144093693693693,0.17635288362799456
P02_L049,6.151689189189189,0.17333355418116078
P02_L049,6.1592846846846845,0.17033428255866814
P02_L049,6.16688018018018,0.16735673383170976
P02_L049,6.174475675675676,0.16440251303749487
P02_L049,6.182071171171171,0.16147316422269964
P02_L049,6.189666666666667,0.15857016961342837
P02_L049,6.197262162162162,0.15569494891112237
P02_L049,6.204857657657658,0.15284885871359213
P02_L049,6.212453153153153,0.15003319206009255
P02_L049,6.220048648648649,0.1472491780990958
P02_L049,6.227644144144144,0.14449798187718968
P02_L049,6.23523963963964,0.14178070424728623
P02_L049,6.242835135135135,0.13909838189410767
P02_L049,6.250430630630631,0.13645198747468174
P02_L049,6.2580261261261265,0.13384242987139275
P02_L049,6.265621621621622,0.1312705545549284
P02_L049,6.273217117117118,0.1287371440542696
P02_L049,6.280812612612612,0.12624291853069405
P02_L049,6.288408108108108,0.12378853645261399
P02_L049,6.296003603603603,0.12137459536788897
P02_L049,6.303599099099099,0.1190016327701183
P02_L049,6.311194594594594,0.11667012705529316
P02_L049,6.31879009009009,0.11438049856504437
P02_L049,6.3263855855855855,0.11213311071263386
P02_L049,6.333981081081081,0.10992827118770637
P02_L049,6.341576576576577,0.10776623323575411
P02_L049,6.349172072072072,0.10564719700815438
P02_L049,6.356767567567568,0.10357131097856603
P02_L049,6.364363063063063,0.10153867342142449
P02_L049,6.371958558558559,0.0995493339482183
P02_L049,6.379554054054054,0.09760329509719032
P02_L049,6.38714954954955,0.09570051397209264
P02_L049,6.394745045045045,0.09384090392558557
P02_L049,6.402340540540541,0.09202433628288692
P02_L049,6.4099360360360365,0.09025064210125423
P02_L049,6.417531531531532,0.08851961396091985
P02_L049,6.425127027027027,0.08683100778309553
P02_L049,6.432722522522522,0.08518454467070487
P02_L049,6.440318018018018,0.0835799127675393
P02_L049,6.447913513513513,0.08201676913156614
P02_L049,6.455509009009009,0.08049474161818675
P02_L049,6.463104504504504,0.07901343076929204
P02_L049,6.4707,0.07757241170402966
P02_L049,6.478295495495495,0.07617123600727477
P02_L049,6.485890990990991,0.07480943361188426
P02_L049,6.4934864864864865,0.07348651467087784
P02_L049,6.501081981981982,0.07220197141580849
P02_L049,6.508677477477478,0.07095527999766489
P02_L049,6.516272972972973,0.06974590230675738
P02_L049,6.523868468468469,0.06857328776814106
P02_L049,6.531463963963964,0.06743687510925161
P02_L049,6.53905945945946,0.0663360940965328
P02_L049,6.546654954954955,0.06527036723796151
P02_L049,6.554250450450451,0.06423911144849344
P02_L049,6.561845945945946,0.06324173967558619
P02_L049,6.569441441441442,0.06227766248207304
P02_L049,6.577036936936937,0.0613462895837995
P02_L049,6.584632432432432,0.060447031339569204
P02_L049,6.592227927927928,0.059579300191068434
P02_L049,6.599823423423423,0.058742512050589196
P02_L049,6.607418918918919,0.057936087634497035
P02_L049,6.615014414414414,0.05715945374053361
P02_L049,6.62260990990991,0.05641204446718085
P02_L049,6.630205405405405,0.05569330237345647
P02_L049,6.637800900900901,0.055002679577642655
P02_L049,6.6453963963963965,0.054339638793601576
P02_L049,6.652991891891892,0.053703654303461565
P02_L049,6.6605873873873875,0.053094212865600406
P02_L049,6.668182882882883,0.05251081455699656
P02_L049,6.675778378378379,0.05195297354914847
P02_L049,6.683373873873874,0.05142021881690892
P02_L049,6.69096936936937,0.050912094779715346
P02_L049,6.698564864864865,0.050428161874829985
P02_L049,6.706160360360361,0.04996799706234449
P02_L049,6.713755855855856,0.0495311942618326
P02_L049,6.721351351351352,0.049117364720670874
P02_L049,6.7289468468468465,0.048726137314172635
P02_L049,6.736542342342342,0.048357158777816704
P02_L049,6.744137837837838,0.048010093871973705
P02_L049,6.751733333333333,0.04768462547966205
P02_L049,6.759328828828829,0.04738045463798769
P02_L049,6.766924324324324,0.04709730050404583
P02_L049,6.77451981981982,0.04683490025617946
P02_L049,6.782115315315315,0.04659300893161051
P02_L049,6.789710810810811,0.04637139920157227
P02_L049,6.797306306306306,0.04616986108518691
P02_L049,6.804901801801802,0.045988201603441144
P02_L049,6.8124972972972975,0.0458262443747238
P02_L049,6.820092792792793,0.04568382915349092
P02_L049,6.8276882882882886,0.04556081131373207
P02_L049,6.835283783783784,0.04545706127900897
P02_L049,6.84287927927928,0.04537246390093474
P02_L049,6.850474774774775,0.04530691778806021
P02_L049,6.858070270270271,0.045260334587221264
P02_L049,6.865665765765766,0.04523263821949571
P02_L049,6.873261261261261,0.04522376407299467
P02_L049,6.8808567567567565,0.04523365815480674
P02_L049,6.888452252252252,0.04526227620448281
P02_L049,6.8960477477477475,0.045309582771528745
P02_L049,6.903643243243243,0.04537555025944524
P02_L049,6.911238738738739,0.045460157938918846
P02_L049,6.918834234234234,0.04556339093283526
P02_L049,6.92642972972973,0.04568523917584126
P02_L049,6.934025225225225,0.045825696351244206
P02_L049,6.941620720720721,0.045984758808078015
P02_L049,6.949216216216216,0.046162424461223754
P02_L049,6.956811711711712,0.04635869167750352
P02_L049,6.964407207207207,0.04657355815070991
P02_L049,6.972002702702703,0.04680701976856228
P02_L049,6.9795981981981985,0.04705906947460874
P02_L049,6.987193693693694,0.047329696128113975
P02_L049,6.99478918918919,0.04761888336498735
P02_L049,7.002384684684685,0.047926608462819126
P02_L049,7.009980180180181,0.04825284121309195
P02_L049,7.017575675675676,0.048597542803640446
P02_L049,7.025171171171171,0.04896066471441668
P02_L049,7.032766666666666,0.04934214762960966
P02_L049,7.040362162162162,0.049741920369146875
P02_L049,7.0479576576576575,0.05015989884257764
P02_L049,7.055553153153153,0.05059598502830633
P02_L049,7.0631486486486486,0.051050065981104
P02_L049,7.070744144144144,0.05152201287077786
P02_L049,7.07833963963964,0.05201168005482997
P02_L049,7.085935135135135,0.05251890418787259
P02_L049,7.093530630630631,0.05304350337049995
P02_L049,7.101126126126126,0.053585276340249025
P02_L049,7.108721621621622,0.05414400170719236
P02_L049,7.116317117117117,0.05471943723662902
P02_L049,7.123912612612613,0.055311319181233776
P02_L049,7.131508108108108,0.055919361664937065
P02_L049,7.139103603603604,0.05654325612069014
P02_L049,7.1466990990990995,0.057182670784161976
P02_L049,7.154294594594595,0.05783725024529298
P02_L049,7.161890090090091,0.05850661505950342
P02_L049,7.169485585585586,0.05919036142022365
P02_L049,7.177081081081081,0.05988806089427292
P02_L049,7.184676576576576,0.06059926022147387
P02_L049,7.192272072072072,0.06132348117973622
P02_L049,7.199867567567567,0.062060220516690856
P02_L049,7.207463063063063,0.06280894994879989
P02_L049,7.2150585585585585,0.0635691162287004
P02_L049,7.222654054054054,0.06434014128137583
P02_L049,7.23024954954955,0.0651214224095767
P02_L049,7.237845045045045,0.06591233256874024
P02_L049,7.245440540540541,0.06671222071147695
P02_L049,7.253036036036036,0.0675204122015242
P02_L049,7.260631531531532,0.06833620929686803
P02_L049,7.268227027027027,0.06915889170157315
P02_L049,7.275822522522523,0.06998771718565754
P02_L049,7.283418018018018,0.07082192227218258
P02_L049,7.291013513513514,0.07166072299052931
P02_L049,7.298609009009009,0.07250331569466317
P02_L049,7.306204504504505,0.07334887794499768
P02_L049,7.3138000000000005,0.07419656945229207
P02_L049,7.321395495495495,0.07504553308183987
P02_L049,7.328990990990991,0.07589489591603142
P02_L049,7.336586486486486,0.07674377037319831
P02_L049,7.344181981981982,0.077591255380483
P02_L049,7.351777477477477,0.07843643759832386
P02_L049,7.359372972972973,0.07927839269396186
P02_L049,7.366968468468468,0.08011618666125907
P02_L049,7.374563963963964,0.08094887718394188
P02_L049,7.3821594594594595,0.08177551503926403
P02_L049,7.389754954954955,0.08259514553894416
P02_L049,7.397350450450451,0.08340681000410573
P02_L049,7.404945945945946,0.08420954727084634
P02_L049,7.412541441441442,0.08500239522293651
P02_L049,7.420136936936937,0.08578439234806826
P02_L049,7.427732432432433,0.0865545793139759
P02_L049,7.435327927927928,0.0873120005606743
P02_L049,7.442923423423424,0.08805570590500053
P02_L049,7.450518918918919,0.08878475215356858
P02_L049,7.458114414414415,0.08949820472022726
P02_L049,7.4657099099099105,0.09019513924405215
P02_L049,7.473305405405405,0.09087464320388916
P02_L049,7.480900900900901,0.09153581752545684
P02_L049,7.488496396396396,0.09217777817700583
P02_L049,7.496091891891892,0.092799657749557
P02_L049,7.503687387387387,0.09340060701774244
P02_L049,7.511282882882883,0.09397979647733166
P02_L049,7.518878378378378,0.09453641785555351
P02_L049,7.526473873873874,0.09506968559038753
P02_L049,7.534069369369369,0.09557883827507102
P02_L049,7.541664864864865,0.09606314006414238
P02_L049,7.5492603603603605,0.0965218820374394
P02_L049,7.556855855855856,0.09695438351856456
P02_L049,7.564451351351352,0.09735999334445528
P02_L049,7.572046846846847,0.09773809108280627
P02_L049,7.579642342342343,0.09808808819423559
P02_L049,7.587237837837838,0.09840942913622121
P02_L049,7.594833333333334,0.09870159240599416
P02_L049,7.602428828828829,0.09896409151972149
P02_L049,7.610024324324325,0.09919647592550168
P02_L049,7.61761981981982,0.09939833184784465
P02_L049,7.625215315315315,0.09956928306151677
P02_L049,7.632810810810811,0.0997089915928019
P02_L049,7.640406306306306,0.0998171583464332
P02_L049,7.648001801801802,0.09989352365665047
P02_L049,7.655597297297297,0.09993786776103596
P02_L049,7.663192792792793,0.09995001119599801
P02_L049,7.670788288288288,0.09992981511297608
P02_L049,7.678383783783784,0.09987718151466009
P02_L049,7.685979279279279,0.09979205341072296
P02_L049,7.693574774774775,0.09967441489279785
P02_L049,7.7011702702702705,0.09952429112862592
P02_L049,7.708765765765766,0.09934174827553466
P02_L049,7.7163612612612615,0.09912689331361607
P02_L049,7.723956756756757,0.0988798737991749
P02_L049,7.731552252252253,0.09860087753925124
P02_L049,7.739147747747748,0.09829013218820037
P02_L049,7.746743243243244,0.09794790476753863
P02_L049,7.754338738738739,0.09757450111044791
P02_L049,7.761934234234235,0.09717026523253074
P02_L049,7.769529729729729,0.096735578630591
P02_L049,7.777125225225225,0.09627085951139559
P02_L049,7.7847207207207205,0.09577656195255502
P02_L049,7.792316216216216,0.09525317499780585
P02_L049,7.799911711711712,0.09470122168916015
P02_L049,7.807507207207207,0.09412125803851992
P02_L049,7.815102702702703,0.09351387194149625
P02_L049,7.822698198198198,0.09287968203631057
P02_L049,7.830293693693694,0.09221933651077378
P02_L049,7.837889189189189,0.09153351186044362
P02_L049,7.845484684684685,0.09082291160117159
P02_L049,7.85308018018018,0.09008826493933471
P02_L049,7.860675675675676,0.08933032540312974
P02_L049,7.8682711711711715,0.08854986943837109
P02_L049,7.875866666666667,0.08774769497230467
P02_L049,7.883462162162163,0.08692461994897603
P02_L049,7.891057657657658,0.08608148083974886
P02_L049,7.898653153153154,0.08521913113257899
P02_L049,7.906248648648649,0.08433843980367094
P02_L049,7.913844144144145,0.08344028977514178
P02_L049,7.921439639639639,0.08252557636231526
P02_L049,7.929035135135135,0.08159520571424442
P02_L049,7.9366306306306305,0.0806500932510404
P02_L049,7.944226126126126,0.07969116210153275
P02_L049,7.9518216216216215,0.07871934154475499
P02_L049,7.959417117117117,0.0777355654586812
P02_L049,7.967012612612613,0.07674077077956759
P02_L049,7.974608108108108,0.07573589597519172
P02_L049,7.982203603603604,0.07472187953518215
P02_L049,7.989799099099099,0.07369965848155174
P02_L049,7.997394594594595,0.07267016690243809
P02_L049,8.004990090090091,0.07163433451195025
P02_L049,8.012585585585587,0.07059308523891883
P02_L049,8.020181081081082,0.0695473358472015
P02_L049,8.027776576576578,0.06849799459010325
P02_L049,8.035372072072073,0.06744595990130994
P02_L049,8.042967567567569,0.06639211912462308
P02_L049,8.050563063063064,0.06533734728462798
P02_L049,8.05815855855856,0.06428250590029866
P02_L049,8.065754054054056,0.0632284418433874
P02_L049,8.07334954954955,0.06217598624330362
P02_L049,8.080945045045045,0.06112595344004465
P02_L049,8.08854054054054,0.0600791399865737
P02_L049,8.096136036036036,0.059036323701909456
P02_L049,8.103731531531531,0.057998262776022165
P02_L049,8.111327027027027,0.056965694927492525
P02_L049,8.118922522522523,0.055939336614734436
P02_L049,8.126518018018018,0.05491988230142924
P02_L049,8.134113513513514,0.05390800377668228
P02_L049,8.14170900900901,0.05290434953025339
P02_L049,8.149304504504505,0.051909544183084015
P02_L049,8.1569,0.050924187973189844
P02_L049,8.164495495495496,0.04994885629686128
P02_L049,8.172090990990991,0.04898409930497821
P02_L049,8.179686486486487,0.048030441554110036
P02_L049,8.187281981981982,0.04708838171195817
P02_L049,8.194877477477478,0.04615839231656616
P02_L049,8.202472972972974,0.04524091958861613
P02_L049,8.210068468468469,0.044336383296014345
P02_L049,8.217663963963965,0.04344517666986258
P02_L049,8.22525945945946,0.042567666370819435
P02_L049,8.232854954954956,0.04170419250474965
P02_L049,8.240450450450451,0.04085506868648018
P02_L049,8.248045945945947,0.040020582150396944
P02_L049,8.255641441441442,0.039200993906533706
P02_L049,8.263236936936938,0.03839653894074096
P02_L049,8.270832432432433,0.03760742645745102
P02_L049,8.278427927927929,0.036833840163501115
P02_L049,8.286023423423424,0.0360759385914197
P02_L049,8.29361891891892,0.0353338554605334
P02_L049,8.301214414414416,0.03460770007421574
P02_L049,8.308809909909911,0.033897557751553925
P02_L049,8.316405405405407,0.03320349029168812
P02_L049,8.324000900900902,0.03252553646904848
P02_L049,8.331596396396398,0.03186371255769774
P02_L049,8.339191891891893,0.031218012882971224
P02_L049,8.346787387387389,0.030588410398599754
P02_L049,8.354382882882884,0.029974857287496295
P02_L049,8.36197837837838,0.029377285584387448
P02_L049,8.369573873873874,0.028795607818474896
P02_L049,8.37716936936937,0.028229717674328435
P02_L049,8.384764864864865,0.027679490669215615
P02_L049,8.39236036036036,0.027144784845102535
P02_L049,8.399955855855856,0.026625441473572802
P02_L049,8.407551351351351,0.026121285771942112
P02_L049,8.415146846846847,0.025632127628875147
P02_L049,8.422742342342342,0.025157762337838493
P02_L049,8.430337837837838,0.024697971336763404
P02_L049,8.437933333333334,0.024252522952325117
P02_L049,8.445528828828829,0.02382117314728983
P02_L049,8.453124324324325,0.02340366626941614
P02_L049,8.46071981981982,0.022999735800447903
P02_L049,8.468315315315316,0.022609105103777966
P02_L049,8.475910810810811,0.022231488169408137
P02_L049,8.483506306306307,0.021866590354883603
P02_L049,8.491101801801802,0.02151410912092563
P02_L049,8.498697297297298,0.02117373476054031
P02_L049,8.506292792792793,0.020845151120429447
P02_L049,8.513888288288289,0.02052803631358488
P02_L049,8.521483783783784,0.02022206342199958
P02_L049,8.52907927927928,0.019926901188479798
P02_L049,8.536674774774776,0.019642214696597597
P02_L049,8.544270270270271,0.01936766603787672
P02_L049,8.551865765765767,0.019102914965354885
P02_L049,8.559461261261262,0.01884761953272175
P02_L049,8.567056756756758,0.018601436718282193
P02_L049,8.574652252252253,0.018364023033046406
P02_L049,8.582247747747749,0.018135035112300687
P02_L049,8.589843243243244,0.017914130290062814
P02_L049,8.59743873873874,0.017700967155876025
P02_L049,8.605034234234235,0.01749520609344475
P02_L049,8.612629729729731,0.017296509800663374
P02_L049,8.620225225225226,0.017104543790637236
P02_L049,8.627820720720722,0.016918976873340378
P02_L049,8.635416216216218,0.016739481617601044
P02_L049,8.643011711711713,0.016565734793149108
P02_L049,8.650607207207209,0.016397417792503928
P02_L049,8.658202702702704,0.016234217032521873
P02_L049,8.6657981981982,0.016075824335464527
P02_L049,8.673393693693694,0.01592193728948853
P02_L049,8.680989189189189,0.015772259588494843
P02_L049,8.688584684684685,0.015626501351315547
P02_L049,8.69618018018018,0.015484379420249026
P02_L049,8.703775675675676,0.015345617638992103
P02_L049,8.711371171171171,0.015209947110050432
P02_L049,8.718966666666667,0.015077106431740222
P02_L049,8.726562162162162,0.014946841914927882
P02_L049,8.734157657657658,0.014818907779682054
P02_L049,8.741753153153153,0.014693066332043534
P02_L049,8.749348648648649,0.014569088121145421
P02_L049,8.756944144144144,0.014446752076943034
P02_L049,8.76453963963964,0.01432584562883864
P02_L049,8.772135135135136,0.014206164805510867
P02_L049,8.779730630630631,0.014087514316281939
P02_L049,8.787326126126127,0.013969707614378312
P02_L049,8.794921621621622,0.013852566942461248
P02_L049,8.802517117117118,0.013735923360824841
P02_L049,8.810112612612613,0.013619616758677195
P02_L049,8.817708108108109,0.01350349584893949
P02_L049,8.825303603603604,0.013387418147013917
P02_L049,8.8328990990991,0.013271249933987922
P02_L049,8.840494594594595,0.013154866204757478
P02_L049,8.848090090090091,0.0130381506015649
P02_L049,8.855685585585586,0.012920995333461527
P02_L049,8.863281081081082,0.01280330108221563
P02_L049,8.870876576576578,0.012684976895198282
P02_L049,8.878472072072073,0.012565940065788707
P02_L049,8.886067567567569,0.012446116001850931
P02_L049,8.893663063063064,0.012325438082840125
P02_L049,8.90125855855856,0.012203847506104535
P02_L049,8.908854054054055,0.012081293122955262
P02_L049,8.91644954954955,0.011957731265080387
P02_L049,8.924045045045046,0.011833125561884377
P02_L049,8.931640540540542,0.011707446749336157
P02_L049,8.939236036036037,0.011580672470912408
P02_L049,8.946831531531533,0.011452787071221786
P02_L049,8.954427027027029,0.01132378138289764
P02_L049,8.962022522522524,0.011193652507344644
P02_L049,8.969618018018018,0.011062403589923605
P02_L049,8.977213513513513,0.010930043590154861
P02_L049,8.984809009009009,0.010796587047518477
P02_L049,8.992404504504504,0.010662053843422399
P02_L049,9.0,0.010526468959906572
P02_L100,1.6396,0.0006909229774215843
P02_L100,1.6469677677677677,0.0006930394666843652
P02_L100,1.6543355355355356,0.0006945168246054257
P02_L100,1.6617033033033033,0.0006953730186855191
P02_L100,1.669071071071071,0.0006956306022773299
P02_L100,1.6764388388388387,0.0006953168479177809
P02_L100,1.6838066066066066,0.0006944638745356907
P02_L100,1.6911743743743743,0.0006931087692241711
P02_L100,1.698542142142142,0.0006912937043783074
P02_L100,1.7059099099099098,0.0006890660510994043
P02_L100,1.7132776776776777,0.0006864784898555535
P02_L100,1.7206454454454454,0.0006835891194626096
P02_L100,1.728013213213213,0.0006804615655082109
P02_L100,1.735380980980981,0.0006771650893824163
P02_L100,1.7427487487487487,0.0006737746991005922
P02_L100,1.7501165165165165,0.000670371263105768
P02_L100,1.7574842842842842,0.0006670416282177912
P02_L100,1.764852052052052,0.0006638787428541051
P02_L100,1.7722198198198198,0.0006609817865811244
P02_L100,1.7795875875875875,0.0006584563069653136
P02_L100,1.7869553553553552,0.0006564143645789284
P02_L100,1.7943231231231231,0.0006549746868766787
P02_L100,1.8016908908908909,0.0006542628314966055
P02_L100,1.8090586586586586,0.0006544113593513865
P02_L100,1.8164264264264265,0.0006555600176660193
P02_L100,1.8237941941941942,0.0006578559328849421
P02_L100,1.831161961961962,0.0006614538131176282
P02_L100,1.8385297297297296,0.0006665161595177092
P02_L100,1.8458974974974973,0.0006732134856987
P02_L100,1.8532652652652652,0.0006817245439811105
P02_L100,1.860633033033033,0.0006922365569436931
P02_L100,1.8680008008008007,0.0007049454524180001
P02_L100,1.8753685685685686,0.0007200560997232298
P02_L100,1.8827363363363363,0.0007377825445904559
P02_L100,1.890104104104104,0.0007583482398749511
P02_L100,1.897471871871872,0.0007819862688058527
P02_L100,1.9048396396396396,0.0008089395571774862
P02_L100,1.9122074074074074,0.0008394610705500846
P02_L100,1.919575175175175,0.0008738139922032491
P02_L100,1.9269429429429428,0.0009122718772774399
P02_L100,1.9343107107107107,0.00095511877825125
P02_L100,1.9416784784784784,0.0010026493366392963
P02_L100,1.9490462462462461,0.001055168835561748
P02_L100,1.956414014014014,0.0011129932076358383
P02_L100,1.9637817817817818,0.001176448992476725
P02_L100,1.9711495495495495,0.001245873237973682
P02_L100,1.9785173173173174,0.001321613339432118
P02_L100,1.985885085085085,0.001404026810646023
P02_L100,1.9932528528528528,0.0014934809809933468
P02_L100,2.0006206206206207,0.001590352612731065
P02_L100,2.0079883883883882,0.0016950274328118452
P02_L100,2.015356156156156,0.0018078995737515677
P02_L100,2.022723923923924,0.0019293709183502978
P02_L100,2.0300916916916916,0.0020598503434098277
P02_L100,2.0374594594594595,0.0021997528580001797
P02_L100,2.044827227227227,0.002349498632307061
P02_L100,2.052194994994995,0.002509511913641431
P02_L100,2.059562762762763,0.002680219826812278
P02_L100,2.0669305305305303,0.0028620510567516455
P02_L100,2.0742982982982983,0.0030554344120374485
P02_L100,2.081666066066066,0.003260797268779586
P02_L100,2.0890338338338337,0.00347856389521802
P02_L100,2.0964016016016016,0.003709153658321376
P02_L100,2.1037693693693695,0.003952979114667481
P02_L100,2.111137137137137,0.0042104439889287925
P02_L100,2.118504904904905,0.004481941044365871
P02_L100,2.1258726726726724,0.0047678498508485385
P02_L100,2.1332404404404404,0.005068534457064806
P02_L100,2.1406082082082083,0.005384340974736161
P02_L100,2.147975975975976,0.005715595083824272
P02_L100,2.1553437437437437,0.00606259946887743
P02_L100,2.162711511511511,0.006425631197817228
P02_L100,2.170079279279279,0.006804939055592467
P02_L100,2.177447047047047,0.007200740846220613
P02_L100,2.184814814814815,0.007613220677782065
P02_L100,2.1921825825825825,0.008042526245919248
P02_L100,2.1995503503503504,0.008488766132309348
P02_L100,2.206918118118118,0.008952007135411541
P02_L100,2.214285885885886,0.009432271651530919
P02_L100,2.2216536536536537,0.009929535124871882
P02_L100,2.2290214214214212,0.010443723585774237
P02_L100,2.236389189189189,0.01097471129671103
P02_L100,2.2437569569569566,0.01152231852588411
P02_L100,2.2511247247247246,0.012086309468358735
P02_L100,2.2584924924924925,0.012666390334635326
P02_L100,2.2658602602602604,0.013262207626350504
P02_L100,2.273228028028028,0.013873346618431513
P02_L100,2.280595795795796,0.014499330066488878
P02_L100,2.2879635635635633,0.015139617157522954
P02_L100,2.2953313313313313,0.015793602721139548
P02_L100,2.302699099099099,0.016460616717414906
P02_L100,2.3100668668668667,0.017139924016331624
P02_L100,2.3174346346346346,0.017830724482316547
P02_L100,2.324802402402402,0.018532153375871264
P02_L100,2.33217017017017,0.019243282082585925
P02_L100,2.339537937937938,0.019963119177989288
P02_L100,2.346905705705706,0.02069061183472436
P02_L100,2.3542734734734734,0.02142464757644492
P02_L100,2.3616412412412413,0.022164056380646578
P02_L100,2.369009009009009,0.02290761313036336
P02_L100,2.3763767767767767,0.02365404041231649
P02_L100,2.3837445445445447,0.024402011656699286
P02_L100,2.391112312312312,0.025150154611353868
P02_L100,2.39848008008008,0.02589705514064245
P02_L100,2.4058478478478476,0.02664126133688667
P02_L100,2.4132156156156155,0.02738128792983407
P02_L100,2.4205833833833834,0.02811562097725511
P02_L100,2.4279511511511513,0.028842722817492502
P02_L100,2.435318918918919,0.02956103726258692
P02_L100,2.4426866866866868,0.0302689950085352
P02_L100,2.4500544544544542,0.030965019237287474
P02_L100,2.457422222222222,0.03164753138331182
P02_L100,2.46478998998999,0.032314957035934205
P02_L100,2.4721577577577576,0.032965731947244545
P02_L100,2.4795255255255255,0.033598308114137374
P02_L100,2.486893293293293,0.03421115990206323
P02_L100,2.494261061061061,0.034802790177295886
P02_L100,2.501628828828829,0.03537173641400334
P02_L100,2.508996596596597,0.03591657674213333
P02_L100,2.5163643643643643,0.03643593590210778
P02_L100,2.523732132132132,0.03692849107256982
P02_L100,2.5310998998998997,0.03739297753792008
P02_L100,2.5384676676676676,0.037828194163158115
P02_L100,2.5458354354354356,0.038233008644553396
P02_L100,2.553203203203203,0.038606362505951085
P02_L100,2.560570970970971,0.03894727581202923
P02_L100,2.5679387387387385,0.03925485157157249
P02_L100,2.5753065065065064,0.03952827980579649
P02_L100,2.5826742742742743,0.039766841258928466
P02_L100,2.5900420420420422,0.0399699107306122
P02_L100,2.5974098098098097,0.040136960012240847
P02_L100,2.6047775775775777,0.04026756041200352
P02_L100,2.612145345345345,0.040361384856246116
P02_L100,2.619513113113113,0.040418209557670656
P02_L100,2.626880880880881,0.04043791524390407
P02_L100,2.6342486486486485,0.04042048794303428
P02_L100,2.6416164164164164,0.040366019325815586
P02_L100,2.648984184184184,0.04027470660736176
P02_L100,2.656351951951952,0.04014685201424302
P02_L100,2.6637197197197198,0.039982861825972715
P02_L100,2.6710874874874877,0.039783245002860596
P02_L100,2.678455255255255,0.03954861141513392
P02_L100,2.6858230230230227,0.03927966969102357
P02_L100,2.6931907907907906,0.03897722470419073
P02_L100,2.7005585585585585,0.03864217472338783
P02_L100,2.7079263263263265,0.03827550824959697
P02_L100,2.715294094094094,0.037878300568049986
P02_L100,2.722661861861862,0.03745171004448198
P02_L100,2.7300296296296294,0.03699697419670906
P02_L100,2.7373973973973973,0.03651540557410925
P02_L100,2.744765165165165,0.036008387478846965
P02_L100,2.752132932932933,0.03547736956367123
P02_L100,2.7595007007007006,0.034923863341858125
P02_L100,2.766868468468468,0.03434943764533577
P02_L100,2.774236236236236,0.03375571406722755
P02_L100,2.781604004004004,0.033144362424979035
P02_L100,2.788971771771772,0.03251709627988545
P02_L100,2.7963395395395394,0.03187566854823025
P02_L100,2.8037073073073073,0.031221867238362098
P02_L100,2.811075075075075,0.03055751134690626
P02_L100,2.8184428428428427,0.029884446945919713
P02_L100,2.8258106106106107,0.02920454349117131
P02_L100,2.8331783783783786,0.028519690379869768
P02_L100,2.840546146146146,0.02783179378408749
P02_L100,2.8479139139139136,0.027142773783843856
P02_L100,2.8552816816816815,0.02645456182133966
P02_L100,2.8626494494494494,0.025769098495185203
P02_L100,2.8700172172172174,0.025088331710657448
P02_L100,2.877384984984985,0.024414215199071086
P02_L100,2.884752752752753,0.023748707416276545
P02_L100,2.8921205205205203,0.02309377082711837
P02_L100,2.899488288288288,0.02245137157942165
P02_L100,2.906856056056056,0.021823479567744917
P02_L100,2.914223823823824,0.021212068883758227
P02_L100,2.9215915915915915,0.020619118646698204
P02_L100,2.928959359359359,0.020046614203943155
P02_L100,2.936327127127127,0.01949654868835344
P02_L100,2.943694894894895,0.01897092491565449
P02_L100,2.951062662662663,0.018471757601837648
P02_L100,2.9584304304304303,0.018001075877314598
P02_L100,2.9657981981981982,0.017560926071428215
P02_L100,2.9731659659659657,0.01715337473789364
P02_L100,2.9805337337337336,0.016780511888862176
P02_L100,2.9879015015015016,0.01644445440256059
P02_L100,2.9952692692692695,0.016147349566903727
P02_L100,3.002637037037037,0.015891378719106636
P02_L100,3.0100048048048045,0.01567876093916663
P02_L100,3.0173725725725724,0.015511756753155144
P02_L100,3.0247403403403403,0.01539267180057388
P02_L100,3.0321081081081083,0.015323860418604531
P02_L100,3.0394758758758758,0.015307729094932263
P02_L100,3.0468436436436432,0.015346739739965599
P02_L100,3.054211411411411,0.015443412728717477
P02_L100,3.061579179179179,0.015600329662374214
P02_L100,3.068946946946947,0.015820135799663532
P02_L100,3.076314714714715,0.016105542108554693
P02_L100,3.0836824824824824,0.016459326889586803
P02_L100,3.09105025025025,0.016884336923235637
P02_L100,3.098418018018018,0.017383488095193037
P02_L100,3.105785785785786,0.017959765455255305
P02_L100,3.1131535535535537,0.018616222667690776
P02_L100,3.120521321321321,0.019355980813485146
P02_L100,3.1278890890890887,0.02018222650773651
P02_L100,3.1352568568568566,0.021098209298689316
P02_L100,3.1426246246246246,0.022107238318436757
P02_L100,3.1499923923923925,0.023212678159187445
P02_L100,3.1573601601601604,0.024417943953150754
P02_L100,3.164727927927928,0.025726495638543255
P02_L100,3.1720956956956954,0.027141831398925786
P02_L100,3.1794634634634633,0.028667480268025278
P02_L100,3.1868312312312312,0.030306993897349623
P02_L100,3.194198998998999,0.03206393748924305
P02_L100,3.2015667667667667,0.03394187990351153
P02_L100,3.208934534534534,0.03594438295135155
P02_L100,3.216302302302302,0.03807498989598565
P02_L100,3.22367007007007,0.04033721318513109
P02_L100,3.231037837837838,0.04273452144613896
P02_L100,3.2384056056056054,0.04527032578030991
P02_L100,3.2457733733733733,0.04794796539848008
P02_L100,3.253141141141141,0.05077069264542408
P02_L100,3.2605089089089088,0.05374165746590335
P02_L100,3.2678766766766767,0.05686389137025308
P02_L100,3.2752444444444446,0.060140290962207334
P02_L100,3.282612212212212,0.06357360109616503
P02_L100,3.2899799799799796,0.06716639773526549
P02_L100,3.2973477477477475,0.07092107058542266
P02_L100,3.3047155155155155,0.07483980558385209
P02_L100,3.3120832832832834,0.07892456732352916
P02_L100,3.319451051051051,0.08317708149749767
P02_L100,3.326818818818819,0.08759881744887935
P02_L100,3.3341865865865863,0.09219097091388155
P02_L100,3.341554354354354,0.09695444704600491
P02_L100,3.348922122122122,0.10188984381000628
P02_L100,3.35628988988989,0.10699743583398554
P02_L100,3.3636576576576576,0.1122771588072172
P02_L100,3.371025425425425,0.11772859451008447
P02_L100,3.378393193193193,0.12335095656062571
P02_L100,3.385760960960961,0.12914307695990762
P02_L100,3.393128728728729,0.13510339351558837
P02_L100,3.4004964964964963,0.14122993821974777
P02_L100,3.4078642642642643,0.14752032665334572
P02_L100,3.4152320320320317,0.15397174848552136
P02_L100,3.4225997997997997,0.16058095913147724
P02_L100,3.4299675675675676,0.1673442726278734
P02_L100,3.4373353353353355,0.1742575557795876
P02_L100,3.444703103103103,0.18131622362640284
P02_L100,3.4520708708708705,0.1885152362726937
P02_L100,3.4594386386386384,0.19584909711761841
P02_L100,3.4668064064064064,0.20331185251759365
P02_L100,3.4741741741741743,0.21089709290722722
P02_L100,3.4815419419419418,0.21859795539908472
P02_L100,3.4889097097097097,0.22640712787718528
P02_L100,3.496277477477477,0.2343168545935113
P02_L100,3.503645245245245,0.2423189432715416
P02_L100,3.511013013013013,0.25040477371557707
P02_L100,3.518380780780781,0.25856530791970306
P02_L100,3.5257485485485485,0.26679110166546705
P02_L100,3.533116316316316,0.2750723175928282
P02_L100,3.540484084084084,0.2833987397247416
P02_L100,3.547851851851852,0.2917597894216802
P02_L100,3.5552196196196197,0.300144542738763
P02_L100,3.5625873873873872,0.3085417491545388
P02_L100,3.569955155155155,0.31693985163735755
P02_L100,3.5773229229229226,0.32532700801208814
P02_L100,3.5846906906906906,0.333691113587189
P02_L100,3.5920584584584585,0.34201982499932526
P02_L100,3.5994262262262264,0.3503005852302125
P02_L100,3.606793993993994,0.3585206497477987
P02_L100,3.6141617617617614,0.3666671137214411
P02_L100,3.6215295295295293,0.3747269402582583
P02_L100,3.6288972972972973,0.3826869896053034
P02_L100,3.636265065065065,0.3905340492596014
P02_L100,3.643632832832833,0.39825486492536943
P02_L100,3.6510006006006,0.40583617225482194
P02_L100,3.658368368368368,0.41326472930592506
P02_L100,3.665736136136136,0.4205273496471306
P02_L100,3.673103903903904,0.4276109360356094
P02_L100,3.680471671671672,0.4345025145917278
P02_L100,3.687839439439439,0.44118926938847786
P02_L100,3.695207207207207,0.4476585773703292
P02_L100,3.702574974974975,0.45389804351139723
P02_L100,3.7099427427427427,0.45989553611824563
P02_L100,3.7173105105105106,0.4656392221776371
P02_L100,3.7246782782782786,0.4711176026446085
P02_L100,3.7320460460460456,0.4763195475611818
P02_L100,3.7394138138138135,0.4812343308908891
P02_L100,3.7467815815815815,0.48585166494932536
P02_L100,3.7541493493493494,0.49016173430599774
P02_L100,3.7615171171171173,0.4941552290281549
P02_L100,3.7688848848848844,0.49782337713290153
P02_L100,3.7762526526526523,0.501157976110006
P02_L100,3.7836204204204202,0.5041514233744325
P02_L100,3.790988188188188,0.5067967455048309
P02_L100,3.798355955955956,0.5090876261221874
P02_L100,3.805723723723724,0.5110184322615926
P02_L100,3.813091491491491,0.5125842390897747
P02_L100,3.820459259259259,0.513780852821733
P02_L100,3.827827027027027,0.5146048316915767
P02_L100,3.835194794794795,0.5150535048356117
P02_L100,3.842562562562563,0.5151249889498452
P02_L100,3.84993033033033,0.5148182025895438
P02_L100,3.8572980980980978,0.5141328779851485
P02_L100,3.8646658658658657,0.5130695702569175
P02_L100,3.8720336336336336,0.5116296639200333
P02_L100,3.8794014014014016,0.5098153765826071
P02_L100,3.8867691691691695,0.5076297597509164
P02_L100,3.8941369369369365,0.5050766966694663
P02_L100,3.9015047047047045,0.5021608971377558
P02_L100,3.9088724724724724,0.49888788926112926
P02_L100,3.9162402402402403,0.49526400810940835
P02_L100,3.9236080080080082,0.4912963812743256
P02_L100,3.9309757757757753,0.48699291133476286
P02_L100,3.938343543543543,0.48236225525730503
P02_L100,3.945711311311311,0.477413800778658
P02_L100,3.953079079079079,0.4721576398356561
P02_L100,3.960446846846847,0.46660453912788613
P02_L100,3.967814614614615,0.4607659079171258
P02_L100,3.975182382382382,0.4546537631866467
P02_L100,3.98255015015015,0.448280692301808
P02_L100,3.989917917917918,0.4416598133310338
P02_L100,3.9972856856856858,0.43480473320307517
P02_L100,4.004653453453454,0.4277295038921887
P02_L100,4.012021221221221,0.4204485768374394
P02_L100,4.019388988988989,0.41297675581543264
P02_L100,4.026756756756757,0.40532914849740137
P02_L100,4.0341245245245245,0.39752111693154335
P02_L100,4.0414922922922925,0.3895682271996385
P02_L100,4.04886006006006,0.3814861985032976
P02_L100,4.056227827827827,0.37329085193950506
P02_L100,4.063595595595595,0.3649980592274755
P02_L100,4.070963363363363,0.35662369164909363
P02_L100,4.078331131131131,0.34818356946348084
P02_L100,4.085698898898899,0.33969341205237014
P02_L100,4.093066666666666,0.33116878904720165
P02_L100,4.100434434434434,0.32262507268103136
P02_L100,4.107802202202202,0.31407739159873727
P02_L100,4.11516996996997,0.3055405863474943
P02_L100,4.122537737737738,0.29702916675652197
P02_L100,4.129905505505506,0.2885572714003386
P02_L100,4.137273273273273,0.28013862932386974
P02_L100,4.144641041041041,0.27178652419044813
P02_L100,4.152008808808809,0.2635137609955446
P02_L100,4.159376576576577,0.2553326354699162
P02_L100,4.166744344344345,0.24725490627603
P02_L100,4.174112112112112,0.23929177008146527
P02_L100,4.18147987987988,0.23145383957236101
P02_L100,4.1888476476476475,0.2237511244494138
P02_L100,4.196215415415415,0.21619301542845215
P02_L100,4.203583183183183,0.20878827124741325
P02_L100,4.210950950950951,0.20154500866186972
P02_L100,4.218318718718718,0.19447069539222725
P02_L100,4.225686486486486,0.1875721459675281
P02_L100,4.233054254254254,0.18085552039357597
P02_L100,4.240422022022022,0.17432632555695518
P02_L100,4.24778978978979,0.1679894192616969
P02_L100,4.255157557557557,0.16184901678173777
P02_L100,4.262525325325325,0.15590869980021474
P02_L100,4.269893093093093,0.15017142759598304
P02_L100,4.277260860860861,0.14463955032862763
P02_L100,4.284628628628629,0.13931482426566688
P02_L100,4.291996396396397,0.13419842878968785
P02_L100,4.299364164164164,0.12929098501871727
P02_L100,4.306731931931932,0.12459257587027368
P02_L100,4.3140996996997,0.12010276739819065
P02_L100,4.321467467467468,0.11582063123137255
P02_L100,4.3288352352352355,0.11174476794516044
P02_L100,4.3362030030030025,0.10787333119875203
P02_L100,4.3435707707707705,0.10420405247613679
P02_L100,4.350938538538538,0.10073426627313234
P02_L100,4.358306306306306,0.0974609355792561
P02_L100,4.365674074074074,0.09438067751019842
P02_L100,4.373041841841841,0.09148978895446673
P02_L100,4.380409609609609,0.08878427210628229
P02_L100,4.387777377377377,0.08625985976578324
P02_L100,4.395145145145145,0.08391204029704503
P02_L100,4.402512912912913,0.08173608214415118
P02_L100,4.409880680680681,0.07972705781544157
P02_L100,4.417248448448448,0.07787986725605978
P02_L100,4.424616216216216,0.07618926053883923
P02_L100,4.431983983983984,0.07464985981338276
P02_L100,4.439351751751752,0.07325618046275796
P02_L100,4.44671951951952,0.07200265142648407
P02_L100,4.454087287287287,0.0708836346573748
P02_L100,4.461455055055055,0.06989344368821475
P02_L100,4.468822822822823,0.0690263612921687
P02_L100,4.4761905905905905,0.06827665622818856
P02_L100,4.4835583583583585,0.06763859906946561
P02_L100,4.490926126126126,0.06710647711913575
P02_L100,4.4982938938938934,0.06667460842299278
P02_L100,4.505661661661661,0.06633735489385599
P02_L100,4.513029429429429,0.06608913456651419
P02_L100,4.520397197197197,0.06592443300579434
P02_L100,4.527764964964965,0.06583781389335155
P02_L100,4.535132732732732,0.06582392882120197
P02_L100,4.5425005005005,0.0658775263219235
P02_L100,4.549868268268268,0.06599346016679558
P02_L100,4.557236036036036,0.06616669696405021
P02_L100,4.564603803803804,0.06639232308981609
P02_L100,4.571971571571572,0.06666555098440088
P02_L100,4.579339339339339,0.06698172484622325
P02_L100,4.586707107107107,0.0673363257551004
P02_L100,4.594074874874875,0.06772497625570753
P02_L100,4.601442642642643,0.0681434444309486
P02_L100,4.608810410410411,0.068587647493717
P02_L100,4.616178178178178,0.06905365492415289
P02_L100,4.623545945945946,0.06953769117804617
P02_L100,4.6309137137137135,0.07003613799054297
P02_L100,4.6382814814814814,0.07054553629780212
P02_L100,4.645649249249249,0.0710625877977796
P02_L100,4.653017017017017,0.07158415616989451
P02_L100,4.660384784784784,0.07210726797197209
P02_L100,4.667752552552552,0.07262911323164388
P02_L100,4.67512032032032,0.07314704574820405
P02_L100,4.682488088088088,0.07365858311996265
P02_L100,4.689855855855856,0.07416140651122773
P02_L100,4.697223623623623,0.07465336017232112
P02_L100,4.704591391391391,0.07513245072543648
P02_L100,4.711959159159159,0.07559684622867703
P02_L100,4.719326926926927,0.0760448750302712
P02_L100,4.726694694694695,0.0764750244247502
P02_L100,4.734062462462463,0.07688593912275112
P02_L100,4.74143023023023,0.07727641954609799
P02_L100,4.748797997997998,0.07764541995987244
P02_L100,4.756165765765766,0.077992046453298
P02_L100,4.763533533533534,0.07831555478144332
P02_L100,4.7709013013013015,0.07861534807992877
P02_L100,4.778269069069069,0.07889097446503411
P02_L100,4.7856368368368365,0.07914212453178576
P02_L100,4.793004604604604,0.07936862876277816
P02_L100,4.800372372372372,0.07957045486060009
P02_L100,4.80774014014014,0.07974770501680314
P02_L100,4.815107907907908,0.07990061313034125
P02_L100,4.822475675675675,0.0800295419883205
P02_L100,4.829843443443443,0.08013498042170988
P02_L100,4.837211211211211,0.08021754044836601
P02_L100,4.844578978978979,0.0802779544153458
P02_L100,4.851946746746747,0.08031707215193173
P02_L100,4.859314514514514,0.08033585814419875
P02_L100,4.866682282282282,0.08033538874117888
P02_L100,4.87405005005005,0.08031684940181388
P02_L100,4.881417817817818,0.08028153199093549
P02_L100,4.888785585585586,0.08023083213138961
P02_L100,4.896153353353354,0.08016624661828324
P02_L100,4.903521121121121,0.08008937090002727
P02_L100,4.910888888888889,0.08000189662951444
P02_L100,4.918256656656657,0.07990560928736247
P02_L100,4.9256244244244245,0.07980238587765776
P02_L100,4.932992192192192,0.07969419269514694
P02_L100,4.9403599599599595,0.07958308316127397
P02_L100,4.947727727727727,0.07947119572490415
P02_L100,4.955095495495495,0.07936075182206029
P02_L100,4.962463263263263,0.0792540538874307
P02_L100,4.969831031031031,0.07915348340895438
P02_L100,4.977198798798799,0.0790614990153374
P02_L100,4.984566566566566,0.07898063458496807
P02_L100,4.991934334334334,0.07891349736343017
P02_L100,4.999302102102102,0.07886276607559146
P02_L100,5.00666986986987,0.07883118901715888
P02_L100,5.014037637637638,0.07882158210962269
P02_L100,5.021405405405405,0.07883682690164932
P02_L100,5.028773173173173,0.07887986849929422
P02_L100,5.036140940940941,0.07895371340683564
P02_L100,5.043508708708709,0.07906142725964072
P02_L100,5.050876476476477,0.07920613243022287
P02_L100,5.058244244244245,0.07939100548860516
P02_L100,5.065612012012012,0.07961927449818443
P02_L100,5.0729797797797795,0.07989421612859884
P02_L100,5.0803475475475475,0.08021915256754751
P02_L100,5.087715315315315,0.08059744821416821
P02_L100,5.095083083083083,0.08103250613739031
P02_L100,5.10245085085085,0.08152776428369561
P02_L100,5.109818618618618,0.08208669141989285
P02_L100,5.117186386386386,0.08271278279786336
P02_L100,5.124554154154154,0.08340955552975256
P02_L100,5.131921921921922,0.08418054366377935
P02_L100,5.13928968968969,0.08502929295263857
P02_L100,5.146657457457457,0.08595935530849175
P02_L100,5.154025225225225,0.08697428294061023
P02_L100,5.161392992992993,0.08807762217402706
P02_L100,5.168760760760761,0.08927290694985489
P02_L100,5.176128528528529,0.09056365201041079
P02_L100,5.183496296296296,0.09195334577480037
P02_L100,5.190864064064064,0.09344544291322851
P02_L100,5.198231831831832,0.0950433566309275
P02_L100,5.2055995995996,0.09675045067529557
P02_L100,5.2129673673673675,0.09857003108250259
P02_L100,5.220335135135135,0.10050533768250565
P02_L100,5.2277029029029025,0.10255953538405328
P02_L100,5.2350706706706704,0.10473570526383244
P02_L100,5.242438438438438,0.10703683548642635
P02_L100,5.249806206206206,0.10946581208413077
P02_L100,5.257173973973974,0.11202540962793489
P02_L100,5.264541741741741,0.11471828182309954
P02_L100,5.271909509509509,0.11754695206464123
P02_L100,5.279277277277277,0.12051380398979085
P02_L100,5.286645045045045,0.12362107206592908
P02_L100,5.294012812812813,0.12687083225374035
P02_L100,5.30138058058058,0.13026499278625733
P02_L100,5.308748348348348,0.13380528510510412
P02_L100,5.316116116116116,0.1374932549955477
P02_L100,5.323483883883884,0.14133025396195775
P02_L100,5.330851651651652,0.14531743088487398
P02_L100,5.33821941941942,0.14945572400015766
P02_L100,5.345587187187187,0.1537458532395536
P02_L100,5.352954954954955,0.1581883129705329
P02_L100,5.360322722722723,0.16278336517138572
P02_L100,5.3676904904904905,0.1675310330753009
P02_L100,5.3750582582582584,0.1724310953145743
P02_L100,5.3824260260260255,0.1774830805931135
P02_L100,5.389793793793793,0.18268626291214168
P02_L100,5.397161561561561,0.18803965737040468
P02_L100,5.404529329329329,0.19354201655634087
P02_L100,5.411897097097097,0.19919182754554332
P02_L100,5.419264864864865,0.20498730951257724
P02_L100,5.426632632632632,0.21092641196170553
P02_L100,5.4340004004004,0.2170068135765909
P02_L100,5.441368168168168,0.22322592168431626
P02_L100,5.448735935935936,0.2295808723245408
P02_L100,5.456103703703704,0.23606853091000135
P02_L100,5.463471471471471,0.242685493460149
P02_L100,5.470839239239239,0.24942808838546288
P02_L100,5.478207007007007,0.25629237879597166
P02_L100,5.485574774774775,0.26327416530385284
P02_L100,5.492942542542543,0.2703689892866602
P02_L100,5.500310310310311,0.2775721365748611
P02_L100,5.507678078078078,0.28487864152495623
P02_L100,5.515045845845846,0.2922832914377257
P02_L100,5.5224136136136135,0.29978063127978916
P02_L100,5.529781381381381,0.307364968666159
P02_L100,5.537149149149149,0.31503037906153813
P02_L100,5.544516916916916,0.32277071115889483
P02_L100,5.551884684684684,0.3305795923953166
P02_L100,5.559252452452452,0.3384504345674622
P02_L100,5.56662022022022,0.3463764395118011
P02_L100,5.573987987987988,0.3543506048186057
P02_L100,5.581355755755756,0.3623657295529424
P02_L100,5.588723523523523,0.3704144199610018
P02_L100,5.596091291291291,0.37848909514574225
P02_L100,5.603459059059059,0.3865819927019807
P02_L100,5.610826826826827,0.39468517430777755
P02_L100,5.618194594594595,0.40279053127606007
P02_L100,5.625562362362362,0.41088979007778353
P02_L100,5.63293013013013,0.4189745178556046
P02_L100,5.640297897897898,0.4270361279546955
P02_L100,5.647665665665666,0.43506588550514186
P02_L100,5.655033433433433,0.4430549130978387
P02_L100,5.662401201201201,0.45099419660331547
P02_L100,5.6697689689689685,0.4588745911896337
P02_L100,5.6771367367367365,0.4666868276022472
P02_L100,5.684504504504504,0.4744215187742943
P02_L100,5.691872272272272,0.4820691668410067
P02_L100,5.699240040040039,0.4896201706360133
P02_L100,5.706607807807807,0.49706483375060184
P02_L100,5.713975575575575,0.5043933732389745
P02_L100,5.721343343343343,0.511595929053595
P02_L100,5.728711111111111,0.5186625742942136
P02_L100,5.736078878878878,0.5255833263525529
P02_L100,5.743446646646646,0.5323481590315461
P02_L100,5.750814414414414,0.5389470157133928
P02_L100,5.758182182182182,0.5453698236449369
P02_L100,5.76554994994995,0.5516065094012792
P02_L100,5.772917717717718,0.5576470155799033
P02_L100,5.780285485485485,0.5634813187672865
P02_L100,5.787653253253253,0.5690994488086047
P02_L100,5.795021021021021,0.5744915093983852
P02_L100,5.802388788788789,0.5796476999961081
P02_L100,5.8097565565565565,0.584558339056107
P02_L100,5.817124324324324,0.5892138885452957
P02_L100,5.8244920920920915,0.5936049797060298
P02_L100,5.831859859859859,0.5977224400045361
P02_L100,5.839227627627627,0.6015573211881301
P02_L100,5.846595395395395,0.6051009283572394
P02_L100,5.853963163163163,0.6083448499409233
P02_L100,5.86133093093093,0.6112809884477323
P02_L100,5.868698698698698,0.6139015918473744
P02_L100,5.876066466466466,0.6161992854228804
P02_L100,5.883434234234234,0.6181671039183831
P02_L100,5.890802002002002,0.619798523793987
P02_L100,5.898169769769769,0.6210874953869902
P02_L100,5.905537537537537,0.622028474768194
P02_L100,5.912905305305305,0.6226164550730348
P02_L100,5.920273073073073,0.6228469970802826
P02_L100,5.927640840840841,0.6227162588061383
P02_L100,5.935008608608609,0.6222210238786828
P02_L100,5.942376376376376,0.6213587284570492
P02_L100,5.949744144144144,0.6201274864615502
P02_L100,5.957111911911912,0.6185261128849711
P02_L100,5.9644796796796795,0.6165541449618634
P02_L100,5.971847447447447,0.614211860981476
P02_L100,5.9792152152152145,0.6115002965412255
P02_L100,5.986582982982982,0.608421258051005
P02_L100,5.99395075075075,0.6049773333143296
P02_L100,6.001318518518518,0.6011718990299731
P02_L100,6.008686286286286,0.597009125077239
P02_L100,6.016054054054054,0.5924939754694393
P02_L100,6.023421821821821,0.5876322058827685
P02_L100,6.030789589589589,0.5824303576919753
P02_L100,6.038157357357357,0.5768957484693421
P02_L100,6.045525125125125,0.5710364589295083
P02_L100,6.052892892892893,0.5648613163290662
P02_L100,6.06026066066066,0.5583798743569106
P02_L100,6.067628428428428,0.5516023895778916
P02_L100,6.074996196196196,0.5445397945190985
P02_L100,6.082363963963964,0.5372036675140159
P02_L100,6.089731731731732,0.5296061994450684
P02_L100,6.0970994994995,0.5217601575492186
P02_L100,6.104467267267267,0.5136788464741551
P02_L100,6.111835035035035,0.5053760667939085
P02_L100,6.1192028028028025,0.49686607121225246
P02_L100,6.12657057057057,0.48816351869991575
P02_L100,6.133938338338338,0.47928342682698116
P02_L100,6.141306106106105,0.47024112256515865
P02_L100,6.148673873873873,0.4610521918453118
P02_L100,6.156041641641641,0.45173242816396786
P02_L100,6.163409409409409,0.4422977805382172
P02_L100,6.170777177177177,0.43276430111159614
P02_L100,6.178144944944945,0.42314809271403914
P02_L100,6.185512712712712,0.41346525667686346
P02_L100,6.19288048048048,0.4037318411992485
P02_L100,6.200248248248248,0.3939637905554732
P02_L100,6.207616016016016,0.38417689542274697
P02_L100,6.214983783783784,0.37438674459779947
P02_L100,6.222351551551551,0.36460867835654537
P02_L100,6.229719319319319,0.3548577436953967
P02_L100,6.237087087087087,0.3451486516753081
P02_L100,6.244454854854855,0.3354957370705945
P02_L100,6.251822622622623,0.325912920504127
P02_L100,6.25919039039039,0.31641367322905695
P02_L100,6.2665581581581575,0.30701098469473204
P02_L100,6.2739259259259255,0.2977173330114697
P02_L100,6.281293693693693,0.28854465840530374
P02_L100,6.288661461461461,0.27950433973012806
P02_L100,6.296029229229229,0.2706071740810443
P02_L100,6.303396996996996,0.26186335952925593
P02_L100,6.310764764764764,0.2532824809759615
P02_L100,6.318132532532532,0.24487349910041364
P02_L100,6.3255003003003,0.2366447423559224
P02_L100,6.332868068068068,0.22860390194720517
P02_L100,6.340235835835835,0.22075802970332553
P02_L100,6.347603603603603,0.21311353874263925
P02_L100,6.354971371371371,0.20567620680979776
P02_L100,6.362339139139139,0.19845118215003932
P02_L100,6.369706906906907,0.19144299177289284
P02_L100,6.377074674674675,0.18465555194594793
P02_L100,6.384442442442442,0.1780921807497247
P02_L100,6.39181021021021,0.1717556125167589
P02_L100,6.399177977977978,0.16564801397200613
P02_L100,6.4065457457457455,0.15977100188733687
P02_L100,6.4139135135135135,0.15412566206041717
P02_L100,6.4212812812812805,0.14871256942745242
P02_L100,6.428649049049048,0.14353180912016936
P02_L100,6.436016816816816,0.13858299827984513
P02_L100,6.443384584584584,0.13386530844517597
P02_L100,6.450752352352352,0.12937748833614096
P02_L100,6.45812012012012,0.12511788686273817
P02_L100,6.465487887887887,0.12108447619529722
P02_L100,6.472855655655655,0.11727487474205853
P02_L100,6.480223423423423,0.11368636988961445
P02_L100,6.487591191191191,0.11031594037250164
P02_L100,6.494958958958959,0.10716027814967896
P02_L100,6.502326726726726,0.10421580967758105
P02_L100,6.509694494494494,0.10147871648184945
P02_L100,6.517062262262262,0.09894495494255358
P02_L100,6.52443003003003,0.09661027522058023
P02_L100,6.531797797797798,0.09447023926582031
P02_L100,6.539165565565566,0.092520237860638
P02_L100,6.546533333333333,0.09075550666481005
P02_L100,6.553901101101101,0.08917114124051524
P02_L100,6.5612688688688685,0.08776211104800043
P02_L100,6.568636636636636,0.08652327241408155
P02_L100,6.576004404404404,0.08544938048664523
P02_L100,6.583372172172171,0.0845351001986637
P02_L100,6.590739939939939,0.08377501627489761
P02_L100,6.598107707707707,0.08316364232334122
P02_L100,6.605475475475475,0.08269542906155553
P02_L100,6.612843243243243,0.08236477173522491
P02_L100,6.620211011011011,0.08216601679263094
P02_L100,6.627578778778778,0.08209346788410461
P02_L100,6.634946546546546,0.08214139126001056
P02_L100,6.642314314314314,0.08230402064431809
P02_L100,6.649682082082082,0.0825755616633875
P02_L100,6.65704984984985,0.08295019591120333
P02_L100,6.664417617617617,0.083422084732991
P02_L100,6.671785385385385,0.08398537280889534
P02_L100,6.679153153153153,0.0846341916182938
P02_L100,6.686520920920921,0.08536266286331502
P02_L100,6.693888688688689,0.08616490192734126
P02_L100,6.7012564564564565,0.08703502144067739
P02_L100,6.7086242242242236,0.08796713502125902
P02_L100,6.7159919919919915,0.08895536125327322
P02_L100,6.723359759759759,0.08999382796095487
P02_L100,6.730727527527527,0.0910766768286499
P02_L100,6.738095295295295,0.0921980684115759
P02_L100,6.745463063063062,0.09335218757461324
P02_L100,6.75283083083083,0.09453324938902688
P02_L100,6.760198598598598,0.09573550550929846
P02_L100,6.767566366366366,0.0969532510443132
P02_L100,6.774934134134134,0.09818083192910258
P02_L100,6.782301901901902,0.09941265279523681
P02_L100,6.789669669669669,0.10064318532987379
P02_L100,6.797037437437437,0.10186697710550621
P02_L100,6.804405205205205,0.10307866085464731
P02_L100,6.811772972972973,0.10427296415613474
P02_L100,6.819140740740741,0.10544471949253677
P02_L100,6.826508508508508,0.10658887463129302
P02_L100,6.833876276276276,0.10770050327585519
P02_L100,6.841244044044044,0.10877481592724945
P02_L100,6.848611811811812,0.10980717089120101
P02_L100,6.8559795795795795,0.11079308536131309
P02_L100,6.863347347347347,0.11172824650482396
P02_L100,6.8707151151151145,0.11260852247421214
P02_L100,6.878082882882882,0.11342997326539696
P02_L100,6.88545065065065,0.11418886134156399
P02_L100,6.892818418418418,0.11488166194069516
P02_L100,6.900186186186186,0.11550507298475413
P02_L100,6.907553953953953,0.11605602450913693
P02_L100,6.914921721721721,0.11653168753251372
P02_L100,6.922289489489489,0.11692948228943063
P02_L100,6.929657257257257,0.11724708575111249
P02_L100,6.937025025025025,0.11748243836370574
P02_L100,6.944392792792793,0.11763374993771009
P02_L100,6.95176056056056,0.11769950462756053
P02_L100,6.959128328328328,0.11767846494608612
P02_L100,6.966496096096096,0.11756967476502177
P02_L100,6.973863863863864,0.11737246125957751
P02_L100,6.981231631631632,0.11708643576245593
P02_L100,6.988599399399399,0.11671149350038494
P02_L100,6.995967167167167,0.1162478121942591
P02_L100,7.0033349349349345,0.11569584951222374
P02_L100,7.0107027027027025,0.11505633937338092
P02_L100,7.01807047047047,0.11433028710828044
P02_L100,7.025438238238238,0.11351896349074032
P02_L100,7.032806006006005,0.11262389766390082
P02_L100,7.040173773773773,0.11164686899153842
P02_L100,7.047541541541541,0.11058989787357999
P02_L100,7.054909309309309,0.10945523557231251
P02_L100,7.062277077077077,0.10824535310296354
P02_L100,7.069644844844844,0.1069629292490269
P02_L100,7.077012612612612,0.10561083776888701
P02_L100,7.08438038038038,0.10419213386592133
P02_L100,7.091748148148148,0.10271003999920754
P02_L100,7.099115915915916,0.101167931116295
P02_L100,7.106483683683683,0.09956931939310723
P02_L100,7.113851451451451,0.09791783856891115
P02_L100,7.121219219219219,0.09621722796643935
P02_L100,7.128586986986987,0.09447131628861419
P02_L100,7.135954754754755,0.09268400528395677
P02_L100,7.1433225225225225,0.09085925337261537
P02_L100,7.15069029029029,0.0890010593240677
P02_L100,7.1580580580580575,0.08711344607595964
P02_L100,7.165425825825825,0.08520044478124021
P02_L100,7.172793593593593,0.08326607916779026
P02_L100,7.180161361361361,0.08131435029116592
P02_L100,7.187529129129128,0.07934922175692935
P02_L100,7.194896896896896,0.07737460548433163
P02_L100,7.202264664664664,0.0753943480779839
P02_L100,7.209632432432432,0.07341221786855505
P02_L100,7.2170002002002,0.07143189267763367
P02_L100,7.224367967967968,0.06945694835565212
P02_L100,7.231735735735735,0.06749084813533889
P02_L100,7.239103503503503,0.06553693283655712
P02_L100,7.246471271271271,0.06359841195167487
P02_L100,7.253839039039039,0.06167835563387194
P02_L100,7.261206806806807,0.05977968760407199
P02_L100,7.268574574574574,0.057905178985567116
P02_L100,7.275942342342342,0.05605744306889085
P02_L100,7.28331011011011,0.054238931003236485
P02_L100,7.290677877877878,0.0524519284046397
P02_L100,7.2980456456456455,0.050698552865415684
P02_L100,7.305413413413413,0.048980752343896906
P02_L100,7.3127811811811805,0.047300304408477156
P02_L100,7.320148948948948,0.045658816305307784
P02_L100,7.327516716716716,0.04405772581475494
P02_L100,7.334884484484484,0.04249830285794247
P02_L100,7.342252252252252,0.040981651811381296
P02_L100,7.349620020020019,0.03950871448482938
P02_L100,7.356987787787787,0.038080273715133006
P02_L100,7.364355555555555,0.03669695752691095
P02_L100,7.371723323323323,0.0353592438094857
P02_L100,7.379091091091091,0.034067465458504274
P02_L100,7.386458858858859,0.0328218159301495
P02_L100,7.393826626626626,0.03162235515574663
P02_L100,7.401194394394394,0.030469015764879114
P02_L100,7.408562162162162,0.029361609565818663
P02_L100,7.41592992992993,0.028299834233129456
P02_L100,7.423297697697698,0.027283280153688555
P02_L100,7.430665465465465,0.02631143738405712
P02_L100,7.438033233233233,0.025383702674079637
P02_L100,7.4454010010010006,0.024499386513793863
P02_L100,7.4527687687687685,0.02365772016311823
P02_L100,7.460136536536536,0.022857862626362323
P02_L100,7.467504304304304,0.02209890753630386
P02_L100,7.474872072072071,0.02137988991539323
P02_L100,7.482239839839839,0.020699792784535015
P02_L100,7.489607607607607,0.0200575535928303
P02_L100,7.496975375375375,0.019452070444609185
P02_L100,7.504343143143143,0.01888220810303228
P02_L100,7.51171091091091,0.0183468037524393
P02_L100,7.519078678678678,0.01784467250446961
P02_L100,7.526446446446446,0.01737461263575252
P02_L100,7.533814214214214,0.016935410547627875
P02_L100,7.541181981981982,0.016525845440918407
P02_L100,7.54854974974975,0.01614469370119531
P02_L100,7.555917517517517,0.015790732992267034
P02_L100,7.563285285285285,0.015462746057752476
P02_L100,7.570653053053053,0.015159524232574315
P02_L100,7.578020820820821,0.014879870668018274
P02_L100,7.5853885885885886,0.014622603275645855
P02_L100,7.592756356356356,0.01438655739682189
P02_L100,7.6001241241241235,0.014170588205917512
P02_L100,7.6074918918918915,0.013973572856386765
P02_L100,7.614859659659659,0.013794412379882224
P02_L100,7.622227427427427,0.013632033349385352
P02_L100,7.629595195195195,0.01348538931797892
P02_L100,7.636962962962962,0.013353462045397769
P02_L100,7.64433073073073,0.013235262524855872
P02_L100,7.651698498498498,0.013129831822881742
P02_L100,7.659066266266266,0.013036241745002477
P02_L100,7.666434034034034,0.012953595340110655
P02_L100,7.673801801801801,0.012881027256238412
P02_L100,7.681169569569569,0.012817703960255826
P02_L100,7.688537337337337,0.012762823833722103
P02_L100,7.695905105105105,0.01271561715674892
P02_L100,7.703272872872873,0.01267534599130546
P02_L100,7.710640640640641,0.012641303974905276
P02_L100,7.718008408408408,0.0126128160350788
P02_L100,7.725376176176176,0.012589238034464498
P02_L100,7.732743943943944,0.01256995635574441
P02_L100,7.7401117117117115,0.0125543874350286
P02_L100,7.7474794794794795,0.012541977251651211
P02_L100,7.7548472472472465,0.01253220078169596
P02_L100,7.762215015015014,0.012524561421921487
P02_L100,7.769582782782782,0.012518590390115908
P02_L100,7.77695055055055,0.012513846107279186
P02_L100,7.784318318318318,0.012509913566417058
P02_L100,7.791686086086086,0.012506403692135723
P02_L100,7.799053853853853,0.012502952694655945
P02_L100,7.806421621621621,0.012499221421320816
P02_L100,7.813789389389389,0.012494894708159218
P02_L100,7.821157157157157,0.01248968073358526
P02_L100,7.828524924924925,0.012483310375866207
P02_L100,7.835892692692692,0.012475536575582603
P02_L100,7.84326046046046,0.012466133703926534
P02_L100,7.850628228228228,0.012454896937349259
P02_L100,7.857995995995996,0.012441641638767697
P02_L100,7.865363763763764,0.01242620274527724
P02_L100,7.872731531531532,0.012408434162093036
P02_L100,7.880099299299299,0.01238820816225026
P02_L100,7.887467067067067,0.012365414791441988
P02_L100,7.8948348348348345,0.012339961277249798
P02_L100,7.902202602602602,0.012311771441935617
P02_L100,7.90957037037037,0.012280785117904158
P02_L100,7.916938138138137,0.012246957564917116
P02_L100,7.924305905905905,0.012210258888137272
P02_L100,7.931673673673673,0.012170673456103547
P02_L100,7.939041441441441,0.012128199317782421
P02_L100,7.946409209209209,0.012082847617905706
P02_L100,7.953776976976976,0.012034642009888467
P02_L100,7.961144744744744,0.011983618065717103
P02_L100,7.968512512512512,0.011929822682309958
P02_L100,7.97588028028028,0.011873313483973797
P02_L100,7.983248048048048,0.011814158220709227
P02_L100,7.990615815815816,0.011752434162253819
P02_L100,7.997983583583583,0.011688227487891696
P02_L100,8.00535135135135,0.011621632672198777
P02_L100,8.012719119119119,0.01155275186703412
P02_L100,8.020086886886887,0.011481694280226261
P02_L100,8.027454654654655,0.011408575551537648
P02_L100,8.034822422422423,0.011333517126619915
P02_L100,8.04219019019019,0.011256645629794265
P02_L100,8.049557957957958,0.011178092236605194
P02_L100,8.056925725725726,0.011097992047200104
P02_L100,8.064293493493494,0.011016483461682427
P02_L100,8.071661261261262,0.010933707558668458
P02_L100,8.079029029029028,0.010849807478350652
P02_L100,8.086396796796796,0.01076492781143031
P02_L100,8.093764564564564,0.010679213995331702
P02_L100,8.101132332332332,0.010592811719144243
P02_L100,8.1085001001001,0.01050586633876653
P02_L100,8.115867867867868,0.0104185223037372
P02_L100,8.123235635635636,0.010330922597240411
P02_L100,8.130603403403404,0.010243208190765239
P02_L100,8.137971171171172,0.010155517514879165
P02_L100,8.14533893893894,0.010067985947548552
P02_L100,8.152706706706708,0.0099807453214021
P02_L100,8.160074474474474,0.009893923451289022
P02_L100,8.167442242242242,0.0098076436834322
P02_L100,8.17481001001001,0.009722024467419878
P02_L100,8.182177777777778,0.00963717895221499
P02_L100,8.189545545545545,0.00955321460729479
P02_L100,8.196913313313313,0.009470232869961194
P02_L100,8.204281081081081,0.009388328819787182
P02_L100,8.21164884884885,0.009307590881086155
P02_L100,8.219016616616617,0.00922810055421257
P02_L100,8.226384384384385,0.009149932176417233
P02_L100,8.233752152152153,0.009073152712899228
P02_L100,8.24111991991992,0.008997821578609616
P02_L100,8.248487687687687,0.00892399049127549
P02_L100,8.255855455455455,0.008851703356025713
P02_L100,8.263223223223223,0.008780996181908819
P02_L100,8.270590990990991,0.008711897030503726
P02_L100,8.277958758758759,0.008644425996731028
P02_L100,8.285326526526527,0.008578595221877398
P02_L100,8.292694294294295,0.008514408938749688
P02_L100,8.300062062062063,0.00845186354877562
P02_L100,8.30742982982983,0.00839094773076623
P02_L100,8.314797597597599,0.008331642580949993
P02_L100,8.322165365365365,0.008273921783781283
P02_L100,8.329533133133133,0.008217751812913492
P02_L100,8.3369009009009,0.008163092161613658
P02_L100,8.344268668668668,0.008109895601776248
P02_L100,8.351636436436436,0.008058108470573953
P02_L100,8.359004204204204,0.008007670983658453
P02_L100,8.366371971971972,0.00795851757369831
P02_L100,8.37373973973974,0.007910577252912524
P02_L100,8.381107507507508,0.007863773998129228
P02_L100,8.388475275275276,0.007818027156768666
P02_L100,8.395843043043044,0.007773251872020835
P02_L100,8.40321081081081,0.00772935952536065
P02_L100,8.410578578578578,0.00768625819441877
P02_L100,8.417946346346346,0.007643853124106971
P02_L100,8.425314114114114,0.007602047208781851
P02_L100,8.432681881881882,0.00756074148312468
P02_L100,8.44004964964965,0.007519835619317782
P02_L100,8.447417417417418,0.007479228428009585
P02_L100,8.454785185185186,0.007438818360487653
P02_L100,8.462152952952954,0.007398504009417167
P02_L100,8.469520720720721,0.00735818460545768
P02_L100,8.47688848848849,0.0073177605070430364
P02_L100,8.484256256256256,0.007277133680600041
P02_L100,8.491624024024023,0.00723620816849077
P02_L100,8.498991791791791,0.007194890541995714
P02_L100,8.50635955955956,0.007153090336705876
P02_L100,8.513727327327327,0.0071107204677676806
P02_L100,8.521095095095095,0.00706769762252165
P02_L100,8.528462862862863,0.007023942628195449
P02_L100,8.535830630630631,0.006979380792454679
P02_L100,8.543198398398399,0.006933942214779414
P02_L100,8.550566166166167,0.006887562066820136
P02_L100,8.557933933933935,0.006840180840092527
P02_L100,8.565301701701701,0.006791744559595922
P02_L100,8.572669469469469,0.006742204962181186
P02_L100,8.580037237237237,0.006691519638751747
P02_L100,8.587405005005005,0.006639652139650299
P02_L100,8.594772772772773,0.006586572042864707
P02_L100,8.60214054054054,0.006532254984974352
P02_L100,8.609508308308309,0.006476682655050732
P02_L100,8.616876076076077,0.0064198427520211
P02_L100,8.624243843843844,0.00636172890629718
P02_L100,8.631611611611612,0.006302340566759614
P02_L100,8.63897937937938,0.006241682854470254
P02_L100,8.646347147147146,0.0061797663847548
P02_L100,8.653714914914914,0.006116607059553979
P02_L100,8.661082682682682,0.006052225832181619
P02_L100,8.66845045045045,0.005986648446846687
P02_L100,8.675818218218218,0.005919905155493461
P02_L100,8.683185985985986,0.005852030414686596
P02_L100,8.690553753753754,0.0057830625654117
P02_L100,8.697921521521522,0.005713043498779284
P02_L100,8.70528928928929,0.005642018310705058
P02_L100,8.712657057057058,0.0055700349486939235
P02_L100,8.720024824824826,0.005497143853877308
P02_L100,8.727392592592592,0.00542339760144329
P02_L100,8.73476036036036,0.005348850542555382
P02_L100,8.742128128128128,0.005273558450782415
P02_L100,8.749495895895896,0.005197578175954706
P02_L100,8.756863663663664,0.005120967308227401
P02_L100,8.764231431431432,0.005043783854967631
P02_L100,8.7715991991992,0.004966085932892627
P02_L100,8.778966966966967,0.00488793147767247
P02_L100,8.786334734734735,0.004809377972977215
P02_L100,8.793702502502503,0.0047304822006948
P02_L100,8.80107027027027,0.0046513000137794235
P02_L100,8.808438038038037,0.004571886132910504
P02_L100,8.815805805805805,0.004492293967854867
P02_L100,8.823173573573573,0.00441257546413305
P02_L100,8.830541341341341,0.00433278097529687
P02_L100,8.837909109109109,0.004252959160835072
P02_L100,8.845276876876877,0.004173156909438758
P02_L100,8.852644644644645,0.004093419287082566
P02_L100,8.860012412412413,0.004013789509114513
P02_L100,8.86738018018018,0.003934308935300053
P02_L100,8.874747947947949,0.0038550170865360475
P02_L100,8.882115715715715,0.00377595168174221
P02_L100,8.889483483483483,0.00369714869325205
P02_L100,8.89685125125125,0.003618642418864339
P02_L100,8.904219019019019,0.0035404655685821475
P02_L100,8.911586786786787,0.003462649363959313
P02_L100,8.918954554554555,0.0033852236478958617
P02_L100,8.926322322322322,0.003308217002673993
P02_L100,8.93369009009009,0.003231656874004471
P02_L100,8.941057857857858,0.0031555696988605046
P02_L100,8.948425625625626,0.003079981034910564
P02_L100,8.955793393393394,0.00300491568942182
P02_L100,8.96316116116116,0.002930397845591957
P02_L100,8.970528928928928,0.002856451184375835
P02_L100,8.977896696696696,0.0027830990000034424
P02_L100,8.985264464464464,0.002710364307534521
P02_L100,8.992632232232232,0.00263826994096139
P02_L100,9.0,0.0025668386405502926
P03_L010,1.4419,0.00021769001691591665
P03_L010,1.4494656656656657,0.0002233255781726355
P03_L010,1.4570313313313312,0.00022884732365836927
P03_L010,1.464596996996997,0.00023424631657875878
P03_L010,1.4721626626626627,0.0002395144092910221
P03_L010,1.4797283283283282,0.00024464428032405046
P03_L010,1.487293993993994,0.00024962946233264143
P03_L010,1.4948596596596597,0.00025446436060136694
P03_L010,1.5024253253253252,0.0002591442618165567
P03_L010,1.509990990990991,0.00026366533293260824
P03_L010,1.5175566566566565,0.00026802461007055067
P03_L010,1.5251223223223223,0.00027221997750159977
P03_L010,1.532687987987988,0.0002762501368854875
P03_L010,1.5402536536536535,0.0002801145670517943
P03_L010,1.5478193193193193,0.00028381347473141976
P03_L010,1.555384984984985,0.00028734773676374753
P03_L010,1.5629506506506505,0.00029071883442200987
P03_L010,1.5705163163163163,0.0002939287806137373
P03_L010,1.578081981981982,0.00029698004082382036
P03_L010,1.5856476476476475,0.00029987544877341053
P03_L010,1.5932133133133133,0.00030261811786725176
P03_L010,1.6007789789789788,0.00030521134959368164
P03_L010,1.6083446446446445,0.0003076585401239599
P03_L010,1.6159103103103103,0.0003099630864291885
P03_L010,1.623475975975976,0.0003121282932923097
P03_L010,1.6310416416416416,0.00031415728263788133
P03_L010,1.6386073073073073,0.0003160529066319486
P03_L010,1.6461729729729728,0.00031781766601685855
P03_L010,1.6537386386386386,0.00031945363513992566
P03_L010,1.6613043043043043,0.00032096239510920793
P03_L010,1.6688699699699698,0.0003223449764633525
P03_L010,1.6764356356356356,0.00032360181267478393
P03_L010,1.6840013013013013,0.00032473270571608496
P03_L010,1.6915669669669668,0.0003257368048082868
P03_L010,1.6991326326326326,0.0003266125993373547
P03_L010,1.7066982982982983,0.0003273579267723624
P03_L010,1.7142639639639639,0.0003279699962470498
P03_L010,1.7218296296296296,0.0003284454282775513
P03_L010,1.7293952952952951,0.00032878031088540475
P03_L010,1.7369609609609609,0.00032897027217938313
P03_L010,1.7445266266266266,0.0003290105692254647
P03_L010,1.7520922922922924,0.00032889619280510117
P03_L010,1.7596579579579579,0.00032862198743181456
P03_L010,1.7672236236236236,0.0003281827857693628
P03_L010,1.7747892892892891,0.0003275735563756379
P03_L010,1.7823549549549549,0.00032678956348967464
P03_L010,1.7899206206206206,0.00032582653738902904
P03_L010,1.7974862862862862,0.00032468085367573914
P03_L010,1.805051951951952,0.00032334971970508243
P03_L010,1.8126176176176174,0.00032183136625615574
P03_L010,1.8201832832832832,0.0003201252424600649
P03_L010,1.827748948948949,0.00031823221195289675
P03_L010,1.8353146146146146,0.00031615474820860555
P03_L010,1.8428802802802802,0.0003138971270327094
P03_L010,1.850445945945946,0.00031146561426171845
P03_L010,1.8580116116116114,0.00030886864681507726
P03_L010,1.8655772772772772,0.0003061170053849528
P03_L010,1.873142942942943,0.0003032239772222827
P03_L010,1.8807086086086087,0.00030020550768232224
P03_L010,1.8882742742742742,0.0002970803394258772
P03_L010,1.89583993993994,0.0002938701384291143
P03_L010,1.9034056056056055,0.0002905996062305224
P03_L010,1.9109712712712712,0.00028729657813279563
P03_L010,1.918536936936937,0.00028399210737444235
P03_L010,1.9261026026026025,0.0002807205355848147
P03_L010,1.9336682682682682,0.00027751955013096037
P03_L010,1.9412339339339337,0.0002744302292491924
P03_L010,1.9487995995995995,0.0002714970761227792
P03_L010,1.9563652652652652,0.0002687680433141389
P03_L010,1.963930930930931,0.00026629454918035596
P03_L010,1.9714965965965965,0.0002641314880902227
P03_L010,1.9790622622622622,0.00026233723641550926
P03_L010,1.9866279279279278,0.0002609736563856315
P03_L010,1.9941935935935935,0.00026010609997103684
P03_L010,2.0017592592592592,0.00025980341499487643
P03_L010,2.009324924924925,0.0002601379556641938
P03_L010,2.0168905905905907,0.0002611855996610298
P03_L010,2.024456256256256,0.00026302577384137017
P03_L010,2.0320219219219218,0.0002657414904572672
P03_L010,2.0395875875875875,0.00026941939564701056
P03_L010,2.0471532532532533,0.0002741498317325171
P03_L010,2.054718918918919,0.00028002691462537837
P03_L010,2.0622845845845843,0.0002871486273766079
P03_L010,2.06985025025025,0.00029561693061379236
P03_L010,2.077415915915916,0.00030553789029665875
P03_L010,2.0849815815815815,0.00031702182289177226
P03_L010,2.0925472472472473,0.00033018345772260993
P03_L010,2.1001129129129126,0.0003451421158958945
P03_L010,2.1076785785785783,0.00036202190484172354
P03_L010,2.115244244244244,0.00038095192713624503
P03_L010,2.12280990990991,0.0004020665019035645
P03_L010,2.1303755755755756,0.0004255053967198797
P03_L010,2.1379412412412413,0.00045141406756883526
P03_L010,2.145506906906907,0.0004799439040237859
P03_L010,2.1530725725725723,0.0005112524764605196
P03_L010,2.160638238238238,0.0005455037817336736
P03_L010,2.168203903903904,0.0005828684833816364
P03_L010,2.1757695695695696,0.0006235241420588944
P03_L010,2.1833352352352353,0.0006676554315316869
P03_L010,2.1909009009009006,0.0007154543352137691
P03_L010,2.1984665665665664,0.0007671203178650491
P03_L010,2.206032232232232,0.000822860466729191
P03_L010,2.213597897897898,0.0008828895960495129
P03_L010,2.2211635635635636,0.0009474303085793914
P03_L010,2.228729229229229,0.001016713007398765
P03_L010,2.2362948948948946,0.0010909758510677338
P03_L010,2.2438605605605604,0.0011704646448988181
P03_L010,2.251426226226226,0.00125543266091915
P03_L010,2.258991891891892,0.0013461403789317434
P03_L010,2.2665575575575576,0.0014428551409813393
P03_L010,2.2741232232232234,0.0015458507114961466
P03_L010,2.2816888888888887,0.0016554067354237908
P03_L010,2.2892545545545544,0.0017718080868200116
P03_L010,2.29682022022022,0.001895344100594897
P03_L010,2.304385885885886,0.002026307680485693
P03_L010,2.3119515515515516,0.002164994276819296
P03_L010,2.319517217217217,0.002311700728262841
P03_L010,2.3270828828828827,0.0024667239625466067
P03_L010,2.3346485485485484,0.002630359552088392
P03_L010,2.342214214214214,0.002802900121558654
P03_L010,2.34977987987988,0.002984633605704149
P03_L010,2.357345545545545,0.0031758413571966963
P03_L010,2.364911211211211,0.003376796105889287
P03_L010,2.3724768768768767,0.003587759772639575
P03_L010,2.3800425425425424,0.0038089811427904734
P03_L010,2.387608208208208,0.004040693406466949
P03_L010,2.3951738738738735,0.0042831115750378975
P03_L010,2.4027395395395397,0.004536429785383709
P03_L010,2.410305205205205,0.004800818505975164
P03_L010,2.4178708708708707,0.005076421661182339
P03_L010,2.4254365365365365,0.0053633536926559495
P03_L010,2.433002202202202,0.005661696579028087
P03_L010,2.440567867867868,0.005971496837518949
P03_L010,2.4481335335335332,0.0062927625332781095
P03_L010,2.455699199199199,0.0066254603243823
P03_L010,2.4632648648648647,0.006969512572321264
P03_L010,2.4708305305305305,0.00732479454947895
P03_L010,2.478396196196196,0.007691131776521225
P03_L010,2.4859618618618615,0.008068297523688569
P03_L010,2.4935275275275277,0.008456010510726948
P03_L010,2.501093193193193,0.008853932840533695
P03_L010,2.5086588588588588,0.009261668201519961
P03_L010,2.5162245245245245,0.009678760373165634
P03_L010,2.52379019019019,0.010104692068251705
P03_L010,2.531355855855856,0.010538884143779303
P03_L010,2.5389215215215213,0.01098069521061865
P03_L010,2.546487187187187,0.011429421669479599
P03_L010,2.5540528528528528,0.01188429819785439
P03_L010,2.561618518518518,0.012344498709186988
P03_L010,2.5691841841841843,0.012809137801678772
P03_L010,2.5767498498498496,0.013277272709892617
P03_L010,2.5843155155155153,0.013747905767704578
P03_L010,2.591881181181181,0.014219987386217856
P03_L010,2.599446846846847,0.01469241954506295
P03_L010,2.6070125125125125,0.015164059790116674
P03_L010,2.614578178178178,0.015633725725149913
P03_L010,2.622143843843844,0.01610019997933686
P03_L010,2.6297095095095093,0.016562235626994312
P03_L010,2.637275175175175,0.017018562030464462
P03_L010,2.644840840840841,0.01746789107176138
P03_L010,2.652406506506506,0.017908923733582698
P03_L010,2.6599721721721723,0.018340356985588786
P03_L010,2.6675378378378376,0.018760890927575907
P03_L010,2.6751035035035033,0.01916923613736666
P03_L010,2.682669169169169,0.019564121167981702
P03_L010,2.6902348348348344,0.019944300136009407
P03_L010,2.6978005005005006,0.02030856034108341
P03_L010,2.705366166166166,0.020655729855067462
P03_L010,2.7129318318318316,0.020984685018959406
P03_L010,2.7204974974974974,0.02129435778567428
P03_L010,2.728063163163163,0.021583742847760136
P03_L010,2.735628828828829,0.02185190449074378
P03_L010,2.743194494494494,0.0220979831151615
P03_L010,2.7507601601601603,0.022321201373391872
P03_L010,2.7583258258258256,0.022520869871126847
P03_L010,2.7658914914914914,0.022696392387641474
P03_L010,2.773457157157157,0.02284727057389099
P03_L010,2.7810228228228224,0.022973108092817367
P03_L010,2.7885884884884886,0.02307361417199005
P03_L010,2.796154154154154,0.023148606544774186
P03_L010,2.8037198198198197,0.023198013762505704
P03_L010,2.8112854854854854,0.02322187686658719
P03_L010,2.8188511511511507,0.02322035041587665
P03_L010,2.826416816816817,0.023193702871168075
P03_L010,2.833982482482482,0.023142316344824405
P03_L010,2.841548148148148,0.023066685729672187
P03_L010,2.8491138138138137,0.022967417226980417
P03_L010,2.8566794794794794,0.02284522629868329
P03_L010,2.864245145145145,0.022700935073866176
P03_L010,2.8718108108108105,0.022535469243879003
P03_L010,2.879376476476476,0.02234985448421217
P03_L010,2.886942142142142,0.02214521244442292
P03_L010,2.8945078078078077,0.021922756349920497
P03_L010,2.9020734734734734,0.021683786261278124
P03_L010,2.9096391391391387,0.021429684037938938
P03_L010,2.917204804804805,0.021161908053734815
P03_L010,2.9247704704704702,0.020881987711554247
P03_L010,2.932336136136136,0.0205915178038067
P03_L010,2.9399018018018017,0.020292152764091135
P03_L010,2.947467467467467,0.01998560085371223
P03_L010,2.955033133133133,0.01967361832447838
P03_L010,2.9625987987987985,0.019358003596611113
P03_L010,2.9701644644644642,0.019040591487669605
P03_L010,2.97773013013013,0.01872324752521976
P03_L010,2.9852957957957953,0.018407862372627662
P03_L010,2.9928614614614615,0.018096346393907562
P03_L010,3.000427127127127,0.01779062438007955
P03_L010,3.0079927927927925,0.017492630456061472
P03_L010,3.0155584584584583,0.017204303183803567
P03_L010,3.023124124124124,0.016927580874229145
P03_L010,3.0306897897897898,0.016664397117630993
P03_L010,3.038255455455455,0.016416676539538384
P03_L010,3.0458211211211212,0.01618633078674516
P03_L010,3.0533867867867865,0.01597525474622021
P03_L010,3.0609524524524523,0.015785322998010883
P03_L010,3.068518118118118,0.015618386502028115
P03_L010,3.0760837837837833,0.015476269517749122
P03_L010,3.0836494494494495,0.015360766755407339
P03_L010,3.091215115115115,0.015273640757116125
P03_L010,3.0987807807807806,0.015216619506590505
P03_L010,3.1063464464464463,0.015191394266645298
P03_L010,3.1139121121121116,0.015199617644420516
P03_L010,3.121477777777778,0.015242901885273089
P03_L010,3.129043443443443,0.01532281739743386
P03_L010,3.136609109109109,0.015440891510794226
P03_L010,3.1441747747747746,0.01559860747452255
P03_L010,3.1517404404404403,0.01579740369953891
P03_L010,3.159306106106106,0.016038673253176188
P03_L010,3.1668717717717714,0.016323763614530213
P03_L010,3.1744374374374376,0.016653976700048284
P03_L010,3.182003103103103,0.01703056916973721
P03_L010,3.1895687687687686,0.017454753024983418
P03_L010,3.1971344344344343,0.01792769650929746
P03_L010,3.2047001001000996,0.01845052532332725
P03_L010,3.212265765765766,0.019024324165177048
P03_L010,3.219831431431431,0.019650138606416456
P03_L010,3.227397097097097,0.02032897731315879
P03_L010,3.2349627627627626,0.021061814620206256
P03_L010,3.242528428428428,0.021849593464514212
P03_L010,3.250094094094094,0.022693228682126265
P03_L010,3.2576597597597594,0.023593610670254356
P03_L010,3.265225425425425,0.02455160941337838
P03_L010,3.272791091091091,0.02556807886908693
P03_L010,3.2803567567567566,0.026643861705928883
P03_L010,3.2879224224224224,0.02777979438177754
P03_L010,3.2954880880880877,0.02897671254716991
P03_L010,3.303053753753754,0.030235456753778756
P03_L010,3.310619419419419,0.031556878443605864
P03_L010,3.318185085085085,0.03294184618971268
P03_L010,3.3257507507507507,0.034391252154287386
P03_L010,3.333316416416416,0.03590601872464858
P03_L010,3.340882082082082,0.037487105282407826
P03_L010,3.3484477477477474,0.039135515055453714
P03_L010,3.356013413413413,0.0408523019967412
P03_L010,3.363579079079079,0.04263857762805268
P03_L010,3.3711447447447442,0.044495517781005335
P03_L010,3.3787104104104104,0.046424369161634636
P03_L010,3.3862760760760757,0.048426455658913105
P03_L010,3.3938417417417415,0.05050318431167906
P03_L010,3.401407407407407,0.05265605084262754
P03_L010,3.408973073073073,0.05488664466243535
P03_L010,3.4165387387387387,0.05719665324176428
P03_L010,3.424104404404404,0.05958786574395857
P03_L010,3.43167007007007,0.0620621758068549
P03_L010,3.4392357357357355,0.06462158335835651
P03_L010,3.4468014014014012,0.06726819534748388
P03_L010,3.454367067067067,0.07000422527063699
P03_L010,3.4619327327327327,0.0728319913719683
P03_L010,3.469498398398398,0.07575391339728822
P03_L010,3.4770640640640638,0.07877250778294778
P03_L010,3.4846297297297295,0.08189038116488845
P03_L010,3.4921953953953953,0.08511022209870975
P03_L010,3.499761061061061,0.08843479088933577
P03_L010,3.5073267267267263,0.09186690743883076
P03_L010,3.514892392392392,0.09540943703329689
P03_L010,3.522458058058058,0.09906527400462678
P03_L010,3.5300237237237235,0.10283732322034843
P03_L010,3.5375893893893893,0.10672847937485075
P03_L010,3.545155055055055,0.11074160407794188
P03_L010,3.5527207207207203,0.11487950076191705
P03_L010,3.560286386386386,0.1191448874559338
P03_L010,3.567852052052052,0.12354036750639243
P03_L010,3.5754177177177175,0.1280683983538593
P03_L010,3.5829833833833833,0.13273125851065948
P03_L010,3.590549049049049,0.1375310129180616
P03_L010,3.5981147147147143,0.14246947689770084
P03_L010,3.60568038038038,0.14754817894788694
P03_L010,3.613246046046046,0.1527683226712293
P03_L010,3.6208117117117116,0.15813074815493522
P03_L010,3.6283773773773773,0.16363589315856167
P03_L010,3.6359430430430426,0.16928375449515534
P03_L010,3.6435087087087084,0.17507385002002696
P03_L010,3.651074374374374,0.18100518166595497
P03_L010,3.65864004004004,0.1870761999839263
P03_L010,3.6662057057057056,0.19328477066365748
P03_L010,3.6737713713713713,0.1996281435176802
P03_L010,3.6813370370370366,0.2061029244159108
P03_L010,3.6889027027027024,0.21270505065412834
P03_L010,3.696468368368368,0.21942977022879812
P03_L010,3.704034034034034,0.2262716254723662
P03_L010,3.7115996996996996,0.2332244414769854
P03_L010,3.7191653653653653,0.24028131970057556
P03_L010,3.7267310310310306,0.24743463710738284
P03_L010,3.7342966966966964,0.2546760511459036
P03_L010,3.741862362362362,0.2619965108104894
P03_L010,3.749428028028028,0.2693862739698537
P03_L010,3.7569936936936936,0.2768349310764937
P03_L010,3.764559359359359,0.2843314352968195
P03_L010,3.7721250250250247,0.2918641390232407
P03_L010,3.7796906906906904,0.29942083664785074
P03_L010,3.787256356356356,0.3069888133939117
P03_L010,3.794822022022022,0.3145548999170869
P03_L010,3.8023876876876876,0.3221055323050654
P03_L010,3.809953353353353,0.32962681702288454
P03_L010,3.8175190190190187,0.3371046002736071
P03_L010,3.8250846846846844,0.3445245411711936
P03_L010,3.83265035035035,0.35187218805612475
P03_L010,3.840216016016016,0.3591330572255503
P03_L010,3.847781681681681,0.366292713299923
P03_L010,3.855347347347347,0.37333685040829717
P03_L010,3.8629130130130127,0.3802513733454766
P03_L010,3.8704786786786785,0.3870224778371327
P03_L010,3.878044344344344,0.39363672904403896
P03_L010,3.88561001001001,0.4000811374445608
P03_L010,3.8931756756756752,0.40634323125505845
P03_L010,3.900741341341341,0.4124111245815944
P03_L010,3.9083070070070067,0.41827358054214153
P03_L010,3.9158726726726725,0.42392006865674486
P03_L010,3.923438338338338,0.42934081587201967
P03_L010,3.931004004004004,0.4345268506662099
P03_L010,3.9385696696696693,0.4394700397693188
P03_L010,3.946135335335335,0.44416311712932277
P03_L010,3.9537010010010007,0.448599704858009
P03_L010,3.9612666666666665,0.4527743259971272
P03_L010,3.9688323323323322,0.45668240905551793
P03_L010,3.9763979979979975,0.4603202843791309
P03_L010,3.9839636636636633,0.46368517252596025
P03_L010,3.991529329329329,0.46677516492582904
P03_L010,3.9990949949949948,0.46958919720818665
P03_L010,4.0066606606606605,0.4721270156783345
P03_L010,4.014226326326327,0.47438913751207473
P03_L010,4.021791991991991,0.4763768053189633
P03_L010,4.029357657657657,0.47809193679438466
P03_L010,4.0369233233233235,0.47953707023869424
P03_L010,4.044488988988989,0.4807153067675142
P03_L010,4.052054654654654,0.4816302500697817
P03_L010,4.05962032032032,0.48228594458900415
P03_L010,4.067185985985986,0.48268681300826116
P03_L010,4.074751651651651,0.48283759391099496
P03_L010,4.082317317317317,0.4827432804672083
P03_L010,4.089882982982983,0.48240906095991964
P03_L010,4.0974486486486486,0.4818402619194434
P03_L010,4.105014314314314,0.481042294574619
P03_L010,4.11257997997998,0.4800206052617201
P03_L010,4.120145645645645,0.47878063035465407
P03_L010,4.127711311311311,0.47732775619542905
P03_L010,4.135276976976977,0.47566728441381
P03_L010,4.142842642642643,0.47380440293050013
P03_L010,4.150408308308307,0.47174416284144266
P03_L010,4.157973973973974,0.4694914612829226
P03_L010,4.16553963963964,0.4670510302803233
P03_L010,4.173105305305305,0.4644274314886894
P03_L010,4.18067097097097,0.46162505664251213
P03_L010,4.188236636636637,0.45864813344677163
P03_L010,4.195802302302302,0.4555007365621262
P03_L010,4.203367967967967,0.452186803266053
P03_L010,4.210933633633633,0.4487101533087676
P03_L010,4.2184992992993,0.4450745124296088
P03_L010,4.226064964964965,0.44128353895604394
P03_L010,4.23363063063063,0.4373408528744842
P03_L010,4.241196296296296,0.4332500667396732
P03_L010,4.248761961961962,0.4290148177775191
P03_L010,4.256327627627627,0.42463880053503666
P03_L010,4.263893293293293,0.4201257994396696
P03_L010,4.271458958958959,0.4154797206490005
P03_L010,4.279024624624624,0.4107046225991615
P03_L010,4.28659029029029,0.40580474469632816
P03_L010,4.294155955955956,0.4007845336389563
P03_L010,4.301721621621621,0.39564866690830713
P03_L010,4.309287287287287,0.39040207302027524
P03_L010,4.316852952952953,0.3850499481914949
P03_L010,4.324418618618618,0.3795977691359175
P03_L010,4.3319842842842835,0.37405130177386414
P03_L010,4.33954994994995,0.3684166057022859
P03_L010,4.347115615615616,0.3627000343422521
P03_L010,4.354681281281281,0.3569082307457419
P03_L010,4.3622469469469465,0.3510481191085287
P03_L010,4.369812612612613,0.34512689209765235
P03_L010,4.377378278278278,0.3391519941604883
P03_L010,4.384943943943943,0.3331311010365733
P03_L010,4.3925096096096095,0.32707209574286716
P03_L010,4.400075275275276,0.3209830413471717
P03_L010,4.40764094094094,0.3148721508828651
P03_L010,4.415206606606606,0.30874775479037875
P03_L010,4.422772272272272,0.3026182662968714
P03_L010,4.430337937937938,0.2964921451650847
P03_L010,4.437903603603603,0.29037786025554596
P03_L010,4.445469269269269,0.284283851352952
P03_L010,4.4530349349349345,0.27821849070799876
P03_L010,4.4606006006006,0.27219004474034875
P03_L010,4.468166266266266,0.26620663633698666
P03_L010,4.475731931931932,0.2602762081634441
P03_L010,4.4832975975975975,0.2544064873834624
P03_L010,4.490863263263263,0.24860495215629885
P03_L010,4.498428928928929,0.24287880025031575
P03_L010,4.505994594594594,0.23723492007738345
P03_L010,4.51356026026026,0.2316798644154758
P03_L010,4.521125925925926,0.226219827047199
P03_L010,4.528691591591591,0.22086062250044408
P03_L010,4.536257257257256,0.21560766903441347
P03_L010,4.543822922922923,0.21046597497058453
P03_L010,4.551388588588589,0.20544012842426362
P03_L010,4.558954254254254,0.20053429044873045
P03_L010,4.566519919919919,0.19575219156125184
P03_L010,4.5740855855855855,0.1910971315787539
P03_L010,4.581651251251251,0.18657198265138708
P03_L010,4.589216916916916,0.18217919534484195
P03_L010,4.596782582582582,0.17792080758760537
P03_L010,4.6043482482482485,0.1737984562677241
P03_L010,4.611913913913914,0.16981339123540834
P03_L010,4.619479579579579,0.16596649144322478
P03_L010,4.627045245245245,0.1622582829350258
P03_L010,4.634610910910911,0.15868895837818062
P03_L010,4.642176576576576,0.1552583978215133
P03_L010,4.649742242242242,0.15196619035344996
P03_L010,4.657307907907907,0.1488116563315062
P03_L010,4.664873573573573,0.14579386985527745
P03_L010,4.672439239239239,0.1429116811605567
P03_L010,4.680004904904905,0.14016373862199633
P03_L010,4.68757057057057,0.13754851006563018
P03_L010,4.695136236236236,0.13506430311053974
P03_L010,4.702701901901902,0.13270928428060774
P03_L010,4.710267567567567,0.1304814966523817
P03_L010,4.7178332332332324,0.1283788758333969
P03_L010,4.725398898898899,0.1263992640962496
P03_L010,4.732964564564565,0.12454042252715838
P03_L010,4.74053023023023,0.12280004108296468
P03_L010,4.748095895895895,0.12117574648734575
P03_L010,4.755661561561562,0.11966510793466825
P03_L010,4.763227227227227,0.11826564060809329
P03_L010,4.770792892892892,0.11697480705661273
P03_L010,4.778358558558558,0.11579001651318535
P03_L010,4.785924224224224,0.11470862227248121
P03_L010,4.793489889889889,0.11372791728140191
P03_L010,4.801055555555555,0.1128451281280559
P03_L010,4.808621221221221,0.11205740764468805
P03_L010,4.816186886886887,0.11136182636672771
P03_L010,4.823752552552552,0.11075536311323043
P03_L010,4.831318218218218,0.1102348949731348
P03_L010,4.8388838838838835,0.10979718699656728
P03_L010,4.846449549549549,0.10943888190064403
P03_L010,4.854015215215215,0.10915649010464556
P03_L010,4.861580880880881,0.10894638040978699
P03_L010,4.8691465465465456,0.10880477163417662
P03_L010,4.876712212212212,0.1087277255037209
P03_L010,4.884277877877878,0.10871114108493429
P03_L010,4.891843543543543,0.108750751025852
P03_L010,4.8994092092092085,0.10884211984681252
P03_L010,4.906974874874875,0.10898064449408884
P03_L010,4.91454054054054,0.10916155733646697
P03_L010,4.922106206206205,0.10937993174847735
P03_L010,4.9296718718718715,0.10963069038451324
P03_L010,4.937237537537538,0.10990861620609424
P03_L010,4.944803203203203,0.11020836628072694
P03_L010,4.952368868868868,0.11052448832579313
P03_L010,4.9599345345345345,0.11085143992544091
P03_L010,4.9675002002002,0.11118361030320019
P03_L010,4.975065865865865,0.11151534448881843
P03_L010,4.982631531531531,0.11184096967533733
P03_L010,4.9901971971971975,0.11215482352236314
P03_L010,4.997762862862862,0.11245128412464943
P03_L010,5.005328528528528,0.11272480133200592
P03_L010,5.012894194194194,0.11296992907796446
P03_L010,5.0204598598598595,0.11318135835090808
P03_L010,5.028025525525525,0.11335395042308838
P03_L010,5.035591191191191,0.11348276994053916
P03_L010,5.043156856856856,0.11356311747035458
P03_L010,5.050722522522522,0.11359056110169978
P03_L010,5.058288188188188,0.1135609667029602
P03_L010,5.065853853853854,0.11347052644978572
P03_L010,5.073419519519519,0.11331578525721535
P03_L010,5.080985185185185,0.11309366477334101
P03_L010,5.088550850850851,0.11280148462163214
P03_L010,5.096116516516516,0.11243698061374836
P03_L010,5.103682182182181,0.11199831969376182
P03_L010,5.111247847847848,0.111484111417542
P03_L010,5.118813513513514,0.11089341581699094
P03_L010,5.126379179179178,0.11022574754704005
P03_L010,5.133944844844844,0.10948107626292321
P03_L010,5.141510510510511,0.10865982322564209
P03_L010,5.149076176176176,0.10776285418360576
P03_L010,5.156641841841841,0.10679146862751372
P03_L010,5.164207507507507,0.10574738556278795
P03_L010,5.171773173173173,0.10463272598850538
P03_L010,5.179338838838838,0.10344999231297375
P03_L010,5.186904504504504,0.10220204497353018
P03_L010,5.19447017017017,0.10089207656078761
P03_L010,5.202035835835836,0.09952358377535366
P03_L010,5.209601501501501,0.09810033756739674
P03_L010,5.217167167167167,0.09662635182612093
P03_L010,5.224732832832832,0.0951058509970777
P03_L010,5.232298498498498,0.09354323701030107
P03_L010,5.239864164164164,0.09194305590141773
P03_L010,5.24742982982983,0.09030996450152606
P03_L010,5.2549954954954945,0.08864869755984356
P03_L010,5.262561161161161,0.08696403564638179
P03_L010,5.270126826826827,0.08526077416062636
P03_L010,5.277692492492492,0.08354369374689455
P03_L010,5.2852581581581575,0.08181753238830214
P03_L010,5.292823823823824,0.08008695941977763
P03_L010,5.300389489489489,0.07835655166689318
P03_L010,5.307955155155154,0.07663077188218143
P03_L010,5.3155208208208204,0.07491394961477674
P03_L010,5.323086486486487,0.07321026461330658
P03_L010,5.330652152152152,0.07152373282659896
P03_L010,5.338217817817817,0.06985819503265157
P03_L010,5.345783483483483,0.06821730809398359
P03_L010,5.353349149149149,0.06660453880735075
P03_L010,5.360914814814814,0.06502316028853528
P03_L010,5.36848048048048,0.06347625080865854
P03_L010,5.376046146146146,0.06196669497760996
P03_L010,5.383611811811811,0.0604971871529672
P03_L010,5.391177477477477,0.05907023693921506
P03_L010,5.398743143143143,0.05768817663230547
P03_L010,5.4063088088088085,0.056353170458480095
P03_L010,5.413874474474474,0.055067225453716236
P03_L010,5.42144014014014,0.05383220383095706
P03_L010,5.429005805805805,0.05264983668606142
P03_L010,5.436571471471471,0.051521738899938156
P03_L010,5.444137137137137,0.05044942510310089
P03_L010,5.451702802802803,0.049434326579446075
P03_L010,5.459268468468467,0.04847780899796333
P03_L010,5.4668341341341335,0.04758119087376275
P03_L010,5.4743997997998,0.046745762672718814
P03_L010,5.481965465465466,0.04597280648662703
P03_L010,5.48953113113113,0.04526361621752171
P03_L010,5.4970967967967965,0.04461951822014447
P03_L010,5.504662462462463,0.04404189236001615
P03_L010,5.512228128128127,0.04353219345067515
P03_L010,5.519793793793793,0.04309197303696838
P03_L010,5.5273594594594595,0.04272290149149851
P03_L010,5.534925125125124,0.042426790388105776
P03_L010,5.54249079079079,0.04220561510945453
P03_L010,5.550056456456456,0.042061537635180966
P03_L010,5.5576221221221225,0.04199692944269719
P03_L010,5.565187787787787,0.04201439443466163
P03_L010,5.572753453453453,0.04211679178542783
P03_L010,5.580319119119119,0.042307258573877876
P03_L010,5.587884784784784,0.04258923204212638
P03_L010,5.59545045045045,0.04296647128929565
P03_L010,5.603016116116116,0.04344307817736197
P03_L010,5.610581781781782,0.04402351719273308
P03_L010,5.618147447447447,0.044712633973428235
P03_L010,5.625713113113113,0.045515672178430305
P03_L010,5.633278778778779,0.046438288343819134
P03_L010,5.640844444444443,0.04748656434071336
P03_L010,5.64841011011011,0.04866701702386745
P03_L010,5.655975775775776,0.04998660463798792
P03_L010,5.66354144144144,0.05145272953262835
P03_L010,5.671107107107106,0.05307323672679246
P03_L010,5.678672772772773,0.05485640786221276
P03_L010,5.686238438438439,0.056810950090616694
P03_L010,5.693804104104103,0.058945979455866854
P03_L010,5.701369769769769,0.061270998357555374
P03_L010,5.708935435435436,0.06379586671883147
P03_L010,5.7165011011011,0.06653076652849237
P03_L010,5.724066766766766,0.06948615948575687
P03_L010,5.731632432432432,0.07267273754568271
P03_L010,5.7391980980980986,0.07610136624368571
P03_L010,5.746763763763763,0.07978302076834788
P03_L010,5.754329429429429,0.08372871485217544
P03_L010,5.761895095095095,0.08794942265878504
P03_L010,5.76946076076076,0.0924559939611366
P03_L010,5.777026426426426,0.09725906302706165
P03_L010,5.784592092092092,0.1023689517536849
P03_L010,5.7921577577577565,0.10779556771940103
P03_L010,5.799723423423423,0.11354829794835548
P03_L010,5.807289089089089,0.11963589930561867
P03_L010,5.814854754754755,0.12606638655872254
P03_L010,5.8224204204204195,0.1328469192503166
P03_L010,5.829986086086086,0.13998368862468857
P03_L010,5.837551751751752,0.14748180593505372
P03_L010,5.845117417417416,0.15534519352644693
P03_L010,5.8526830830830825,0.16357648013800596
P03_L010,5.860248748748749,0.17217690189660592
P03_L010,5.867814414414415,0.18114621047897556
P03_L010,5.875380080080079,0.19048258990016995
P03_L010,5.8829457457457455,0.2001825833414906
P03_L010,5.890511411411412,0.2102410313598064
P03_L010,5.898077077077076,0.2206510227226955
P03_L010,5.905642742742742,0.23140385899024515
P03_L010,5.9132084084084084,0.2424890338154743
P03_L010,5.920774074074073,0.25389422776301707
P03_L010,5.928339739739739,0.2656053192516932
P03_L010,5.935905405405405,0.2776064120137132
P03_L010,5.943471071071071,0.28987987923469594
P03_L010,5.951036736736736,0.30240642429799286
P03_L010,5.958602402402402,0.3151651578083332
P03_L010,5.966168068068068,0.3281336903175311
P03_L010,5.973733733733733,0.3412882399243878
P03_L010,5.981299399399399,0.35460375367609714
P03_L010,5.988865065065065,0.3680540414649454
P03_L010,5.996430730730731,0.3816119208967502
P03_L010,6.003996396396396,0.3952493714108718
P03_L010,6.011562062062062,0.4089376957605925
P03_L010,6.019127727727728,0.4226476868211868
P03_L010,6.026693393393392,0.4363497975848976
P03_L010,6.034259059059059,0.4500143121302036
P03_L010,6.041824724724725,0.46361151531983746
P03_L010,6.049390390390389,0.47711185898953234
P03_L010,6.056956056056055,0.4904861224383288
P03_L010,6.0645217217217215,0.5037055651212992
P03_L010,6.072087387387388,0.5167420695762476
P03_L010,6.079653053053052,0.5295682727848398
P03_L010,6.087218718718718,0.5421576843738771
P03_L010,6.0947843843843845,0.5544847902996923
P03_L010,6.102350050050049,0.5665251409243904
P03_L010,6.109915715715715,0.578255422681407
P03_L010,6.117481381381381,0.5896535128340762
P03_L010,6.125047047047046,0.6006985171490525
P03_L010,6.132612712712712,0.6113707906290569
P03_L010,6.140178378378378,0.6216519417712935
P03_L010,6.147744044044044,0.6315248211308516
P03_L010,6.155309709709709,0.6409734952669814
P03_L010,6.162875375375375,0.6499832074274041
P03_L010,6.170441041041041,0.6585403265757525
P03_L010,6.1780067067067055,0.6666322865846329
P03_L010,6.185572372372372,0.6742475175967968
P03_L010,6.193138038038038,0.6813753716950471
P03_L010,6.200703703703704,0.6880060451152644
P03_L010,6.2082693693693685,0.694130499283639
P03_L010,6.215835035035035,0.6997403829576578
P03_L010,6.223400700700701,0.7048279577006054
P03_L010,6.230966366366365,0.7093860288221532
P03_L010,6.238532032032031,0.7134078837746742
P03_L010,6.246097697697698,0.7168872398095819
P03_L010,6.253663363363362,0.7198182024736445
P03_L010,6.261229029029028,0.7221952362668703
P03_L010,6.268794694694694,0.7240131484964584
P03_L010,6.276360360360361,0.7252670870517179
P03_L010,6.283926026026025,0.7259525524990429
P03_L010,6.291491691691691,0.7260654245609824
P03_L010,6.299057357357357,0.7256020027066337
P03_L010,6.306623023023022,0.7245590602481412
P03_L010,6.314188688688688,0.7229339110182974
P03_L010,6.321754354354354,0.7207244874024302
P03_L010,6.32932002002002,0.7179294282213706
P03_L010,6.336885685685685,0.7145481747159548
P03_L010,6.344451351351351,0.7105810726733987
P03_L010,6.352017017017017,0.7060294785647773
P03_L010,6.359582682682682,0.7008958674355774
P03_L010,6.367148348348348,0.6951839402090462
P03_L010,6.374714014014014,0.6888987280271495
P03_L010,6.382279679679678,0.6820466912659211
P03_L010,6.3898453453453445,0.6746358109213692
P03_L010,6.397411011011011,0.6666756701662265
P03_L010,6.404976676676677,0.6581775240249857
P03_L010,6.412542342342341,0.6491543553013566
P03_L010,6.4201080080080075,0.63962091511425
P03_L010,6.427673673673674,0.6295937466511966
P03_L010,6.435239339339338,0.6190911910261273
P03_L010,6.442805005005004,0.6081333744264033
P03_L010,6.4503706706706705,0.5967421760453213
P03_L010,6.457936336336337,0.5849411766154377
P03_L010,6.465502002002001,0.5727555876782091
P03_L010,6.473067667667667,0.5602121620410325
P03_L010,6.4806333333333335,0.5473390861776446
P03_L010,6.488198998998998,0.5341658556162713
P03_L010,6.495764664664664,0.5207231346275731
P03_L010,6.50333033033033,0.5070426017659543
P03_L010,6.510895995995995,0.49315678302965194
P03_L010,6.518461661661661,0.4790988745844175
P03_L010,6.526027327327327,0.464902557138954
P03_L010,6.533592992992993,0.4506018041672347
P03_L010,6.541158658658658,0.43623068624129835
P03_L010,6.548724324324324,0.42182317376858125
P03_L010,6.55628998998999,0.40741294042057186
P03_L010,6.563855655655654,0.39303316949586287
P03_L010,6.571421321321321,0.378716365382561
P03_L010,6.578986986986987,0.36449417217465396
P03_L010,6.586552652652653,0.350397201357711
P03_L010,6.594118318318317,0.33645487031428617
P03_L010,6.601683983983984,0.3226952532126976
P03_L010,6.60924964964965,0.30914494563811407
P03_L010,6.616815315315314,0.2958289441064814
P03_L010,6.62438098098098,0.28277054137412466
P03_L010,6.631946646646647,0.26999123822284044
P03_L010,6.639512312312311,0.25751067216601414
P03_L010,6.647077977977977,0.245346563290171
P03_L010,6.654643643643643,0.23351467722153715
P03_L010,6.6622093093093095,0.22202880499226404
P03_L010,6.669774974974974,0.2109007593791808
P03_L010,6.67734064064064,0.2001403871015413
P03_L010,6.684906306306306,0.1897555960957168
P03_L010,6.692471971971971,0.1797523969358217
P03_L010,6.700037637637637,0.17013495734118017
P03_L010,6.707603303303303,0.16090566860521388
P03_L010,6.715168968968969,0.1520652226961468
P03_L010,6.722734634634634,0.14361269871803947
P03_L010,6.7303003003003,0.13554565738047433
P03_L010,6.737865965965966,0.1278602421062822
P03_L010,6.7454316316316305,0.12055128540765377
P03_L010,6.752997297297297,0.113612419180792
P03_L010,6.760562962962963,0.10703618760620162
P03_L010,6.768128628628627,0.10081416139405396
P03_L010,6.7756942942942935,0.09493705217999687
P03_L010,6.78325995995996,0.08939482595436232
P03_L010,6.790825625625626,0.08417681449468467
P03_L010,6.79839129129129,0.07927182386621667
P03_L010,6.8059569569569565,0.07466823915519367
P03_L010,6.813522622622623,0.07035412470347858
P03_L010,6.821088288288287,0.06631731921878413
P03_L010,6.828653953953953,0.06254552524033144
P03_L010,6.836219619619619,0.05902639254405387
P03_L010,6.843785285285286,0.055747595172654305
P03_L010,6.85135095095095,0.05269690187306568
P03_L010,6.858916616616616,0.049862239815730354
P03_L010,6.866482282282282,0.047231751556047905
P03_L010,6.874047947947947,0.04479384527732898
P03_L010,6.881613613613613,0.042537238426378875
P03_L010,6.889179279279279,0.040450994916857434
P03_L010,6.896744944944944,0.038524556131682666
P03_L010,6.90431061061061,0.03674776600392601
P03_L010,6.911876276276276,0.03511089049590353
P03_L010,6.919441941941942,0.033604631828694234
P03_L010,6.927007607607607,0.032220137839429355
P03_L010,6.934573273273273,0.030949006861702943
P03_L010,6.942138938938939,0.029783288535874565
P03_L010,6.949704604604603,0.028715480961264566
P03_L010,6.95727027027027,0.027738524601919515
P03_L010,6.964835935935936,0.0268457933522373
P03_L010,6.972401601601602,0.02603108315889155
P03_L010,6.979967267267266,0.025288598581789695
P03_L010,6.9875329329329325,0.02461293765977477
P03_L010,6.995098598598599,0.023999075427033233
P03_L010,7.002664264264263,0.023442346404225572
P03_L010,7.010229929929929,0.022938426364738956
P03_L010,7.0177955955955955,0.02248331365164751
P03_L010,7.02536126126126,0.022073310295410736
P03_L010,7.032926926926926,0.021705003156445028
P03_L010,7.040492592592592,0.02137524529084417
P03_L010,7.0480582582582585,0.021081137712044416
P03_L010,7.055623923923923,0.020820011696375734
P03_L010,7.063189589589589,0.020589411756518246
P03_L010,7.070755255255255,0.02038707938406149
P03_L010,7.07832092092092,0.020210937640820673
P03_L010,7.085886586586586,0.020059076658460358
P03_L010,7.093452252252252,0.019929740087386967
P03_L010,7.101017917917918,0.019821312518879777
P03_L010,7.108583583583583,0.019732307889083447
P03_L010,7.116149249249249,0.019661358859791356
P03_L010,7.123714914914915,0.019607207158907757
P03_L010,7.1312805805805795,0.01956869485304695
P03_L010,7.138846246246246,0.01954475651588228
P03_L010,7.146411911911912,0.01953441224850672
P03_L010,7.153977577577576,0.01953676150215622
P03_L010,7.161543243243242,0.019550977649068036
P03_L010,7.169108908908909,0.019576303243917265
P03_L010,7.176674574574575,0.019612045916073483
P03_L010,7.184240240240239,0.019657574831754874
P03_L010,7.191805905905905,0.0197123176648974
P03_L010,7.199371571571572,0.019775758016111585
P03_L010,7.206937237237236,0.019847433220325696
P03_L010,7.214502902902902,0.019926932485546733
P03_L010,7.222068568568568,0.020013895307461192
P03_L010,7.229634234234235,0.020108010107274553
P03_L010,7.237199899899899,0.020209013043160192
P03_L010,7.244765565565565,0.020316686948852147
P03_L010,7.252331231231231,0.02043086035622316
P03_L010,7.259896896896896,0.02055140656204818
P03_L010,7.267462562562562,0.020678242702532483
P03_L010,7.275028228228228,0.02081132880251575
P03_L010,7.282593893893893,0.02095066676951899
P03_L010,7.290159559559559,0.021096299305968184
P03_L010,7.297725225225225,0.021248308715949658
P03_L010,7.305290890890891,0.02140681558576338
P03_L010,7.3128565565565555,0.02157197732030105
P03_L010,7.320422222222222,0.021743986519907135
P03_L010,7.327987887887888,0.021923069184889298
P03_L010,7.335553553553552,0.022109482737239398
P03_L010,7.3431192192192185,0.022303513851421295
P03_L010,7.350684884884885,0.022505476088312167
P03_L010,7.358250550550551,0.022715707328539343
P03_L010,7.365816216216215,0.022934567003589215
P03_L010,7.3733818818818815,0.023162433125170145
P03_L010,7.380947547547548,0.023399699115425485
P03_L010,7.388513213213212,0.023646770442705314
P03_L010,7.396078878878878,0.023904061069769313
P03_L010,7.4036445445445445,0.024171989723461556
P03_L010,7.411210210210209,0.024450975997130905
P03_L010,7.418775875875875,0.02474143629932709
P03_L010,7.426341541541541,0.025043779664588473
P03_L010,7.433907207207207,0.025358403444469824
P03_L010,7.441472872872872,0.02568568889927067
P03_L010,7.449038538538538,0.026025996713250923
P03_L010,7.456604204204204,0.02637966245840976
P03_L010,7.464169869869869,0.026746992034132222
P03_L010,7.471735535535535,0.027128257112157272
P03_L010,7.479301201201201,0.027523690618347387
P03_L010,7.486866866866865,0.027933482284619022
P03_L010,7.494432532532532,0.02835777430607683
P03_L010,7.501998198198198,0.028796657139855665
P03_L010,7.509563863863864,0.029250165483373218
P03_L010,7.517129529529528,0.029718274470589143
P03_L010,7.524695195195195,0.030200896125408636
P03_L010,7.532260860860861,0.030697876111561075
P03_L010,7.539826526526525,0.03120899081803248
P03_L010,7.547392192192191,0.0317339448184631
P03_L010,7.554957857857858,0.03227236874175953
P03_L010,7.562523523523524,0.03282381758954413
P03_L010,7.570089189189188,0.03338776953388477
P03_L010,7.577654854854854,0.03396362522608313
P03_L010,7.5852205205205205,0.034550707644064864
P03_L010,7.592786186186185,0.035148262502179915
P03_L010,7.600351851851851,0.03575545924293218
P03_L010,7.607917517517517,0.03637139262538554
P03_L010,7.615483183183182,0.03699508491973052
P03_L010,7.623048848848848,0.03762548871179027
P03_L010,7.630614514514514,0.0382614903151394
P03_L010,7.63818018018018,0.038901913782077885
P03_L010,7.645745845845845,0.039545525497969816
P03_L010,7.653311511511511,0.0401910393365597
P03_L010,7.660877177177177,0.040837122346841365
P03_L010,7.6684428428428415,0.04148240093502465
P03_L010,7.676008508508508,0.0421254674981881
P03_L010,7.683574174174174,0.042764887459449154
P03_L010,7.69113983983984,0.043399206648040596
P03_L010,7.6987055055055045,0.04402695896166655
P03_L010,7.706271171171171,0.044646674243036547
P03_L010,7.713836836836837,0.04525688629767898
P03_L010,7.721402502502501,0.04585614097610073
P03_L010,7.7289681681681675,0.04644300424022648
P03_L010,7.736533833833834,0.04701607013188353
P03_L010,7.744099499499498,0.04757396856002302
P03_L010,7.751665165165164,0.048115372823421945
P03_L010,7.75923083083083,0.04863900678685622
P03_L010,7.766796496496497,0.04914365163125063
P03_L010,7.774362162162161,0.049628152102032266
P03_L010,7.781927827827827,0.0500914221849225
P03_L010,7.789493493493493,0.050532450144597896
P03_L010,7.797059159159158,0.05095030286901925
P03_L010,7.804624824824824,0.0513441294706726
P03_L010,7.81219049049049,0.051713164105382396
P03_L010,7.819756156156156,0.052056727979628854
P03_L010,7.827321821821821,0.0523742305282682
P03_L010,7.834887487487487,0.05266516975603884
P03_L010,7.842453153153153,0.05292913174809574
P03_L010,7.850018818818818,0.05316578936677692
P03_L010,7.857584484484484,0.0533749001637387
P03_L010,7.86515015015015,0.053556303548229614
P03_L010,7.872715815815814,0.05370991726342042
P03_L010,7.8802814814814806,0.053835733233137034
P03_L010,7.887847147147147,0.05393381285087426
P03_L010,7.895412812812813,0.0540042817913868
P03_L010,7.902978478478477,0.05404732443229418
P03_L010,7.9105441441441435,0.054063177978856146
P03_L010,7.91810980980981,0.054052126389225394
P03_L010,7.925675475475474,0.054014494199994996
P03_L010,7.93324114114114,0.05395064035263322
P03_L010,7.9408068068068065,0.05386095212043069
P03_L010,7.948372472472473,0.053745839232862545
P03_L010,7.955938138138137,0.05360572828982893
P03_L010,7.963503803803803,0.05344105755216508
P03_L010,7.9710694694694695,0.0532522721871978
P03_L010,7.978635135135134,0.05303982003912413
P03_L010,7.9862008008008,0.052804147983755025
P03_L010,7.993766466466466,0.05254569891590735
P03_L010,8.00133213213213,0.052264909405643094
P03_L010,8.008897797797797,0.05196220804689949
P03_L010,8.016463463463463,0.05163801450904794
P03_L010,8.02402912912913,0.051292739288832316
P03_L010,8.031594794794794,0.05092678414721803
P03_L010,8.03916046046046,0.0505405432031679
P03_L010,8.046726126126126,0.05013440464450905
P03_L010,8.05429179179179,0.049708753005066234
P03_L010,8.061857457457457,0.04926397194732782
P03_L010,8.069423123123123,0.04880044748126511
P03_L010,8.076988788788789,0.04831857154267044
P03_L010,8.084554454454453,0.04781874584866085
P03_L010,8.09212012012012,0.04730138594388509
P03_L010,8.099685785785786,0.046766925348518854
P03_L010,8.10725145145145,0.046215819718366635
P03_L010,8.114817117117116,0.04564855092827656
P03_L010,8.122382782782783,0.04506563099257226
P03_L010,8.129948448448447,0.04446760574022527
P03_L010,8.137514114114113,0.04385505816791144
P03_L010,8.14507977977978,0.04322861140079857
P03_L010,8.152645445445446,0.04258893119869207
P03_L010,8.16021111111111,0.04193672795389515
P03_L010,8.167776776776776,0.04127275813657522
P03_L010,8.175342442442442,0.04059782515339501
P03_L010,8.182908108108107,0.03991277959543968
P03_L010,8.190473773773773,0.03921851886186038
P03_L010,8.19803943943944,0.03851598615593688
P03_L010,8.205605105105105,0.037806168860255424
P03_L010,8.21317077077077,0.03709009630723152
P03_L010,8.220736436436436,0.03636883697010159
P03_L010,8.228302102102102,0.03564349510763594
P03_L010,8.235867767767767,0.034915206903057994
P03_L010,8.243433433433433,0.03418513614391253
P03_L010,8.250999099099099,0.03345446949481854
P03_L010,8.258564764764763,0.03272441141914665
P03_L010,8.26613043043043,0.0319961788086477
P03_L010,8.273696096096096,0.031270995381943466
P03_L010,8.281261761761762,0.03055008591359217
P03_L010,8.288827427427426,0.029834670355227317
P03_L010,8.296393093093092,0.029125957909100022
P03_L010,8.303958758758759,0.028425141112322756
P03_L010,8.311524424424423,0.027733389987314457
P03_L010,8.31909009009009,0.02705184631050517
P03_L010,8.326655755755755,0.02638161804737899
P03_L010,8.334221421421422,0.025723773997538488
P03_L010,8.341787087087086,0.025079338688801897
P03_L010,8.349352752752752,0.02444928755448773
P03_L010,8.356918418418418,0.023834542423140828
P03_L010,8.364484084084083,0.023235967345091875
P03_L010,8.372049749749749,0.02265436477553198
P03_L010,8.379615415415415,0.022090472129302
P03_L010,8.38718108108108,0.0215449587184013
P03_L010,8.394746746746746,0.021018423079389042
P03_L010,8.402312412412412,0.020511390694413156
P03_L010,8.409878078078078,0.020024312106567032
P03_L010,8.417443743743743,0.01955756142769036
P03_L010,8.425009409409409,0.01911143523455426
P03_L010,8.432575075075075,0.01868615184761735
P03_L010,8.44014074074074,0.018281850985161874
P03_L010,8.447706406406406,0.0178985937845909
P03_L010,8.455272072072072,0.017536363181942703
P03_L010,8.462837737737738,0.017195064640196423
P03_L010,8.470403403403402,0.016874527216665006
P03_L010,8.477969069069069,0.01657450495962479
P03_L010,8.485534734734735,0.016294678624267627
P03_L010,8.4931004004004,0.016034657698021714
P03_L010,8.500666066066065,0.015793982725222838
P03_L010,8.508231731731732,0.01557212792097832
P03_L010,8.515797397397396,0.015368504063813128
P03_L010,8.523363063063062,0.015182461656289156
P03_L010,8.530928728728728,0.01501329434222129
P03_L010,8.538494394394395,0.014860242568356356
P03_L010,8.546060060060059,0.014722497477439356
P03_L010,8.553625725725725,0.014599205018454343
P03_L010,8.561191391391391,0.01448947025851969
P03_L010,8.568757057057056,0.014392361879451924
P03_L010,8.576322722722722,0.01430691684042126
P03_L010,8.583888388388388,0.014232145186440207
P03_L010,8.591454054054054,0.014167034980691735
P03_L010,8.599019719719719,0.014110557336966081
P03_L010,8.606585385385385,0.014061671526779007
P03_L010,8.614151051051051,0.014019330134140166
P03_L010,8.621716716716715,0.013982484229479012
P03_L010,8.629282382382382,0.013950088532965468
P03_L010,8.636848048048048,0.013921106536428368
P03_L010,8.644413713713712,0.013894515552319181
P03_L010,8.651979379379378,0.01386931165772873
P03_L010,8.659545045045045,0.01384451450137048
P03_L010,8.66711071071071,0.01381917194172023
P03_L010,8.674676376376375,0.01379236448516143
P03_L010,8.682242042042041,0.013763209494041634
P03_L010,8.689807707707708,0.013730865135990164
P03_L010,8.697373373373372,0.01369453404767874
P03_L010,8.704939039039038,0.013653466688400371
P03_L010,8.712504704704704,0.013606964361380142
P03_L010,8.72007037037037,0.013554381883571822
P03_L010,8.727636036036035,0.013495129887807475
P03_L010,8.735201701701701,0.013428676744498758
P03_L010,8.742767367367367,0.013354550093595702
P03_L010,8.750333033033032,0.013272337981132224
P03_L010,8.757898698698698,0.013181689598374301
P03_L010,8.765464364364364,0.013082315625279907
P03_L010,8.773030030030029,0.012973988183619245
P03_L010,8.780595695695695,0.012856540408636574
P03_L010,8.788161361361361,0.012729865651508049
P03_L010,8.795727027027027,0.012593916328009708
P03_L010,8.803292692692692,0.012448702431718818
P03_L010,8.810858358358358,0.012294289732682397
P03_L010,8.818424024024024,0.012130797684775317
P03_L010,8.825989689689688,0.01195839706690131
P03_L010,8.833555355355355,0.011777307384755206
P03_L010,8.84112102102102,0.011587794061046028
P03_L010,8.848686686686685,0.011390165442875777
P03_L010,8.856252352352351,0.01118476965538694
P03_L010,8.863818018018017,0.010971991330839521
P03_L010,8.871383683683684,0.010752248241973046
P03_L010,8.878949349349348,0.010525987867882045
P03_L010,8.886515015015014,0.010293683919703905
P03_L010,8.89408068068068,0.010055832852227633
P03_L010,8.901646346346345,0.009812950386112537
P03_L010,8.909212012012011,0.00956556806379918
P03_L010,8.916777677677677,0.009314229860441104
P03_L010,8.924343343343343,0.009059488869322254
P03_L010,8.931909009009008,0.008801904079297526
P03_L010,8.939474674674674,0.008542037259834368
P03_L010,8.94704034034034,0.008280449967282968
P03_L010,8.954606006006005,0.00801770068408737
P03_L010,8.96217167167167,0.007754342100805589
P03_L010,8.969737337337337,0.00749091854905245
P03_L010,8.977303003003001,0.0072279635918328245
P03_L010,8.984868668668668,0.006965997776216292
P03_L010,8.992434334334334,0.006705526551919893
P03_L010,9.0,0.006447038358120447
P03_L049,1.4227,0.046424302532281525
P03_L049,1.430284884884885,0.04954375375339953
P03_L049,1.4378697697697698,0.05280070426382091
P03_L049,1.4454546546546547,0.05619561822473382
P03_L049,1.4530395395395397,0.059728508962497026
P03_L049,1.4606244244244244,0.06339891479338365
P03_L049,1.4682093093093094,0.06720587598156923
P03_L049,1.4757941941941943,0.07114791299846518
P03_L049,1.483379079079079,0.07522300625322666
P03_L049,1.490963963963964,0.07942857746578715
P03_L049,1.498548848848849,0.08376147285502362
P03_L049,1.5061337337337337,0.08821794831558544
P03_L049,1.5137186186186187,0.09279365675732267
P03_L049,1.5213035035035036,0.09748363778107406
P03_L049,1.5288883883883884,0.10228230986355012
P03_L049,1.5364732732732733,0.10718346522201648
P03_L049,1.5440581581581583,0.1121802675262032
P03_L049,1.5516430430430432,0.11726525262009756
P03_L049,1.559227927927928,0.1224303324098022
P03_L049,1.566812812812813,0.12766680206517136
P03_L049,1.5743976976976977,0.13296535067233956
P03_L049,1.5819825825825826,0.13831607546124572
P03_L049,1.5895674674674676,0.14370849971674216
P03_L049,1.5971523523523525,0.14913159446373622
P03_L049,1.6047372372372373,0.15457380399595524
P03_L049,1.6123221221221222,0.16002307529443102
P03_L049,1.6199070070070072,0.16546689135566447
P03_L049,1.627491891891892,0.17089230842087869
P03_L049,1.6350767767767769,0.17628599706698336
P03_L049,1.6426616616616618,0.18163428708714566
P03_L049,1.6502465465465466,0.18692321605461848
P03_L049,1.6578314314314315,0.1921385814280808
P03_L049,1.6654163163163165,0.19726599602070505
P03_L049,1.6730012012012012,0.20229094661908603
P03_L049,1.6805860860860862,0.20719885550246062
P03_L049,1.6881709709709711,0.21197514457804617
P03_L049,1.6957558558558559,0.21660530181533325
P03_L049,1.7033407407407408,0.22107494963134056
P03_L049,1.7109256256256258,0.22536991485073452
P03_L049,1.7185105105105105,0.22947629983984413
P03_L049,1.7260953953953955,0.2333805543923031
P03_L049,1.7336802802802804,0.23706954792674859
P03_L049,1.7412651651651654,0.2405306415439536
P03_L049,1.7488500500500501,0.24375175948208774
P03_L049,1.756434934934935,0.2467214595046352
P03_L049,1.7640198198198198,0.24942900175575924
P03_L049,1.7716047047047048,0.2518644156225803
P03_L049,1.7791895895895897,0.2540185641525773
P03_L049,1.7867744744744747,0.2558832055870232
P03_L049,1.7943593593593594,0.25745105158755743
P03_L049,1.8019442442442444,0.25871582175236235
P03_L049,1.809529129129129,0.2596722940404654
P03_L049,1.817114014014014,0.26031635074707976
P03_L049,1.824698898898899,0.2606450196990376
P03_L049,1.832283783783784,0.2606565103670205
P03_L049,1.8398686686686687,0.26035024461986195
P03_L049,1.8474535535535537,0.25972688187551385
P03_L049,1.8550384384384384,0.2587883384328574
P03_L049,1.8626233233233234,0.25753780079840777
P03_L049,1.8702082082082083,0.2559797328516272
P03_L049,1.8777930930930933,0.2541198767222588
P03_L049,1.885377977977978,0.25196524728256214
P03_L049,1.892962862862863,0.2495241201867005
P03_L049,1.9005477477477477,0.24680601341883013
P03_L049,1.9081326326326327,0.2438216623408917
P03_L049,1.9157175175175176,0.24058298826066352
P03_L049,1.9233024024024026,0.23710306057068556
P03_L049,1.9308872872872875,0.2333960525390863
P03_L049,1.9384721721721723,0.22947719086457338
P03_L049,1.946057057057057,0.2253626991395987
P03_L049,1.953641941941942,0.22106973539838393
P03_L049,1.961226826826827,0.21661632395977176
P03_L049,1.9688117117117119,0.21202128180885915
P03_L049,1.9763965965965968,0.20730413979577222
P03_L049,1.9839814814814816,0.20248505896464605
P03_L049,1.9915663663663663,0.1975847423604538
P03_L049,1.9991512512512513,0.1926243426955358
P03_L049,2.006736136136136,0.18762536629103047
P03_L049,2.014321021021021,0.1826095737405106
P03_L049,2.021905905905906,0.1775988777734484
P03_L049,2.029490790790791,0.17261523882428895
P03_L049,2.0370756756756756,0.16768055883836586
P03_L049,2.0446605605605606,0.16281657386824558
P03_L049,2.0522454454454455,0.1580447460329996
P03_L049,2.0598303303303305,0.15338615542796052
P03_L049,2.0674152152152154,0.14886139258356285
P03_L049,2.0750001001001,0.1444904520786777
P03_L049,2.082584984984985,0.14029262791636124
P03_L049,2.09016986986987,0.13628641126814586
P03_L049,2.097754754754755,0.13248939118698635
P03_L049,2.1053396396396398,0.12891815887896274
P03_L049,2.1129245245245247,0.12558821610996523
P03_L049,2.1205094094094097,0.1225138883062405
P03_L049,2.1280942942942946,0.11970824288717762
P03_L049,2.135679179179179,0.1171830133453297
P03_L049,2.143264064064064,0.11494852956294274
P03_L049,2.150848948948949,0.11301365482638699
P03_L049,2.158433833833834,0.11138572997029289
P03_L049,2.1660187187187185,0.11007052505216772
P03_L049,2.1736036036036035,0.10907219892600493
P03_L049,2.1811884884884885,0.10839326705011416
P03_L049,2.1887733733733734,0.1080345778301879
P03_L049,2.1963582582582584,0.10799529776348879
P03_L049,2.2039431431431433,0.1082729056140071
P03_L049,2.2115280280280283,0.10886319581129672
P03_L049,2.2191129129129132,0.10976029122740223
P03_L049,2.2266977977977978,0.11095666544652148
P03_L049,2.2342826826826827,0.11244317460065247
P03_L049,2.2418675675675677,0.11420909880111012
P03_L049,2.2494524524524526,0.11624219315035202
P03_L049,2.2570373373373376,0.1185287482706407
P03_L049,2.264622222222222,0.12105366023569399
P03_L049,2.272207107107107,0.12380050973842324
P03_L049,2.279791991991992,0.12675165027214907
P03_L049,2.287376876876877,0.1298883050444713
P03_L049,2.294961761761762,0.1331906722823376
P03_L049,2.302546646646647,0.13663803852425493
P03_L049,2.310131531531532,0.14020889943142242
P03_L049,2.3177164164164163,0.14388108758439325
P03_L049,2.3253013013013013,0.1476319066664911
P03_L049,2.3328861861861863,0.15143827137036853
P03_L049,2.340471071071071,0.15527685230074564
P03_L049,2.348055955955956,0.15912422508559113
P03_L049,2.3556408408408407,0.16295702285075656
P03_L049,2.3632257257257256,0.1667520911606077
P03_L049,2.3708106106106106,0.17048664448054232
P03_L049,2.3783954954954956,0.17413842317758407
P03_L049,2.3859803803803805,0.17768585004359627
P03_L049,2.3935652652652655,0.18110818530295464
P03_L049,2.4011501501501504,0.18438567905374242
P03_L049,2.4087350350350354,0.1874997200892725
P03_L049,2.41631991991992,0.19043298005563428
P03_L049,2.423904804804805,0.19316955192135318
P03_L049,2.43148968968969,0.19569508176719208
P03_L049,2.4390745745745748,0.1979968929475544
P03_L049,2.4466594594594593,0.200064101729503
P03_L049,2.4542443443443442,0.20188772358041557
P03_L049,2.461829229229229,0.20346076934986562
P03_L049,2.469414114114114,0.20477833067430554
P03_L049,2.476998998998999,0.20583765402314938
P03_L049,2.484583883883884,0.2066382029001812
P03_L049,2.492168768768769,0.20718170781315626
P03_L049,2.499753653653654,0.20747220372494196
P03_L049,2.507338538538539,0.20751605479938035
P03_L049,2.5149234234234235,0.20732196635223504
P03_L049,2.5225083083083084,0.2069009840097168
P03_L049,2.5300931931931934,0.20626648016204974
P03_L049,2.537678078078078,0.20543412787535084
P03_L049,2.545262962962963,0.20442186248973568
P03_L049,2.552847847847848,0.20324983118341475
P03_L049,2.5604327327327328,0.20194033082033677
P03_L049,2.5680176176176177,0.2005177344215176
P03_L049,2.5756025025025027,0.19900840660720476
P03_L049,2.5831873873873876,0.1974406083482773
P03_L049,2.5907722722722726,0.19584439134124443
P03_L049,2.5983571571571575,0.1942514822830164
P03_L049,2.605942042042042,0.19269515727076617
P03_L049,2.613526926926927,0.19121010649089124
P03_L049,2.621111811811812,0.18983228929221563
P03_L049,2.6286966966966965,0.1885987796652345
P03_L049,2.6362815815815814,0.1875476020753916
P03_L049,2.6438664664664664,0.1867175575281712
P03_L049,2.6514513513513513,0.1861480396817306
P03_L049,2.6590362362362363,0.1858788407736966
P03_L049,2.6666211211211213,0.18594994709734344
P03_L049,2.674206006006006,0.18640132375347326
P03_L049,2.681790890890891,0.18727268842242822
P03_L049,2.689375775775776,0.18860327395003457
P03_L049,2.696960660660661,0.19043157962538637
P03_L049,2.7045455455455456,0.19279511115019696
P03_L049,2.7121304304304306,0.19573010946104066
P03_L049,2.7197153153153155,0.1992712687679263
P03_L049,2.7273002002002,0.20345144441536692
P03_L049,2.734885085085085,0.2083013514537125
P03_L049,2.74246996996997,0.2138492551262374
P03_L049,2.750054854854855,0.22012065482709428
P03_L049,2.75763973973974,0.22713796346086698
P03_L049,2.765224624624625,0.23492018452922425
P03_L049,2.7728095095095098,0.2434825896754062
P03_L049,2.7803943943943947,0.25283639982350675
P03_L049,2.7879792792792797,0.26298847344598264
P03_L049,2.795564164164164,0.27394100586797165
P03_L049,2.803149049049049,0.2856912438589758
P03_L049,2.810733933933934,0.29823122005851194
P03_L049,2.8183188188188186,0.31154751202062436
P03_L049,2.8259037037037036,0.3256210308302944
P03_L049,2.8334885885885885,0.34042684433196796
P03_L049,2.8410734734734735,0.35593404000633355
P03_L049,2.8486583583583585,0.3721056324277521
P03_L049,2.8562432432432434,0.3888985200244448
P03_L049,2.8638281281281284,0.4062634955421916
P03_L049,2.8714130130130133,0.42414531417770013
P03_L049,2.8789978978978983,0.44248282280030987
P03_L049,2.886582782782783,0.46120915302368787
P03_L049,2.8941676676676678,0.4802519801287759
P03_L049,2.9017525525525527,0.49953384898443726
P03_L049,2.9093374374374372,0.5189725671751507
P03_L049,2.916922322322322,0.5384816645401846
P03_L049,2.924507207207207,0.557970917273065
P03_L049,2.932092092092092,0.5773469336432905
P03_L049,2.939676976976977,0.5965137973049659
P03_L049,2.947261861861862,0.6153737630718349
P03_L049,2.954846746746747,0.6338279989882664
P03_L049,2.962431631631632,0.6517773675344772
P03_L049,2.970016516516517,0.6691232378948099
P03_L049,2.977601401401402,0.685768320412495
P03_L049,2.9851862862862864,0.7016175136732734
P03_L049,2.9927711711711713,0.7165787541228463
P03_L049,3.0003560560560563,0.7305638577443762
P03_L049,3.0079409409409408,0.7434893431157638
P03_L049,3.0155258258258257,0.7552772251410218
P03_L049,3.0231107107107107,0.7658557689112312
P03_L049,3.0306955955955956,0.7751601935001387
P03_L049,3.0382804804804806,0.7831333160338391
P03_L049,3.0458653653653656,0.7897261270869903
P03_L049,3.0534502502502505,0.794898289337951
P03_L049,3.0610351351351355,0.7986185524474712
P03_L049,3.0686200200200204,0.800865078291258
P03_L049,3.076204904904905,0.801625671954585
P03_L049,3.08378978978979,0.8008979152621586
P03_L049,3.091374674674675,0.7986892010430688
P03_L049,3.0989595595595594,0.7950166677901673
P03_L049,3.1065444444444443,0.7899070358377284
P03_L049,3.1141293293293293,0.7833963476215335
P03_L049,3.1217142142142142,0.7755296159740354
P03_L049,3.129299099099099,0.7663603857168596
P03_L049,3.136883983983984,0.7559502150189038
P03_L049,3.144468868868869,0.7443680840687158
P03_L049,3.152053753753754,0.7316897395447375
P03_L049,3.159638638638639,0.7179969841414043
P03_L049,3.1672235235235235,0.7033769210099525
P03_L049,3.1748084084084085,0.6879211633930338
P03_L049,3.1823932932932935,0.6717250199669682
P03_L049,3.189978178178178,0.6548866664552663
P03_L049,3.197563063063063,0.6375063139459348
P03_L049,3.205147947947948,0.6196853840408761
P03_L049,3.212732832832833,0.6015257004994616
P03_L049,3.220317717717718,0.5831287064253831
P03_L049,3.2279026026026028,0.5645947153021849
P03_L049,3.2354874874874877,0.5460222033288717
P03_L049,3.2430723723723727,0.5275071495629051
P03_L049,3.2506572572572576,0.5091424293659774
P03_L049,3.2582421421421426,0.4910172655910825
P03_L049,3.265827027027027,0.47321674086956755
P03_L049,3.273411911911912,0.455821373276492
P03_L049,3.280996796796797,0.4389067565924904
P03_L049,3.2885816816816815,0.4225432653599418
P03_L049,3.2961665665665665,0.4067958239681217
P03_L049,3.3037514514514514,0.3917237381117801
P03_L049,3.3113363363363364,0.37738058616300724
P03_L049,3.3189212212212214,0.36381416728795146
P03_L049,3.3265061061061063,0.35106650253568866
P03_L049,3.3340909909909913,0.3391738846312555
P03_L049,3.3416758758758762,0.3281669718210529
P03_L049,3.349260760760761,0.3180709208463786
P03_L049,3.3568456456456457,0.3089055539572431
P03_L049,3.3644305305305306,0.3006855548190198
P03_L049,3.3720154154154156,0.2934206882026659
P03_L049,3.3796003003003,0.28711603847647676
P03_L049,3.387185185185185,0.28177226212449247
P03_L049,3.39477007007007,0.277385849792939
P03_L049,3.402354954954955,0.2739493937001007
P03_L049,3.40993983983984,0.27145185662530713
P03_L049,3.417524724724725,0.2698788391072625
P03_L049,3.42510960960961,0.26921284191920236
P03_L049,3.432694494494495,0.26943352133709075
P03_L049,3.4402793793793798,0.27051793516679
P03_L049,3.4478642642642647,0.2724407779369811
P03_L049,3.4554491491491497,0.2751746040880121
P03_L049,3.4630340340340338,0.27869003838508755
P03_L049,3.4706189189189187,0.2829559731510123
P03_L049,3.4782038038038037,0.2879397522438034
P03_L049,3.4857886886886886,0.29360734199424837
P03_L049,3.4933735735735736,0.2999234895651002
P03_L049,3.5009584584584585,0.30685186939604564
P03_L049,3.5085433433433435,0.3143552185564804
P03_L049,3.5161282282282285,0.3223954619425706
P03_L049,3.5237131131131134,0.3309338283280151
P03_L049,3.5312979979979984,0.3399309583121539
P03_L049,3.5388828828828833,0.34934700520817624
P03_L049,3.5464677677677683,0.35914172988236864
P03_L049,3.5540526526526524,0.3692745904973053
P03_L049,3.5616375375375373,0.3797048280323958
P03_L049,3.5692224224224223,0.39039154835966666
P03_L049,3.5768073073073072,0.401293801546036
P03_L049,3.584392192192192,0.4123706589407293
P03_L049,3.591977077077077,0.42358128849271265
P03_L049,3.599561961961962,0.43488502863261663
P03_L049,3.607146846846847,0.44624146095040595
P03_L049,3.614731731731732,0.4576104818076652
P03_L049,3.622316616616617,0.46895237294455544
P03_L049,3.629901501501502,0.4802278710783202
P03_L049,3.637486386386387,0.49139823644435204
P03_L049,3.645071271271272,0.5024253202026425
P03_L049,3.652656156156156,0.5132716306222396
P03_L049,3.660241041041041,0.5239003979629334
P03_L049,3.667825925925926,0.5342756379959014
P03_L049,3.675410810810811,0.544362214140835
P03_L049,3.6829956956956957,0.5541258982439712
P03_L049,3.6905805805805807,0.5635334300761445
P03_L049,3.6981654654654657,0.5725525756891582
P03_L049,3.7057503503503506,0.5811521848288733
P03_L049,3.7133352352352356,0.5893022476603637
P03_L049,3.7209201201201205,0.5969739511109878
P03_L049,3.7285050050050055,0.6041397351772705
P03_L049,3.7360898898898904,0.6107733495678839
P03_L049,3.7436747747747745,0.6168499110651023
P03_L049,3.7512596596596595,0.622345961977884
P03_L049,3.7588445445445444,0.6272395300298462
P03_L049,3.7664294294294294,0.6315101899736948
P03_L049,3.7740143143143143,0.6351391271495008
P03_L049,3.7815991991991993,0.6381092031082611
P03_L049,3.7891840840840842,0.640405023305592
P03_L049,3.796768968968969,0.6420130067354357
P03_L049,3.804353853853854,0.6429214572227873
P03_L049,3.811938738738739,0.6431206359316054
P03_L049,3.819523623623624,0.6426028344734078
P03_L049,3.827108508508509,0.6413624478282041
P03_L049,3.834693393393393,0.6393960461175169
P03_L049,3.842278278278278,0.6367024441050534
P03_L049,3.849863163163163,0.6332827671491653
P03_L049,3.857448048048048,0.6291405121984069
P03_L049,3.865032932932933,0.6242816023124304
P03_L049,3.872617817817818,0.6187144331097613
P03_L049,3.880202702702703,0.6124499094962981
P03_L049,3.887787587587588,0.6055014710170004
P03_L049,3.8953724724724728,0.597885104200921
P03_L049,3.9029573573573577,0.589619340338155
P03_L049,3.9105422422422427,0.5807252372375173
P03_L049,3.9181271271271276,0.5712263436647204
P03_L049,3.9257120120120126,0.5611486453517258
P03_L049,3.9332968968968967,0.5505204916954227
P03_L049,3.9408817817817816,0.5393725025248665
P03_L049,3.9484666666666666,0.5277374546053705
P03_L049,3.9560515515515515,0.5156501478599937
P03_L049,3.9636364364364365,0.5031472516175071
P03_L049,3.9712213213213214,0.490267131533812
P03_L049,3.9788062062062064,0.47704965817384787
P03_L049,3.9863910910910914,0.46353599857537303
P03_L049,3.9939759759759763,0.4497683924371197
P03_L049,4.001560860860861,0.43578991487417285
P03_L049,4.009145745745746,0.42164422795601403
P03_L049,4.016730630630631,0.4073753234808916
P03_L049,4.024315515515515,0.3930272596384067
P03_L049,4.0319004004004,0.37864389436549206
P03_L049,4.039485285285285,0.36426861830578056
P03_L049,4.04707017017017,0.3499440903356965
P03_L049,4.054655055055055,0.3357119786214931
P03_L049,4.06223993993994,0.3216127101193508
P03_L049,4.069824824824825,0.3076852313268816
P03_L049,4.07740970970971,0.29396678294110573
P03_L049,4.084994594594595,0.2804926908785766
P03_L049,4.09257947947948,0.267296175872387
P03_L049,4.100164364364365,0.25440818358350265
P03_L049,4.10774924924925,0.24185723685642244
P03_L049,4.115334134134134,0.22966931141820293
P03_L049,4.122919019019019,0.21786773597242515
P03_L049,4.130503903903904,0.20647311728317405
P03_L049,4.138088788788789,0.19550329048561416
P03_L049,4.145673673673674,0.18497329450664354
P03_L049,4.153258558558559,0.17489537213807496
P03_L049,4.160843443443444,0.1652789939821448
P03_L049,4.1684283283283285,0.15613090519069156
P03_L049,4.1760132132132135,0.14745519364978307
P03_L049,4.1835980980980985,0.139253378025253
P03_L049,4.191182982982983,0.13152451388447733
P03_L049,4.198767867867868,0.12426531594815805
P03_L049,4.206352752752753,0.1174702944040843
P03_L049,4.213937637637637,0.1111319031331551
P03_L049,4.221522522522522,0.10524069765576971
P03_L049,4.229107407407407,0.09978550060266578
P03_L049,4.236692292292292,0.09475357254608889
P03_L049,4.244277177177177,0.09013078609216024
P03_L049,4.251862062062062,0.08590180122984496
P03_L049,4.259446946946947,0.08205024005236156
P03_L049,4.267031831831832,0.0785588591089081
P03_L049,4.274616716716717,0.07540971780396001
P03_L049,4.282201601601602,0.0725843414336012
P03_L049,4.289786486486487,0.07006387762908131
P03_L049,4.297371371371372,0.06782924516271051
P03_L049,4.304956256256256,0.06586127425637953
P03_L049,4.312541141141141,0.06414083771469116
P03_L049,4.320126026026026,0.06264897237961899
P03_L049,4.327710910910911,0.06136699056892276
P03_L049,4.335295795795796,0.060276581313840435
P03_L049,4.342880680680681,0.0593599013509684
P03_L049,4.350465565565566,0.05859965594734263
P03_L049,4.358050450450451,0.057979169745659226
P03_L049,4.365635335335336,0.05748244790790373
P03_L049,4.373220220220221,0.05709422791044504
P03_L049,4.380805105105106,0.05680002240232651
P03_L049,4.3883899899899905,0.05658615358184836
P03_L049,4.395974874874875,0.05643977957572564
P03_L049,4.4035597597597596,0.056348913321445
P03_L049,4.4111446446446445,0.056302434458524155
P03_L049,4.4187295295295295,0.05629009472985803
P03_L049,4.426314414414414,0.05630251738199752
P03_L049,4.433899299299299,0.05633119103481056
P03_L049,4.441484184184184,0.056368458468296495
P03_L049,4.449069069069069,0.05640750074897684
P03_L049,4.456653953953954,0.0564423170918904
P03_L049,4.464238838838839,0.05646770082808759
P03_L049,4.471823723723724,0.05647921182289688
P03_L049,4.479408608608609,0.05647314566812523
P03_L049,4.486993493493494,0.0564464999524883
P03_L049,4.494578378378378,0.056396937899555445
P03_L049,4.502163263263263,0.056322749651590884
P03_L049,4.509748148148148,0.056222811471043854
P03_L049,4.517333033033033,0.056096543128919485
P03_L049,4.524917917917918,0.05594386375057401
P03_L049,4.532502802802803,0.055765146394144684
P03_L049,4.540087687687688,0.05556117164420878
P03_L049,4.547672572572573,0.05533308051265623
P03_L049,4.555257457457458,0.05508232694929604
P03_L049,4.562842342342343,0.0548106302755507
P03_L049,4.570427227227228,0.05451992786480125
P03_L049,4.578012112112113,0.0542123284016398
P03_L049,4.585596996996997,0.05389006605861208
P03_L049,4.593181881881882,0.05355545593220549
P03_L049,4.600766766766767,0.053210851079155214
P03_L049,4.608351651651652,0.05285860148903585
P03_L049,4.615936536536537,0.05250101531911946
P03_L049,4.6235214214214215,0.05214032270233621
P03_L049,4.6311063063063065,0.051778642418702545
P03_L049,4.638691191191191,0.0514179516948394
P03_L049,4.646276076076076,0.051060059365336134
P03_L049,4.653860960960961,0.050706582594108325
P03_L049,4.661445845845846,0.050358927313984995
P03_L049,4.669030730730731,0.050018272499223
P03_L049,4.676615615615615,0.04968555833916684
P03_L049,4.6842005005005,0.04936147833273768
P03_L049,4.691785385385385,0.049046475273712295
P03_L049,4.69937027027027,0.048740741046836435
P03_L049,4.706955155155155,0.0484442201056638
P03_L049,4.71454004004004,0.04815661645562253
P03_L049,4.722124924924925,0.04787740392112288
P03_L049,4.72970980980981,0.047605839434434374
P03_L049,4.737294694694695,0.04734097904740864
P03_L049,4.74487957957958,0.04708169633561649
P03_L049,4.752464464464465,0.04682670283871642
P03_L049,4.76004934934935,0.04657457016135686
P03_L049,4.767634234234235,0.04632375334597606
P03_L049,4.775219119119119,0.046072615122672675
P03_L049,4.782804004004004,0.045819450641934684
P03_L049,4.790388888888889,0.045562512303305915
P03_L049,4.797973773773774,0.04530003430677883
P03_L049,4.805558658658659,0.045030256573438274
P03_L049,4.813143543543544,0.04475144770712104
P03_L049,4.820728428428429,0.044461926698954636
P03_L049,4.828313313313314,0.04416008311089133
P03_L049,4.8358981981981985,0.043844395511947326
P03_L049,4.8434830830830835,0.043513447980938924
P03_L049,4.8510679679679685,0.04316594453121563
P03_L049,4.858652852852853,0.04280072135530618
P03_L049,4.8662377377377375,0.0424167568296662
P03_L049,4.8738226226226224,0.042013179260977515
P03_L049,4.881407507507507,0.041589272394937725
P03_L049,4.888992392392392,0.041144478745422465
P03_L049,4.896577277277277,0.04067840083572617
P03_L049,4.904162162162162,0.040190800473685985
P03_L049,4.911747047047047,0.03968159620847441
P03_L049,4.919331931931932,0.03915085913836109
P03_L049,4.926916816816817,0.03859880725558491
P03_L049,4.934501701701702,0.03802579852656108
P03_L049,4.942086586586587,0.037432322912969475
P03_L049,4.949671471471472,0.03681899354197466
P03_L049,4.957256356356356,0.036186537232121875
P03_L049,4.964841241241241,0.03553578457565421
P03_L049,4.972426126126126,0.03486765976849763
P03_L049,4.980011011011011,0.03418317036639838
P03_L049,4.987595895895896,0.03348339713018812
P03_L049,4.995180780780781,0.03276948410542914
P03_L049,5.002765665665666,0.03204262906229895
P03_L049,5.010350550550551,0.03130407440108583
P03_L049,5.017935435435436,0.03055509860762303
P03_L049,5.025520320320321,0.029797008321926693
P03_L049,5.033105205205206,0.029031131062707115
P03_L049,5.040690090090091,0.02825880863075257
P03_L049,5.048274974974976,0.02748139119582738
P03_L049,5.05585985985986,0.026700232055022952
P03_L049,5.063444744744745,0.025916683035726126
P03_L049,5.0710296296296296,0.025132090503717296
P03_L049,5.0786145145145145,0.024347791926528396
P03_L049,5.0861993993993995,0.023565112934141076
P03_L049,5.093784284284284,0.02278536481339033
P03_L049,5.101369169169169,0.022009842369004932
P03_L049,5.108954054054054,0.02123982208294872
P03_L049,5.116538938938939,0.02047656050447227
P03_L049,5.124123823823824,0.019721292805830695
P03_L049,5.131708708708709,0.018975231442755463
P03_L049,5.139293593593594,0.01823956486421443
P03_L049,5.146878478478478,0.017515456222496797
P03_L049,5.154463363363363,0.016804042041935557
P03_L049,5.162048248248248,0.016106430812361797
P03_L049,5.169633133133133,0.015423701481400062
P03_L049,5.177218018018018,0.014756901827728337
P03_L049,5.184802902902903,0.014107046705201643
P03_L049,5.192387787787788,0.013475116155088509
P03_L049,5.199972672672673,0.012862053390423915
P03_L049,5.207557557557558,0.012268762662508929
P03_L049,5.215142442442443,0.011696107024791118
P03_L049,5.222727327327328,0.011144906013678941
P03_L049,5.230312212212213,0.010615933269245698
P03_L049,5.237897097097097,0.010109914121277458
P03_L049,5.245481981981982,0.009627523167739268
P03_L049,5.253066866866867,0.009169381873542777
P03_L049,5.260651751751752,0.008736056217571345
P03_L049,5.268236636636637,0.008328054415358046
P03_L049,5.275821521521522,0.007945824743727015
P03_L049,5.283406406406407,0.007589753492213079
P03_L049,5.2909912912912915,0.007260163064290949
P03_L049,5.2985761761761765,0.006957310249486968
P03_L049,5.3061610610610614,0.006681384685420611
P03_L049,5.313745945945946,0.006432507526828068
P03_L049,5.321330830830831,0.0062107303367358235
P03_L049,5.328915715715716,0.006016034213244702
P03_L049,5.3365006006006,0.005848329163897747
P03_L049,5.344085485485485,0.0057074537383645305
P03_L049,5.35167037037037,0.005593174929185181
P03_L049,5.359255255255255,0.005505188349561329
P03_L049,5.36684014014014,0.005443118696628987
P03_L049,5.374425025025025,0.005406520508244751
P03_L049,5.38200990990991,0.0053948792210001695
P03_L049,5.389594794794795,0.005407612536873282
P03_L049,5.39717967967968,0.00544407210554842
P03_L049,5.404764564564565,0.005503545528899138
P03_L049,5.41234944944945,0.005585258693349207
P03_L049,5.419934334334335,0.005688378434721393
P03_L049,5.427519219219219,0.005812015538680003
P03_L049,5.435104104104104,0.005955228077910369
P03_L049,5.442688988988989,0.006117025084709773
P03_L049,5.450273873873874,0.006296370554663012
P03_L049,5.457858758758759,0.006492187773532836
P03_L049,5.465443643643644,0.006703363955426338
P03_L049,5.473028528528529,0.006928755175739022
P03_L049,5.480613413413414,0.007167191577389784
P03_L049,5.488198298298299,0.007417482823523891
P03_L049,5.495783183183183,0.007678423764282199
P03_L049,5.503368068068068,0.007948800279535992
P03_L049,5.510952952952953,0.008227395253805982
P03_L049,5.518537837837838,0.008512994634078633
P03_L049,5.5261227227227225,0.008804393516059033
P03_L049,5.5337076076076075,0.009100402199730118
P03_L049,5.5412924924924924,0.00939985215108861
P03_L049,5.548877377377377,0.00970160180376209
P03_L049,5.556462262262262,0.010004542132034822
P03_L049,5.564047147147147,0.01030760192576139
P03_L049,5.571632032032032,0.010609752697848605
P03_L049,5.579216916916917,0.010910013156535187
P03_L049,5.586801801801802,0.011207453177664774
P03_L049,5.594386686686686,0.011501197216571803
P03_L049,5.601971571571571,0.011790427105084725
P03_L049,5.609556456456456,0.012074384186468457
P03_L049,5.617141341341341,0.012352370749808883
P03_L049,5.624726226226226,0.012623750735282213
P03_L049,5.632311111111111,0.012887949692809075
P03_L049,5.639895995995996,0.013144453988590404
P03_L049,5.647480880880881,0.013392809266750768
P03_L049,5.655065765765766,0.013632618186535493
P03_L049,5.662650650650651,0.013863537468960022
P03_L049,5.670235535535536,0.014085274300210046
P03_L049,5.677820420420421,0.014297582152146285
P03_L049,5.685405305305305,0.0145002560926769
P03_L049,5.69299019019019,0.01469312767022329
P03_L049,5.700575075075075,0.014876059466730502
P03_L049,5.70815995995996,0.015048939422386184
P03_L049,5.715744844844845,0.015211675042156796
P03_L049,5.72332972972973,0.015364187599206863
P03_L049,5.730914614614615,0.015506406453050578
P03_L049,5.7384994994995,0.01563826360074903
P03_L049,5.7460843843843845,0.01575968857752119
P03_L049,5.7536692692692695,0.015870603818735757
P03_L049,5.761254154154154,0.015970920588408564
P03_L049,5.768839039039039,0.016060535570115428
P03_L049,5.7764239239239235,0.016139328204768405
P03_L049,5.784008808808808,0.016207158846177586
P03_L049,5.791593693693693,0.01626386778996408
P03_L049,5.799178578578578,0.016309275214487776
P03_L049,5.806763463463463,0.016343182054333053
P03_L049,5.814348348348348,0.016365371807920973
P03_L049,5.821933233233233,0.01637561326137983
P03_L049,5.829518118118118,0.016373664091323147
P03_L049,5.837103003003003,0.016359275290076167
P03_L049,5.844687887887888,0.01633219633858499
P03_L049,5.852272772772773,0.01629218103515087
P03_L049,5.859857657657658,0.016238993872650136
P03_L049,5.867442542542543,0.016172416843392733
P03_L049,5.875027427427427,0.01609225653956463
P03_L049,5.882612312312312,0.015998351408566962
P03_L049,5.890197197197197,0.01589057901673368
P03_L049,5.897782082082082,0.015768863172033708
P03_L049,5.905366966966967,0.01563318075654346
P03_L049,5.912951851851852,0.015483568122731658
P03_L049,5.920536736736737,0.015320126913887662
P03_L049,5.928121621621622,0.015143029178230375
P03_L049,5.935706506506507,0.014952521658176702
P03_L049,5.943291391391392,0.014748929150678025
P03_L049,5.950876276276277,0.014532656851149899
P03_L049,5.9584611611611615,0.014304191611969747
P03_L049,5.966046046046046,0.014064102066404228
P03_L049,5.973630930930931,0.013813037589727805
P03_L049,5.9812158158158155,0.013551726090757131
P03_L049,5.9888007007007005,0.013280970648594837
P03_L049,5.996385585585585,0.013001645030593562
P03_L049,6.00397047047047,0.012714688147971661
P03_L049,6.011555355355355,0.012421097524711574
P03_L049,6.01914024024024,0.012121921872961265
P03_L049,6.026725125125125,0.011818252883788927
P03_L049,6.03431001001001,0.011511216355510969
P03_L049,6.041894894894895,0.01120196279268015
P03_L049,6.04947977977978,0.01089165761699959
P03_L049,6.057064664664664,0.010581471136801236
P03_L049,6.064649549549549,0.010272568424236534
P03_L049,6.072234434434434,0.009966099248986912
P03_L049,6.079819319319319,0.00966318821417954
P03_L049,6.087404204204204,0.0093649252344292
P03_L049,6.094989089089089,0.00907235648770135
P03_L049,6.102573973973974,0.008786475962245098
P03_L049,6.110158858858859,0.008508217707451679
P03_L049,6.117743743743744,0.008238448883469881
P03_L049,6.125328628628629,0.007977963689084539
P03_L049,6.132913513513514,0.007727478231096008
P03_L049,6.140498398398399,0.00748762638158283
P03_L049,6.148083283283284,0.007258956652346413
P03_L049,6.155668168168168,0.007041930098873335
P03_L049,6.163253053053053,0.006836919249639349
P03_L049,6.170837937937938,0.0066442080408255725
P03_L049,6.178422822822823,0.006463992721797634
P03_L049,6.186007707707708,0.006296383683256226
P03_L049,6.1935925925925925,0.006141408148001734
P03_L049,6.2011774774774775,0.005999013653929766
P03_L049,6.2087623623623625,0.005869072250304147
P03_L049,6.216347247247247,0.005751385321613817
P03_L049,6.223932132132132,0.005645688948440804
P03_L049,6.231517017017017,0.005551659711736862
P03_L049,6.239101901901902,0.005468920845677953
P03_L049,6.246686786786786,0.005397048644752897
P03_L049,6.254271671671671,0.00533557903282876
P03_L049,6.261856556556556,0.005284014205477545
P03_L049,6.269441441441441,0.005241829261679154
P03_L049,6.277026326326326,0.005208478746952531
P03_L049,6.284611211211211,0.005183403036812314
P03_L049,6.292196096096096,0.005166034497000681
P03_L049,6.299780980980981,0.005155803364996731
P03_L049,6.307365865865866,0.005152143305656458
P03_L049,6.314950750750751,0.005154496602287762
P03_L049,6.322535635635636,0.005162318952832544
P03_L049,6.330120520520521,0.005175083848939583
P03_L049,6.337705405405405,0.005192286523414459
P03_L049,6.34529029029029,0.005213447458691491
P03_L049,6.352875175175175,0.005238115455475945
P03_L049,6.36046006006006,0.005265870266463423
P03_L049,6.368044944944945,0.00529632480499199
P03_L049,6.37562982982983,0.005329126942581313
P03_L049,6.383214714714715,0.005363960912544599
P03_L049,6.3907995995996,0.00540054833923057
P03_L049,6.398384484484485,0.0054386489139922655
P03_L049,6.40596936936937,0.005478060739736926
P03_L049,6.4135542542542545,0.005518620365952808
P03_L049,6.4211391391391395,0.005560202535518741
P03_L049,6.428724024024024,0.0056027196634758185
P03_L049,6.4363089089089085,0.005646121066384582
P03_L049,6.4438937937937935,0.005690391959018748
P03_L049,6.451478678678678,0.00573555223307485
P03_L049,6.459063563563563,0.005781655030423967
P03_L049,6.466648448448448,0.0058287851213114274
P03_L049,6.474233333333333,0.005877057095932804
P03_L049,6.481818218218218,0.00592661337607941
P03_L049,6.489403103103103,0.005977622052142523
P03_L049,6.496987987987988,0.006030274549768424
P03_L049,6.504572872872873,0.006084783129924478
P03_L049,6.512157757757758,0.006141378226111755
P03_L049,6.519742642642643,0.006200305622965474
P03_L049,6.527327527527527,0.00626182348152424
P03_L049,6.534912412412412,0.006326199218008033
P03_L049,6.542497297297297,0.006393706244987714
P03_L049,6.550082182182182,0.006464620586305044
P03_L049,6.557667067067067,0.006539217379941136
P03_L049,6.565251951951952,0.006617767286151483
P03_L049,6.572836836836837,0.006700532821491011
P03_L049,6.580421721721722,0.006787764642737635
P03_L049,6.588006606606607,0.006879697808077938
P03_L049,6.595591491491492,0.006976548046127171
P03_L049,6.603176376376377,0.007078508066305101
P03_L049,6.610761261261262,0.00718574394666773
P03_L049,6.618346146146146,0.0072983916373987184
P03_L049,6.625931031031031,0.007416553619699607
P03_L049,6.633515915915916,0.007540295760704146
P03_L049,6.641100800800801,0.0076696444052133
P03_L049,6.6486856856856855,0.0078045837444571725
P03_L049,6.6562705705705705,0.007945053500709473
P03_L049,6.663855455455455,0.00809094696440256
P03_L049,6.67144034034034,0.008242109417429958
P03_L049,6.679025225225225,0.00839833697261355
P03_L049,6.68661011011011,0.008559375854910565
P03_L049,6.694194994994995,0.008724922144914379
P03_L049,6.70177987987988,0.008894621999656805
P03_L049,6.709364764764765,0.009068072359753203
P03_L049,6.716949649649649,0.009244822145666133
P03_L049,6.724534534534534,0.0094243739394261
P03_L049,6.732119419419419,0.009606186141671627
P03_L049,6.739704304304304,0.009789675587494443
P03_L049,6.747289189189189,0.009974220598427615
P03_L049,6.754874074074074,0.010159164442127664
P03_L049,6.762458958958959,0.010343819165992023
P03_L049,6.770043843843844,0.010527469766227947
P03_L049,6.777628728728729,0.010709378649839257
P03_L049,6.785213613613614,0.01088879034369645
P03_L049,6.792798498498499,0.011064936402357227
P03_L049,6.800383383383384,0.011237040464640378
P03_L049,6.807968268268268,0.011404323408139232
P03_L049,6.815553153153153,0.01156600855087873
P03_L049,6.823138038038038,0.01172132685014226
P03_L049,6.830722922922923,0.01186952205007017
P03_L049,6.838307807807808,0.012009855731891346
P03_L049,6.845892692692693,0.012141612223509011
P03_L049,6.853477577577578,0.01226410332852633
P03_L049,6.8610624624624625,0.012376672838559756
P03_L049,6.8686473473473475,0.012478700796738202
P03_L049,6.8762322322322325,0.01256960748451061
P03_L049,6.883817117117117,0.012648857108172644
P03_L049,6.891402002002002,0.012715961165767117
P03_L049,6.898986886886886,0.01277048147911659
P03_L049,6.906571771771771,0.012812032879621708
P03_L049,6.914156656656656,0.012840285540033513
P03_L049,6.921741541541541,0.012854966947624329
P03_L049,6.929326426426426,0.01285586351699932
P03_L049,6.936911311311311,0.012842821843187548
P03_L049,6.944496196196196,0.012815749597621303
P03_L049,6.952081081081081,0.012774616071169413
P03_L049,6.959665965965966,0.012719452369560687
P03_L049,6.967250850850851,0.012650351267362765
P03_L049,6.974835735735736,0.01256746672722177
P03_L049,6.982420620620621,0.012471013091385935
P03_L049,6.990005505505506,0.012361263952701294
P03_L049,6.99759039039039,0.012238550712355158
P03_L049,7.005175275275275,0.012103260831727967
P03_L049,7.01276016016016,0.011955835785869113
P03_L049,7.020345045045045,0.011796768726402548
P03_L049,7.02792992992993,0.011626601862153908
P03_L049,7.035514814814815,0.01144592356651768
P03_L049,7.0430996996997,0.01125536522158654
P03_L049,7.050684584584585,0.011055597810365518
P03_L049,7.05826946946947,0.01084732826999665
P03_L049,7.065854354354355,0.010631295620815683
P03_L049,7.07343923923924,0.010408266888224986
P03_L049,7.0810241241241245,0.0101790328367589
P03_L049,7.088609009009009,0.00994440353828378
P03_L049,7.0961938938938935,0.009705203798953321
P03_L049,7.1037787787787785,0.009462268472256553
P03_L049,7.1113636636636635,0.009216437688167973
P03_L049,7.118948548548548,0.008968552030958574
P03_L049,7.126533433433433,0.008719447700558266
P03_L049,7.134118318318318,0.00846995169439721
P03_L049,7.141703203203203,0.008220877048309807
P03_L049,7.149288088088088,0.007973018176288836
P03_L049,7.156872972972973,0.007727146349561686
P03_L049,7.164457857857858,0.007484005355571985
P03_L049,7.172042742742743,0.00724430737694674
P03_L049,7.179627627627627,0.007008729129382826
P03_L049,7.187212512512512,0.006777908295586398
P03_L049,7.194797397397397,0.006552440289947234
P03_L049,7.202382282282282,0.006332875385544792
P03_L049,7.209967167167167,0.006119716231401557
P03_L049,7.217552052052052,0.00591341578366798
P03_L049,7.225136936936937,0.005714375669706789
P03_L049,7.232721821821822,0.0055229449989175625
P03_L049,7.240306706706707,0.005339419628690632
P03_L049,7.247891591591592,0.005164041888197322
P03_L049,7.255476476476477,0.004997000756912825
P03_L049,7.263061361361362,0.004838432488933292
P03_L049,7.270646246246247,0.004688421668398926
P03_L049,7.278231131131131,0.0045470026757762705
P03_L049,7.285816016016016,0.004414161539491625
P03_L049,7.293400900900901,0.004289838142543301
P03_L049,7.300985785785786,0.004173928749347036
P03_L049,7.308570670670671,0.0040662888142707675
P03_L049,7.3161555555555555,0.003966736030166696
P03_L049,7.3237404404404405,0.003875053572771196
P03_L049,7.331325325325325,0.003790993495165413
P03_L049,7.33891021021021,0.003714280225604384
P03_L049,7.346495095095095,0.0036446141219480324
P03_L049,7.35407997997998,0.003581675036664947
P03_L049,7.361664864864865,0.003525125847914452
P03_L049,7.369249749749749,0.0034746159145129514
P03_L049,7.376834634634634,0.0034297844156093186
P03_L049,7.384419519519519,0.0033902635395687505
P03_L049,7.392004404404404,0.003355681490817794
P03_L049,7.399589289289289,0.003325665288146021
P03_L049,7.407174174174174,0.0032998433330903745
P03_L049,7.414759059059059,0.0032778477324368924
P03_L049,7.422343943943944,0.003259316364444029
P03_L049,7.429928828828829,0.003243894684000334
P03_L049,7.437513713713714,0.003231237267453539
P03_L049,7.445098598598599,0.0032210091031652515
P03_L049,7.452683483483484,0.003212886638836926
P03_L049,7.460268368368368,0.0032065586012059812
P03_L049,7.467853253253253,0.003201726607723377
P03_L049,7.475438138138138,0.00319810559320486
P03_L049,7.483023023023023,0.003195424077121051
P03_L049,7.490607907907908,0.0031934242990973405
P03_L049,7.498192792792793,0.003191862251291972
P03_L049,7.505777677677678,0.003190507636588733
P03_L049,7.513362562562563,0.003189143780978766
P03_L049,7.520947447447448,0.0031875675271352934
P03_L049,7.5285323323323325,0.00318558913404683
P03_L049,7.5361172172172175,0.0031830322047314316
P03_L049,7.5437021021021025,0.003179733660587185
P03_L049,7.551286986986987,0.003175543776940944
P03_L049,7.5588718718718715,0.0031703262899512724
P03_L049,7.566456756756756,0.0031639585803273193
P03_L049,7.574041641641641,0.003156331934476954
P03_L049,7.581626526526526,0.003147351878833438
P03_L049,7.589211411411411,0.0031369385783711597
P03_L049,7.596796296296296,0.003125027285845207
P03_L049,7.604381181181181,0.003111568824209291
P03_L049,7.611966066066066,0.003096530081103742
P03_L049,7.619550950950951,0.0030798944913692037
P03_L049,7.627135835835836,0.003061662481324862
P03_L049,7.634720720720721,0.0030418518471259726
P03_L049,7.642305605605606,0.0030204980389367275
P03_L049,7.64989049049049,0.002997654322950276
P03_L049,7.657475375375375,0.0029733917944639106
P03_L049,7.66506026026026,0.0029477992172556445
P03_L049,7.672645145145145,0.0029209826673665374
P03_L049,7.68023003003003,0.0028930649630067523
P03_L049,7.687814914914915,0.0028641848665868813
P03_L049,7.6953997997998,0.0028344960497255814
P03_L049,7.702984684684685,0.0028041658173802663
P03_L049,7.71056956956957,0.0027733735928571522
P03_L049,7.718154454454455,0.0027423091712392962
P03_L049,7.72573933933934,0.0027111707545797266
P03_L049,7.733324224224225,0.002680162787894039
P03_L049,7.740909109109109,0.0026494936204076924
P03_L049,7.748493993993994,0.002619373021529233
P03_L049,7.756078878878879,0.002590009585503407
P03_L049,7.7636637637637635,0.0025616080625317436
P03_L049,7.7712486486486485,0.0025343666572342285
P03_L049,7.7788335335335335,0.002508474337582409
P03_L049,7.786418418418418,0.002484108198801684
P03_L049,7.794003303303303,0.0024614309271790945
P03_L049,7.801588188188188,0.0024405884082058524
P03_L049,7.809173073073073,0.002421707522036133
P03_L049,7.816757957957958,0.0024048941668825432
P03_L049,7.824342842842843,0.0023902315477415926
P03_L049,7.831927727727728,0.0023777787638165847
P03_L049,7.839512612612612,0.0023675697232645775
P03_L049,7.847097497497497,0.0023596124085377176
P03_L049,7.854682382382382,0.00235388850972885
P03_L049,7.862267267267267,0.0023503534370876832
P03_L049,7.869852152152152,0.0023489367173750208
P03_L049,7.877437037037037,0.0023495427720997236
P03_L049,7.885021921921922,0.0023520520690682176
P03_L049,7.892606806806807,0.0023563226321996747
P03_L049,7.900191691691692,0.0023621918883461267
P03_L049,7.907776576576577,0.0023694788240237953
P03_L049,7.915361461461462,0.0023779864196177814
P03_L049,7.922946346346347,0.0023875043238636533
P03_L049,7.930531231231231,0.0023978117273202207
P03_L049,7.938116116116116,0.002408680390196711
P03_L049,7.945701001001001,0.0024198777773391297
P03_L049,7.953285885885886,0.00243117025145254
P03_L049,7.960870770770771,0.0024423262747605154
P03_L049,7.968455655655656,0.002453119569286061
P03_L049,7.976040540540541,0.0024633321867701843
P03_L049,7.9836254254254255,0.0024727574409002823
P03_L049,7.9912103103103105,0.002481202656961767
P03_L049,7.998795195195195,0.0024884916972008854
P03_L049,8.006380080080081,0.0024944672240309403
P03_L049,8.013964964964966,0.0024989926676538647
P03_L049,8.02154984984985,0.0025019538696216008
P03_L049,8.029134734734734,0.0025032603792369
P03_L049,8.03671961961962,0.0025028463853954954
P03_L049,8.044304504504504,0.0025006712724018458
P03_L049,8.05188938938939,0.0024967197943474182
P03_L049,8.059474274274274,0.002491001868722372
P03_L049,8.06705915915916,0.0024835519959379585
P03_L049,8.074644044044044,0.0024744283172708774
P03_L049,8.082228928928929,0.0024637113293093683
P03_L049,8.089813813813814,0.002451502278196646
P03_L049,8.097398698698699,0.0024379212617511134
P03_L049,8.104983583583584,0.002423105071822523
P03_L049,8.112568468468469,0.0024072048129570116
P03_L049,8.120153353353354,0.002390383336539461
P03_L049,8.127738238238239,0.002372812532017633
P03_L049,8.135323123123124,0.0023546705185589793
P03_L049,8.142908008008009,0.002336138781529409
P03_L049,8.150492892892894,0.002317399298506903
P03_L049,8.158077777777779,0.0022986316991563736
P03_L049,8.165662662662664,0.0022800105022117594
P03_L049,8.173247547547549,0.0022617024710640996
P03_L049,8.180832432432434,0.002243864127077336
P03_L049,8.188417317317318,0.0022266394567937524
P03_L049,8.196002202202203,0.0022101578457035817
P03_L049,8.203587087087088,0.0021945322673012665
P03_L049,8.211171971971972,0.00217985775180336
P03_L049,8.218756856856857,0.002166210154234707
P03_L049,8.226341741741741,0.002153645236678532
P03_L049,8.233926626626626,0.0021421980744131507
P03_L049,8.241511511511511,0.0021318827905057263
P03_L049,8.249096396396396,0.002122692618283188
P03_L049,8.256681281281281,0.00211460028603304
P03_L049,8.264266166166166,0.0021075587133801343
P03_L049,8.271851051051051,0.0021015020041133745
P03_L049,8.279435935935936,0.0020963467158681254
P03_L049,8.287020820820821,0.002091993383068811
P03_L049,8.294605705705706,0.002088328265958389
P03_L049,8.302190590590591,0.0020852252954359795
P03_L049,8.309775475475476,0.0020825481808318226
P03_L049,8.317360360360361,0.002080152645702321
P03_L049,8.324945245245246,0.0020778887552507603
P03_L049,8.33253013013013,0.002075603298085801
P03_L049,8.340115015015016,0.002073142184725687
P03_L049,8.3476998998999,0.0020703528255376228
P03_L049,8.355284784784786,0.002067086451656889
P03_L049,8.36286966966967,0.0020632003438383357
P03_L049,8.370454554554556,0.0020585599361252734
P03_L049,8.37803943943944,0.0020530407636415345
P03_L049,8.385624324324326,0.0020465302266787005
P03_L049,8.39320920920921,0.0020389291465132096
P03_L049,8.400794094094094,0.002030153091992921
P03_L049,8.408378978978979,0.00202013345982074
P03_L049,8.415963863863864,0.0020088182955715767
P03_L049,8.423548748748749,0.001996172846742466
P03_L049,8.431133633633634,0.00198217984348711
P03_L049,8.438718518518519,0.001966839507056724
P03_L049,8.446303403403403,0.001950169290290684
P03_L049,8.453888288288288,0.0019322033587056055
P03_L049,8.461473173173173,0.0019129918247546012
P03_L049,8.469058058058058,0.0018925997516068822
P03_L049,8.476642942942943,0.0018711059462725448
P03_L049,8.484227827827828,0.0018486015650142715
P03_L049,8.491812712712713,0.001825188556697625
P03_L049,8.499397597597598,0.0018009779719924725
P03_L049,8.506982482482483,0.0017760881681142154
P03_L049,8.514567367367368,0.0017506429400571911
P03_L049,8.522152252252253,0.0017247696100044295
P03_L049,8.529737137137138,0.0016985971067870597
P03_L049,8.537322022022023,0.0016722540669114859
P03_L049,8.544906906906908,0.0016458669877804676
P03_L049,8.552491791791793,0.001619558462322527
P03_L049,8.560076676676678,0.0015934455223387287
P03_L049,8.567661561561563,0.0015676381155121134
P03_L049,8.575246446446448,0.001542237738246572
P03_L049,8.582831331331331,0.0015173362433603683
P03_L049,8.590416216216216,0.0014930148382136207
P03_L049,8.5980011011011,0.0014693432851639308
P03_L049,8.605585985985986,0.0014463793123894596
P03_L049,8.61317087087087,0.0014241682391686282
P03_L049,8.620755755755756,0.0014027428157355
P03_L049,8.62834064064064,0.001382123273917247
P03_L049,8.635925525525526,0.0013623175809807965
P03_L049,8.64351041041041,0.0013433218855438654
P03_L049,8.651095295295296,0.0013251211411106397
P03_L049,8.65868018018018,0.001307689889839018
P03_L049,8.666265065065065,0.0012909931865916148
P03_L049,8.67384994994995,0.0012749876412156368
P03_L049,8.681434834834835,0.0012596225553764399
P03_L049,8.68901971971972,0.001244841129164768
P03_L049,8.696604604604605,0.0012305817121255032
P03_L049,8.70418948948949,0.0012167790733215904
P03_L049,8.711774374374375,0.0012033656655438387
P03_L049,8.71935925925926,0.0011902728597866512
P03_L049,8.726944144144145,0.0011774321276009718
P03_L049,8.73452902902903,0.001164776150867307
P03_L049,8.742113913913915,0.001152239840852241
P03_L049,8.7496987987988,0.0011397612510611846
P03_L049,8.757283683683685,0.0011272823713108602
P03_L049,8.76486856856857,0.001114749793544326
P03_L049,8.772453453453453,0.0011021152431226527
P03_L049,8.780038338338338,0.001089335972572472
P03_L049,8.787623223223223,0.001076375017969727
P03_L049,8.795208108108108,0.0010632013212212626
P03_L049,8.802792992992993,0.0010497897243967281
P03_L049,8.810377877877878,0.0010361208448979055
P03_L049,8.817962762762763,0.0010221808425742102
P03_L049,8.825547647647648,0.0010079610918534028
P03_L049,8.833132532532533,0.0009934577735178321
P03_L049,8.840717417417418,0.000978671401892268
P03_L049,8.848302302302303,0.0009636063039048197
P03_L049,8.855887187187188,0.0009482700667347079
P03_L049,8.863472072072073,0.0009326729705787107
P03_L049,8.871056956956958,0.0009168274224721713
P03_L049,8.878641841841842,0.0009007474061211597
P03_L049,8.886226726726727,0.0008844479613798826
P03_L049,8.893811611611612,0.0008679447053897224
P03_L049,8.901396496496497,0.000851253405537975
P03_L049,8.908981381381382,0.0008343896123546898
P03_L049,8.916566266266267,0.0008173683583072869
P03_L049,8.924151151151152,0.0008002039262380895
P03_L049,8.931736036036037,0.0007829096889822065
P03_L049,8.939320920920922,0.0007654980195623028
P03_L049,8.946905805805807,0.0007479802693386508
P03_L049,8.954490690690692,0.0007303668096477298
P03_L049,8.962075575575575,0.0007126671308338882
P03_L049,8.96966046046046,0.0006948899912017924
P03_L049,8.977245345345345,0.000677043607319497
P03_L049,8.98483023023023,0.0006591358763006884
P03_L049,8.992415115115115,0.0006411746201989727
P03_L049,9.0,0.00062316784245624
P03_L100,1.7642,0.04314397315741733
P03_L100,1.769585985985986,0.04314822549862266
P03_L100,1.7749719719719719,0.04315054172824662
P03_L100,1.780357957957958,0.043150921542889645
P03_L100,1.785743943943944,0.043149364900133755
P03_L100,1.79112992992993,0.04314587201856006
P03_L100,1.7965159159159159,0.04314044337770796
P03_L100,1.8019019019019018,0.04313307971797604
P03_L100,1.807287887887888,0.043123782040464555
P03_L100,1.812673873873874,0.04311255160675991
P03_L100,1.8180598598598599,0.04309938993866071
P03_L100,1.8234458458458458,0.0430842988178458
P03_L100,1.8288318318318317,0.043067280285484545
P03_L100,1.834217817817818,0.04304833664178901
P03_L100,1.8396038038038038,0.043027470445508524
P03_L100,1.8449897897897898,0.04300468451336691
P03_L100,1.8503757757757757,0.042979981919442016
P03_L100,1.8557617617617617,0.04295336599448851
P03_L100,1.8611477477477478,0.04292484032520345
P03_L100,1.8665337337337338,0.04289440875343537
P03_L100,1.8719197197197197,0.04286207537533681
P03_L100,1.8773057057057057,0.04282784454046076
P03_L100,1.8826916916916918,0.042791720850801275
P03_L100,1.8880776776776778,0.04275370915977848
P03_L100,1.8934636636636637,0.042713814571168435
P03_L100,1.8988496496496496,0.042672042437977925
P03_L100,1.9042356356356356,0.04262839836126504
P03_L100,1.9096216216216217,0.042582888188905293
P03_L100,1.9150076076076077,0.04253551801430426
P03_L100,1.9203935935935936,0.04248629417505667
P03_L100,1.9257795795795796,0.042435223251552676
P03_L100,1.9311655655655655,0.042382312065531745
P03_L100,1.9365515515515517,0.04232756767858439
P03_L100,1.9419375375375376,0.04227099739060235
P03_L100,1.9473235235235236,0.042212608738178066
P03_L100,1.9527095095095095,0.04215240949295305
P03_L100,1.9580954954954954,0.04209040765991686
P03_L100,1.9634814814814816,0.042026611475656145
P03_L100,1.9688674674674675,0.041961029406555
P03_L100,1.9742534534534535,0.04189367014694691
P03_L100,1.9796394394394394,0.04182454261721893
P03_L100,1.9850254254254254,0.04175365596186868
P03_L100,1.9904114114114115,0.041681019547514825
P03_L100,1.9957973973973975,0.0416066429608616
P03_L100,2.0011833833833834,0.041530536006617935
P03_L100,2.0065693693693696,0.04145270870537219
P03_L100,2.0119553553553553,0.04137317129142259
P03_L100,2.0173413413413415,0.04129193421056462
P03_L100,2.022727327327327,0.04120900811783566
P03_L100,2.0281133133133133,0.04112440387521781
P03_L100,2.0334992992992995,0.04103813254929938
P03_L100,2.0388852852852852,0.04095020540889614
P03_L100,2.0442712712712714,0.04086063392263252
P03_L100,2.049657257257257,0.040769429756484184
P03_L100,2.0550432432432433,0.040676604771282134
P03_L100,2.0604292292292294,0.040582171020179456
P03_L100,2.065815215215215,0.040486140746081416
P03_L100,2.0712012012012013,0.04038852637903964
P03_L100,2.076587187187187,0.04028934053361122
P03_L100,2.081973173173173,0.04018859600618361
P03_L100,2.0873591591591594,0.04008630577226606
P03_L100,2.092745145145145,0.039982482983748374
P03_L100,2.0981311311311313,0.03987714096612794
P03_L100,2.103517117117117,0.0397702932157059
P03_L100,2.108903103103103,0.03966195339675311
P03_L100,2.1142890890890893,0.03955213533864695
P03_L100,2.119675075075075,0.03944085303297981
P03_L100,2.125061061061061,0.039328120630640076
P03_L100,2.130447047047047,0.03921395243886648
P03_L100,2.135833033033033,0.03909836291827686
P03_L100,2.1412190190190192,0.03898136667987202
P03_L100,2.146605005005005,0.038862978482015725
P03_L100,2.151990990990991,0.03874321322739158
P03_L100,2.157376976976977,0.03862208595993805
P03_L100,2.162762962962963,0.038499611861762116
P03_L100,2.168148948948949,0.03837580625003263
P03_L100,2.173534934934935,0.0382506845738546
P03_L100,2.178920920920921,0.03812426241112468
P03_L100,2.1843069069069068,0.03799655546536957
P03_L100,2.189692892892893,0.03786757956256753
P03_L100,2.195078878878879,0.03773735064795456
P03_L100,2.200464864864865,0.037605884782815714
P03_L100,2.205850850850851,0.037473198141262744
P03_L100,2.2112368368368367,0.03733930700699897
P03_L100,2.216622822822823,0.03720422777007225
P03_L100,2.222008808808809,0.037067976923617095
P03_L100,2.2273947947947947,0.03693057106058681
P03_L100,2.232780780780781,0.03679202687047654
P03_L100,2.238166766766767,0.036652361136038265
P03_L100,2.243552752752753,0.03651159072998887
P03_L100,2.248938738738739,0.03636973261171162
P03_L100,2.2543247247247247,0.03622680382395275
P03_L100,2.259710710710711,0.03608282148951348
P03_L100,2.2650966966966966,0.03593780280793903
P03_L100,2.2704826826826827,0.03579176505220463
P03_L100,2.275868668668669,0.03564472556540062
P03_L100,2.2812546546546546,0.035496701757416586
P03_L100,2.2866406406406408,0.03534771110162599
P03_L100,2.292026626626627,0.03519777113157217
P03_L100,2.2974126126126126,0.0350468994376564
P03_L100,2.302798598598599,0.034895113663829115
P03_L100,2.3081845845845845,0.03474243150428523
P03_L100,2.3135705705705707,0.034588870700164406
P03_L100,2.3189565565565564,0.03443444903625705
P03_L100,2.3243425425425426,0.034279184337717206
P03_L100,2.3297285285285287,0.03412309446678302
P03_L100,2.3351145145145145,0.03396619731950579
P03_L100,2.3405005005005006,0.03380851082248828
P03_L100,2.345886486486487,0.0336500529296335
P03_L100,2.3512724724724725,0.03349084161890461
P03_L100,2.3566584584584587,0.03333089488909672
P03_L100,2.3620444444444444,0.033170230756621746
P03_L100,2.3674304304304306,0.033008867252306756
P03_L100,2.3728164164164163,0.032846822418207196
P03_L100,2.3782024024024024,0.03268411430443514
P03_L100,2.3835883883883886,0.0325207609660041
P03_L100,2.3889743743743743,0.03235678045969065
P03_L100,2.3943603603603605,0.03219219084091391
P03_L100,2.3997463463463466,0.03202701016063379
P03_L100,2.4051323323323324,0.03186125646226861
P03_L100,2.4105183183183185,0.031694947778632764
P03_L100,2.4159043043043043,0.03152810212889567
P03_L100,2.4212902902902904,0.03136073751556212
P03_L100,2.426676276276276,0.03119287192147543
P03_L100,2.4320622622622623,0.0310245233068436
P03_L100,2.4374482482482485,0.030855709606289486
P03_L100,2.442834234234234,0.030686448725925727
P03_L100,2.4482202202202203,0.030516758540454873
P03_L100,2.4536062062062065,0.030346656890295916
P03_L100,2.4589921921921922,0.030176161578737155
P03_L100,2.4643781781781784,0.03000529036911689
P03_L100,2.469764164164164,0.029834060982032035
P03_L100,2.4751501501501503,0.02966249109257541
P03_L100,2.480536136136136,0.029490598327602764
P03_L100,2.485922122122122,0.029318400263029308
P03_L100,2.4913081081081083,0.029145914421157427
P03_L100,2.496694094094094,0.028973158268035214
P03_L100,2.50208008008008,0.028800149210847056
P03_L100,2.5074660660660664,0.02862690459533657
P03_L100,2.512852052052052,0.02845344170326256
P03_L100,2.5182380380380383,0.02827977774988835
P03_L100,2.523624024024024,0.028105929881505454
P03_L100,2.52901001001001,0.027931915172991508
P03_L100,2.534395995995996,0.027757750625403657
P03_L100,2.539781981981982,0.02758345316360722
P03_L100,2.545167967967968,0.02740903963394068
P03_L100,2.550553953953954,0.027234526801917205
P03_L100,2.55593993993994,0.027059931349963037
P03_L100,2.5613259259259262,0.026885269875193612
P03_L100,2.566711911911912,0.02671055888722732
P03_L100,2.572097897897898,0.026535814806037793
P03_L100,2.577483883883884,0.026361053959844807
P03_L100,2.58286986986987,0.02618629258304436
P03_L100,2.5882558558558557,0.026011546814178218
P03_L100,2.593641841841842,0.02583683269394329
P03_L100,2.599027827827828,0.025662166163241303
P03_L100,2.6044138138138138,0.02548756306126901
P03_L100,2.6097997997998,0.025313039123649052
P03_L100,2.615185785785786,0.02513860998060234
P03_L100,2.620571771771772,0.024964291155161685
P03_L100,2.625957757757758,0.024790098061427082
P03_L100,2.6313437437437437,0.02461604600286335
P03_L100,2.63672972972973,0.024442150170639592
P03_L100,2.6421157157157156,0.024268425642011576
P03_L100,2.6475017017017017,0.024094887378746446
P03_L100,2.652887687687688,0.023921550225590726
P03_L100,2.6582736736736736,0.023748428908781153
P03_L100,2.66365965965966,0.023575538034598924
P03_L100,2.669045645645646,0.023402892087967524
P03_L100,2.6744316316316317,0.02323050543109401
P03_L100,2.679817617617618,0.02305839230215406
P03_L100,2.6852036036036036,0.022886566814021066
P03_L100,2.6905895895895897,0.02271504295303909
P03_L100,2.6959755755755754,0.022543834577839948
P03_L100,2.7013615615615616,0.022372955418204513
P03_L100,2.7067475475475478,0.022202419073968176
P03_L100,2.7121335335335335,0.022032239013970778
P03_L100,2.7175195195195196,0.021862428575050635
P03_L100,2.722905505505506,0.021693000961083314
P03_L100,2.7282914914914915,0.02152396924206439
P03_L100,2.7336774774774777,0.02135534635323692
P03_L100,2.739063463463464,0.021187145094263213
P03_L100,2.7444494494494496,0.021019378128440944
P03_L100,2.7498354354354353,0.02085205798196357
P03_L100,2.7552214214214215,0.020685197043225103
P03_L100,2.7606074074074076,0.020518807562169207
P03_L100,2.7659933933933933,0.02035290164968219
P03_L100,2.7713793793793795,0.020187491277030296
P03_L100,2.7767653653653657,0.020022588275340845
P03_L100,2.7821513513513514,0.019858204335127347
P03_L100,2.7875373373373376,0.019694351005858188
P03_L100,2.7929233233233237,0.019531039695569116
P03_L100,2.7983093093093094,0.019368281670519058
P03_L100,2.803695295295295,0.01920608805488925
P03_L100,2.8090812812812813,0.019044469830525594
P03_L100,2.8144672672672675,0.018883437836723856
P03_L100,2.819853253253253,0.01872300277005775
P03_L100,2.8252392392392394,0.0185631751842494
P03_L100,2.8306252252252255,0.018403965490082445
P03_L100,2.8360112112112112,0.01824538395535689
P03_L100,2.8413971971971974,0.01808744070488624
P03_L100,2.8467831831831836,0.01793014572053593
P03_L100,2.8521691691691693,0.01777350884130348
P03_L100,2.857555155155155,0.017617539763439424
P03_L100,2.862941141141141,0.017462248040609397
P03_L100,2.8683271271271273,0.017307643084096668
P03_L100,2.873713113113113,0.017153734163044845
P03_L100,2.8790990990990992,0.017000530404740755
P03_L100,2.8844850850850854,0.016848040794936753
P03_L100,2.889871071071071,0.016696274178212626
P03_L100,2.8952570570570573,0.016545239258376174
P03_L100,2.9006430430430434,0.016394944598902828
P03_L100,2.906029029029029,0.016245398623413204
P03_L100,2.911415015015015,0.016096609616188938
P03_L100,2.916801001001001,0.015948585722725846
P03_L100,2.922186986986987,0.015801334950324552
P03_L100,2.927572972972973,0.01565486516871779
P03_L100,2.932958958958959,0.015509184110734122
P03_L100,2.9383449449449452,0.01536429937299792
P03_L100,2.943730930930931,0.01522021841666478
P03_L100,2.949116916916917,0.01507694856819231
P03_L100,2.9545029029029033,0.01493449702014568
P03_L100,2.959888888888889,0.014792870832037652
P03_L100,2.9652748748748747,0.014652076931202443
P03_L100,2.9706608608608613,0.014512122113703271
P03_L100,2.976046846846847,0.01437301304527297
P03_L100,2.981432832832833,0.014234756262287146
P03_L100,2.986818818818819,0.014097358172769605
P03_L100,2.992204804804805,0.013960825057429552
P03_L100,2.997590790790791,0.01382516307073002
P03_L100,3.002976776776777,0.013690378241986989
P03_L100,3.008362762762763,0.013556476476499059
P03_L100,3.013748748748749,0.013423463556706748
P03_L100,3.0191347347347346,0.013291345143381268
P03_L100,3.024520720720721,0.013160126776842106
P03_L100,3.029906706706707,0.013029813878203109
P03_L100,3.0352926926926926,0.012900411750646218
P03_L100,3.040678678678679,0.012771925580722826
P03_L100,3.046064664664665,0.01264436043968185
P03_L100,3.0514506506506507,0.012517721284824274
P03_L100,3.056836636636637,0.012392012960883395
P03_L100,3.062222622622623,0.012267240201430591
P03_L100,3.0676086086086087,0.012143407630305848
P03_L100,3.0729945945945945,0.012020519763072463
P03_L100,3.078380580580581,0.011898581008495725
P03_L100,3.083766566566567,0.01177759567004474
P03_L100,3.0891525525525525,0.011657567947416977
P03_L100,3.0945385385385387,0.011538501938085012
P03_L100,3.099924524524525,0.011420401638865032
P03_L100,3.1053105105105105,0.011303270947506343
P03_L100,3.1106964964964967,0.011187113664301484
P03_L100,3.116082482482483,0.011071933493716546
P03_L100,3.1214684684684686,0.010957734046040855
P03_L100,3.1268544544544543,0.010844518839055657
P03_L100,3.132240440440441,0.010732291299721319
P03_L100,3.1376264264264266,0.010621054765882465
P03_L100,3.1430124124124124,0.010510812487990268
P03_L100,3.1483983983983985,0.0104015676308418
P03_L100,3.1537843843843847,0.010293323275335534
P03_L100,3.1591703703703704,0.010186082420242644
P03_L100,3.1645563563563566,0.01007984798399337
P03_L100,3.1699423423423427,0.009974622806478263
P03_L100,3.1753283283283285,0.009870409650863316
P03_L100,3.180714314314314,0.009767211205418784
P03_L100,3.186100300300301,0.009665030085361022
P03_L100,3.1914862862862865,0.00956386883470684
P03_L100,3.196872272272272,0.009463729928139677
P03_L100,3.2022582582582584,0.00936461577288733
P03_L100,3.2076442442442445,0.009266528710610546
P03_L100,3.2130302302302303,0.009169471019301868
P03_L100,3.2184162162162164,0.009073444915194339
P03_L100,3.2238022022022026,0.008978452554679515
P03_L100,3.2291881881881883,0.008884496036234129
P03_L100,3.234574174174174,0.008791577402355078
P03_L100,3.2399601601601606,0.008699698641501961
P03_L100,3.2453461461461464,0.008608861690046958
P03_L100,3.250732132132132,0.008519068434231121
P03_L100,3.2561181181181182,0.008430320712126958
P03_L100,3.2615041041041044,0.00834262031560657
P03_L100,3.26689009009009,0.008255968992314814
P03_L100,3.2722760760760763,0.008170368447647017
P03_L100,3.2776620620620625,0.008085820346730879
P03_L100,3.283048048048048,0.008002326316411769
P03_L100,3.288434034034034,0.00791988794724112
P03_L100,3.2938200200200205,0.007838506795467349
P03_L100,3.299206006006006,0.007758184385028845
P03_L100,3.304591991991992,0.007678922209548455
P03_L100,3.309977977977978,0.007600721734328989
P03_L100,3.3153639639639643,0.007523584398349327
P03_L100,3.32074994994995,0.0074475116162606245
P03_L100,3.326135935935936,0.007372504780381953
P03_L100,3.3315219219219223,0.0072985652626952275
P03_L100,3.336907907907908,0.007225694416838624
P03_L100,3.342293893893894,0.007153893580098163
P03_L100,3.3476798798798804,0.0070831640753970665
P03_L100,3.353065865865866,0.007013507213282223
P03_L100,3.358451851851852,0.006944924293907443
P03_L100,3.363837837837838,0.006877416609013031
P03_L100,3.369223823823824,0.006810985443901193
P03_L100,3.37460980980981,0.006745632079406813
P03_L100,3.379995795795796,0.006681357793863187
P03_L100,3.385381781781782,0.0066181638650622595
P03_L100,3.390767767767768,0.006556051572208972
P03_L100,3.396153753753754,0.006495022197869144
P03_L100,3.40153973973974,0.006435077029910685
P03_L100,3.406925725725726,0.00637621736343749
P03_L100,3.4123117117117117,0.00631844450271574
P03_L100,3.417697697697698,0.006261759763092129
P03_L100,3.423083683683684,0.006206164472903675
P03_L100,3.4284696696696697,0.00615165997537861
P03_L100,3.433855655655656,0.006098247630527974
P03_L100,3.439241641641642,0.006045928817027638
P03_L100,3.4446276276276278,0.005994704934090183
P03_L100,3.450013613613614,0.005944577403326332
P03_L100,3.4553995995996,0.00589554767059559
P03_L100,3.460785585585586,0.005847617207845678
P03_L100,3.4661715715715715,0.005800787514940295
P03_L100,3.4715575575575577,0.005755060121475084
P03_L100,3.476943543543544,0.005710436588581105
P03_L100,3.4823295295295296,0.005666918510715799
P03_L100,3.4877155155155157,0.0056245075174407855
P03_L100,3.493101501501502,0.0055832052751863944
P03_L100,3.4984874874874876,0.005543013489002416
P03_L100,3.5038734734734738,0.0055039339042947935
P03_L100,3.50925945945946,0.005465968308547966
P03_L100,3.5146454454454457,0.0054291185330324595
P03_L100,3.5200314314314314,0.005393386454497421
P03_L100,3.5254174174174175,0.005358773996847822
P03_L100,3.5308034034034037,0.005325283132805985
P03_L100,3.5361893893893894,0.0052929158855570995
P03_L100,3.5415753753753756,0.005261674330378477
P03_L100,3.5469613613613618,0.0052315605962522035
P03_L100,3.5523473473473475,0.005202576867460944
P03_L100,3.5577333333333336,0.005174725385166528
P03_L100,3.56311931931932,0.00514800844897116
P03_L100,3.5685053053053055,0.005122428418460851
P03_L100,3.5738912912912912,0.005097987714730862
P03_L100,3.5792772772772774,0.005074688821892902
P03_L100,3.5846632632632636,0.005052534288563802
P03_L100,3.5900492492492493,0.005031526729335396
P03_L100,3.5954352352352354,0.005011668826225357
P03_L100,3.6008212212212216,0.004992963330108795
P03_L100,3.6062072072072073,0.004975413062130296
P03_L100,3.6115931931931935,0.004959020915096244
P03_L100,3.6169791791791797,0.004943789854847116
P03_L100,3.6223651651651654,0.004929722921609621
P03_L100,3.627751151151151,0.004916823231328357
P03_L100,3.6331371371371373,0.00490509397697687
P03_L100,3.6385231231231234,0.004894538429847836
P03_L100,3.643909109109109,0.0048851599408221945
P03_L100,3.6492950950950953,0.004876961941617027
P03_L100,3.6546810810810815,0.004869947946012
P03_L100,3.660067067067067,0.004864121551054148
P03_L100,3.6654530530530534,0.004859486438240862
P03_L100,3.6708390390390395,0.004856046374680883
P03_L100,3.6762250250250252,0.0048538052142331
P03_L100,3.681611011011011,0.004852766898623055
P03_L100,3.6869969969969976,0.004852935458536907
P03_L100,3.6923829829829833,0.004854315014692796
P03_L100,3.697768968968969,0.004856909778889354
P03_L100,3.703154954954955,0.004860724055031292
P03_L100,3.7085409409409413,0.0048657622401318944
P03_L100,3.713926926926927,0.004872028825292296
P03_L100,3.719312912912913,0.0048795283966573755
P03_L100,3.7246988988988994,0.004888265636348211
P03_L100,3.730084884884885,0.00489824532337089
P03_L100,3.735470870870871,0.004909472334501649
P03_L100,3.7408568568568574,0.00492195164514816
P03_L100,3.746242842842843,0.0049356883301868975
P03_L100,3.751628828828829,0.004950687564776485
P03_L100,3.757014814814815,0.00496695462514693
P03_L100,3.762400800800801,0.004984494889364628
P03_L100,3.767786786786787,0.005003313838073097
P03_L100,3.7731727727727726,0.00502341705520934
P03_L100,3.7785587587587592,0.005044810228695769
P03_L100,3.783944744744745,0.005067499151107605
P03_L100,3.7893307307307307,0.0050914897203157465
P03_L100,3.7947167167167173,0.005116787940104974
P03_L100,3.800102702702703,0.005143399920767475
P03_L100,3.8054886886886887,0.005171331879671702
P03_L100,3.8108746746746753,0.005200590141806395
P03_L100,3.816260660660661,0.0052311811402998305
P03_L100,3.8216466466466468,0.005263111416914252
P03_L100,3.8270326326326325,0.005296387622515434
P03_L100,3.832418618618619,0.005331016517517353
P03_L100,3.837804604604605,0.005367004972301969
P03_L100,3.8431905905905905,0.005404359967614139
P03_L100,3.848576576576577,0.00544308859493156
P03_L100,3.853962562562563,0.0054831980568098475
P03_L100,3.8593485485485486,0.005524695667202696
P03_L100,3.864734534534535,0.005567588851757174
P03_L100,3.870120520520521,0.005611885148084044
P03_L100,3.8755065065065066,0.005657592206003369
P03_L100,3.8808924924924924,0.005704717787765181
P03_L100,3.886278478478479,0.005753269768245388
P03_L100,3.8916644644644647,0.005803256135116862
P03_L100,3.8970504504504504,0.005854684988995921
P03_L100,3.902436436436437,0.005907564543564022
P03_L100,3.9078224224224227,0.0059619031256648285
P03_L100,3.9132084084084084,0.006017709175376807
P03_L100,3.918594394394395,0.006074991246061178
P03_L100,3.9239803803803808,0.006133758004385519
P03_L100,3.9293663663663665,0.006194018230322969
P03_L100,3.934752352352352,0.006255780817127103
P03_L100,3.940138338338339,0.006319054771282635
P03_L100,3.9455243243243245,0.0063838492124319
P03_L100,3.9509103103103103,0.006450173373277458
P03_L100,3.956296296296297,0.006518036599460591
P03_L100,3.9616822822822826,0.006587448349415972
P03_L100,3.9670682682682683,0.006658418194202734
P03_L100,3.972454254254255,0.006730955817311746
P03_L100,3.9778402402402406,0.006805071014449421
P03_L100,3.9832262262262264,0.006880773693298185
P03_L100,3.988612212212212,0.00695807387325357
P03_L100,3.9939981981981987,0.007036981685138297
P03_L100,3.9993841841841844,0.0071175073708931854
P03_L100,4.00477017017017,0.007199661283245336
P03_L100,4.010156156156157,0.007283453885353533
P03_L100,4.0155421421421424,0.007368895750430945
P03_L100,4.020928128128128,0.007455997561345657
P03_L100,4.026314114114115,0.00754477011019871
P03_L100,4.0317001001001005,0.007635224297880014
P03_L100,4.037086086086086,0.007727371133602543
P03_L100,4.042472072072072,0.007821221734414505
P03_L100,4.0478580580580585,0.007916787324690037
P03_L100,4.053244044044044,0.008014079235598416
P03_L100,4.05863003003003,0.008113108904552066
P03_L100,4.064016016016017,0.008213887874633546
P03_L100,4.069402002002002,0.008316427794001527
P03_L100,4.074787987987988,0.008420740415276287
P03_L100,4.080173973973975,0.008526837594904628
P03_L100,4.08555995995996,0.008634731292504425
P03_L100,4.090945945945946,0.00874443357018941
P03_L100,4.096331931931932,0.008855956591873819
P03_L100,4.101717917917918,0.008969312622557553
P03_L100,4.107103903903904,0.009084514027591764
P03_L100,4.11248988988989,0.009201573271925553
P03_L100,4.1178758758758764,0.009320502919333402
P03_L100,4.123261861861862,0.00944131563162394
P03_L100,4.128647847847848,0.00956402416783029
P03_L100,4.1340338338338345,0.009688641383382131
P03_L100,4.13941981981982,0.009815180229259562
P03_L100,4.144805805805806,0.009943653751129449
P03_L100,4.150191791791792,0.010074075088464017
P03_L100,4.155577777777778,0.010206457473642195
P03_L100,4.160963763763764,0.01034081423103397
P03_L100,4.16634974974975,0.010477158776067965
P03_L100,4.171735735735736,0.010615504614282463
P03_L100,4.177121721721722,0.010755865340359971
P03_L100,4.182507707707708,0.010898254637146242
P03_L100,4.187893693693694,0.011042686274653121
P03_L100,4.19327967967968,0.011189174109046036
P03_L100,4.198665665665666,0.01133773208161642
P03_L100,4.204051651651652,0.011488374217739142
P03_L100,4.209437637637638,0.011641114625815102
P03_L100,4.214823623623624,0.011795967496199797
P03_L100,4.22020960960961,0.011952947100117526
P03_L100,4.225595595595596,0.01211206778856173
P03_L100,4.230981581581582,0.012273343991182116
P03_L100,4.236367567567568,0.012436790215158219
P03_L100,4.241753553553554,0.012602421044060178
P03_L100,4.24713953953954,0.012770251136696605
P03_L100,4.252525525525526,0.012940295225950452
P03_L100,4.257911511511512,0.01311256811760244
P03_L100,4.263297497497498,0.013287084689142687
P03_L100,4.268683483483484,0.013463859888571031
P03_L100,4.274069469469469,0.013642908733185974
P03_L100,4.279455455455456,0.013824246308362695
P03_L100,4.284841441441442,0.01400788776632034
P03_L100,4.2902274274274275,0.014193848324879188
P03_L100,4.295613413413414,0.014382143266207468
P03_L100,4.3009993993994,0.014572787935558572
P03_L100,4.3063853853853855,0.014765797739998806
P03_L100,4.311771371371372,0.014961188147125895
P03_L100,4.317157357357358,0.015158974683778359
P03_L100,4.322543343343344,0.015359172934736877
P03_L100,4.327929329329329,0.015561798541416682
P03_L100,4.333315315315316,0.015766867200552367
P03_L100,4.338701301301302,0.015974394662874543
P03_L100,4.344087287287287,0.016184396731779575
P03_L100,4.349473273273274,0.01639688926199171
P03_L100,4.35485925925926,0.01661188815821833
P03_L100,4.360245245245245,0.016829409373798954
P03_L100,4.365631231231232,0.017049468909347408
P03_L100,4.371017217217218,0.017272082811388343
P03_L100,4.376403203203203,0.017497267170987808
P03_L100,4.381789189189189,0.017725038122378287
P03_L100,4.387175175175176,0.017955411841578606
P03_L100,4.3925611611611615,0.0181884045450085
P03_L100,4.397947147147147,0.018424032488099183
P03_L100,4.403333133133134,0.018662311963898812
P03_L100,4.4087191191191195,0.01890325930167377
P03_L100,4.414105105105105,0.019146890865506628
P03_L100,4.419491091091092,0.019393223052889718
P03_L100,4.424877077077078,0.019642272293315506
P03_L100,4.430263063063063,0.019894055046863944
P03_L100,4.435649049049049,0.020148587802786458
P03_L100,4.441035035035036,0.020405887078087628
P03_L100,4.446421021021021,0.0206659694161039
P03_L100,4.451807007007007,0.020928851385080424
P03_L100,4.457192992992994,0.021194549576745582
P03_L100,4.462578978978979,0.02146308060488342
P03_L100,4.467964964964965,0.0217344611039051
P03_L100,4.473350950950952,0.022008707727418267
P03_L100,4.478736936936937,0.02228583714679516
P03_L100,4.484122922922923,0.022565866049740178
P03_L100,4.489508908908909,0.022848811138856014
P03_L100,4.4948948948948955,0.02313468913020933
P03_L100,4.500280880880881,0.023423516751895676
P03_L100,4.505666866866867,0.023715310742604218
P03_L100,4.5110528528528535,0.024010087850182306
P03_L100,4.516438838838839,0.02430786483019951
P03_L100,4.521824824824825,0.024608658444512262
P03_L100,4.527210810810812,0.02491248545982839
P03_L100,4.532596796796797,0.025219362646271663
P03_L100,4.537982782782783,0.025529306775947596
P03_L100,4.543368768768769,0.025842334621508985
P03_L100,4.548754754754755,0.026158462954722538
P03_L100,4.554140740740741,0.026477708545035727
P03_L100,4.559526726726727,0.02680008815814538
P03_L100,4.564912712712713,0.02712561855456617
P03_L100,4.570298698698699,0.027454316488200632
P03_L100,4.575684684684685,0.02778619870490992
P03_L100,4.581070670670671,0.028121281941086065
P03_L100,4.586456656656657,0.028459582922224568
P03_L100,4.591842642642643,0.028801118361499022
P03_L100,4.597228628628629,0.029145904958336168
P03_L100,4.602614614614615,0.029493959396992397
P03_L100,4.608000600600601,0.02984529834513142
P03_L100,4.613386586586587,0.03019993845240316
P03_L100,4.618772572572573,0.030557896349023676
P03_L100,4.624158558558559,0.03091918864435577
P03_L100,4.629544544544545,0.03128383192549173
P03_L100,4.634930530530531,0.03165184275583599
P03_L100,4.640316516516517,0.03202323767368912
P03_L100,4.645702502502503,0.03239803319083289
P03_L100,4.651088488488488,0.03277624579111594
P03_L100,4.656474474474475,0.033157891929040124
P03_L100,4.661860460460461,0.03354298802834726
P03_L100,4.6672464464464465,0.033931550480606934
P03_L100,4.672632432432433,0.03432359564380389
P03_L100,4.678018418418419,0.0347191398409261
P03_L100,4.6834044044044045,0.03511819935855293
P03_L100,4.688790390390391,0.03552079044544292
P03_L100,4.694176376376377,0.03592692931112097
P03_L100,4.699562362362363,0.03633663212446616
P03_L100,4.704948348348348,0.03674991501229772
P03_L100,4.710334334334335,0.037166794057960785
P03_L100,4.715720320320321,0.037587285299910386
P03_L100,4.721106306306306,0.03801140473029529
P03_L100,4.726492292292293,0.03843916829353903
P03_L100,4.731878278278279,0.038870591884919516
P03_L100,4.737264264264264,0.03930569134914704
P03_L100,4.742650250250251,0.03974448247893902
P03_L100,4.748036236236237,0.04018698101359263
P03_L100,4.753422222222222,0.040633202637554586
P03_L100,4.758808208208208,0.041083162978987
P03_L100,4.764194194194195,0.041536877608330386
P03_L100,4.7695801801801805,0.0419943620368616
P03_L100,4.774966166166166,0.04245563171524902
P03_L100,4.780352152152153,0.04292070203210187
P03_L100,4.7857381381381385,0.04338958831251437
P03_L100,4.791124124124124,0.043862305816605655
P03_L100,4.796510110110111,0.04433886973805284
P03_L100,4.801896096096097,0.044819295202617924
P03_L100,4.807282082082082,0.045303597266668626
P03_L100,4.812668068068068,0.04579179091569152
P03_L100,4.818054054054055,0.046283891062798226
P03_L100,4.82344004004004,0.04677991254722296
P03_L100,4.828826026026026,0.047279870132812395
P03_L100,4.834212012012013,0.04778377850650623
P03_L100,4.839597997997998,0.04829165227680793
P03_L100,4.844983983983984,0.04880350597224689
P03_L100,4.850369969969971,0.04931935403982906
P03_L100,4.855755955955956,0.04983921084347669
P03_L100,4.861141941941942,0.05036309066245778
P03_L100,4.866527927927928,0.05089100768980251
P03_L100,4.8719139139139145,0.05142297603070763
P03_L100,4.8772998998999,0.05195900970092775
P03_L100,4.882685885885886,0.05249912262515308
P03_L100,4.8880718718718725,0.05304332863537346
P03_L100,4.893457857857858,0.05359164146922673
P03_L100,4.898843843843844,0.0541440747683329
P03_L100,4.904229829829831,0.05470064207661182
P03_L100,4.909615815815816,0.055261356838584054
P03_L100,4.915001801801802,0.055826232397656016
P03_L100,4.920387787787789,0.05639528199438612
P03_L100,4.925773773773774,0.0569685187647328
P03_L100,4.93115975975976,0.05754595573828465
P03_L100,4.936545745745746,0.05812760583646995
P03_L100,4.941931731731732,0.05871348187074647
P03_L100,4.947317717717718,0.05930359654077038
P03_L100,4.952703703703704,0.05989796243254378
P03_L100,4.95808968968969,0.06049659201654054
P03_L100,4.963475675675676,0.0610994976458084
P03_L100,4.968861661661662,0.06170669155404888
P03_L100,4.9742476476476485,0.06231818585367258
P03_L100,4.979633633633634,0.06293399253382917
P03_L100,4.98501961961962,0.06355412345841367
P03_L100,4.990405605605606,0.0641785903640452
P03_L100,4.995791591591592,0.06480740485801983
P03_L100,5.001177577577578,0.06544057841623536
P03_L100,5.006563563563564,0.06607812238108962
P03_L100,5.01194954954955,0.06672004795934845
P03_L100,5.017335535535536,0.06736636621998511
P03_L100,5.022721521521522,0.0680170880919899
P03_L100,5.028107507507508,0.06867222436214895
P03_L100,5.033493493493494,0.06933178567279126
P03_L100,5.03887947947948,0.06999578251950482
P03_L100,5.0442654654654655,0.07066422524881918
P03_L100,5.049651451451452,0.07133712405585507
P03_L100,5.055037437437438,0.07201448898194031
P03_L100,5.0604234234234236,0.0726963299121913
P03_L100,5.06580940940941,0.07338265657305891
P03_L100,5.071195395395396,0.07407347852983841
P03_L100,5.076581381381382,0.0747688051841443
P03_L100,5.081967367367368,0.07546864577134665
P03_L100,5.087353353353354,0.07617300935797014
P03_L100,5.09273933933934,0.07688190483905558
P03_L100,5.098125325325325,0.07759534093548187
P03_L100,5.103511311311312,0.07831332619124919
P03_L100,5.108897297297298,0.07903586897072105
P03_L100,5.114283283283283,0.0797629774558277
P03_L100,5.11966926926927,0.08049465964322639
P03_L100,5.125055255255256,0.08123092334142157
P03_L100,5.1304412412412415,0.08197177616784235
P03_L100,5.135827227227228,0.08271722554587731
P03_L100,5.141213213213214,0.0834672787018657
P03_L100,5.1465991991991995,0.0842219426620463
P03_L100,5.151985185185185,0.08498122424946088
P03_L100,5.157371171171172,0.08574513008081389
P03_L100,5.1627571571571576,0.08651366656328591
P03_L100,5.168143143143143,0.08728683989130391
P03_L100,5.17352912912913,0.08806465604326379
P03_L100,5.178915115115116,0.08884712077820679
P03_L100,5.184301101101101,0.08963423963245076
P03_L100,5.189687087087088,0.09042601791617273
P03_L100,5.195073073073074,0.09122246070994526
P03_L100,5.200459059059059,0.09202357286122534
P03_L100,5.205845045045045,0.09282935898079456
P03_L100,5.211231031031032,0.09363982343915217
P03_L100,5.216617017017017,0.09445497036285819
P03_L100,5.222003003003003,0.09527480363083037
P03_L100,5.22738898898899,0.09609932687059018
P03_L100,5.2327749749749755,0.09692854345446006
P03_L100,5.238160960960961,0.0977624564957133
P03_L100,5.243546946946948,0.09860106884467268
P03_L100,5.2489329329329335,0.09944438308476032
P03_L100,5.254318918918919,0.10029240152849905
P03_L100,5.259704904904905,0.10114512621346267
P03_L100,5.2650908908908916,0.10200255889817843
P03_L100,5.270476876876877,0.10286470105797849
P03_L100,5.275862862862863,0.10373155388080327
P03_L100,5.28124884884885,0.1046031182629547
P03_L100,5.286634834834835,0.10547939480479931
P03_L100,5.292020820820821,0.1063603838064248
P03_L100,5.297406806806808,0.1072460852632451
P03_L100,5.302792792792793,0.10813649886155693
P03_L100,5.308178778778779,0.10903162397404963
P03_L100,5.313564764764765,0.10993145965526455
P03_L100,5.318950750750751,0.1108360046370075
P03_L100,5.324336736736737,0.11174525732371307
P03_L100,5.329722722722723,0.1126592157877617
P03_L100,5.3351087087087095,0.11357787776475038
P03_L100,5.340494694694695,0.11450124064871535
P03_L100,5.345880680680681,0.11542930148731033
P03_L100,5.3512666666666675,0.11636205697693838
P03_L100,5.356652652652653,0.11729950345783768
P03_L100,5.362038638638639,0.11824163690912541
P03_L100,5.367424624624625,0.11918845294379525
P03_L100,5.372810610610611,0.12013994680367301
P03_L100,5.378196596596597,0.12109611335432825
P03_L100,5.383582582582583,0.1220569470799465
P03_L100,5.388968568568569,0.12302244207815811
P03_L100,5.394354554554555,0.12399259205482746
P03_L100,5.399740540540541,0.12496739031880308
P03_L100,5.405126526526527,0.12594682977662913
P03_L100,5.410512512512513,0.1269309029272185
P03_L100,5.415898498498499,0.12791960185649018
P03_L100,5.4212844844844845,0.12891291823197007
P03_L100,5.426670470470471,0.12991084329735728
P03_L100,5.432056456456457,0.13091336786705682
P03_L100,5.437442442442443,0.13192048232068038
P03_L100,5.442828428428429,0.13293217659751488
P03_L100,5.448214414414415,0.1339484401909603
P03_L100,5.453600400400401,0.13496926214294072
P03_L100,5.458986386386387,0.1359946310382858
P03_L100,5.464372372372373,0.13702453499908596
P03_L100,5.469758358358359,0.13805896167902357
P03_L100,5.475144344344344,0.13909789825768024
P03_L100,5.480530330330331,0.1401413314348214
P03_L100,5.485916316316317,0.1411892474246602
P03_L100,5.491302302302302,0.1422416319501035
P03_L100,5.496688288288289,0.14329847023697848
P03_L100,5.502074274274275,0.14435974700824447
P03_L100,5.5074602602602605,0.14542544647819047
P03_L100,5.512846246246247,0.14649555234661946
P03_L100,5.518232232232233,0.147570047793021
P03_L100,5.5236182182182185,0.14864891547073739
P03_L100,5.529004204204204,0.14973213750111947
P03_L100,5.534390190190191,0.15081969546767904
P03_L100,5.539776176176177,0.15191157041023515
P03_L100,5.545162162162162,0.15300774281906251
P03_L100,5.550548148148149,0.15410819262903677
P03_L100,5.555934134134135,0.15521289921378295
P03_L100,5.56132012012012,0.15632184137982963
P03_L100,5.566706106106107,0.15743499736076744
P03_L100,5.572092092092093,0.15855234481141742
P03_L100,5.577478078078078,0.1596738608020099
P03_L100,5.582864064064065,0.16079952181237614
P03_L100,5.588250050050051,0.16192930372615347
P03_L100,5.593636036036036,0.16306318182501148
P03_L100,5.599022022022022,0.1642011307828942
P03_L100,5.604408008008009,0.16534312466028614
P03_L100,5.6097939939939945,0.16648913689850153
P03_L100,5.61517997997998,0.16763914031400226
P03_L100,5.620565965965967,0.16879310709274323
P03_L100,5.6259519519519525,0.16995100878454922
P03_L100,5.631337937937938,0.1711128162975278
P03_L100,5.636723923923925,0.17227849989251687
P03_L100,5.642109909909911,0.17344802917757224
P03_L100,5.647495895895896,0.17462137310249815
P03_L100,5.652881881881882,0.17579849995342012
P03_L100,5.658267867867869,0.17697937734740665
P03_L100,5.663653853853854,0.17816397222713903
P03_L100,5.66903983983984,0.17935225085563614
P03_L100,5.674425825825827,0.180544178811032
P03_L100,5.679811811811812,0.1817397209814117
P03_L100,5.685197797797798,0.18293884155970966
P03_L100,5.690583783783785,0.18414150403867
P03_L100,5.69596976976977,0.18534767120587248
P03_L100,5.701355755755756,0.18655730513883004
P03_L100,5.706741741741742,0.1877703672001558
P03_L100,5.7121277277277285,0.18898681803280704
P03_L100,5.717513713713714,0.1902066175554051
P03_L100,5.7228996996997,0.1914297249576375
P03_L100,5.7282856856856865,0.1926560986957432
P03_L100,5.733671671671672,0.19388569648808304
P03_L100,5.739057657657658,0.19511847531080248
P03_L100,5.744443643643645,0.19635439139358474
P03_L100,5.74982962962963,0.19759340021549854
P03_L100,5.755215615615616,0.19883545650094772
P03_L100,5.760601601601602,0.2000805142157185
P03_L100,5.7659875875875874,0.2013285265631335
P03_L100,5.771373573573574,0.20257944598031238
P03_L100,5.77675955955956,0.20383322413454172
P03_L100,5.7821455455455455,0.20508981191976167
P03_L100,5.787531531531532,0.20634915945316532
P03_L100,5.792917517517518,0.20761121607191907
P03_L100,5.7983035035035035,0.20887593033000643
P03_L100,5.80368948948949,0.21014324999519526
P03_L100,5.809075475475476,0.21141312204613463
P03_L100,5.814461461461462,0.212685492669584
P03_L100,5.819847447447447,0.21396030725777457
P03_L100,5.825233433433434,0.2152375104059103
P03_L100,5.83061941941942,0.21651704590980705
P03_L100,5.836005405405405,0.21779885676367836
P03_L100,5.841391391391392,0.21908288515806432
P03_L100,5.846777377377378,0.22036907247791065
P03_L100,5.852163363363363,0.22165735930080152
P03_L100,5.85754934934935,0.2229476853953457
P03_L100,5.862935335335336,0.22423998971972062
P03_L100,5.8683213213213214,0.225534210420379
P03_L100,5.873707307307307,0.22683028483091686
P03_L100,5.879093293293294,0.22812814947111046
P03_L100,5.8844792792792795,0.22942774004612
P03_L100,5.889865265265265,0.23072899144586778
P03_L100,5.895251251251252,0.23203183774459016
P03_L100,5.9006372372372375,0.23333621220056505
P03_L100,5.906023223223223,0.2346420472560245
P03_L100,5.91140920920921,0.23594927453724557
P03_L100,5.916795195195196,0.2372578248548279
P03_L100,5.922181181181181,0.23856762820416114
P03_L100,5.927567167167168,0.23987861376608152
P03_L100,5.932953153153154,0.24119070990772032
P03_L100,5.938339139139139,0.24250384418355175
P03_L100,5.943725125125125,0.24381794333663392
P03_L100,5.949111111111112,0.24513293330005495
P03_L100,5.954497097097097,0.24644873919857824
P03_L100,5.959883083083083,0.24776528535049536
P03_L100,5.96526906906907,0.24908249526968468
P03_L100,5.9706550550550554,0.25040029166787897
P03_L100,5.976041041041041,0.2517185964571477
P03_L100,5.981427027027028,0.25303733075259005
P03_L100,5.9868130130130135,0.2543564148752433
P03_L100,5.992198998998999,0.25567576835521333
P03_L100,5.997584984984985,0.2569953099350194
P03_L100,6.0029709709709715,0.2583149575731648
P03_L100,6.008356956956957,0.25963462844792773
P03_L100,6.013742942942943,0.26095423896137926
P03_L100,6.01912892892893,0.2622737047436286
P03_L100,6.024514914914915,0.2635929406572941
P03_L100,6.029900900900901,0.26491186080220797
P03_L100,6.035286886886888,0.2662303785203495
P03_L100,6.040672872872873,0.2675484064010119
P03_L100,6.046058858858859,0.2688658562862059
P03_L100,6.051444844844845,0.27018263927629543
P03_L100,6.056830830830831,0.27149866573587245
P03_L100,6.062216816816817,0.2728138452998685
P03_L100,6.067602802802803,0.2741280868799071
P03_L100,6.0729887887887894,0.2754412986708943
P03_L100,6.078374774774775,0.2767533881578508
P03_L100,6.083760760760761,0.2780642621229863
P03_L100,6.0891467467467475,0.27937382665301697
P03_L100,6.094532732732733,0.2806819871467243
P03_L100,6.099918718718719,0.2819886483227601
P03_L100,6.105304704704705,0.2832937142276944
P03_L100,6.110690690690691,0.2845970882443083
P03_L100,6.116076676676677,0.28589867310013345
P03_L100,6.121462662662663,0.2871983708762351
P03_L100,6.126848648648649,0.28849608301624313
P03_L100,6.132234634634635,0.28979171033562523
P03_L100,6.137620620620621,0.29108515303121063
P03_L100,6.143006606606607,0.29237631069095593
P03_L100,6.148392592592593,0.2936650823039577
P03_L100,6.153778578578579,0.2949513662707105
P03_L100,6.1591645645645645,0.29623506041361014
P03_L100,6.164550550550551,0.29751606198770103
P03_L100,6.169936536536537,0.29879426769166695
P03_L100,6.175322522522523,0.30006957367906717
P03_L100,6.180708508508509,0.3013418755698132
P03_L100,6.186094494494495,0.3026110684618877
P03_L100,6.191480480480481,0.3038770469433068
P03_L100,6.196866466466467,0.3051397051043192
P03_L100,6.202252452452453,0.3063989365498448
P03_L100,6.207638438438439,0.30765463441215374
P03_L100,6.213024424424424,0.30890669136377874
P03_L100,6.218410410410411,0.31015499963066406
P03_L100,6.223796396396397,0.31139945100554667
P03_L100,6.229182382382382,0.31263993686157243
P03_L100,6.234568368368369,0.3138763481661394
P03_L100,6.239954354354355,0.3151085754949707
P03_L100,6.2453403403403405,0.316336509046416
P03_L100,6.250726326326327,0.3175600386559747
P03_L100,6.256112312312313,0.31877905381104404
P03_L100,6.2614982982982985,0.3199934436658875
P03_L100,6.266884284284284,0.3212030970568212
P03_L100,6.272270270270271,0.3224079025176158
P03_L100,6.277656256256257,0.3236077482951124
P03_L100,6.283042242242242,0.32480252236505086
P03_L100,6.288428228228229,0.3259921124481043
P03_L100,6.293814214214215,0.3271764060261194
P03_L100,6.2992002002002,0.3283552903585624
P03_L100,6.304586186186187,0.3295286524991617
P03_L100,6.309972172172173,0.3306963793127485
P03_L100,6.315358158158158,0.33185835749229253
P03_L100,6.320744144144144,0.33301447357612607
P03_L100,6.326130130130131,0.33416461396535796
P03_L100,6.331516116116116,0.33530866494146894
P03_L100,6.336902102102102,0.33644651268408937
P03_L100,6.342288088088089,0.3375780432889534
P03_L100,6.3476740740740745,0.33870314278602504
P03_L100,6.35306006006006,0.3398216971577961
P03_L100,6.358446046046047,0.34093359235774867
P03_L100,6.3638320320320325,0.34203871432897764
P03_L100,6.369218018018018,0.3431369490229744
P03_L100,6.374604004004004,0.3442281824185619
P03_L100,6.379989989989991,0.34531230054097894
P03_L100,6.385375975975976,0.34638918948111125
P03_L100,6.390761961961962,0.347458735414862
P03_L100,6.396147947947949,0.3485208246226605
P03_L100,6.401533933933934,0.34957534350909975
P03_L100,6.40691991991992,0.35062217862270534
P03_L100,6.412305905905907,0.3516612166758242
P03_L100,6.417691891891892,0.35269234456463133
P03_L100,6.423077877877878,0.35371544938925226
P03_L100,6.428463863863864,0.3547304184739907
P03_L100,6.43384984984985,0.3557371393876616
P03_L100,6.439235835835836,0.35673549996402104
P03_L100,6.444621821821822,0.35772538832229106
P03_L100,6.4500078078078085,0.35870669288777024
P03_L100,6.455393793793794,0.3596793024125295
P03_L100,6.46077977977978,0.3606431059961845
P03_L100,6.4661657657657665,0.36159799310673857
P03_L100,6.471551751751752,0.3625438536014955
P03_L100,6.476937737737738,0.3634805777480308
P03_L100,6.482323723723724,0.36440805624522105
P03_L100,6.48770970970971,0.36532618024432134
P03_L100,6.493095695695696,0.36623484137008855
P03_L100,6.498481681681682,0.36713393174194325
P03_L100,6.503867667667668,0.36802334399516556
P03_L100,6.509253653653654,0.36890297130211563
P03_L100,6.51463963963964,0.3697727073934791
P03_L100,6.520025625625626,0.3706324465795257
P03_L100,6.525411611611612,0.37148208377137903
P03_L100,6.530797597597598,0.37232151450228973
P03_L100,6.5361835835835835,0.3731506349489053
P03_L100,6.54156956956957,0.3739693419525348
P03_L100,6.546955555555556,0.3747775330403941
P03_L100,6.552341541541542,0.3755751064468375
P03_L100,6.557727527527528,0.3763619611345565
P03_L100,6.563113513513514,0.3771379968157499
P03_L100,6.5684994994995,0.3779031139732544
P03_L100,6.573885485485486,0.3786572138816292
P03_L100,6.579271471471472,0.3794001986281902
P03_L100,6.584657457457458,0.38013197113398645
P03_L100,6.590043443443444,0.3808524351747144
P03_L100,6.59542942942943,0.38156149540156
P03_L100,6.600815415415416,0.38225905736196647
P03_L100,6.606201401401401,0.38294502752031956
P03_L100,6.611587387387388,0.383619313278543
P03_L100,6.616973373373374,0.38428182299659974
P03_L100,6.6223593593593595,0.3849324660128934
P03_L100,6.627745345345346,0.3855711526645597
P03_L100,6.633131331331332,0.3861977943076461
P03_L100,6.6385173173173175,0.3868123033371711
P03_L100,6.643903303303304,0.3874145932070569
P03_L100,6.64928928928929,0.38800457844993
P03_L100,6.654675275275276,0.3885821746967835
P03_L100,6.660061261261261,0.38914729869649334
P03_L100,6.665447247247248,0.3896998683351856
P03_L100,6.670833233233234,0.39023980265544456
P03_L100,6.676219219219219,0.3907670218753582
P03_L100,6.681605205205206,0.3912814474073959
P03_L100,6.686991191191192,0.39178300187710685
P03_L100,6.692377177177177,0.39227160914164155
P03_L100,6.697763163163164,0.39274719430808225
P03_L100,6.70314914914915,0.3932096837515816
P03_L100,6.708535135135135,0.3936590051333015
P03_L100,6.713921121121121,0.3940950874181465
P03_L100,6.719307107107108,0.39451786089228613
P03_L100,6.7246930930930935,0.39492725718045973
P03_L100,6.730079079079079,0.39532320926306075
P03_L100,6.735465065065066,0.39570565149298875
P03_L100,6.7408510510510515,0.39607451961227147
P03_L100,6.746237037037037,0.3964297507684436
P03_L100,6.751623023023024,0.39677128353068425
P03_L100,6.75700900900901,0.39709905790569916
P03_L100,6.762394994994995,0.39741301535335166
P03_L100,6.767780980980981,0.3977130988020283
P03_L100,6.773166966966968,0.39799925266374026
P03_L100,6.778552952952953,0.39827142284895095
P03_L100,6.783938938938939,0.39852955678112983
P03_L100,6.789324924924926,0.3987736034110195
P03_L100,6.794710910910911,0.39900351323061983
P03_L100,6.800096896896897,0.39921923828687816
P03_L100,6.805482882882884,0.3994207321950832
P03_L100,6.810868868868869,0.3996079501519574
P03_L100,6.816254854854855,0.3997808489484427
P03_L100,6.821640840840841,0.39993938698217674
P03_L100,6.8270268268268275,0.40008352426965244
P03_L100,6.832412812812813,0.4002132224580586
P03_L100,6.837798798798799,0.40032844483679747
P03_L100,6.8431847847847855,0.4004291563486723
P03_L100,6.848570770770771,0.4005153236007442
P03_L100,6.853956756756757,0.4005869148748531
P03_L100,6.859342742742744,0.40064390013779605
P03_L100,6.864728728728729,0.40068625105116534
P03_L100,6.870114714714715,0.4007139409808358
P03_L100,6.875500700700701,0.4007269450061025
P03_L100,6.880886686686687,0.4007252399284633
P03_L100,6.886272672672673,0.4007088042800436
P03_L100,6.891658658658659,0.40067761833165894
P03_L100,6.897044644644645,0.40063166410051393
P03_L100,6.902430630630631,0.4005709253575328
P03_L100,6.907816616616617,0.4004953876343208
P03_L100,6.913202602602603,0.40040503822975004
P03_L100,6.918588588588589,0.4002998662161714
P03_L100,6.923974574574575,0.40017986244524656
P03_L100,6.929360560560561,0.4000450195533992
P03_L100,6.934746546546547,0.3998953319668832
P03_L100,6.940132532532533,0.39973079590646393
P03_L100,6.945518518518519,0.3995514093917134
P03_L100,6.950904504504505,0.39935717224491396
P03_L100,6.956290490490491,0.39914808609457203
P03_L100,6.961676476476477,0.3989241543785365
P03_L100,6.967062462462463,0.39868538234672396
P03_L100,6.972448448448449,0.3984317770634462
P03_L100,6.977834434434435,0.3981633474093407
P03_L100,6.9832204204204205,0.3978801040829009
P03_L100,6.988606406406407,0.3975820596016082
P03_L100,6.993992392392393,0.3972692283026606
P03_L100,6.9993783783783785,0.39694162634330143
P03_L100,7.004764364364365,0.39659927170074266
P03_L100,7.010150350350351,0.39624218417168905
P03_L100,7.0155363363363366,0.39587038537145397
P03_L100,7.020922322322323,0.3954838987326745
P03_L100,7.026308308308309,0.3950827495036208
P03_L100,7.031694294294295,0.39466696474610125
P03_L100,7.03708028028028,0.39423657333296397
P03_L100,7.042466266266267,0.3937916059451933
P03_L100,7.047852252252253,0.3933320950686044
P03_L100,7.053238238238238,0.39285807499013137
P03_L100,7.058624224224225,0.3923695817937167
P03_L100,7.064010210210211,0.39186665335579574
P03_L100,7.069396196196196,0.3913493293403816
P03_L100,7.074782182182183,0.3908176511937495
P03_L100,7.080168168168169,0.3902716621387226
P03_L100,7.0855541541541545,0.3897114071685591
P03_L100,7.09094014014014,0.38913693304044467
P03_L100,7.096326126126127,0.3885482882685882
P03_L100,7.1017121121121125,0.3879455231169262
P03_L100,7.107098098098098,0.38732868959143435
P03_L100,7.112484084084085,0.3866978414320506
P03_L100,7.1178700700700706,0.3860530341042103
P03_L100,7.123256056056056,0.3853943247899943
P03_L100,7.128642042042043,0.38472177237889876
P03_L100,7.134028028028029,0.38403543745821833
P03_L100,7.139414014014014,0.3833353823030559
P03_L100,7.1448,0.38262167086595333
P03_L200,1.2557,0.004052270688617627
P03_L200,1.263452052052052,0.004144472650194463
P03_L200,1.2712041041041042,0.004236490165790653
P03_L200,1.2789561561561562,0.004328218406543941
P03_L200,1.2867082082082082,0.0044195506753690675
P03_L200,1.2944602602602604,0.004510378603520212
P03_L200,1.3022123123123124,0.004600592356586075
P03_L200,1.3099643643643644,0.004690080849446533
P03_L200,1.3177164164164163,0.004778731969672457
P03_L200,1.3254684684684686,0.0048664328088045185
P03_L200,1.3332205205205205,0.004953069900902338
P03_L200,1.3409725725725725,0.005038529467712963
P03_L200,1.3487246246246247,0.0051226976697673066
P03_L200,1.3564766766766767,0.005205460862675217
P03_L200,1.3642287287287287,0.005286705857854637
P03_L200,1.371980780780781,0.005366320186897831
P03_L200,1.3797328328328329,0.005444192368748329
P03_L200,1.3874848848848849,0.005520212178836304
P03_L200,1.395236936936937,0.005594270919297415
P03_L200,1.402988988988989,0.005666261689381416
P03_L200,1.410741041041041,0.005736079655141652
P03_L200,1.418493093093093,0.005803622317485422
P03_L200,1.4262451451451452,0.005868789777658137
P03_L200,1.4339971971971972,0.005931484999231069
P03_L200,1.4417492492492492,0.005991614065663789
P03_L200,1.4495013013013014,0.006049086432517627
P03_L200,1.4572533533533534,0.006103815173406135
P03_L200,1.4650054054054054,0.0061557172187822785
P03_L200,1.4727574574574576,0.006204713586679969
P03_L200,1.4805095095095095,0.006250729604549579
P03_L200,1.4882615615615615,0.006293695121353069
P03_L200,1.4960136136136137,0.006333544709114182
P03_L200,1.5037656656656657,0.006370217853152848
P03_L200,1.5115177177177177,0.006403659130270111
P03_L200,1.5192697697697697,0.006433818374190515
P03_L200,1.527021821821822,0.0064606508276127605
P03_L200,1.5347738738738739,0.006484117280266249
P03_L200,1.542525925925926,0.006504184192420827
P03_L200,1.550277977977978,0.00652082380334917
P03_L200,1.55803003003003,0.00653401422429571
P03_L200,1.565782082082082,0.006543739515562534
P03_L200,1.5735341341341342,0.0065499897473808456
P03_L200,1.5812861861861862,0.006552761044296316
P03_L200,1.5890382382382382,0.006552055612857517
P03_L200,1.5967902902902904,0.006547881752458404
P03_L200,1.6045423423423424,0.0065402538492481494
P03_L200,1.6122943943943944,0.006529192353084351
P03_L200,1.6200464464464464,0.006514723737568313
P03_L200,1.6277984984984986,0.006496880443263541
P03_L200,1.6355505505505505,0.006475700804260505
P03_L200,1.6433026026026027,0.006451228958311731
P03_L200,1.6510546546546547,0.006423514740821397
P03_L200,1.6588067067067067,0.006392613563032127
P03_L200,1.6665587587587587,0.00635858627480883
P03_L200,1.674310810810811,0.006321499012474631
P03_L200,1.6820628628628629,0.006281423032207149
P03_L200,1.6898149149149149,0.006238434529554276
P03_L200,1.697566966966967,0.006192614445677124
P03_L200,1.705319019019019,0.006144048260973618
P03_L200,1.713071071071071,0.006092825776779233
P03_L200,1.720823123123123,0.006039040885881419
P03_L200,1.7285751751751752,0.005982791332621286
P03_L200,1.7363272272272272,0.005924178463389714
P03_L200,1.7440792792792794,0.005863306968355591
P03_L200,1.7518313313313314,0.0058002846152907395
P03_L200,1.7595833833833834,0.0057352219763796
P03_L200,1.7673354354354354,0.005668232148921633
P03_L200,1.7750874874874873,0.005599430470850656
P03_L200,1.7828395395395396,0.005528934232007932
P03_L200,1.7905915915915918,0.005456862382114882
P03_L200,1.7983436436436437,0.005383335236396471
P03_L200,1.8060956956956957,0.005308474179808011
P03_L200,1.8138477477477477,0.0052324013708161185
P03_L200,1.8215997997997997,0.005155239445678981
P03_L200,1.829351851851852,0.005077111224161861
P03_L200,1.8371039039039039,0.004998139417611254
P03_L200,1.844855955955956,0.00491844634029497
P03_L200,1.852608008008008,0.004838153624896154
P03_L200,1.86036006006006,0.004757381943026617
P03_L200,1.868112112112112,0.0046762507315991604
P03_L200,1.875864164164164,0.004594877925869977
P03_L200,1.8836162162162162,0.004513379699930602
P03_L200,1.8913682682682684,0.004431870215394695
P03_L200,1.8991203203203204,0.004350461378988102
P03_L200,1.9068723723723724,0.0042692626097114855
P03_L200,1.9146244244244244,0.004188380616203322
P03_L200,1.9223764764764764,0.00410791918488764
P03_L200,1.9301285285285286,0.0040279789794454715
P03_L200,1.9378805805805805,0.003948657352102019
P03_L200,1.9456326326326328,0.003870048167173005
P03_L200,1.9533846846846847,0.0037922416372639894
P03_L200,1.9611367367367367,0.0037153241724655465
P03_L200,1.9688887887887887,0.0036393782428356634
P03_L200,1.9766408408408407,0.0035644822544083957
P03_L200,1.984392892892893,0.0034907104389152364
P03_L200,1.992144944944945,0.003418132757352856
P03_L200,1.999896996996997,0.003346814817478143
P03_L200,2.007649049049049,0.0032768178052590352
P03_L200,2.015401101101101,0.0032081984302577944
P03_L200,2.023153153153153,0.00314100888487217
P03_L200,2.0309052052052055,0.0030752968173097333
P03_L200,2.038657257257257,0.0030111053181217356
P03_L200,2.0464093093093094,0.0029484729200751607
P03_L200,2.0541613613613614,0.002887433611095882
P03_L200,2.0619134134134134,0.0028280168599713953
P03_L200,2.0696654654654654,0.0027702476544597568
P03_L200,2.0774175175175174,0.002714146551411202
P03_L200,2.08516956956957,0.0026597297384713826
P03_L200,2.0929216216216218,0.002607009106900058
P03_L200,2.1006736736736737,0.0025559923350066283
P03_L200,2.1084257257257257,0.002506682981674246
P03_L200,2.1161777777777777,0.0024590805894174417
P03_L200,2.1239298298298297,0.002413180796394469
P03_L200,2.1316818818818817,0.0023689754567747857
P03_L200,2.139433933933934,0.0023264527688446517
P03_L200,2.147185985985986,0.002285597410219204
P03_L200,2.154938038038038,0.002246390679518371
P03_L200,2.16269009009009,0.002208810643855874
P03_L200,2.170442142142142,0.002172832291485746
P03_L200,2.178194194194194,0.0021384276889492054
P03_L200,2.185946246246246,0.00210556614206609
P03_L200,2.1936982982982984,0.002074214360119612
P03_L200,2.2014503503503504,0.0020443366225905498
P03_L200,2.2092024024024024,0.0020158949478073186
P03_L200,2.2169544544544544,0.0019888492628912986
P03_L200,2.2247065065065064,0.0019631575743923758
P03_L200,2.232458558558559,0.001938776139027605
P03_L200,2.2402106106106103,0.0019156596339561993
P03_L200,2.2479626626626628,0.0018937613260462671
P03_L200,2.2557147147147147,0.0018730332396129758
P03_L200,2.2634667667667667,0.0018534263221337227
P03_L200,2.2712188188188187,0.0018348906074731606
P03_L200,2.2789708708708707,0.0018173753761796547
P03_L200,2.286722922922923,0.0018008293124443613
P03_L200,2.2944749749749747,0.001785200657344631
P03_L200,2.302227027027027,0.0017704373580245817
P03_L200,2.309979079079079,0.0017564872124971565
P03_L200,2.317731131131131,0.0017432980097836458
P03_L200,2.3254831831831835,0.0017308176651383814
P03_L200,2.333235235235235,0.0017189943501376007
P03_L200,2.3409872872872874,0.001707776617442486
P03_L200,2.3487393393393394,0.0016971135200767966
P03_L200,2.3564913913913914,0.0016869547250888872
P03_L200,2.3642434434434434,0.0016772506214966219
P03_L200,2.3719954954954954,0.0016679524224411297
P03_L200,2.379747547547548,0.001659012261501459
P03_L200,2.3874995995995993,0.0016503832831471818
P03_L200,2.3952516516516518,0.0016420197273292385
P03_L200,2.4030037037037038,0.0016338770082311906
P03_L200,2.4107557557557557,0.0016259117872232235
P03_L200,2.4185078078078077,0.0016180820400797837
P03_L200,2.4262598598598597,0.001610347118538315
P03_L200,2.434011911911912,0.001602667806291997
P03_L200,2.4417639639639637,0.0015950063695222675
P03_L200,2.449516016016016,0.0015873266020888814
P03_L200,2.457268068068068,0.0015795938655048763
P03_L200,2.46502012012012,0.00157177512383232
P03_L200,2.472772172172172,0.0015638389736412526
P03_L200,2.480524224224224,0.0015557556691794929
P03_L200,2.4882762762762765,0.0015474971429046878
P03_L200,2.496028328328328,0.001539037021532537
P03_L200,2.5037803803803804,0.0015303506377560845
P03_L200,2.5115324324324324,0.0015214150377914695
P03_L200,2.5192844844844844,0.0015122089849041746
P03_L200,2.527036536536537,0.0015027129590684631
P03_L200,2.5347885885885884,0.001492909152909895
P03_L200,2.542540640640641,0.0014827814640778858
P03_L200,2.5502926926926928,0.0014723154841915231
P03_L200,2.5580447447447447,0.0014614984844979883
P03_L200,2.5657967967967967,0.0014503193983786459
P03_L200,2.5735488488488487,0.0014387688008334852
P03_L200,2.581300900900901,0.0014268388850703778
P03_L200,2.5890529529529527,0.001414523436321179
P03_L200,2.596805005005005,0.0014018178030027271
P03_L200,2.604557057057057,0.001388718865336953
P03_L200,2.612309109109109,0.0013752250015409222
P03_L200,2.620061161161161,0.0013613360516944787
P03_L200,2.627813213213213,0.001347053279390792
P03_L200,2.6355652652652655,0.0013323793312729289
P03_L200,2.643317317317317,0.001317318194558308
P03_L200,2.6510693693693694,0.0013018751526517045
P03_L200,2.6588214214214214,0.0012860567389476778
P03_L200,2.6665734734734734,0.0012698706889231206
P03_L200,2.6743255255255254,0.0012533258906218697
P03_L200,2.6820775775775774,0.0012364323336346323
P03_L200,2.68982962962963,0.0012192010566795476
P03_L200,2.6975816816816813,0.0012016440938911403
P03_L200,2.7053337337337338,0.0011837744199283773
P03_L200,2.7130857857857857,0.0011656058940158357
P03_L200,2.7208378378378377,0.0011471532030357004
P03_L200,2.72858988988989,0.0011284318037919948
P03_L200,2.7363419419419417,0.0011094578645727835
P03_L200,2.744093993993994,0.0010902482061399578
P03_L200,2.751846046046046,0.0010708202422807524
P03_L200,2.759598098098098,0.0010511919200588233
P03_L200,2.76735015015015,0.0010313816599071455
P03_L200,2.775102202202202,0.0010114082957085988
P03_L200,2.7828542542542545,0.0009912910150134124
P03_L200,2.790606306306306,0.0009710492995462089
P03_L200,2.7983583583583584,0.0009507028661577082
P03_L200,2.8061104104104104,0.000930271608378547
P03_L200,2.8138624624624624,0.0009097755387343753
P03_L200,2.8216145145145144,0.0008892347319823769
P03_L200,2.8293665665665664,0.000868669269429941
P03_L200,2.837118618618619,0.0008480991844958456
P03_L200,2.8448706706706703,0.0008275444096735952
P03_L200,2.8526227227227228,0.0008070247250547521
P03_L200,2.8603747747747748,0.0007865597085680221
P03_L200,2.8681268268268267,0.0007661686880865402
P03_L200,2.8758788788788787,0.000745870695552406
P03_L200,2.8836309309309307,0.0007256844232628799
P03_L200,2.891382982982983,0.0007056281824577706
P03_L200,2.8991350350350347,0.0006857198643418752
P03_L200,2.906887087087087,0.0006659769036701684
P03_L200,2.914639139139139,0.000646416245016818
P03_L200,2.922391191191191,0.0006270543118419555
P03_L200,2.9301432432432435,0.0006079069784627703
P03_L200,2.937895295295295,0.0005889895450277413
P03_L200,2.9456473473473475,0.0005703167155849458
P03_L200,2.9533993993993994,0.0005519025793274135
P03_L200,2.9611514514514514,0.0005337605950904495
P03_L200,2.9689035035035034,0.0005159035791680185
P03_L200,2.9766555555555554,0.0004983436965075778
P03_L200,2.984407607607608,0.0004810924553352475
P03_L200,2.9921596596596594,0.0004641607052564323
P03_L200,2.999911711711712,0.0004475586388702994
P03_L200,3.0076637637637638,0.00043129579693086537
P03_L200,3.0154158158158157,0.00041538107708221955
P03_L200,3.0231678678678677,0.00039982274619116667
P03_L200,3.0309199199199197,0.000384628456297246
P03_L200,3.038671971971972,0.0003698052641977704
P03_L200,3.0464240240240237,0.00035535965468441743
P03_L200,3.054176076076076,0.00034129756744795777
P03_L200,3.061928128128128,0.0003276244276692405
P03_L200,3.06968018018018,0.0003143451803173407
P03_L200,3.0774322322322325,0.00030146432818026
P03_L200,3.085184284284284,0.0002889859736595801
P03_L200,3.0929363363363365,0.00027691386436817425
P03_L200,3.100688388388388,0.0002652514425796477
P03_L200,3.1084404404404404,0.0002540018985894683
P03_L200,3.1161924924924924,0.00024316822806114014
P03_L200,3.1239445445445444,0.00023275329344599188
P03_L200,3.131696596596597,0.00022275988958261322
P03_L200,3.1394486486486484,0.000213190813601424
P03_L200,3.147200700700701,0.00020404893928162722
P03_L200,3.1549527527527528,0.0001953372960317554
P03_L200,3.1627048048048048,0.0001870591526913168
P03_L200,3.1704568568568567,0.00017921810637971805
P03_L200,3.1782089089089087,0.00017181817664971898
P03_L200,3.185960960960961,0.00016486390523622117
P03_L200,3.1937130130130127,0.00015836046172724066
P03_L200,3.201465065065065,0.00015231375552250556
P03_L200,3.209217117117117,0.00014673055448629913
P03_L200,3.216969169169169,0.00014161861074490087
P03_L200,3.224721221221221,0.00013698679412539684
P03_L200,3.232473273273273,0.00013284523378160717
P03_L200,3.2402253253253255,0.00012920546860453072
P03_L200,3.247977377377377,0.00012608060706895987
P03_L200,3.2557294294294294,0.00012348549722476695
P03_L200,3.2634814814814814,0.00012143690760077662
P03_L200,3.2712335335335334,0.00011995371985105238
P03_L200,3.2789855855855854,0.00011905713403779613
P03_L200,3.2867376376376374,0.00011877088751173701
P03_L200,3.29448968968969,0.00011912148841981948
P03_L200,3.302241741741742,0.00012013846494101712
P03_L200,3.3099937937937938,0.0001218546314240022
P03_L200,3.3177458458458458,0.00012430637267505287
P03_L200,3.3254978978978977,0.00012753394772064313
P03_L200,3.3332499499499497,0.0001315818144464777
P03_L200,3.341002002002002,0.0001364989765928359
P03_L200,3.348754054054054,0.00014233935466475216
P03_L200,3.356506106106106,0.00014916218239425057
P03_L200,3.364258158158158,0.00015703243047014576
P03_L200,3.37201021021021,0.000166021259328302
P03_L200,3.379762262262262,0.00017620650287106002
P03_L200,3.387514314314314,0.00018767318505820188
P03_L200,3.3952663663663665,0.00020051407138255625
P03_L200,3.4030184184184185,0.00021483025731036738
P03_L200,3.4107704704704704,0.00023073179582902613
P03_L200,3.4185225225225224,0.00024833836630165873
P03_L200,3.4262745745745744,0.0002677799868784996
P03_L200,3.4340266266266264,0.00028919777275768503
P03_L200,3.441778678678679,0.000312744742622076
P03_L200,3.449530730730731,0.0003385866756025449
P03_L200,3.457282782782783,0.0003669030211306334
P03_L200,3.4650348348348348,0.0003978878640431183
P03_L200,3.4727868868868867,0.00043175094728635006
P03_L200,3.4805389389389387,0.00046871875453773185
P03_L200,3.4882909909909907,0.0005090356550137083
P03_L200,3.496043043043043,0.0005529651126665449
P03_L200,3.503795095095095,0.000600790961884157
P03_L200,3.511547147147147,0.0006528187516967295
P03_L200,3.519299199199199,0.00070937716035867
P03_L200,3.527051251251251,0.0007708194820133852
P03_L200,3.534803303303303,0.0008375251869588378
P03_L200,3.5425553553553555,0.0009099015568127124
P03_L200,3.5503074074074075,0.00098838539562505
P03_L200,3.5580594594594595,0.001073444817701973
P03_L200,3.5658115115115114,0.0011655811125844595
P03_L200,3.5735635635635634,0.0012653306872701553
P03_L200,3.5813156156156154,0.0013732670853714803
P03_L200,3.5890676676676674,0.001490003082469479
P03_L200,3.59681971971972,0.001616192856447634
P03_L200,3.604571771771772,0.001752534231073193
P03_L200,3.6123238238238238,0.0018997709905337386
P03_L200,3.6200758758758758,0.002058695262033835
P03_L200,3.6278279279279277,0.0022301499629097245
P03_L200,3.6355799799799797,0.0024150313080294017
P03_L200,3.643332032032032,0.0026142913725113502
P03_L200,3.651084084084084,0.0028289407040179267
P03_L200,3.658836136136136,0.003060050978060621
P03_L200,3.666588188188188,0.0033087576888940714
P03_L200,3.67434024024024,0.003576262867678018
P03_L200,3.682092292292292,0.0038638378186507294
P03_L200,3.689844344344344,0.004172825863089189
P03_L200,3.6975963963963965,0.004504645079831876
P03_L200,3.7053484484484485,0.004860791030114345
P03_L200,3.7131005005005004,0.005242839453419515
P03_L200,3.7208525525525524,0.00565244891997941
P03_L200,3.7286046046046044,0.006091363424487339
P03_L200,3.7363566566566564,0.006561414904496434
P03_L200,3.744108708708709,0.007064525665898317
P03_L200,3.751860760760761,0.007602710696800499
P03_L200,3.759612812812813,0.008178079850063852
P03_L200,3.7673648648648648,0.008792839873725538
P03_L200,3.7751169169169168,0.009449296267532757
P03_L200,3.7828689689689687,0.0101498549428529
P03_L200,3.7906210210210207,0.01089702366231978
P03_L200,3.798373073073073,0.011693413234730688
P03_L200,3.806125125125125,0.012541738439939325
P03_L200,3.813877177177177,0.013444818657803132
P03_L200,3.821629229229229,0.014405578174651632
P03_L200,3.829381281281281,0.015427046140260407
P03_L200,3.837133333333333,0.01651235614794979
P03_L200,3.8448853853853855,0.017664745410192723
P03_L200,3.8526374374374375,0.018887553502023712
P03_L200,3.8603894894894895,0.0201842206446041
P03_L200,3.8681415415415414,0.02155828550152192
P03_L200,3.8758935935935934,0.02301338246080794
P03_L200,3.8836456456456454,0.024553238376239767
P03_L200,3.8913976976976974,0.026181668742284288
P03_L200,3.89914974974975,0.027902573278024714
P03_L200,3.906901801801802,0.029719930896616162
P03_L200,3.914653853853854,0.03163779403824007
P03_L200,3.9224059059059058,0.033660282346177725
P03_L200,3.9301579579579577,0.03579157566750662
P03_L200,3.9379100100100097,0.03803590636204302
P03_L200,3.945662062062062,0.040397550905512614
P03_L200,3.953414114114114,0.04288082077552615
P03_L200,3.961166166166166,0.04549005261177614
P03_L200,3.968918218218218,0.04822959764494011
P03_L200,3.97667027027027,0.051103810392075885
P03_L200,3.984422322322322,0.05411703661983026
P03_L200,3.992174374374374,0.0572736005805172
P03_L200,3.9999264264264265,0.06057779153007784
P03_L200,4.0076784784784785,0.06403384954107252
P03_L200,4.01543053053053,0.06764595062818626
P03_L200,4.023182582582582,0.07141819120819753
P03_L200,4.030934634634635,0.07535457192099417
P03_L200,4.038686686686686,0.07945898084297197
P03_L200,4.046438738738739,0.08373517612898043
P03_L200,4.054190790790791,0.08818676812390165
P03_L200,4.061942842842843,0.0928172009899184
P03_L200,4.069694894894894,0.0976297339004872
P03_L200,4.077446946946947,0.10262742185700062
P03_L200,4.085198998998999,0.107813096189033
P03_L200,4.092951051051051,0.11318934480389829
P03_L200,4.100703103103103,0.1187584922559547
P03_L200,4.108455155155156,0.12452257971064358
P03_L200,4.116207207207207,0.13048334488264615
P03_L200,4.123959259259259,0.13664220203164604
P03_L200,4.131711311311311,0.1430002221030871
P03_L200,4.1394633633633635,0.14955811310487718
P03_L200,4.147215415415415,0.1563162008142248
P03_L200,4.1549674674674675,0.1632744099116423
P03_L200,4.16271951951952,0.17043224564159862
P03_L200,4.1704715715715714,0.17778877610128582
P03_L200,4.178223623623623,0.18534261526049003
P03_L200,4.185975675675675,0.19309190681654118
P03_L200,4.193727727727728,0.2010343089887796
P03_L200,4.201479779779779,0.2091669803568774
P03_L200,4.209231831831832,0.21748656684664547
P03_L200,4.216983883883884,0.2259891899656263
P03_L200,4.224735935935936,0.2346704363888821
P03_L200,4.232487987987987,0.24352534899275577
P03_L200,4.24024004004004,0.2525484194311857
P03_L200,4.247992092092092,0.26173358234525274
P03_L200,4.255744144144144,0.271074211292106
P03_L200,4.263496196196196,0.28056311647422394
P03_L200,4.271248248248249,0.2901925443441069
P03_L200,4.2790003003003,0.29995417915307226
P03_L200,4.286752352352352,0.30983914650572025
P03_L200,4.294504404404404,0.3198380189739648
P03_L200,4.3022564564564565,0.32994082381633444
P03_L200,4.310008508508508,0.3401370528394792
P03_L200,4.3177605605605605,0.3504156744295863
P03_L200,4.325512612612613,0.3607651477716932
P03_L200,4.333264664664664,0.37117343926488827
P03_L200,4.341016716716716,0.38162804113084203
P03_L200,4.348768768768769,0.39211599220250465
P03_L200,4.356520820820821,0.402623900868728
P03_L200,4.364272872872872,0.4131379701395935
P03_L200,4.372024924924925,0.423644024785807
P03_L200,4.379776976976977,0.43412754049438906
P03_L200,4.387529029029029,0.4445736749715836
P03_L200,4.39528108108108,0.45496730091275595
P03_L200,4.403033133133134,0.4652930407480706
P03_L200,4.410785185185185,0.4755353030620272
P03_L200,4.418537237237237,0.48567832057451593
P03_L200,4.426289289289289,0.4957061895610005
P03_L200,4.4340413413413415,0.5056029105798902
P03_L200,4.441793393393393,0.5153524303661285
P03_L200,4.4495454454454455,0.5249386847415742
P03_L200,4.457297497497498,0.5343456423849651
P03_L200,4.4650495495495495,0.5435573492971977
P03_L200,4.472801601601601,0.5525579737913836
P03_L200,4.480553653653653,0.5613318518316582
P03_L200,4.488305705705706,0.5698635325401749
P03_L200,4.496057757757757,0.5781378236880458
P03_L200,4.50380980980981,0.586139836983282
P03_L200,4.511561861861862,0.5938550329670982
P03_L200,4.519313913913914,0.6012692653292122
P03_L200,4.527065965965965,0.608368824453155
P03_L200,4.534818018018018,0.6151404800039111
P03_L200,4.54257007007007,0.6215715223726637
P03_L200,4.550322122122122,0.6276498027968919
P03_L200,4.558074174174174,0.6333637719785014
P03_L200,4.565826226226227,0.638702517028211
P03_L200,4.573578278278278,0.6436557965708993
P03_L200,4.58133033033033,0.6482140738540493
P03_L200,4.589082382382382,0.6523685477097977
P03_L200,4.5968344344344345,0.6561111812303368
P03_L200,4.604586486486486,0.6594347280264536
P03_L200,4.6123385385385385,0.6623327559498564
P03_L200,4.620090590590591,0.664799668171399
P03_L200,4.6278426426426424,0.6668307215195407
P03_L200,4.635594694694694,0.6684220419960233
P03_L200,4.643346746746746,0.6695706373990253
P03_L200,4.651098798798799,0.6702744069976018
P03_L200,4.65885085085085,0.6705321482151849
P03_L200,4.666602902902903,0.6703435602940611
P03_L200,4.674354954954955,0.6697092449270899
P03_L200,4.682107007007007,0.6686307038572818
P03_L200,4.689859059059058,0.667110333460212
P03_L200,4.697611111111112,0.6651514163385052
P03_L200,4.705363163163163,0.6627581099716636
P03_L200,4.713115215215215,0.6599354324782356
P03_L200,4.720867267267267,0.6566892455607738
P03_L200,4.72861931931932,0.6530262347169108
P03_L200,4.736371371371371,0.6489538868123366
P03_L200,4.744123423423423,0.6444804651232782
P03_L200,4.751875475475476,0.6396149819672333
P03_L200,4.7596275275275275,0.63436716905113
P03_L200,4.767379579579579,0.6287474456757549
P03_L200,4.7751316316316315,0.6227668849440815
P03_L200,4.782883683683684,0.61643717812908
P03_L200,4.790635735735735,0.6097705973635439
P03_L200,4.798387787787788,0.6027799568205928
P03_L200,4.80613983983984,0.5954785725585401
P03_L200,4.813891891891892,0.5878802212078779
P03_L200,4.821643943943943,0.5799990976812479
P03_L200,4.829395995995996,0.5718497720892616
P03_L200,4.837148048048048,0.5634471460461127
P03_L200,4.8449001001001,0.5548064085489331
P03_L200,4.852652152152152,0.5459429916139057
P03_L200,4.860404204204205,0.5368725258502265
P03_L200,4.868156256256256,0.5276107961501459
P03_L200,4.875908308308308,0.5181736976695365
P03_L200,4.88366036036036,0.5085771922688755
P03_L200,4.8914124124124125,0.4988372655789833
P03_L200,4.899164464464464,0.4889698848497386
P03_L200,4.9069165165165165,0.47899095773295836
P03_L200,4.914668568568569,0.46891629214312763
P03_L200,4.9224206206206205,0.45876155733137775
P03_L200,4.930172672672672,0.44854224629942435
P03_L200,4.937924724724724,0.43827363967094596
P03_L200,4.945676776776777,0.4279707711282573
P03_L200,4.953428828828828,0.4176483945121911
P03_L200,4.961180880880881,0.4073209526728337
P03_L200,4.968932932932933,0.3970025481483978
P03_L200,4.976684984984985,0.3867069157388425
P03_L200,4.984437037037036,0.3764473970303195
P03_L200,4.992189089089089,0.3662369169158301
P03_L200,4.999941141141141,0.3560879621468906
P03_L200,5.007693193193193,0.3460125619406174
P03_L200,5.015445245245245,0.33602227065627444
P03_L200,5.023197297297298,0.3261281525454104
P03_L200,5.030949349349349,0.3163407685698522
P03_L200,5.038701401401401,0.3066701652725225
P03_L200,5.046453453453453,0.2971258656769648
P03_L200,5.0542055055055055,0.2877168621829128
P03_L200,5.061957557557557,0.27845161141708663
P03_L200,5.0697096096096095,0.2693380309907601
P03_L200,5.077461661661662,0.26038349810860906
P03_L200,5.0852137137137134,0.25159484996668524
P03_L200,5.092965765765765,0.242978385871438
P03_L200,5.100717817817818,0.23453987100630622
P03_L200,5.10846986986987,0.22628454176753154
P03_L200,5.116221921921921,0.2182171125866657
P03_L200,5.123973973973974,0.21034178415362195
P03_L200,5.131726026026026,0.20266225295109516
P03_L200,5.139478078078078,0.19518172200873962
P03_L200,5.147230130130129,0.18790291278365992
P03_L200,5.154982182182183,0.18082807807250137
P03_L200,5.162734234234234,0.17395901585968815
P03_L200,5.170486286286286,0.16729708400615742
P03_L200,5.178238338338338,0.16084321568331278
P03_L200,5.185990390390391,0.15459793545767536
P03_L200,5.193742442442442,0.14856137593300403
P03_L200,5.2014944944944945,0.14273329485836994
P03_L200,5.209246546546547,0.13711309261277912
P03_L200,5.2169985985985985,0.13169982997939259
P03_L200,5.22475065065065,0.12649224612524634
P03_L200,5.2325027027027025,0.12148877670548267
P03_L200,5.240254754754755,0.11668757201451277
P03_L200,5.248006806806806,0.1120865151101644
P03_L200,5.255758858858859,0.10768323984073458
P03_L200,5.26351091091091,0.10347514870888375
P03_L200,5.271262962962963,0.09945943051046434
P03_L200,5.279015015015015,0.09563307769068422
P03_L200,5.286767067067067,0.09199290336432514
P03_L200,5.294519119119119,0.08853555795117996
P03_L200,5.302271171171171,0.08525754538228775
P03_L200,5.310023223223223,0.0821552388369573
P03_L200,5.317775275275275,0.07922489597500385
P03_L200,5.325527327327327,0.07646267363292164
P03_L200,5.33327937937938,0.07386464195701761
P03_L200,5.341031431431431,0.07142679795067537
P03_L200,5.3487834834834835,0.06914507841698615
P03_L200,5.356535535535535,0.06701537228191155
P03_L200,5.3642875875875875,0.06503353228689888
P03_L200,5.372039639639639,0.06319538604351449
P03_L200,5.3797916916916915,0.061496746446082565
P03_L200,5.387543743743744,0.059933421441604615
P03_L200,5.395295795795795,0.0585012231592965
P03_L200,5.403047847847848,0.05719597640497747
P03_L200,5.410799899899899,0.056013526528226124
P03_L200,5.418551951951952,0.05494974667270805
P03_L200,5.426304004004004,0.05400054442236249
P03_L200,5.434056056056056,0.05316186785821666
P03_L200,5.441808108108108,0.05242971104247692
P03_L200,5.44956016016016,0.05180011894823216
P03_L200,5.457312212212212,0.05126919185458682
P03_L200,5.465064264264264,0.0508330892283399
P03_L200,5.472816316316316,0.05048803311444043
P03_L200,5.480568368368369,0.05023031105838059
P03_L200,5.48832042042042,0.05005627858445037
P03_L200,5.4960724724724725,0.04996236125437582
P03_L200,5.503824524524524,0.04994505633130011
P03_L200,5.5115765765765765,0.05000093407436446
P03_L200,5.519328628628628,0.05012663868929553
P03_L200,5.5270806806806805,0.05031888896042643
P03_L200,5.534832732732733,0.05057447858948685
P03_L200,5.5425847847847844,0.0508902762662762
P03_L200,5.550336836836837,0.05126322549602336
P03_L200,5.558088888888888,0.0516903442078248
P03_L200,5.565840940940941,0.05216872416805351
P03_L200,5.573592992992992,0.05269553022205833
P03_L200,5.581345045045045,0.05326799938682606
P03_L200,5.589097097097097,0.053883439816574494
P03_L200,5.596849149149149,0.05453922966248315
P03_L200,5.604601201201201,0.05523281584696038
P03_L200,5.612353253253253,0.0559617127720004
P03_L200,5.620105305305305,0.05672350098030238
P03_L200,5.627857357357358,0.057515825786914186
P03_L200,5.635609409409409,0.058336395898238434
P03_L200,5.643361461461462,0.059182982034288116
P03_L200,5.651113513513513,0.060053415569123504
P03_L200,5.6588655655655655,0.06094558720343823
P03_L200,5.666617617617617,0.06185744568229087
P03_L200,5.6743696696696695,0.06278699657001692
P03_L200,5.682121721721722,0.06373230109338364
P03_L200,5.6898737737737735,0.06469147506309854
P03_L200,5.697625825825826,0.06566268788283154
P03_L200,5.705377877877877,0.06664416165396866
P03_L200,5.71312992992993,0.06763417038339828
P03_L200,5.720881981981981,0.06863103930070676
P03_L200,5.728634034034034,0.06963314429028016
P03_L200,5.736386086086086,0.07063891144291519
P03_L200,5.744138138138138,0.07164681673069369
P03_L200,5.75189019019019,0.07265538580802151
P03_L200,5.759642242242242,0.07366319394091775
P03_L200,5.767394294294294,0.07466886606582793
P03_L200,5.775146346346346,0.0756710769784566
P03_L200,5.782898398398398,0.07666855165233807
P03_L200,5.790650450450451,0.07766006568613561
P03_L200,5.798402502502502,0.07864444587791154
P03_L200,5.8061545545545545,0.07962057092392648
P03_L200,5.813906606606606,0.08058737223881961
P03_L200,5.8216586586586585,0.08154383489337551
P03_L200,5.829410710710711,0.08248899866541419
P03_L200,5.8371627627627625,0.08342195919873995
P03_L200,5.844914814814815,0.0843418692644516
P03_L200,5.852666866866866,0.08524794011835331
P03_L200,5.860418918918919,0.08613944294762756
P03_L200,5.86817097097097,0.08701571039938158
P03_L200,5.875923023023023,0.08787613818316833
P03_L200,5.883675075075075,0.08872018673906497
P03_L200,5.891427127127127,0.08954738296241867
P03_L200,5.899179179179179,0.09035732197590107
P03_L200,5.906931231231231,0.09114966893908154
P03_L200,5.914683283283283,0.091924160885312
P03_L200,5.922435335335335,0.09268060857531464
P03_L200,5.930187387387387,0.09341889835651561
P03_L200,5.93793943943944,0.09413899401680186
P03_L200,5.945691491491491,0.09484093862107987
P03_L200,5.9534435435435435,0.09552485631871221
P03_L200,5.961195595595595,0.09619095410965045
P03_L200,5.9689476476476475,0.09683952355684788
P03_L200,5.976699699699699,0.09747094243232408
P03_L200,5.9844517517517515,0.09808567628408661
P03_L200,5.992203803803804,0.09868427991096462
P03_L200,5.9999558558558554,0.0992673987323028
P03_L200,6.007707907907908,0.09983577003937898
P03_L200,6.015459959959959,0.10039022411537776
P03_L200,6.023212012012012,0.10093168521073173
P03_L200,6.030964064064064,0.10146117236068337
P03_L200,6.038716116116116,0.1019798000319836
P03_L200,6.046468168168168,0.10248877858575058
P03_L200,6.05422022022022,0.10298941454366801
P03_L200,6.061972272272272,0.10348311064488287
P03_L200,6.069724324324324,0.10397136568120373
P03_L200,6.077476376376376,0.10445577409848664
P03_L200,6.085228428428429,0.10493802535239834
P03_L200,6.09298048048048,0.10541990300714717
P03_L200,6.100732532532533,0.10590328356616767
P03_L200,6.108484584584584,0.1063901350242322
P03_L200,6.1162366366366365,0.10688251513097002
P03_L200,6.123988688688688,0.1073825693563571
P03_L200,6.1317407407407405,0.1078925285493561
P03_L200,6.139492792792793,0.10841470628157007
P03_L200,6.1472448448448445,0.10895149586850149
P03_L200,6.154996896896897,0.10950536706180183
P03_L200,6.162748948948948,0.11007886240673465
P03_L200,6.170501001001001,0.11067459325997629
P03_L200,6.178253053053052,0.11129523546384082
P03_L200,6.186005105105105,0.11194352467401933
P03_L200,6.193757157157157,0.11262225133899971
P03_L200,6.201509209209209,0.11333425533045613
P03_L200,6.209261261261261,0.11408242022508162
P03_L200,6.217013313313313,0.11486966723956302
P03_L200,6.224765365365365,0.11569894882170216
P03_L200,6.232517417417418,0.11657324190201034
P03_L200,6.240269469469469,0.11749554081150557
P03_L200,6.248021521521522,0.11846884987287078
P03_L200,6.255773573573573,0.11949617567362436
P03_L200,6.2635256256256255,0.1205805190314562
P03_L200,6.271277677677677,0.12172486666346993
P03_L200,6.2790297297297295,0.12293218257264436
P03_L200,6.286781781781782,0.12420539916645279
P03_L200,6.2945338338338335,0.1255474081242391
P03_L200,6.302285885885886,0.12696105103159283
P03_L200,6.310037937937937,0.1284491098016499
P03_L200,6.31778998998999,0.13001429690492816
P03_L200,6.325542042042041,0.13165924543097274
P03_L200,6.333294094094094,0.13338649900676464
P03_L200,6.341046146146146,0.13519850159847557
P03_L200,6.348798198198198,0.1370975872247895
P03_L200,6.35655025025025,0.13908596961158534
P03_L200,6.364302302302302,0.14116573181929395
P03_L200,6.372054354354354,0.143338815875756
P03_L200,6.379806406406406,0.14560701244877777
P03_L200,6.387558458458458,0.14797195059394352
P03_L200,6.395310510510511,0.15043508761447003
P03_L200,6.403062562562562,0.15299769907103883
P03_L200,6.4108146146146145,0.15566086898056403
P03_L200,6.418566666666666,0.1584254802437773
P03_L200,6.4263187187187185,0.16129220534226418
P03_L200,6.434070770770771,0.16426149734623285
P03_L200,6.4418228228228225,0.16733358127476547
P03_L200,6.449574874874875,0.17050844585060063
P03_L200,6.4573269269269264,0.17378583569163392
P03_L200,6.465078978978979,0.1771652439812741
P03_L200,6.47283103103103,0.18064590565951655
P03_L200,6.480583083083083,0.18422679117619
P03_L200,6.488335135135135,0.18790660084710986
P03_L200,6.496087187187187,0.19168375985305433
P03_L200,6.503839239239239,0.19555641392032325
P03_L200,6.511591291291291,0.19952242572035722
P03_L200,6.519343343343343,0.20357937202432172
P03_L200,6.527095395395395,0.2077245416467566
P03_L200,6.534847447447447,0.2119549342104318
P03_L200,6.5425994994995,0.2162672597622303
P03_L200,6.550351551551551,0.22065793926748475
P03_L200,6.558103603603604,0.22512310600744284
P03_L200,6.565855655655655,0.22965860790166506
P03_L200,6.5736077077077075,0.234260010774021
P03_L200,6.58135975975976,0.23892260257764045
P03_L200,6.5891118118118115,0.24364139859069223
P03_L200,6.596863863863864,0.24841114759113958
P03_L200,6.6046159159159155,0.2532263390148286
P03_L200,6.612367967967968,0.2580812110972465
P03_L200,6.620120020020019,0.2629697599951886
P03_L200,6.627872072072072,0.2678857498803556
P03_L200,6.635624124124124,0.27282272399255164
P03_L200,6.643376176176176,0.27777401663583595
P03_L200,6.651128228228228,0.2827327660965021
P03_L200,6.65888028028028,0.28769192845732783
P03_L200,6.666632332332332,0.2926442922781028
P03_L200,6.674384384384384,0.29758249410801996
P03_L200,6.682136436436436,0.30249903479115464
P03_L200,6.689888488488489,0.3073862965219652
P03_L200,6.69764054054054,0.31223656060358973
P03_L200,6.705392592592593,0.31704202585767416
P03_L200,6.713144644644644,0.32179482763054934
P03_L200,6.7208966966966965,0.32648705733694994
P03_L200,6.728648748748748,0.33111078247889886
P03_L200,6.7364008008008005,0.3356580670742191
P03_L200,6.744152852852853,0.3401209924260672
P03_L200,6.7519049049049045,0.34449167816226245
P03_L200,6.759656956956957,0.3487623034706959
P03_L200,6.767409009009008,0.35292512845510615
P03_L200,6.775161061061061,0.3569725155337366
P03_L200,6.782913113113113,0.36089695080199935
P03_L200,6.790665165165165,0.3646910652793127
P03_L200,6.798417217217217,0.36834765595961927
P03_L200,6.806169269269269,0.37185970658487855
P03_L200,6.813921321321321,0.37522040806102847
P03_L200,6.821673373373373,0.3784231784364456
P03_L200,6.829425425425425,0.3814616823639763
P03_L200,6.837177477477478,0.3843298499689774
P03_L200,6.844929529529529,0.3870218950476104
P03_L200,6.852681581581582,0.3895323325218661
P03_L200,6.860433633633633,0.39185599508035857
P03_L200,6.8681856856856855,0.3939880489369057
P03_L200,6.875937737737737,0.3959240086422876
P03_L200,6.8836897897897895,0.39765975088821065
P03_L200,6.891441841841842,0.399191527246572
P03_L200,6.8991938938938935,0.4005159757914365
P03_L200,6.906945945945946,0.4016301315557276
P03_L200,6.9146979979979974,0.4025314357795838
P03_L200,6.92245005005005,0.4032177439123599
P03_L200,6.930202102102101,0.4036873323356614
P03_L200,6.937954154154154,0.403938903780228
P03_L200,6.945706206206206,0.40397159141517214
P03_L200,6.953458258258258,0.4037849615938198
P03_L200,6.96121031031031,0.40337901524623154
P03_L200,6.968962362362362,0.40275418791438045
P03_L200,6.976714414414414,0.40191134843183524
P03_L200,6.984466466466467,0.40085179625569556
P03_L200,6.992218518518518,0.3995772574643241
P03_L200,6.999970570570571,0.3980898794401487
P03_L200,7.007722622622622,0.3963922242624351
P03_L200,7.015474674674675,0.39448726084034325
P03_L200,7.023226726726726,0.3923783558218927
P03_L200,7.0309787787787785,0.39006926331947134
P03_L200,7.038730830830831,0.3875641134973905
P03_L200,7.0464828828828825,0.38486740007146425
P03_L200,7.054234934934935,0.38198396677491786
P03_L200,7.0619869869869865,0.37891899284881736
P03_L200,7.069739039039039,0.37567797761885807
P03_L200,7.07749109109109,0.37226672422358903
P03_L200,7.085243143143143,0.368691322562051
P03_L200,7.092995195195195,0.36495813153133866
P03_L200,7.100747247247247,0.3610737606267041
P03_L200,7.108499299299299,0.357045050978597
P03_L200,7.116251351351351,0.3528790559023379
P03_L200,7.124003403403403,0.34858302103709626
P03_L200,7.131755455455455,0.3441643641513967
P03_L200,7.139507507507507,0.33963065469248915
P03_L200,7.14725955955956,0.33498959315674065
P03_L200,7.155011611611611,0.3302489903575503
P03_L200,7.162763663663664,0.32541674666632636
P03_L200,7.170515715715715,0.3205008313007295
P03_L200,7.1782677677677675,0.31550926173270133
P03_L200,7.18601981981982,0.31045008328681095
P03_L200,7.1937718718718715,0.3053313489971373
P03_L200,7.201523923923924,0.3001610997883275
P03_L200,7.2092759759759755,0.29494734504363845
P03_L200,7.217028028028028,0.2896980436196483
P03_L200,7.224780080080079,0.2844210853640723
P03_L200,7.232532132132132,0.2791242731895797
P03_L200,7.240284184184184,0.27381530575291546
P03_L200,7.248036236236236,0.2685017607847732
P03_L200,7.255788288288288,0.26319107911202144
P03_L200,7.26354034034034,0.2578905494098642
P03_L200,7.271292392392392,0.2526072937174721
P03_L200,7.279044444444444,0.24734825374655306
P03_L200,7.286796496496496,0.24212017800820937
P03_L200,7.294548548548549,0.23692960977936825
P03_L200,7.3023006006006,0.23178287592602967
P03_L200,7.310052652652653,0.22668607659656287
P03_L200,7.317804704704704,0.2216450757944227
P03_L200,7.3255567567567565,0.2166654928357981
P03_L200,7.333308808808808,0.21175269469407385
P03_L200,7.3410608608608605,0.20691178922937023
P03_L200,7.348812912912913,0.20214761929808595
P03_L200,7.3565649649649645,0.19746475773407846
P03_L200,7.364317017017017,0.19286750319006546
P03_L200,7.3720690690690684,0.18835987682497393
P03_L200,7.379821121121121,0.1839456198202345
P03_L200,7.387573173173173,0.17962819170557523
P03_L200,7.395325225225225,0.17541076947255055
P03_L200,7.403077277277277,0.17129624745200714
P03_L200,7.410829329329329,0.1672872379298018
P03_L200,7.418581381381381,0.1633860724734472
P03_L200,7.426333433433433,0.1595948039409378
P03_L200,7.434085485485485,0.15591520914174567
P03_L200,7.441837537537538,0.15234879211899358
P03_L200,7.449589589589589,0.14889678802094725
P03_L200,7.457341641641642,0.1455601675293515
P03_L200,7.465093693693693,0.14233964181169337
P03_L200,7.472845745745746,0.1392356679641806
P03_L200,7.480597797797797,0.13624845491213494
P03_L200,7.4883498498498495,0.13337796973454882
P03_L200,7.496101901901902,0.13062394437975308
P03_L200,7.5038539539539535,0.1279858827394697
P03_L200,7.511606006006006,0.12546306804900828
P03_L200,7.5193580580580575,0.1230545705819163
P03_L200,7.52711011011011,0.1207592556080809
P03_L200,7.534862162162161,0.1185757915850547
P03_L200,7.542614214214214,0.11650265855320914
P03_L200,7.550366266266266,0.11453815670624712
P03_L200,7.558118318318318,0.11268041510957143
P03_L200,7.56587037037037,0.11092740054001587
P03_L200,7.573622422422422,0.10927692642151482
P03_L200,7.581374474474474,0.10772666183233355
P03_L200,7.589126526526527,0.1062741405606072
P03_L200,7.596878578578578,0.10491677018600506
P03_L200,7.604630630630631,0.10365184116644957
P03_L200,7.612382682682682,0.10247653590990305
P03_L200,7.620134734734735,0.10138793781230525
P03_L200,7.627886786786786,0.10038304024379793
P03_L200,7.6356388388388385,0.09945875546638758
P03_L200,7.643390890890891,0.0986119234672008
P03_L200,7.6511429429429425,0.0978393206924263
P03_L200,7.658894994994995,0.0971376686679656
P03_L200,7.6666470470470465,0.09650364249368151
P03_L200,7.674399099099099,0.09593387919896795
P03_L200,7.68215115115115,0.09542498594814906
P03_L200,7.689903203203203,0.0949735480849622
P03_L200,7.697655255255255,0.09457613700607376
P03_L200,7.705407307307307,0.09422931785423122
P03_L200,7.713159359359359,0.09392965702226815
P03_L200,7.720911411411411,0.0936737294597559
P03_L200,7.728663463463463,0.09345812577461106
P03_L200,7.736415515515515,0.09327945912249072
P03_L200,7.744167567567567,0.09313437187724716
P03_L200,7.75191961961962,0.09301954207616145
P03_L200,7.759671671671671,0.0929316896340816
P03_L200,7.767423723723724,0.09286758232096842
P03_L200,7.775175775775775,0.09282404149772333
P03_L200,7.7829278278278275,0.09279794760551811
P03_L200,7.79067987987988,0.0927862454041839
P03_L200,7.7984319319319315,0.09278594895554065
P03_L200,7.806183983983984,0.09279414634787818
P03_L200,7.8139360360360355,0.09280800415810889
P03_L200,7.821688088088088,0.09282477164844775
P03_L200,7.8294401401401394,0.09284178469478449
P03_L200,7.837192192192192,0.09285646944426511
P03_L200,7.844944244244244,0.09286634569992382
P03_L200,7.852696296296296,0.0928690300305713
P03_L200,7.860448348348348,0.09286223860451309
P03_L200,7.8682004004004,0.09284378974604726
P03_L200,7.875952452452452,0.09281160621409662
P03_L200,7.883704504504504,0.09276371720274335
P03_L200,7.891456556556556,0.09269826006386744
P03_L200,7.899208608608609,0.09261348175254257
P03_L200,7.90696066066066,0.09250773999630933
P03_L200,7.914712712712713,0.09237950418993472
P03_L200,7.922464764764764,0.09222735601776179
P03_L200,7.930216816816817,0.0920499898062766
P03_L200,7.937968868868869,0.09184621261003975
P03_L200,7.9457209209209205,0.09161494403467436
P03_L200,7.953472972972973,0.09135521580115184
P03_L200,7.9612250250250245,0.09106617105616559
P03_L200,7.968977077077077,0.09074706343394745
P03_L200,7.9767291291291285,0.09039725587543856
P03_L200,7.984481181181181,0.09001621921128608
P03_L200,7.992233233233233,0.08960353051568572
P03_L200,7.999985285285285,0.08915887123864373
P03_L200,8.007737337337337,0.08868202512475336
P03_L200,8.015489389389389,0.08817287592711338
P03_L200,8.023241441441442,0.08763140492550313
P03_L200,8.030993493493494,0.08705768825841899
P03_L200,8.038745545545545,0.08645189407902885
P03_L200,8.046497597597597,0.08581427954552395
P03_L200,8.054249649649648,0.08514518765675567
P03_L200,8.062001701701702,0.0844450439443961
P03_L200,8.069753753753753,0.08371435303320267
P03_L200,8.077505805805806,0.0829536950812419
P03_L200,8.085257857857858,0.0821637221121944
P03_L200,8.09300990990991,0.08134515425205203
P03_L200,8.100761961961961,0.08049877588269644
P03_L200,8.108514014014013,0.07962543172495459
P03_L200,8.116266066066066,0.07872602286380179
P03_L200,8.124018118118117,0.07780150272840772
P03_L200,8.13177017017017,0.07685287303968712
P03_L200,8.139522222222222,0.07588117973795797
P03_L200,8.147274274274274,0.07488750890316943
P03_L200,8.155026326326325,0.07387298268001273
P03_L200,8.162778378378377,0.07283875521999415
P03_L200,8.17053043043043,0.07178600865229626
P03_L200,8.178282482482482,0.07071594909494841
P03_L200,8.186034534534535,0.06962980271746494
P03_L200,8.193786586586587,0.06852881186573605
P03_L200,8.201538638638638,0.06741423125950767
P03_L200,8.20929069069069,0.06628732427233394
P03_L200,8.217042742742741,0.06514935930337486
P03_L200,8.224794794794795,0.06400160624988456
P03_L200,8.232546846846846,0.06284533308867116
P03_L200,8.2402988988989,0.06168180257422491
P03_L200,8.248050950950951,0.060512269060602766
P03_L200,8.255803003003003,0.05933797545352797
P03_L200,8.263555055055054,0.058160150298525344
P03_L200,8.271307107107106,0.056980005010252605
P03_L200,8.279059159159159,0.055798731247533526
P03_L200,8.28681121121121,0.054617498437923476
P03_L200,8.294563263263264,0.05343745145497294
P03_L200,8.302315315315315,0.05225970845069283
P03_L200,8.310067367367367,0.05108535884505357
P03_L200,8.317819419419418,0.049915461473710086
P03_L200,8.32557147147147,0.04875104289449607
P03_L200,8.333323523523523,0.04759309585261061
P03_L200,8.341075575575577,0.046442577903812086
P03_L200,8.348827627627628,0.04530041019434569
P03_L200,8.35657967967968,0.044167476395773946
P03_L200,8.364331731731731,0.04304462179233345
P03_L200,8.372083783783783,0.0419326525179411
P03_L200,8.379835835835834,0.04083233493948288
P03_L200,8.387587887887888,0.03974439518257735
P03_L200,8.39533993993994,0.03866951879558642
P03_L200,8.403091991991992,0.03760835054726247
P03_L200,8.410844044044044,0.036561494353076485
P03_L200,8.418596096096095,0.035529513324959495
P03_L200,8.426348148148147,0.03451292993891346
P03_L200,8.434100200200199,0.03351222631470868
P03_L200,8.441852252252252,0.03252784460168288
P03_L200,8.449604304304305,0.03156018746449308
P03_L200,8.457356356356357,0.03060961866253451
P03_L200,8.465108408408408,0.029676463716653143
P03_L200,8.47286046046046,0.028761010656714305
P03_L200,8.480612512512511,0.027863510843560806
P03_L200,8.488364564564563,0.02698417985890166
P03_L200,8.496116616616616,0.02612319845670652
P03_L200,8.50386866866867,0.02528071356974724
P03_L200,8.511620720720721,0.024456839365018804
P03_L200,8.519372772772773,0.023651658341892232
P03_L200,8.527124824824824,0.022865222466996
P03_L200,8.534876876876876,0.022097554339984744
P03_L200,8.542628928928929,0.02134864838454267
P03_L200,8.55038098098098,0.020618472059172235
P03_L200,8.558133033033034,0.019906967082536028
P03_L200,8.565885085085085,0.019214050668361488
P03_L200,8.573637137137137,0.0185396167651547
P03_L200,8.581389189189188,0.017883537296234996
P03_L200,8.58914124124124,0.01724566339586186
P03_L200,8.596893293293293,0.016625826637496722
P03_L200,8.604645345345345,0.016023840250520414
P03_L200,8.612397397397398,0.015439500321997283
P03_L200,8.62014944944945,0.01487258698036505
P03_L200,8.627901501501501,0.014322865558193065
P03_L200,8.635653553553553,0.01379008773143736
P03_L200,8.643405605605604,0.013273992632881102
P03_L200,8.651157657657658,0.012774307937717057
P03_L200,8.65890970970971,0.012290750919484564
P03_L200,8.666661761761763,0.01182302947481917
P03_L200,8.674413813813814,0.011370843115717
P03_L200,8.682165865865866,0.01093388392823898
P03_L200,8.689917917917917,0.010511837496803454
P03_L200,8.697669969969969,0.010104383793418185
P03_L200,8.705422022022022,0.009711198031398973
P03_L200,8.713174074074074,0.009331951483303812
P03_L200,8.720926126126127,0.008966312262978369
P03_L200,8.728678178178178,0.00861394607176794
P03_L200,8.73643023023023,0.008274516909089513
P03_L200,8.744182282282281,0.00794768774769061
P03_L200,8.751934334334333,0.007633121174035681
P03_L200,8.759686386386386,0.00733047999436562
P03_L200,8.767438438438438,0.0070394278070675135
P03_L200,8.775190490490491,0.006759629542069447
P03_L200,8.782942542542543,0.006490751968044741
P03_L200,8.790694594594594,0.00623246416826366
P03_L200,8.798446646646646,0.00598443798597927
P03_L200,8.806198698698697,0.00574634844026729
P03_L200,8.81395075075075,0.005517874113267725
P03_L200,8.821702802802802,0.005298697509793344
P03_L200,8.829454854854855,0.0050885053902790115
P03_L200,8.837206906906907,0.004886989078050698
P03_L200,8.844958958958959,0.004693844741885698
P03_L200,8.85271101101101,0.004508773654829209
P03_L200,8.860463063063062,0.004331482430214943
P03_L200,8.868215115115115,0.004161683235819641
P03_L200,8.875967167167166,0.003999093987058414
P03_L200,8.88371921921922,0.0038434385201008433
P03_L200,8.891471271271271,0.0036944467457616
P03_L200,8.899223323323323,0.00355185478498674
P03_L200,8.906975375375374,0.0034154050867281093
P03_L200,8.914727427427426,0.003284846528964779
P03_L200,8.92247947947948,0.0031599345035990233
P03_L200,8.93023153153153,0.0030404309859228267
P03_L200,8.937983583583584,0.0029261045893193035
P03_L200,8.945735635635636,0.002816730605834035
P03_L200,8.953487687687687,0.0027120910332218916
P03_L200,8.961239739739739,0.002611974589048879
P03_L200,8.96899179179179,0.002516176712402101
P03_L200,8.976743843843844,0.002424499553738649
P03_L200,8.984495895895895,0.0023367519533826265
P03_L200,8.992247947947948,0.0022527494091602878
P03_L200,9.0,0.002172314033647486
P04_L010,1.3784,0.0065324888841020124
P04_L010,1.3859828828828828,0.007034195745148563
P04_L010,1.3935657657657659,0.007561751543862533
P04_L010,1.4011486486486486,0.008115266407887994
P04_L010,1.4087315315315316,0.00869470923481285
P04_L010,1.4163144144144144,0.009299893929880442
P04_L010,1.4238972972972974,0.009930465820337186
P04_L010,1.4314801801801802,0.010585888466196371
P04_L010,1.4390630630630632,0.01126543110673367
P04_L010,1.446645945945946,0.011968156998475685
P04_L010,1.454228828828829,0.012692912913069739
P04_L010,1.4618117117117118,0.013438320071528714
P04_L010,1.4693945945945948,0.014202766794306182
P04_L010,1.4769774774774775,0.014984403143928158
P04_L010,1.4845603603603603,0.01578113782806417
P04_L010,1.4921432432432433,0.0165906376156563
P04_L010,1.499726126126126,0.01741032949688723
P04_L010,1.507309009009009,0.01823740578935934
P04_L010,1.5148918918918919,0.019068832358040085
P04_L010,1.5224747747747749,0.01990136007564804
P04_L010,1.5300576576576577,0.020731539603705267
P04_L010,1.5376405405405407,0.021555739523143987
P04_L010,1.5452234234234234,0.02237016778794356
P04_L010,1.5528063063063064,0.023170896416754343
P04_L010,1.5603891891891892,0.02395388927692118
P04_L010,1.567972072072072,0.024715032753936477
P04_L010,1.575554954954955,0.025450169038392322
P04_L010,1.583137837837838,0.02615513170327267
P04_L010,1.5907207207207208,0.026825783188269316
P04_L010,1.5983036036036036,0.0274580537560337
P04_L010,1.6058864864864866,0.028047981439184536
P04_L010,1.6134693693693694,0.02859175245769261
P04_L010,1.6210522522522524,0.029085741555071876
P04_L010,1.6286351351351351,0.02952655167961265
P04_L010,1.6362180180180181,0.029911052424527018
P04_L010,1.643800900900901,0.03023641663898904
P04_L010,1.6513837837837837,0.030500154631091483
P04_L010,1.6589666666666667,0.030700145403926283
P04_L010,1.6665495495495497,0.030834664397321323
P04_L010,1.6741324324324325,0.030902407249964264
P04_L010,1.6817153153153153,0.030902509149209945
P04_L010,1.6892981981981983,0.030834559398033572
P04_L010,1.696881081081081,0.030698610899359085
P04_L010,1.704463963963964,0.030495184336120425
P04_L010,1.7120468468468468,0.030225266909468803
P04_L010,1.7196297297297298,0.029890305585891133
P04_L010,1.7272126126126126,0.029492194894894075
P04_L010,1.7347954954954956,0.029033259410445995
P04_L010,1.7423783783783784,0.028516231139626005
P04_L010,1.7499612612612614,0.02794422212893787
P04_L010,1.7575441441441442,0.027320692680594214
P04_L010,1.765127027027027,0.02664941564591857
P04_L010,1.77270990990991,0.025934437329159656
P04_L010,1.780292792792793,0.02518003559094456
P04_L010,1.7878756756756757,0.02439067578503767
P04_L010,1.7954585585585585,0.023570965194008326
P04_L010,1.8030414414414415,0.022725606648130534
P04_L010,1.8106243243243243,0.02185935201695808
P04_L010,1.8182072072072073,0.020976956254492758
P04_L010,1.82579009009009,0.020083132656981452
P04_L010,1.833372972972973,0.019182509957774083
P04_L010,1.8409558558558559,0.01827959183729145
P04_L010,1.8485387387387386,0.01737871936921913
P04_L010,1.8561216216216216,0.016484036858056158
P04_L010,1.8637045045045046,0.015599461449785808
P04_L010,1.8712873873873874,0.014728656818560129
P04_L010,1.8788702702702702,0.013875011149839732
P04_L010,1.8864531531531532,0.013041619556406647
P04_L010,1.8940360360360362,0.012231270980043368
P04_L010,1.901618918918919,0.011446439550356681
P04_L010,1.9092018018018018,0.010689280295000535
P04_L010,1.9167846846846848,0.009961629024034122
P04_L010,1.9243675675675675,0.009265006146741982
P04_L010,1.9319504504504503,0.008600624123093844
P04_L010,1.9395333333333333,0.007969398205037547
P04_L010,1.9471162162162163,0.007371960085598626
P04_L010,1.9546990990990991,0.00680867404663876
P04_L010,1.962281981981982,0.006279655179147814
P04_L010,1.969864864864865,0.005784789242891764
P04_L010,1.977447747747748,0.005323753734645284
P04_L010,1.9850306306306307,0.004896039745422526
P04_L010,1.9926135135135135,0.004500974206216741
P04_L010,2.0001963963963965,0.004137742147750723
P04_L010,2.0077792792792795,0.003805408631507442
P04_L010,2.015362162162162,0.0035029400456562556
P04_L010,2.022945045045045,0.0032292244991990707
P04_L010,2.030527927927928,0.002983091089515182
P04_L010,2.038110810810811,0.0027633278613169196
P04_L010,2.0456936936936936,0.0025686983177449145
P04_L010,2.0532765765765766,0.0023979563859337105
P04_L010,2.0608594594594596,0.0022498597789965724
P04_L010,2.068442342342342,0.002123181733269496
P04_L010,2.076025225225225,0.002016721133234648
P04_L010,2.083608108108108,0.0019293110663692438
P04_L010,2.091190990990991,0.0018598258759522264
P04_L010,2.098773873873874,0.0018071868014653486
P04_L010,2.1063567567567567,0.0017703663136412109
P04_L010,2.1139396396396397,0.0017483912645547257
P04_L010,2.1215225225225227,0.0017403449826506932
P04_L010,2.1291054054054053,0.0017453684485585696
P04_L010,2.1366882882882883,0.0017626606903478055
P04_L010,2.1442711711711713,0.001791478536951507
P04_L010,2.151854054054054,0.0018311358662876584
P04_L010,2.159436936936937,0.0018810024806047774
P04_L010,2.16701981981982,0.0019405027362242224
P04_L010,2.174602702702703,0.002009114048579974
P04_L010,2.182185585585586,0.002086365386657182
P04_L010,2.1897684684684684,0.0021718358639489887
P04_L010,2.1973513513513514,0.0022651535261701662
P04_L010,2.2049342342342344,0.0023659944294131064
P04_L010,2.212517117117117,0.002474082096367539
P04_L010,2.2201,0.002589187432752071
P04_L010,2.227682882882883,0.002711129181273927
P04_L010,2.2352657657657655,0.0028397749862409814
P04_L010,2.2428486486486485,0.002975043138366855
P04_L010,2.2504315315315315,0.003116905066278764
P04_L010,2.2580144144144145,0.0032653886386914827
P04_L010,2.2655972972972975,0.003420582339094184
P04_L010,2.27318018018018,0.0035826403730692064
P04_L010,2.280763063063063,0.003751788767024151
P04_L010,2.288345945945946,0.003928332516212797
P04_L010,2.2959288288288286,0.004112663839559749
P04_L010,2.3035117117117117,0.004305271599148848
P04_L010,2.3110945945945947,0.004506751943544496
P04_L010,2.318677477477477,0.004717820236689263
P04_L010,2.32626036036036,0.004939324338349995
P04_L010,2.333843243243243,0.005172259308403422
P04_L010,2.341426126126126,0.005417783616138287
P04_L010,2.349009009009009,0.00567723694770215
P04_L010,2.3565918918918918,0.005952159720335128
P04_L010,2.364174774774775,0.0062443144315496805
P04_L010,2.371757657657658,0.006555708995327453
P04_L010,2.3793405405405403,0.006888622245958042
P04_L010,2.3869234234234233,0.007245631823440914
P04_L010,2.3945063063063063,0.007629644692301636
P04_L010,2.402089189189189,0.008043930587853463
P04_L010,2.4096720720720723,0.008492158729698144
P04_L010,2.417254954954955,0.008978438190559997
P04_L010,2.424837837837838,0.009507362357967024
P04_L010,2.432420720720721,0.010084057974955552
P04_L010,2.4400036036036035,0.010714239291587152
P04_L010,2.4475864864864865,0.011404267898801947
P04_L010,2.4551693693693695,0.012161218846761416
P04_L010,2.462752252252252,0.012992953667596004
P04_L010,2.470335135135135,0.013908200923243873
P04_L010,2.477918018018018,0.014916644878317054
P04_L010,2.4855009009009006,0.01602902285085909
P04_L010,2.493083783783784,0.01725723171549435
P04_L010,2.5006666666666666,0.018614443918781656
P04_L010,2.5082495495495496,0.02011523321069918
P04_L010,2.5158324324324326,0.02177571009449348
P04_L010,2.523415315315315,0.023613666745624203
P04_L010,2.530998198198198,0.025648730845924672
P04_L010,2.538581081081081,0.02790252741918791
P04_L010,2.5461639639639637,0.03039884733828486
P04_L010,2.5537468468468467,0.03316382070233348
P04_L010,2.5613297297297297,0.03622609275800327
P04_L010,2.5689126126126123,0.03961699946654942
P04_L010,2.5764954954954957,0.04337073920484421
P04_L010,2.5840783783783783,0.0475245364443544
P04_L010,2.5916612612612613,0.05211879258940136
P04_L010,2.5992441441441443,0.057197218490610394
P04_L010,2.606827027027027,0.06280694249971171
P04_L010,2.61440990990991,0.06899858731901194
P04_L010,2.621992792792793,0.07582630834670905
P04_L010,2.6295756756756754,0.08334778575397431
P04_L010,2.637158558558559,0.0916241621791311
P04_L010,2.6447414414414414,0.10071991771742304
P04_L010,2.652324324324324,0.11070267385138201
P04_L010,2.6599072072072074,0.12164291813536922
P04_L010,2.66749009009009,0.13361364184628127
P04_L010,2.675072972972973,0.14668988346537956
P04_L010,2.682655855855856,0.16094817178459686
P04_L010,2.6902387387387385,0.17646586365062933
P04_L010,2.6978216216216215,0.193320372880844
P04_L010,2.7054045045045045,0.21158828870847557
P04_L010,2.712987387387387,0.2313443842337745
P04_L010,2.7205702702702705,0.2526605177558339
P04_L010,2.728153153153153,0.27560443250960576
P04_L010,2.735736036036036,0.30023846319545305
P04_L010,2.743318918918919,0.32661816071481675
P04_L010,2.7509018018018017,0.35479084965432767
P04_L010,2.7584846846846847,0.38479413622040765
P04_L010,2.7660675675675677,0.41665438743609007
P04_L010,2.7736504504504502,0.4503852053825707
P04_L010,2.7812333333333332,0.48598592300480076
P04_L010,2.7888162162162162,0.5234401504044125
P04_L010,2.796399099099099,0.5627144025151196
P04_L010,2.8039819819819822,0.6037568404980889
P04_L010,2.811564864864865,0.6464961600160825
P04_L010,2.819147747747748,0.690840659663296
P04_L010,2.826730630630631,0.736677522173016
P04_L010,2.8343135135135133,0.7838723395443715
P04_L010,2.8418963963963964,0.8322689108891739
P04_L010,2.8494792792792794,0.8816893385880044
P04_L010,2.857062162162162,0.9319344442751091
P04_L010,2.864645045045045,0.9827845212838388
P04_L010,2.872227927927928,1.0340004345436986
P04_L010,2.8798108108108105,1.0853250726216037
P04_L010,2.887393693693694,1.1364851497612274
P04_L010,2.8949765765765765,1.187193348540189
P04_L010,2.9025594594594595,1.2371507862980786
P04_L010,2.9101423423423425,1.286049780971491
P04_L010,2.917725225225225,1.3335768845970868
P04_L010,2.925308108108108,1.3794161457127954
P04_L010,2.932890990990991,1.423252555398165
P04_L010,2.9404738738738736,1.4647756259469538
P04_L010,2.9480567567567566,1.5036830463370037
P04_L010,2.9556396396396396,1.5396843549226324
P04_L010,2.963222522522522,1.5725045672603704
P04_L010,2.9708054054054056,1.6018876958010257
P04_L010,2.978388288288288,1.6276000984147032
P04_L010,2.985971171171171,1.6494335943974174
P04_L010,2.993554054054054,1.6672082897349276
P04_L010,3.0011369369369367,1.6807750579257594
P04_L010,3.0087198198198197,1.6900176285062443
P04_L010,3.0163027027027027,1.6948542424473638
P04_L010,3.0238855855855853,1.6952388416485933
P04_L010,3.0314684684684683,1.691161768639732
P04_L010,3.0390513513513513,1.6826499621031872
P04_L010,3.046634234234234,1.6697666437041845
P04_L010,3.0542171171171173,1.6526105017173511
P04_L010,3.0618,1.6313143868079658
P04_L010,3.069382882882883,1.606043544817045
P04_L010,3.076965765765766,1.5769934202691194
P04_L010,3.0845486486486484,1.5443870723531505
P04_L010,3.0921315315315314,1.5084722521241338
P04_L010,3.0997144144144144,1.469518195474066
P04_L010,3.107297297297297,1.4278121908991372
P04_L010,3.1148801801801804,1.3836559841585228
P04_L010,3.122463063063063,1.3373620835326432
P04_L010,3.1300459459459455,1.2892500295427847
P04_L010,3.137628828828829,1.2396426917252121
P04_L010,3.1452117117117115,1.1888626524381547
P04_L010,3.1527945945945945,1.137228733829382
P04_L010,3.1603774774774775,1.0850527191484398
P04_L010,3.16796036036036,1.0326363137145982
P04_L010,3.175543243243243,0.9802683842382369
P04_L010,3.183126126126126,0.9282225080337017
P04_L010,3.1907090090090087,0.8767548561626786
P04_L010,3.198291891891892,0.8261024269097448
P04_L010,3.2058747747747747,0.7764816384130149
P04_L010,3.2134576576576577,0.7280872819368727
P04_L010,3.2210405405405407,0.6810918303469913
P04_L010,3.2286234234234232,0.6356450899754137
P04_L010,3.2362063063063062,0.5918741783668385
P04_L010,3.2437891891891892,0.5498838054707232
P04_L010,3.251372072072072,0.509756831754211
P04_L010,3.258954954954955,0.47155507349798836
P04_L010,3.266537837837838,0.43532032321328196
P04_L010,3.2741207207207204,0.4010755516707123
P04_L010,3.281703603603604,0.36882625742564257
P04_L010,3.2892864864864864,0.33856192990407413
P04_L010,3.2968693693693694,0.3102575930065471
P04_L010,3.3044522522522524,0.28387539771017517
P04_L010,3.312035135135135,0.25936623420542504
P04_L010,3.319618018018018,0.23667133659617298
P04_L010,3.327200900900901,0.2157238560153016
P04_L010,3.3347837837837835,0.19645038106310844
P04_L010,3.3423666666666665,0.17877238766485687
P04_L010,3.3499495495495495,0.16260760367593224
P04_L010,3.357532432432432,0.1478712767557976
P04_L010,3.3651153153153155,0.13447733711310944
P04_L010,3.372698198198198,0.1223394496322775
P04_L010,3.380281081081081,0.11137195257654797
P04_L010,3.387863963963964,0.1014906824865049
P04_L010,3.3954468468468466,0.09261368702845608
P04_L010,3.4030297297297296,0.08466182937924108
P04_L010,3.4106126126126126,0.07755928925620534
P04_L010,3.418195495495495,0.0712339669166609
P04_L010,3.425778378378378,0.0656177973706374
P04_L010,3.433361261261261,0.06064698269109125
P04_L010,3.440944144144144,0.05626215068881164
P04_L010,3.4485270270270267,0.05240844837053713
P04_L010,3.4561099099099097,0.04903557854610343
P04_L010,3.4636927927927927,0.04609778772263435
P04_L010,3.4712756756756757,0.04355381305005272
P04_L010,3.4788585585585583,0.04136679559069032
P04_L010,3.4864414414414413,0.03950416660340338
P04_L010,3.4940243243243243,0.03793751288403523
P04_L010,3.5016072072072073,0.03664242651166979
P04_L010,3.50919009009009,0.0355983436335317
P04_L010,3.516772972972973,0.03478837619758283
P04_L010,3.524355855855856,0.034199139825082964
P04_L010,3.5319387387387384,0.033820580317436635
P04_L010,3.5395216216216214,0.03364580062201687
P04_L010,3.5471045045045044,0.033670889447949354
P04_L010,3.5546873873873874,0.033894752131035294
P04_L010,3.56227027027027,0.03431894380188833
P04_L010,3.569853153153153,0.03494750441687114
P04_L010,3.577436036036036,0.03578679477098638
P04_L010,3.585018918918919,0.03684533222869491
P04_L010,3.5926018018018016,0.03813362458588473
P04_L010,3.6001846846846846,0.039664000217317086
P04_L010,3.6077675675675676,0.0414504324724043
P04_L010,3.61535045045045,0.04350835616199327
P04_L010,3.622933333333333,0.045854473933909144
P04_L010,3.630516216216216,0.04850655036933237
P04_L010,3.638099099099099,0.05148319174922213
P04_L010,3.6456819819819817,0.054803609643070524
P04_L010,3.6532648648648647,0.058487366763268586
P04_L010,3.6608477477477477,0.06255410390802411
P04_L010,3.6684306306306307,0.06702324728296902
P04_L010,3.6760135135135132,0.07191369604312739
P04_L010,3.6835963963963962,0.07724349052698147
P04_L010,3.6911792792792792,0.08302946235439806
P04_L010,3.6987621621621622,0.08928686831873239
P04_L010,3.706345045045045,0.0960290108055696
P04_L010,3.713927927927928,0.10326684829889972
P04_L010,3.721510810810811,0.11100860036911014
P04_L010,3.7290936936936934,0.1192593523529811
P04_L010,3.7366765765765764,0.12802066570851994
P04_L010,3.7442594594594594,0.13729020072999149
P04_L010,3.7518423423423424,0.14706135891354358
P04_L010,3.759425225225225,0.15732295274370264
P04_L010,3.767008108108108,0.16805891099942646
P04_L010,3.774590990990991,0.17924802783110869
P04_L010,3.782173873873874,0.1908637638157036
P04_L010,3.7897567567567565,0.2028741069392037
P04_L010,3.7973396396396395,0.21524150097197378
P04_L010,3.8049225225225225,0.227922847987481
P04_L010,3.812505405405405,0.24086959082941478
P04_L010,3.820088288288288,0.25402788016419137
P04_L010,3.827671171171171,0.2673388293811883
P04_L010,3.835254054054054,0.2807388590446323
P04_L010,3.8428369369369366,0.2941601308892477
P04_L010,3.8504198198198196,0.3075310695238499
P04_L010,3.8580027027027026,0.3207769681054561
P04_L010,3.8655855855855856,0.33382067231937956
P04_L010,3.873168468468468,0.34658333509869876
P04_L010,3.880751351351351,0.3589852326928024
P04_L010,3.888334234234234,0.370946631002446
P04_L010,3.895917117117117,0.38238868958923006
P04_L010,3.9034999999999997,0.3932343894892752
P04_L010,3.9110828828828827,0.4034094699568963
P04_L010,3.9186657657657658,0.41284335857088295
P04_L010,3.9262486486486483,0.42147007878167353
P04_L010,3.9338315315315313,0.42922911898151417
P04_L010,3.9414144144144143,0.43606624754997453
P04_L010,3.9489972972972973,0.44193425906257383
P04_L010,3.95658018018018,0.4467936379374115
P04_L010,3.964163063063063,0.4506131272107822
P04_L010,3.971745945945946,0.4533701918439826
P04_L010,3.979328828828829,0.45505136792791406
P04_L010,3.9869117117117114,0.45565249131951074
P04_L010,3.9944945945945944,0.45517880155838764
P04_L010,4.002077477477478,0.45364491931346806
P04_L010,4.00966036036036,0.45107469803481365
P04_L010,4.017243243243243,0.4475009528729735
P04_L010,4.024826126126126,0.4429650722160094
P04_L010,4.032409009009009,0.43751651932572155
P04_L010,4.039991891891892,0.431212233477968
P04_L010,4.047574774774775,0.4241159416828783
P04_L010,4.055157657657658,0.416297393443497
P04_L010,4.06274054054054,0.40783153207861245
P04_L010,4.070323423423423,0.3987976168712042
P04_L010,4.077906306306306,0.38927831070136665
P04_L010,4.08548918918919,0.37935874788483737
P04_L010,4.093072072072072,0.36912559667917944
P04_L010,4.100654954954955,0.35866613036062206
P04_L010,4.108237837837837,0.34806731994526763
P04_L010,4.115820720720721,0.3374149605648951
P04_L010,4.123403603603603,0.326792842250649
P04_L010,4.130986486486487,0.3162819744719356
P04_L010,4.138569369369369,0.3059598722687228
P04_L010,4.146152252252252,0.29589991024929635
P04_L010,4.153735135135134,0.2861707491473857
P04_L010,4.161318018018018,0.2768358380841248
P04_L010,4.168900900900901,0.2679529942000206
P04_L010,4.176483783783784,0.2595740599429673
P04_L010,4.184066666666666,0.25174463704801275
P04_L010,4.191649549549549,0.24450389514407092
P04_L010,4.199232432432432,0.23788445198728192
P04_L010,4.206815315315315,0.2319123215581963
P04_L010,4.214398198198198,0.22660692567260843
P04_L010,4.221981081081081,0.22198116433987536
P04_L010,4.2295639639639635,0.21804153984854846
P04_L010,4.237146846846846,0.2147883294536557
P04_L010,4.2447297297297295,0.2122158015654571
P04_L010,4.252312612612613,0.21031247047573182
P04_L010,4.2598954954954955,0.20906138488264706
P04_L010,4.267478378378378,0.20844044576598617
P04_L010,4.275061261261261,0.20842274949803807
P04_L010,4.282644144144144,0.20897695242976802
P04_L010,4.290227027027027,0.21006765354645582
P04_L010,4.29780990990991,0.2116557921236926
P04_L010,4.305392792792793,0.21369905761818542
P04_L010,4.312975675675675,0.216152309285978
P04_L010,4.320558558558558,0.21896800322486035
P04_L010,4.328141441441441,0.2220966246827957
P04_L010,4.335724324324325,0.22548712355853112
P04_L010,4.343307207207207,0.22908735104607625
P04_L010,4.35089009009009,0.2328444953462962
P04_L010,4.358472972972972,0.23670551429421002
P04_L010,4.366055855855856,0.2406175626397326
P04_L010,4.373638738738739,0.24452841158417596
P04_L010,4.381221621621622,0.2483868580279227
P04_L010,4.388804504504504,0.2521431208397508
P04_L010,4.396387387387387,0.25574922132900507
P04_L010,4.403970270270269,0.25915934500116206
P04_L010,4.411553153153153,0.2623301816173509
P04_L010,4.419136036036036,0.26522124056939655
P04_L010,4.426718918918919,0.2677951386325461
P04_L010,4.4343018018018014,0.27001785727431654
P04_L010,4.441884684684684,0.27185896688347166
P04_L010,4.4494675675675674,0.2732918155392654
P04_L010,4.457050450450451,0.2742936802657732
P04_L010,4.4646333333333335,0.27484587910549535
P04_L010,4.472216216216216,0.2749338427933823
P04_L010,4.479799099099099,0.2745471453083083
P04_L010,4.487381981981981,0.2736794931129412
P04_L010,4.494964864864865,0.2723286734524431
P04_L010,4.502547747747748,0.2704964626543272
P04_L010,4.510130630630631,0.2681884959418767
P04_L010,4.517713513513513,0.2654141008276393
P04_L010,4.525296396396396,0.26218609667802023
P04_L010,4.532879279279279,0.25852056352150166
P04_L010,4.540462162162163,0.2544365835999826
P04_L010,4.548045045045045,0.2499559595246303
P04_L010,4.555627927927928,0.24510291318613744
P04_L010,4.56321081081081,0.23990376977798197
P04_L010,4.570793693693694,0.23438663141614569
P04_L010,4.578376576576576,0.2285810448780206
P04_L010,4.58595945945946,0.2225176679373875
P04_L010,4.593542342342342,0.21622793864447723
P04_L010,4.601125225225225,0.20974375169486748
P04_L010,4.608708108108107,0.20309714575538543
P04_L010,4.616290990990991,0.1963200052777296
P04_L010,4.623873873873874,0.1894437799408055
P04_L010,4.631456756756757,0.1824992244317416
P04_L010,4.639039639639639,0.1755161608145772
P04_L010,4.646622522522522,0.16852326525612366
P04_L010,4.654205405405405,0.16154788039234236
P04_L010,4.661788288288288,0.1546158541366916
P04_L010,4.669371171171171,0.14775140526469763
P04_L010,4.676954054054054,0.14097701566603546
P04_L010,4.6845369369369365,0.1343133487447639
P04_L010,4.692119819819819,0.12777919307706112
P04_L010,4.6997027027027025,0.12139143010911821
P04_L010,4.707285585585586,0.11516502439981294
P04_L010,4.7148684684684685,0.10911303468561974
P04_L010,4.722451351351351,0.10324664386990862
P04_L010,4.730034234234234,0.09757520591473531
P04_L010,4.737617117117117,0.09210630753870967
P04_L010,4.7452,0.08684584259656777
P04_L010,4.752782882882883,0.08179809703087798
P04_L010,4.760365765765766,0.07696584233929646
P04_L010,4.767948648648648,0.07235043558673648
P04_L010,4.775531531531531,0.06795192410536664
P04_L010,4.783114414414414,0.0637691531607822
P04_L010,4.790697297297298,0.059799875014471676
P04_L010,4.79828018018018,0.05604085797532499
P04_L010,4.805863063063063,0.05248799420144685
P04_L010,4.813445945945945,0.04913640518318132
P04_L010,4.821028828828829,0.04598054400498394
P04_L010,4.828611711711711,0.0430142936441126
P04_L010,4.836194594594595,0.04023106071507528
P04_L010,4.843777477477477,0.03762386420824721
P04_L010,4.85136036036036,0.03518541889736791
P04_L010,4.8589432432432424,0.03290821320279957
P04_L010,4.866526126126126,0.030784581394995666
P04_L010,4.874109009009009,0.028806770105688245
P04_L010,4.881691891891892,0.026966999183288473
P04_L010,4.8892747747747745,0.025257516984780994
P04_L010,4.896857657657657,0.02367065024008893
P04_L010,4.9044405405405405,0.022198848657768982
P04_L010,4.912023423423423,0.020834724464466353
P04_L010,4.9196063063063065,0.019571087086252374
P04_L010,4.927189189189189,0.018400973189335847
P04_L010,4.934772072072072,0.01731767230206145
P04_L010,4.942354954954954,0.01631474824097765
P04_L010,4.949937837837838,0.015386056562242713
P04_L010,4.957520720720721,0.014525758256775495
P04_L010,4.965103603603604,0.01372832990424813
P04_L010,4.972686486486486,0.012988570497897513
P04_L010,4.980269369369369,0.01230160514973252
P04_L010,4.987852252252252,0.011662885884326863
P04_L010,4.995435135135135,0.011068189729191916
P04_L010,5.003018018018018,0.010513614310703358
P04_L010,5.010600900900901,0.009995571166605809
P04_L010,5.018183783783783,0.009510776989013188
P04_L010,5.025766666666666,0.009056243015250758
P04_L010,5.033349549549549,0.008629262787489966
P04_L010,5.040932432432433,0.008227398505526855
P04_L010,5.048515315315315,0.007848466199832604
P04_L010,5.056098198198198,0.0074905199537865525
P04_L010,5.06368108108108,0.007151835404424768
P04_L010,5.071263963963964,0.006830892749781585
P04_L010,5.078846846846846,0.006526359487722485
P04_L010,5.08642972972973,0.006237073105866312
P04_L010,5.094012612612612,0.005962023934662282
P04_L010,5.101595495495495,0.005700338365877977
P04_L010,5.1091783783783775,0.005451262626707968
P04_L010,5.116761261261261,0.00521414728553017
P04_L010,5.124344144144144,0.004988432649195077
P04_L010,5.131927027027027,0.004773635193863975
P04_L010,5.1395099099099095,0.004569335152096121
P04_L010,5.147092792792792,0.0043751653584428235
P04_L010,5.1546756756756755,0.004190801434587045
P04_L010,5.162258558558559,0.004015953373431045
P04_L010,5.1698414414414415,0.0038503585598476894
P04_L010,5.177424324324324,0.0036937762444332555
P04_L010,5.185007207207207,0.0035459834658613954
P04_L010,5.192590090090089,0.0034067723976543935
P04_L010,5.200172972972973,0.003275949076624392
P04_L010,5.207755855855856,0.0031533334531223577
P04_L010,5.215338738738739,0.0030387606877424448
P04_L010,5.222921621621621,0.0029320836053890126
P04_L010,5.230504504504504,0.0028331762056969163
P04_L010,5.238087387387387,0.002741938118719706
P04_L010,5.245670270270271,0.0026582998865401952
P04_L010,5.253253153153153,0.002582228944937251
P04_L010,5.260836036036036,0.0025137361743505326
P04_L010,5.268418918918918,0.0024528828859764627
P04_L010,5.276001801801801,0.0023997881067388317
P04_L010,5.283584684684684,0.0023546360259207185
P04_L010,5.291167567567568,0.002317683466237338
P04_L010,5.29875045045045,0.002289267242885585
P04_L010,5.306333333333333,0.002269811275455644
P04_L010,5.3139162162162155,0.0022598333193846742
P04_L010,5.321499099099099,0.0022599511857487073
P04_L010,5.329081981981982,0.0022708883205442326
P04_L010,5.336664864864865,0.002293478617157277
P04_L010,5.3442477477477475,0.002328670338456553
P04_L010,5.35183063063063,0.002377529027920164
P04_L010,5.359413513513513,0.0024412392925065333
P04_L010,5.366996396396396,0.002521105343740304
P04_L010,5.3745792792792795,0.002618550187882009
P04_L010,5.382162162162162,0.0027351133612938056
P04_L010,5.389745045045045,0.002872447113441169
P04_L010,5.397327927927928,0.0030323109476382837
P04_L010,5.404910810810811,0.0032165644389181296
P04_L010,5.412493693693693,0.0034271582595454143
P04_L010,5.420076576576577,0.003666123355938577
P04_L010,5.427659459459459,0.003935558236339953
P04_L010,5.435242342342342,0.004237614346643618
P04_L010,5.442825225225225,0.004574479532472634
P04_L010,5.450408108108108,0.004948359608942997
P04_L010,5.45799099099099,0.005361458085526396
P04_L010,5.465573873873874,0.005815954121901687
P04_L010,5.473156756756756,0.006313978821456674
P04_L010,5.48073963963964,0.006857590001836048
P04_L010,5.488322522522522,0.00744874561620289
P04_L010,5.495905405405405,0.00808927603416676
P04_L010,5.503488288288288,0.008780855426988048
P04_L010,5.511071171171171,0.00952497253698398
P04_L010,5.518654054054053,0.010322901145229732
P04_L010,5.526236936936937,0.011175670583800368
P04_L010,5.533819819819819,0.012084036668023984
P04_L010,5.541402702702703,0.013048453449582095
P04_L010,5.548985585585585,0.014069046211852676
P04_L010,5.556568468468468,0.015145586143750368
P04_L010,5.564151351351351,0.016277467136613637
P04_L010,5.571734234234234,0.017463685149668406
P04_L010,5.5793171171171165,0.01870282058259507
P04_L010,5.5869,0.019993024078243146
P04_L010,5.5944828828828825,0.021332006154236687
P04_L010,5.602065765765765,0.02271703102893146
P04_L010,5.6096486486486485,0.02414491496499112
P04_L010,5.617231531531531,0.025612029403031956
P04_L010,5.6248144144144145,0.027114309098836987
P04_L010,5.632397297297297,0.028647265411327723
P04_L010,5.63998018018018,0.030206004815766886
P04_L010,5.647563063063063,0.03178525263873012
P04_L010,5.655145945945946,0.03337938192961496
P04_L010,5.662728828828828,0.03498244729940151
P04_L010,5.670311711711712,0.036588223472708875
P04_L010,5.677894594594594,0.03819024821568468
P04_L010,5.685477477477477,0.03978186922176292
P04_L010,5.69306036036036,0.041356294461618655
P04_L010,5.700643243243243,0.04290664543454926
P04_L010,5.708226126126126,0.04442601269769161
P04_L010,5.715809009009009,0.04590751299846164
P04_L010,5.723391891891891,0.047344347295736076
P04_L010,5.730974774774775,0.04872985892767056
P04_L010,5.738557657657657,0.0500575911695085
P04_L010,5.74614054054054,0.05132134342378425
P04_L010,5.753723423423423,0.052515225298190193
P04_L010,5.761306306306306,0.053633707852920265
P04_L010,5.7688891891891885,0.05467167133906629
P04_L010,5.776472072072072,0.05562444880183901
P04_L010,5.7840549549549545,0.056487864985950056
P04_L010,5.791637837837838,0.057258270054041105
P04_L010,5.7992207207207205,0.05793256771101396
P04_L010,5.806803603603603,0.05850823741572022
P04_L010,5.8143864864864865,0.05898335045478147
P04_L010,5.821969369369369,0.05935657974935235
P04_L010,5.829552252252252,0.05962720336237847
P04_L010,5.837135135135135,0.059795101769326175
P04_L010,5.844718018018018,0.05986074904758946
P04_L010,5.8523009009009,0.05982519822700121
P04_L010,5.859883783783784,0.05969006112449424
P04_L010,5.867466666666666,0.059457483058580556
P04_L010,5.87504954954955,0.05913011290277763
P04_L010,5.882632432432432,0.05871106899051371
P04_L010,5.890215315315315,0.058203901426756695
P04_L010,5.897798198198198,0.05761255139327633
P04_L010,5.905381081081081,0.05694130805495057
P04_L010,5.912963963963963,0.05619476368404065
P04_L010,5.920546846846847,0.055377767618230433
P04_L010,5.928129729729729,0.054495379657052125
P04_L010,5.935712612612613,0.05355282348084726
P04_L010,5.943295495495495,0.052555440647525604
P04_L010,5.950878378378378,0.051508645686080726
P04_L010,5.958461261261261,0.05041788276319436
P04_L010,5.966044144144144,0.049288584351402626
P04_L010,5.973627027027026,0.04812613227536821
P04_L010,5.98120990990991,0.046935821457934464
P04_L010,5.988792792792792,0.045722826630915675
P04_L010,5.996375675675675,0.04449217221807424
P04_L010,6.003958558558558,0.04324870554045564
P04_L010,6.011541441441441,0.04199707343808754
P04_L010,6.019124324324324,0.0407417023478741
P04_L010,6.026707207207207,0.03948678182608795
P04_L010,6.0342900900900895,0.038236251455814635
P04_L010,6.041872972972973,0.036993791035665115
P04_L010,6.0494558558558555,0.03576281390648394
P04_L010,6.057038738738738,0.0345464632380531
P04_L010,6.0646216216216215,0.03334761106822275
P04_L010,6.072204504504504,0.03216885986269232
P04_L010,6.079787387387387,0.031012546344926843
P04_L010,6.08737027027027,0.029880747332459896
P04_L010,6.094953153153153,0.0287752873080329
P04_L010,6.102536036036036,0.027697747451489566
P04_L010,6.110118918918919,0.02664947586087347
P04_L010,6.117701801801801,0.02563159869841342
P04_L010,6.125284684684685,0.024645032008681542
P04_L010,6.132867567567567,0.02369049397167211
P04_L010,6.14045045045045,0.022768517372391987
P04_L010,6.148033333333333,0.021879462090211882
P04_L010,6.155616216216216,0.02102352743507977
P04_L010,6.163199099099098,0.02020076418314488
P04_L010,6.170781981981982,0.01941108619073904
P04_L010,6.178364864864864,0.018654281492365973
P04_L010,6.185947747747748,0.01793002281475308
P04_L010,6.19353063063063,0.017237877464535572
P04_L010,6.201113513513513,0.016577316571200866
P04_L010,6.208696396396396,0.01594772368905437
P04_L010,6.216279279279279,0.015348402781722793
P04_L010,6.2238621621621615,0.014778585629737986
P04_L010,6.231445045045045,0.014237438715764408
P04_L010,6.2390279279279275,0.013724069652848728
P04_L010,6.24661081081081,0.013237533228570306
P04_L010,6.2541936936936935,0.012776837142144074
P04_L010,6.261776576576576,0.01234094751243216
P04_L010,6.2693594594594595,0.011928794232606663
P04_L010,6.276942342342342,0.011539276242106614
P04_L010,6.284525225225225,0.011171266778836378
P04_L010,6.292108108108108,0.010823618664624913
P04_L010,6.299690990990991,0.010495169665210526
P04_L010,6.307273873873873,0.010184747952888948
P04_L010,6.314856756756757,0.009891177685935516
P04_L010,6.322439639639639,0.0096132847044793
P04_L010,6.330022522522522,0.009349902328161701
P04_L010,6.337605405405405,0.009099877227133076
P04_L010,6.345188288288288,0.008862075325183875
P04_L010,6.352771171171171,0.008635387682490179
P04_L010,6.360354054054054,0.008418736295943065
P04_L010,6.367936936936936,0.008211079747634298
P04_L010,6.37551981981982,0.0080114186270255
P04_L010,6.383102702702702,0.007818800649796929
P04_L010,6.390685585585585,0.00763232539643266
P04_L010,6.398268468468468,0.007451148596252425
P04_L010,6.405851351351351,0.007274485887757785
P04_L010,6.413434234234234,0.0071016159936540995
P04_L010,6.421017117117117,0.00693188325850068
P04_L010,6.428599999999999,0.006764699508315572
P04_L010,6.436182882882883,0.006599545204256116
P04_L010,6.443765765765765,0.0064359698762962575
P04_L010,6.451348648648648,0.0062735918371877196
P04_L010,6.458931531531531,0.006112097191464909
P04_L010,6.466514414414414,0.005951238168376052
P04_L010,6.4740972972972965,0.005790830820955474
P04_L010,6.48168018018018,0.005630752145584199
P04_L010,6.4892630630630626,0.0054709366869555645
P04_L010,6.496845945945946,0.005311372702065133
P04_L010,6.504428828828829,0.005152097963444439
P04_L010,6.512011711711711,0.004993195286194747
P04_L010,6.519594594594595,0.004834787865376741
P04_L010,6.527177477477477,0.004677034509973788
P04_L010,6.53476036036036,0.004520124857058574
P04_L010,6.542343243243243,0.00436427464511812
P04_L010,6.549926126126126,0.004209721118954429
P04_L010,6.557509009009008,0.004056718630469288
P04_L010,6.565091891891892,0.003905534490291078
P04_L010,6.572674774774774,0.0037564451149722164
P04_L010,6.580257657657658,0.0036097325037562386
P04_L010,6.58784054054054,0.0034656810680652444
P04_L010,6.595423423423423,0.003324574826253589
P04_L010,6.603006306306306,0.003186694966153679
P04_L010,6.610589189189189,0.0030523177687975284
P04_L010,6.618172072072071,0.0029217128786844606
P04_L010,6.625754954954955,0.002795141899266171
P04_L010,6.633337837837837,0.0026728572870621846
P04_L010,6.64092072072072,0.0025551015140621563
P04_L010,6.648503603603603,0.0024421064658107752
P04_L010,6.656086486486486,0.0023340930417409464
P04_L010,6.663669369369369,0.0022312709248015028
P04_L010,6.671252252252252,0.002133838489048254
P04_L010,6.6788351351351345,0.0020419828164258145
P04_L010,6.686418018018018,0.00195587979723415
P04_L010,6.6940009009009005,0.0018756942924984855
P04_L010,6.701583783783783,0.0018015803403985656
P04_L010,6.7091666666666665,0.001733681392823949
P04_L010,6.716749549549549,0.001672130571784165
P04_L010,6.724332432432432,0.001617050938627217
P04_L010,6.731915315315315,0.001568555771652479
P04_L010,6.739498198198198,0.0015267488496306509
P04_L010,6.747081081081081,0.0014917247398992424
P04_L010,6.754663963963964,0.0014635690900672144
P04_L010,6.762246846846846,0.0014423589219627814
P04_L010,6.76982972972973,0.0014281629253658445
P04_L010,6.777412612612612,0.001421041747388863
P04_L010,6.784995495495495,0.0014210482712492267
P04_L010,6.792578378378378,0.0014282278757781473
P04_L010,6.800161261261261,0.0014426186645184467
P04_L010,6.807744144144144,0.0014642516508657207
P04_L010,6.815327027027027,0.0014931508835918689
P04_L010,6.822909909909909,0.0015293334954344499
P04_L010,6.830492792792793,0.001572809656396682
P04_L010,6.838075675675675,0.0016235824131142485
P04_L010,6.845658558558558,0.0016816473962055806
P04_L010,6.853241441441441,0.0017469923789947394
P04_L010,6.860824324324324,0.0018195966734054758
P04_L010,6.868407207207206,0.0018994303521537768
P04_L010,6.87599009009009,0.0019864532905571226
P04_L010,6.883572972972972,0.0020806140262385996
P04_L010,6.891155855855856,0.002181848440603
P04_L010,6.898738738738738,0.002290078272041593
P04_L010,6.906321621621621,0.002405209477203872
P04_L010,6.9139045045045044,0.002527130463157799
P04_L010,6.921487387387387,0.002655710219640793
P04_L010,6.92907027027027,0.002790796386674097
P04_L010,6.936653153153153,0.0029322132983699554
P04_L010,6.944236036036036,0.003079760048616528
P04_L010,6.951818918918918,0.003233208628309257
P04_L010,6.959401801801802,0.0033923021867619967
P04_L010,6.966984684684684,0.003556753471759799
P04_L010,6.974567567567568,0.003726243503321022
P04_L010,6.98215045045045,0.003900420535563515
P04_L010,6.989733333333333,0.004078899359099056
P04_L010,6.997316216216216,0.004261260993121276
P04_L010,7.004899099099099,0.004447052811849146
P04_L010,7.012481981981981,0.004635789144308284
P04_L010,7.020064864864865,0.004826952379672633
P04_L010,7.027647747747747,0.0050199946026652205
P04_L010,7.03523063063063,0.005214339774961035
P04_L010,7.042813513513513,0.005409386469296065
P04_L010,7.050396396396396,0.00560451115322056
P04_L010,7.057979279279279,0.005799072009307551
P04_L010,7.065562162162162,0.005992413268303787
P04_L010,7.073145045045044,0.006183870021367355
P04_L010,7.080727927927928,0.006372773467338839
P04_L010,7.08831081081081,0.006558456541115697
P04_L010,7.095893693693693,0.006740259859812455
P04_L010,7.103476576576576,0.006917537914657074
P04_L010,7.111059459459459,0.0070896654286646465
P04_L010,7.1186423423423415,0.007256043793203842
P04_L010,7.126225225225225,0.00741610749078626
P04_L010,7.1338081081081075,0.007569330406915413
P04_L010,7.141390990990991,0.0077152319307749965
P04_L010,7.1489738738738735,0.007853382743042904
P04_L010,7.156556756756756,0.007983410189309125
P04_L010,7.1641396396396395,0.00810500313954488
P04_L010,7.171722522522522,0.008217916237894293
P04_L010,7.179305405405405,0.008321973452778485
P04_L010,7.186888288288288,0.008417070844928817
P04_L010,7.194471171171171,0.008503178480470509
P04_L010,7.202054054054053,0.008580341427488961
P04_L010,7.209636936936937,0.008648679787512818
P04_L010,7.217219819819819,0.008708387727874328
P04_L010,7.224802702702703,0.008759731496747114
P04_L010,7.232385585585585,0.008803046419555047
P04_L010,7.239968468468468,0.00883873289309154
P04_L010,7.247551351351351,0.008867251411746335
P04_L010,7.255134234234234,0.008889116678336117
P04_L010,7.262717117117116,0.008904890869783558
P04_L010,7.2703,0.008915176144881326
P04_L010,7.277882882882882,0.00892060649720874
P04_L010,7.285465765765766,0.00892183907054466
P04_L010,7.293048648648648,0.008919545066469928
P04_L010,7.300631531531531,0.008914400383942334
P04_L010,7.308214414414414,0.008907076138167075
P04_L010,7.315797297297297,0.008898229210844495
P04_L010,7.323380180180179,0.008888492985688395
P04_L010,7.330963063063063,0.008878468421875544
P04_L010,7.3385459459459454,0.008868715613791888
P04_L010,7.346128828828828,0.008859745978138536
P04_L010,7.3537117117117115,0.008852015199286904
P04_L010,7.361294594594594,0.008845917050931119
P04_L010,7.3688774774774775,0.008841778196853198
P04_L010,7.37646036036036,0.008839854056324602
P04_L010,7.384043243243243,0.00884032580069976
P04_L010,7.391626126126126,0.008843298527535128
P04_L010,7.399209009009009,0.008848800637539582
P04_L010,7.406791891891891,0.008856784418289717
P04_L010,7.414374774774775,0.00886712781739071
P04_L010,7.421957657657657,0.00887963736707946
P04_L010,7.42954054054054,0.008894052202580318
P04_L010,7.437123423423423,0.008910049098226408
P04_L010,7.444706306306306,0.008927248428801268
P04_L010,7.452289189189189,0.008945220949033808
P04_L010,7.459872072072072,0.008963495271934378
P04_L010,7.467454954954954,0.008981565916872035
P04_L010,7.475037837837838,0.008998901791078269
P04_L010,7.48262072072072,0.009014954963676672
P04_L010,7.490203603603603,0.009029169589373708
P04_L010,7.497786486486486,0.009040990839541366
P04_L010,7.505369369369369,0.009049873701462543
P04_L010,7.512952252252251,0.009055291511834955
P04_L010,7.520535135135135,0.009056744098041332
P04_L010,7.528118018018017,0.009053765409962543
P04_L010,7.535700900900901,0.00904593053598696
P04_L010,7.543283783783783,0.00903286200908654
P04_L010,7.550866666666666,0.009014235322115899
P04_L010,7.558449549549549,0.00898978358557371
P04_L010,7.566032432432432,0.008959301275679777
P04_L010,7.5736153153153145,0.00892264703551354
P04_L010,7.581198198198198,0.008879745506894195
P04_L010,7.5887810810810805,0.008830588185441225
P04_L010,7.596363963963963,0.008775233305641807
P04_L010,7.6039468468468465,0.008713804776596293
P04_L010,7.611529729729729,0.00864649020226268
P04_L010,7.6191126126126125,0.008573538032347566
P04_L010,7.626695495495495,0.008495253901384957
P04_L010,7.634278378378378,0.008411996223911622
P04_L010,7.641861261261261,0.008324171122911353
P04_L010,7.649444144144144,0.008232226776793104
P04_L010,7.657027027027026,0.008136647277031691
P04_L010,7.66460990990991,0.008037946094183995
P04_L010,7.672192792792792,0.007936659254251632
P04_L010,7.679775675675676,0.007833338330250397
P04_L010,7.687358558558558,0.0077285433553305
P04_L010,7.694941441441441,0.007622835763834019
P04_L010,7.702524324324324,0.007516771465252133
P04_L010,7.710107207207207,0.0074108941531338835
P04_L010,7.717690090090089,0.007305728946597469
P04_L010,7.725272972972973,0.007201776456212576
P04_L010,7.732855855855855,0.00709950735869023
P04_L010,7.740438738738738,0.006999357556090155
P04_L010,7.748021621621621,0.006901723985220599
P04_L010,7.755604504504504,0.0068069611316755275
P04_L010,7.763187387387387,0.006715378290682294
P04_L010,7.77077027027027,0.006627237603804549
P04_L010,7.7783531531531525,0.006542752886779191
P04_L010,7.785936036036036,0.006462089249618827
P04_L010,7.7935189189189185,0.00638536349586162
P04_L010,7.801101801801801,0.006312645273804154
P04_L010,7.8086846846846845,0.0062439589390287835
P04_L010,7.816267567567567,0.006179286074859051
P04_L010,7.82385045045045,0.006118568605864354
P04_L010,7.831433333333333,0.0060617124294910845
P04_L010,7.839016216216216,0.006008591482595491
P04_L010,7.846599099099099,0.0059590521533267925
P04_L010,7.854181981981982,0.005912917944641385
P04_L010,7.861764864864864,0.0058699942938394405
P04_L010,7.869347747747748,0.005830073452959404
P04_L010,7.87693063063063,0.0057929393376194484
P04_L010,7.884513513513513,0.005758372256863256
P04_L010,7.892096396396396,0.005726153443574918
P04_L010,7.899679279279279,0.005696069313829477
P04_L010,7.907262162162161,0.0056679153938325386
P04_L010,7.914845045045045,0.005641499864508716
P04_L010,7.922427927927927,0.005616646685920086
P04_L010,7.930010810810811,0.0055931982760998615
P04_L010,7.937593693693693,0.005571017731134303
P04_L010,7.945176576576576,0.005549990584985204
P04_L010,7.952759459459459,0.0055300261182134065
P04_L010,7.960342342342342,0.005511058234081863
P04_L010,7.967925225225224,0.005493045928185688
P04_L010,7.975508108108108,0.005475973383553237
P04_L010,7.98309099099099,0.005459849726945604
P04_L010,7.990673873873873,0.005444708483803846
P04_L010,7.998256756756756,0.005430606768999228
P04_L010,8.005839639639639,0.005417624248369291
P04_L010,8.013422522522522,0.005405861902197145
P04_L010,8.021005405405404,0.005395440616614648
P04_L010,8.028588288288287,0.005386499622748568
P04_L010,8.036171171171171,0.005379194796695171
P04_L010,8.043754054054054,0.005373696826545425
P04_L010,8.051336936936936,0.005370189246138904
P04_L010,8.05891981981982,0.0053688663294374035
P04_L010,8.066502702702703,0.005369930834780689
P04_L010,8.074085585585586,0.005373591585167567
P04_L010,8.081668468468468,0.005380060869373823
P04_L010,8.08925135135135,0.0053895516493691
P04_L010,8.096834234234233,0.0054022745622263136
P04_L010,8.104417117117116,0.005418434709526681
P04_L010,8.111999999999998,0.005438228234043962
P04_L010,8.119582882882883,0.0054618386920349
P04_L010,8.127165765765765,0.005489433239466351
P04_L010,8.134748648648648,0.0055211586615890465
P04_L010,8.142331531531532,0.005557137286968371
P04_L010,8.149914414414415,0.005597462838903525
P04_L010,8.157497297297297,0.0056421962885744035
P04_L010,8.16508018018018,0.005691361784712001
P04_L010,8.172663063063062,0.005744942743570494
P04_L010,8.180245945945945,0.005802878189999807
P04_L010,8.187828828828827,0.005865059445050908
P04_L010,8.19541171171171,0.005931327257439872
P04_L010,8.202994594594594,0.006001469475096209
P04_L010,8.210577477477477,0.00607521934877074
P04_L010,8.21816036036036,0.006152254552243257
P04_L010,8.225743243243244,0.006232196993124325
P04_L010,8.233326126126126,0.0063146134747879435
P04_L010,8.240909009009009,0.006399017253903924
P04_L010,8.248491891891891,0.006484870519770366
P04_L010,8.256074774774774,0.006571587801672606
P04_L010,8.263657657657657,0.006658540289380605
P04_L010,8.27124054054054,0.006745061030262289
P04_L010,8.278823423423422,0.006830450944983607
P04_L010,8.286406306306306,0.006913985583043187
P04_L010,8.293989189189189,0.006994922520092999
P04_L010,8.301572072072071,0.0070725092817293615
P04_L010,8.309154954954955,0.007145991663744647
P04_L010,8.316737837837838,0.00721462230717986
P04_L010,8.32432072072072,0.007277669378283269
P04_L010,8.331903603603603,0.00733442519892822
P04_L010,8.339486486486486,0.007384214672330087
P04_L010,8.347069369369368,0.007426403352057421
P04_L010,8.35465225225225,0.0074604050092709085
P04_L010,8.362235135135133,0.007485688563642279
P04_L010,8.369818018018018,0.007501784257190418
P04_L010,8.3774009009009,0.007508288966915096
P04_L010,8.384983783783783,0.007504870571117935
P04_L010,8.392566666666667,0.007491271305117282
P04_L010,8.40014954954955,0.00746731006408682
P04_L010,8.407732432432432,0.0074328836333474434
P04_L010,8.415315315315315,0.007387966848986343
P04_L010,8.422898198198197,0.007332611713550241
P04_L010,8.43048108108108,0.007266945512182304
P04_L010,8.438063963963963,0.007191167993419058
P04_L010,8.445646846846845,0.0071055476954802925
P04_L010,8.45322972972973,0.007010417512900379
P04_L010,8.460812612612612,0.006906169609483247
P04_L010,8.468395495495495,0.0067932497916363506
P04_L010,8.475978378378379,0.006672151461071044
P04_L010,8.483561261261261,0.006543409267666634
P04_L010,8.491144144144144,0.006407592582099413
P04_L010,8.498727027027027,0.006265298903834854
P04_L010,8.506309909909909,0.00611714731354891
P04_L010,8.513892792792792,0.00596377207032238
P04_L010,8.521475675675674,0.005805816443425975
P04_L010,8.529058558558557,0.005643926856605149
P04_L010,8.536641441441441,0.005478747409916612
P04_L010,8.544224324324324,0.005310914830796769
P04_L010,8.551807207207208,0.005141053892579276
P04_L010,8.55939009009009,0.00496977332551648
P04_L010,8.566972972972973,0.004797662232842462
P04_L010,8.574555855855856,0.004625287012858212
P04_L010,8.582138738738738,0.004453188777655158
P04_L010,8.58972162162162,0.004281881250113428
P04_L010,8.597304504504503,0.004111849113338176
P04_L010,8.604887387387386,0.003943546780789654
P04_L010,8.612470270270268,0.0037773975510238342
P04_L010,8.620053153153153,0.003613793108143814
P04_L010,8.627636036036035,0.003453093327669208
P04_L010,8.63521891891892,0.0032956263474276503
P04_L010,8.642801801801802,0.003141688864104092
P04_L010,8.650384684684685,0.00299154661805941
P04_L010,8.657967567567567,0.002845435031767078
P04_L010,8.66555045045045,0.002703559970516759
P04_L010,8.673133333333332,0.002566098597712753
P04_L010,8.680716216216215,0.0024332003009747056
P04_L010,8.688299099099098,0.002304987669174932
P04_L010,8.69588198198198,0.002181557504381077
P04_L010,8.703464864864864,0.002062981856302637
P04_L010,8.711047747747747,0.001949309070178968
P04_L010,8.718630630630631,0.001840564842026857
P04_L010,8.726213513513514,0.001736753277747882
P04_L010,8.733796396396396,0.001637857954756862
P04_L010,8.741379279279279,0.0015438429865281516
P04_L010,8.748962162162162,0.0014546540917756404
P04_L010,8.756545045045044,0.0013702196709060707
P04_L010,8.764127927927927,0.0012904518929391664
P04_L010,8.77171081081081,0.001215247796307564
P04_L010,8.779293693693692,0.00114449040686593
P04_L010,8.786876576576576,0.0010780498760896838
P04_L010,8.794459459459459,0.0010157846418612413
P04_L010,8.802042342342343,0.0009575426134610839
P04_L010,8.809625225225226,0.0009031623814311855
P04_L010,8.817208108108108,0.000852474451890532
P04_L010,8.82479099099099,0.0008053025036870693
P04_L010,8.832373873873873,0.0007614646654942518
P04_L010,8.839956756756756,0.0007207748086375889
P04_L010,8.847539639639638,0.000683043850096838
P04_L010,8.855122522522521,0.0006480810588080864
P04_L010,8.862705405405404,0.0006156953571242018
P04_L010,8.870288288288288,0.0005856966081198042
P04_L010,8.87787117117117,0.0005578968783883336
P04_L010,8.885454054054055,0.0005321116651146162
P04_L010,8.893036936936937,0.000508161075555701
P04_L010,8.90061981981982,0.00048587094666104096
P04_L010,8.908202702702702,0.00046507389244408807
P04_L010,8.915785585585585,0.0004456102669043587
P04_L010,8.923368468468468,0.0004273290308103225
P04_L010,8.93095135135135,0.0004100885114962574
P04_L010,8.938534234234233,0.0003937570459967428
P04_L010,8.946117117117117,0.00037821349932564796
P04_L010,8.9537,0.0003633476514757441
P04_L049,1.5204,0.0010271045690840564
P04_L049,1.527887087087087,0.0011151860054006617
P04_L049,1.5353741741741742,0.001206265058712819
P04_L049,1.5428612612612613,0.0013002435191224583
P04_L049,1.5503483483483482,0.0013970543937488196
P04_L049,1.5578354354354353,0.0014966616085799742
P04_L049,1.5653225225225225,0.0015990573273025413
P04_L049,1.5728096096096096,0.001704257221567486
P04_L049,1.5802966966966967,0.0018122941858085132
P04_L049,1.5877837837837838,0.0019232110942685773
P04_L049,1.595270870870871,0.0020370532361100612
P04_L049,1.6027579579579578,0.002153861031371313
P04_L049,1.610245045045045,0.0022736635291972446
P04_L049,1.617732132132132,0.0023964730314782294
P04_L049,1.6252192192192192,0.0025222809882476586
P04_L049,1.6327063063063063,0.0026510550997324287
P04_L049,1.6401933933933934,0.0027827373604022497
P04_L049,1.6476804804804805,0.0029172426190152596
P04_L049,1.6551675675675674,0.0030544571283502905
P04_L049,1.6626546546546546,0.0031942365355256594
P04_L049,1.6701417417417417,0.0033364028263451334
P04_L049,1.6776288288288288,0.003480739882749842
P04_L049,1.685115915915916,0.003626987528646668
P04_L049,1.692603003003003,0.0037748342042160884
P04_L049,1.70009009009009,0.003923908693081408
P04_L049,1.707577177177177,0.004073771597015888
P04_L049,1.7150642642642642,0.004223907475189077
P04_L049,1.7225513513513513,0.004373718708687527
P04_L049,1.7300384384384384,0.004522522192633311
P04_L049,1.7375255255255255,0.004669549884227245
P04_L049,1.7450126126126126,0.004813954044137408
P04_L049,1.7524996996996998,0.004954817712317005
P04_L049,1.7599867867867867,0.005091170581083752
P04_L049,1.7674738738738738,0.005222010001506327
P04_L049,1.774960960960961,0.005346326423691748
P04_L049,1.782448048048048,0.00546313216960205
P04_L049,1.7899351351351351,0.005571492108413707
P04_L049,1.7974222222222223,0.00567055458235721
P04_L049,1.8049093093093092,0.005759580838270559
P04_L049,1.8123963963963963,0.005837971266726758
P04_L049,1.8198834834834834,0.005905286932599173
P04_L049,1.8273705705705705,0.005961265181020702
P04_L049,1.8348576576576576,0.006005828492365597
P04_L049,1.8423447447447447,0.0060390862028047365
P04_L049,1.8498318318318319,0.006061329163212602
P04_L049,1.857318918918919,0.006073017839691246
P04_L049,1.8648060060060059,0.0060747647297632575
P04_L049,1.872293093093093,0.006067312253861759
P04_L049,1.8797801801801801,0.006051507467147468
P04_L049,1.8872672672672672,0.006028275018125423
P04_L049,1.8947543543543544,0.005998589764538249
P04_L049,1.9022414414414415,0.005963450358266799
P04_L049,1.9097285285285284,0.005923854949289077
P04_L049,1.9172156156156155,0.0058807799556729505
P04_L049,1.9247027027027026,0.00583516262214177
P04_L049,1.9321897897897897,0.005787887859946024
P04_L049,1.9396768768768768,0.005739779636081649
P04_L049,1.947163963963964,0.005691596965073754
P04_L049,1.954651051051051,0.00564403435164971
P04_L049,1.9621381381381382,0.005597726335008699
P04_L049,1.969625225225225,0.005553255592278279
P04_L049,1.9771123123123122,0.005511163869846065
P04_L049,1.9845993993993993,0.005471964830904136
P04_L049,1.9920864864864865,0.005436157745890612
P04_L049,1.9995735735735736,0.005404240825424164
P04_L049,2.0070606606606605,0.005376722922938335
P04_L049,2.0145477477477476,0.005354132338250245
P04_L049,2.0220348348348347,0.005337021553448607
P04_L049,2.029521921921922,0.005325966942507631
P04_L049,2.037009009009009,0.005321562820004458
P04_L049,2.044496096096096,0.005324409623812142
P04_L049,2.051983183183183,0.005335096539296874
P04_L049,2.0594702702702703,0.00535417943241634
P04_L049,2.0669573573573574,0.0053821555189050956
P04_L049,2.0744444444444445,0.005419436701841658
P04_L049,2.0819315315315317,0.005466323903846044
P04_L049,2.0894186186186188,0.00552298495085461
P04_L049,2.096905705705706,0.0055894385904706875
P04_L049,2.1043927927927926,0.005665547024264672
P04_L049,2.1118798798798797,0.005751018895655914
P04_L049,2.119366966966967,0.005845424021534432
P04_L049,2.126854054054054,0.005948220327636446
P04_L049,2.134341141141141,0.006058792505996286
P04_L049,2.141828228228228,0.006176500933833665
P04_L049,2.1493153153153153,0.0063007384616492355
P04_L049,2.1568024024024024,0.006430991879187148
P04_L049,2.1642894894894895,0.006566904278487849
P04_L049,2.1717765765765766,0.006708334215023534
P04_L049,2.1792636636636638,0.006855407560241883
P04_L049,2.1867507507507504,0.0070085582545213925
P04_L049,2.1942378378378375,0.007168554792865045
P04_L049,2.2017249249249247,0.007336510163343216
P04_L049,2.209212012012012,0.007513874043059617
P04_L049,2.216699099099099,0.007702407252936932
P04_L049,2.224186186186186,0.007904139685274127
P04_L049,2.231673273273273,0.008121314049586022
P04_L049,2.2391603603603603,0.008356318742672486
P04_L049,2.2466474474474474,0.008611613863370152
P04_L049,2.2541345345345345,0.008889654807840581
P04_L049,2.2616216216216216,0.009192817970219197
P04_L049,2.2691087087087087,0.00952333283616457
P04_L049,2.276595795795796,0.009883224219984575
P04_L049,2.284082882882883,0.010274267609342374
P04_L049,2.29156996996997,0.01069795961255212
P04_L049,2.299057057057057,0.01115550443074326
P04_L049,2.3065441441441443,0.011647816183217722
P04_L049,2.314031231231231,0.01217553587874347
P04_L049,2.321518318318318,0.012739060919035384
P04_L049,2.3290054054054052,0.013338584300648548
P04_L049,2.3364924924924924,0.013974140189182608
P04_L049,2.3439795795795795,0.01464565229907175
P04_L049,2.3514666666666666,0.015352981530524059
P04_L049,2.3589537537537537,0.01609596958428324
P04_L049,2.366440840840841,0.016874475773551948
P04_L049,2.373927927927928,0.017688404948499943
P04_L049,2.381415015015015,0.01853772530126871
P04_L049,2.3889021021021017,0.019422475779984155
P04_L049,2.396389189189189,0.020342763854525516
P04_L049,2.403876276276276,0.021298755384780915
P04_L049,2.411363363363363,0.02229065927942241
P04_L049,2.41885045045045,0.023318710432144975
P04_L049,2.4263375375375373,0.024383155014063265
P04_L049,2.4338246246246245,0.02548424251904975
P04_L049,2.4413117117117116,0.026622228943715767
P04_L049,2.4487987987987987,0.027797395088751328
P04_L049,2.456285885885886,0.02901008316611854
P04_L049,2.463772972972973,0.030260753685787057
P04_L049,2.47126006006006,0.0315500630067456
P04_L049,2.478747147147147,0.03287896003612984
P04_L049,2.4862342342342343,0.034248798450648966
P04_L049,2.4937213213213214,0.035661458633949046
P04_L049,2.5012084084084085,0.03711947143840452
P04_L049,2.5086954954954956,0.038626134074475536
P04_L049,2.5161825825825828,0.04018560709389428
P04_L049,2.52366966966967,0.04180298074095404
P04_L049,2.5311567567567566,0.04348429904551857
P04_L049,2.5386438438438437,0.04523653102117377
P04_L049,2.546130930930931,0.04706748024917868
P04_L049,2.553618018018018,0.04898562693749764
P04_L049,2.561105105105105,0.050999900130475936
P04_L049,2.568592192192192,0.05311938191905084
P04_L049,2.5760792792792793,0.05535295000811905
P04_L049,2.583566366366366,0.057708869531569715
P04_L049,2.591053453453453,0.060194349234709746
P04_L049,2.59854054054054,0.06281508073692063
P04_L049,2.6060276276276273,0.06557478224217912
P04_L049,2.6135147147147144,0.06847476953636737
P04_L049,2.6210018018018015,0.0715135772338783
P04_L049,2.6284888888888887,0.07468665194574294
P04_L049,2.6359759759759758,0.0779861363781395
P04_L049,2.643463063063063,0.08140075948000025
P04_L049,2.65095015015015,0.08491584288237013
P04_L049,2.658437237237237,0.08851342832528088
P04_L049,2.6659243243243242,0.09217252491251889
P04_L049,2.6734114114114114,0.09586946924880492
P04_L049,2.6808984984984985,0.09957838615936088
P04_L049,2.6883855855855856,0.10327173308434104
P04_L049,2.6958726726726727,0.1069209076262176
P04_L049,2.70335975975976,0.11049689526734938
P04_L049,2.710846846846847,0.11397093303636409
P04_L049,2.718333933933934,0.1173151648659156
P04_L049,2.725821021021021,0.12050326545462237
P04_L049,2.7333081081081083,0.12351101146842298
P04_L049,2.740795195195195,0.1263167817008568
P04_L049,2.748282282282282,0.12890197115428464
P04_L049,2.7557693693693692,0.1312513077071875
P04_L049,2.7632564564564563,0.13335306392011073
P04_L049,2.7707435435435435,0.13519916045737784
P04_L049,2.7782306306306306,0.1367851614467846
P04_L049,2.7857177177177177,0.13811016577447469
P04_L049,2.7932048048048044,0.1391766017432532
P04_L049,2.8006918918918915,0.1399899356424408
P04_L049,2.8081789789789786,0.14055830751577061
P04_L049,2.8156660660660657,0.14089210969181576
P04_L049,2.823153153153153,0.14100352537121874
P04_L049,2.83064024024024,0.14090604565530018
P04_L049,2.838127327327327,0.14061398376837667
P04_L049,2.845614414414414,0.14014200481066083
P04_L049,2.8531015015015013,0.1395046881582655
P04_L049,2.8605885885885884,0.1387161376318418
P04_L049,2.8680756756756756,0.13778965187688239
P04_L049,2.8755627627627627,0.1367374641892512
P04_L049,2.88304984984985,0.13557055748496397
P04_L049,2.890536936936937,0.13429855649634714
P04_L049,2.898024024024024,0.13292969583295378
P04_L049,2.905511111111111,0.1314708595162593
P04_L049,2.9129981981981983,0.12992768518078324
P04_L049,2.9204852852852854,0.128304724464023
P04_L049,2.9279723723723725,0.12660565023452366
P04_L049,2.9354594594594596,0.12483350119542751
P04_L049,2.9429465465465467,0.12299095493231779
P04_L049,2.9504336336336334,0.12108062146636218
P04_L049,2.9579207207207205,0.11910535060384717
P04_L049,2.9654078078078077,0.11706854760765999
P04_L049,2.972894894894895,0.1149744927407813
P04_L049,2.980381981981982,0.1128286608770271
P04_L049,2.987869069069069,0.1106380375338337
P04_L049,2.995356156156156,0.10841142732089373
P04_L049,3.002843243243243,0.10615974995101297
P04_L049,3.01033033033033,0.10389631771749236
P04_L049,3.017817417417417,0.10163708683698426
P04_L049,3.025304504504504,0.09940087343850214
P04_L049,3.0327915915915913,0.09720952339781393
P04_L049,3.0402786786786784,0.09508802380655974
P04_L049,3.0477657657657655,0.0930645427395788
P04_L049,3.0552528528528526,0.09117038323321457
P04_L049,3.0627399399399398,0.08943983709027085
P04_L049,3.070227027027027,0.08790992436207762
P04_L049,3.077714114114114,0.08662000521742763
P04_L049,3.085201201201201,0.08561125250868327
P04_L049,3.0926882882882882,0.08492597583125444
P04_L049,3.1001753753753754,0.08460679140682537
P04_L049,3.1076624624624625,0.08469563686517166
P04_L049,3.1151495495495496,0.08523263608337864
P04_L049,3.1226366366366367,0.08625482672140532
P04_L049,3.130123723723724,0.08779477191053293
P04_L049,3.137610810810811,0.08987908749189565
P04_L049,3.145097897897898,0.09252692686774963
P04_L049,3.1525849849849847,0.09574847632367355
P04_L049,3.160072072072072,0.09954352382653688
P04_L049,3.167559159159159,0.10390017287481258
P04_L049,3.175046246246246,0.10879377896575793
P04_L049,3.182533333333333,0.1141861886434961
P04_L049,3.1900204204204203,0.12002535900638488
P04_L049,3.1975075075075075,0.12624542830255894
P04_L049,3.204994594594594,0.1327672954739027
P04_L049,3.2124816816816812,0.13949974827631909
P04_L049,3.2199687687687684,0.14634115643137055
P04_L049,3.2274558558558555,0.1531817191595469
P04_L049,3.2349429429429426,0.15990622687196682
P04_L049,3.2424300300300297,0.16639726659488496
P04_L049,3.249917117117117,0.17253877196070036
P04_L049,3.257404204204204,0.17821979350076786
P04_L049,3.264891291291291,0.1833383456031317
P04_L049,3.272378378378378,0.1878051746484974
P04_L049,3.2798654654654653,0.19154728983871191
P04_L049,3.2873525525525524,0.1945111047979514
P04_L049,3.2948396396396396,0.1966650541581229
P04_L049,3.3023267267267267,0.1980015742866735
P04_L049,3.309813813813814,0.1985383696066972
P04_L049,3.317300900900901,0.19831892350186053
P04_L049,3.324787987987988,0.1974122530323657
P04_L049,3.332275075075075,0.19591194678910076
P04_L049,3.3397621621621623,0.19393456232209977
P04_L049,3.3472492492492494,0.1916174910370627
P04_L049,3.3547363363363365,0.1891164220148653
P04_L049,3.362223423423423,0.1866025502234324
P04_L049,3.3697105105105103,0.18425967812854877
P04_L049,3.3771975975975974,0.18228135262093123
P04_L049,3.3846846846846845,0.1808681620916936
P04_L049,3.3921717717717716,0.18022529274682278
P04_L049,3.3996588588588588,0.1805604107873923
P04_L049,3.407145945945946,0.18208190025958734
P04_L049,3.4146330330330326,0.18499744781499614
P04_L049,3.4221201201201197,0.18951292799742203
P04_L049,3.429607207207207,0.19583150855890796
P04_L049,3.437094294294294,0.20415286701084648
P04_L049,3.444581381381381,0.2146723890577306
P04_L049,3.452068468468468,0.22758020819210786
P04_L049,3.4595555555555553,0.24305994447952464
P04_L049,3.4670426426426424,0.26128700982194725
P04_L049,3.4745297297297295,0.2824263666142059
P04_L049,3.4820168168168166,0.30662965604929804
P04_L049,3.4895039039039037,0.33403165026104054
P04_L049,3.496990990990991,0.3647460274651703
P04_L049,3.504478078078078,0.39886051933620736
P04_L049,3.511965165165165,0.4364315327697917
P04_L049,3.5194522522522522,0.4774784013838907
P04_L049,3.5269393393393393,0.5219774728507203
P04_L049,3.5344264264264265,0.5698562835402767
P04_L049,3.541913513513513,0.6209881090847331
P04_L049,3.5494006006006003,0.6751872055295179
P04_L049,3.5568876876876874,0.7322050681617204
P04_L049,3.5643747747747745,0.7917280317596777
P04_L049,3.5718618618618616,0.8533765153549183
P04_L049,3.5793489489489487,0.9167061758861151
P04_L049,3.586836036036036,0.9812111785479719
P04_L049,3.594323123123123,1.0463297184578733
P04_L049,3.60181021021021,1.1114518408703904
P04_L049,3.609297297297297,1.1759295090732487
P04_L049,3.6167843843843843,1.23908876481799
P04_L049,3.6242714714714714,1.3002437210053202
P04_L049,3.6317585585585586,1.3587120262031749
P04_L049,3.6392456456456457,1.4138313514132002
P04_L049,3.6467327327327324,1.4649763770194282
P04_L049,3.6542198198198195,1.5115757070206823
P04_L049,3.6617069069069066,1.5531281122759661
P04_L049,3.6691939939939937,1.5892175068722723
P04_L049,3.676681081081081,1.6195260923744683
P04_L049,3.684168168168168,1.6438451622732098
P04_L049,3.691655255255255,1.662083140200639
P04_L049,3.699142342342342,1.674270525612672
P04_L049,3.7066294294294293,1.6805615335779582
P04_L049,3.7141165165165164,1.6812323342599182
P04_L049,3.7216036036036035,1.6766759156853779
P04_L049,3.7290906906906907,1.6673937039745788
P04_L049,3.7365777777777778,1.6539841729361608
P04_L049,3.744064864864865,1.637128755883607
P04_L049,3.7515519519519516,1.6175754346484943
P04_L049,3.7590390390390387,1.5961204239384434
P04_L049,3.766526126126126,1.573588395178523
P04_L049,3.774013213213213,1.5508116960957532
P04_L049,3.7815003003003,1.5286090249142084
P04_L049,3.788987387387387,1.5077640158790937
P04_L049,3.7964744744744743,1.4890041903553568
P04_L049,3.8039615615615614,1.4729807283611709
P04_L049,3.8114486486486485,1.460249520869667
P04_L049,3.8189357357357356,1.4512539732544538
P04_L049,3.8264228228228228,1.4463100423201751
P04_L049,3.83390990990991,1.4455939987675916
P04_L049,3.841396996996997,1.4491334072738138
P04_L049,3.848884084084084,1.456801800158736
P04_L049,3.856371171171171,1.468317480276405
P04_L049,3.863858258258258,1.4832468176531124
P04_L049,3.871345345345345,1.5010122978401539
P04_L049,3.878832432432432,1.52090543628429
P04_L049,3.8863195195195193,1.5421044942866045
P04_L049,3.8938066066066064,1.5636967244800686
P04_L049,3.9012936936936935,1.5847046474510742
P04_L049,3.9087807807807806,1.6041156299895318
P04_L049,3.9162678678678677,1.620913815931858
P04_L049,3.923754954954955,1.6341132704060182
P04_L049,3.931242042042042,1.642791054910434
P04_L049,3.938729129129129,1.6461188694079423
P04_L049,3.946216216216216,1.6433918901315279
P04_L049,3.9537033033033033,1.6340535045921611
P04_L049,3.96119039039039,1.6177147987835923
P04_L049,3.968677477477477,1.594167879716529
P04_L049,3.9761645645645642,1.5633924068223017
P04_L049,3.9836516516516514,1.5255550406310079
P04_L049,3.9911387387387385,1.4810018745945597
P04_L049,3.9986258258258256,1.4302442719161321
P04_L049,4.006112912912913,1.3739388595458877
P04_L049,4.0136,1.3128627138260993
P04_L049,4.021087087087087,1.2478849882021819
P04_L049,4.0285741741741745,1.1799363698994605
P04_L049,4.036061261261262,1.109977802812223
P04_L049,4.043548348348349,1.038969878100065
P04_L049,4.051035435435436,0.9678441786311882
P04_L049,4.058522522522523,0.897477680566033
P04_L049,4.066009609609609,0.8286710814351469
P04_L049,4.073496696696696,0.7621316580939607
P04_L049,4.0809837837837835,0.6984609799002482
P04_L049,4.088470870870871,0.6381475315153435
P04_L049,4.095957957957958,0.581564052753428
P04_L049,4.103445045045045,0.5289691933223786
P04_L049,4.110932132132132,0.4805129173872523
P04_L049,4.118419219219219,0.43624498146871954
P04_L049,4.125906306306306,0.3961257497903675
P04_L049,4.133393393393393,0.36003860054832104
P04_L049,4.14088048048048,0.3278032084037927
P04_L049,4.1483675675675675,0.2991890544170385
P04_L049,4.155854654654655,0.2739286051502667
P04_L049,4.163341741741741,0.2517297080818521
P04_L049,4.170828828828828,0.23228686170787105
P04_L049,4.178315915915915,0.215291127886547
P04_L049,4.185803003003002,0.20043855484462356
P04_L049,4.193290090090089,0.18743706734722138
P04_L049,4.2007771771771765,0.17601185316479195
P04_L049,4.208264264264264,0.1659093311191658
P04_L049,4.215751351351351,0.1568998259905036
P04_L049,4.223238438438438,0.1487791007922168
P04_L049,4.230725525525525,0.14136890943483202
P04_L049,4.238212612612612,0.13451673502639255
P04_L049,4.245699699699699,0.12809487349651016
P04_L049,4.253186786786786,0.12199901123965481
P04_L049,4.260673873873873,0.11614643111188416
P04_L049,4.2681609609609605,0.11047396506478732
P04_L049,4.275648048048048,0.10493579523775937
P04_L049,4.283135135135135,0.0995011893467464
P04_L049,4.290622222222222,0.09415224126356317
P04_L049,4.298109309309309,0.08888167406973956
P04_L049,4.305596396396396,0.08369075069628239
P04_L049,4.313083483483483,0.07858732650550115
P04_L049,4.32057057057057,0.07358406874599523
P04_L049,4.3280576576576575,0.06869685960333687
P04_L049,4.335544744744745,0.06394339246456306
P04_L049,4.343031831831832,0.05934196491578496
P04_L049,4.350518918918919,0.054910466818496456
P04_L049,4.358006006006006,0.050665557495447
P04_L049,4.365493093093093,0.04662202254396937
P04_L049,4.37298018018018,0.042792298028441145
P04_L049,4.380467267267267,0.03918614772674473
P04_L049,4.387954354354354,0.035810477656312074
P04_L049,4.3954414414414416,0.03266927121725634
P04_L049,4.402928528528529,0.02976362789477888
P04_L049,4.410415615615616,0.027091888492815304
P04_L049,4.417902702702703,0.024649830261883075
P04_L049,4.42538978978979,0.02243091597840928
P04_L049,4.432876876876877,0.020426581979178886
P04_L049,4.440363963963964,0.018626551307920874
P04_L049,4.447851051051051,0.017019159450779045
P04_L049,4.4553381381381385,0.015591681585140764
P04_L049,4.462825225225226,0.01433065180384381
P04_L049,4.470312312312313,0.013222166364500614
P04_L049,4.477799399399399,0.012252164610288488
P04_L049,4.485286486486486,0.01140668277160069
P04_L049,4.492773573573573,0.010672077345800012
P04_L049,4.50026066066066,0.010035216126504596
P04_L049,4.5077477477477474,0.009483636181855498
P04_L049,4.515234834834835,0.009005669138832734
P04_L049,4.522721921921922,0.008590535003639425
P04_L049,4.530209009009009,0.008228406432738292
P04_L049,4.537696096096096,0.007910445871608005
P04_L049,4.545183183183183,0.007628818313478554
P04_L049,4.55267027027027,0.007376682619176754
P04_L049,4.560157357357357,0.007148164406254497
P04_L049,4.567644444444444,0.0069383134861547985
P04_L049,4.5751315315315315,0.00674304872626559
P04_L049,4.582618618618618,0.0065590930602812784
P04_L049,4.590105705705705,0.0063839011823907865
P04_L049,4.597592792792792,0.006215582251446746
P04_L049,4.605079879879879,0.006052819709848673
P04_L049,4.612566966966966,0.005894790095059401
P04_L049,4.620054054054053,0.005741082494360996
P04_L049,4.6275411411411405,0.005591620069733101
P04_L049,4.635028228228228,0.005446584863536286
P04_L049,4.642515315315315,0.00530634689113307
P04_L049,4.650002402402402,0.005171398337962178
P04_L049,4.657489489489489,0.005042293509954016
P04_L049,4.664976576576576,0.0049195950407821066
P04_L049,4.672463663663663,0.004803826739024079
P04_L049,4.67995075075075,0.0046954333624531774
P04_L049,4.687437837837837,0.004594747532421899
P04_L049,4.6949249249249245,0.004501963942939375
P04_L049,4.702412012012012,0.0044171209684323014
P04_L049,4.709899099099099,0.004340089721342241
P04_L049,4.717386186186186,0.004270570544898269
P04_L049,4.724873273273273,0.004208096837381394
P04_L049,4.73236036036036,0.004152045983759875
P04_L049,4.739847447447447,0.004101657013995945
P04_L049,4.747334534534534,0.00405605441464168
P04_L049,4.7548216216216215,0.004014277297225662
P04_L049,4.762308708708709,0.003975312884980004
P04_L049,4.769795795795796,0.003938133035814125
P04_L049,4.777282882882883,0.003901732295644486
P04_L049,4.78476996996997,0.0038651657963491137
P04_L049,4.792257057057057,0.0038275852010039263
P04_L049,4.799744144144144,0.0037882708773930057
P04_L049,4.807231231231231,0.003746658565463742
P04_L049,4.814718318318318,0.0037023590040420416
P04_L049,4.8222054054054055,0.0036551692957407056
P04_L049,4.829692492492493,0.0036050752050484536
P04_L049,4.83717957957958,0.0035522440811368216
P04_L049,4.844666666666667,0.003497008642910584
P04_L049,4.852153753753754,0.0034398424214342844
P04_L049,4.859640840840841,0.003381328182717611
P04_L049,4.867127927927928,0.003322121110761554
P04_L049,4.874615015015015,0.003262908879669926
P04_L049,4.8821021021021025,0.003204370955142772
P04_L049,4.889589189189189,0.00314713952105914
P04_L049,4.897076276276276,0.0030917643199643127
P04_L049,4.904563363363363,0.003038683434207143
P04_L049,4.91205045045045,0.0029882016369806464
P04_L049,4.919537537537537,0.0029404774401544102
P04_L049,4.927024624624624,0.0028955193970033564
P04_L049,4.934511711711711,0.0028531916254893003
P04_L049,4.9419987987987986,0.0028132279447838924
P04_L049,4.949485885885886,0.0027752535039696578
P04_L049,4.956972972972973,0.0027388123603736578
P04_L049,4.96446006006006,0.0027033991597178596
P04_L049,4.971947147147147,0.0026684928946872854
P04_L049,4.979434234234234,0.002633590675418449
P04_L049,4.986921321321321,0.0025982395277921928
P04_L049,4.9944084084084075,0.002562064428230723
P04_L049,5.001895495495495,0.002524791066215389
P04_L049,5.009382582582582,0.002486262174128646
P04_L049,5.016869669669669,0.002446446653821577
P04_L049,5.024356756756756,0.0024054411374711798
P04_L049,5.031843843843843,0.0023634640265815885
P04_L049,5.03933093093093,0.002320842440626797
P04_L049,5.046818018018017,0.0022779928624740964
P04_L049,5.0543051051051044,0.002235396580832585
P04_L049,5.061792192192192,0.002193571291923713
P04_L049,5.069279279279279,0.0021530404257394087
P04_L049,5.076766366366366,0.0021143018993043518
P04_L049,5.084253453453453,0.0020777980630138394
P04_L049,5.09174054054054,0.002043888589473443
P04_L049,5.099227627627627,0.0020128279516565383
P04_L049,5.106714714714714,0.00198474894547648
P04_L049,5.114201801801801,0.001959653431894461
P04_L049,5.1216888888888885,0.0019374111116814878
P04_L049,5.129175975975976,0.0019177667145297106
P04_L049,5.136663063063063,0.0019003555027090997
P04_L049,5.14415015015015,0.0018847264835308909
P04_L049,5.151637237237237,0.0018703722251524773
P04_L049,5.159124324324324,0.0018567637103026398
P04_L049,5.166611411411411,0.0018433882761329518
P04_L049,5.174098498498498,0.0018297884066837634
P04_L049,5.1815855855855855,0.001815598992760171
P04_L049,5.189072672672673,0.0018005806694057686
P04_L049,5.19655975975976,0.0017846469904570358
P04_L049,5.204046846846847,0.0017678834983943337
P04_L049,5.211533933933934,0.0017505571801169637
P04_L049,5.219021021021021,0.0017331153393338806
P04_L049,5.226508108108108,0.0017161735296521003
P04_L049,5.233995195195195,0.0017004928392471412
P04_L049,5.241482282282282,0.0016869474558886917
P04_L049,5.2489693693693695,0.0016764840286727849
P04_L049,5.256456456456457,0.0016700748427822987
P04_L049,5.263943543543544,0.0016686672054817542
P04_L049,5.271430630630631,0.0016731316837158426
P04_L049,5.278917717717718,0.0016842119245099366
P04_L049,5.286404804804805,0.0017024787275400886
P04_L049,5.293891891891892,0.0017282908331032246
P04_L049,5.301378978978979,0.00176176455494621
P04_L049,5.308866066066066,0.001802753949077604
P04_L049,5.316353153153153,0.0018508426940350125
P04_L049,5.32384024024024,0.0019053482942617877
P04_L049,5.331327327327327,0.0019653386352306654
P04_L049,5.338814414414414,0.0020296603438535463
P04_L049,5.346301501501501,0.0020969778646385893
P04_L049,5.353788588588588,0.00216582167149684
P04_L049,5.361275675675675,0.00223464361388509
P04_L049,5.3687627627627625,0.002301877057567922
P04_L049,5.37624984984985,0.002365999235339514
P04_L049,5.383736936936937,0.0024255930799356195
P04_L049,5.391224024024024,0.00247940577654569
P04_L049,5.398711111111111,0.0025264013503834446
P04_L049,5.406198198198197,0.0025658047980323313
P04_L049,5.413685285285284,0.0025971355791192916
P04_L049,5.4211723723723715,0.002620228702673849
P04_L049,5.428659459459459,0.002635242160621692
P04_L049,5.436146546546546,0.002642650063548706
P04_L049,5.443633633633633,0.002643221498892086
P04_L049,5.45112072072072,0.002637985830277345
P04_L049,5.458607807807807,0.0026281858542908866
P04_L049,5.466094894894894,0.0026152208888617595
P04_L049,5.473581981981981,0.0026005824450892638
P04_L049,5.481069069069068,0.0025857855923177944
P04_L049,5.4885561561561556,0.0025722994293275645
P04_L049,5.496043243243243,0.002561480194981616
P04_L049,5.50353033033033,0.0025545104722393135
P04_L049,5.511017417417417,0.002552347655428777
P04_L049,5.518504504504504,0.00255568437129894
P04_L049,5.525991591591591,0.00256492289298404
P04_L049,5.533478678678678,0.0025801647990438916
P04_L049,5.540965765765765,0.002601216254565049
P04_L049,5.5484528528528525,0.0026276083830737524
P04_L049,5.55593993993994,0.0026586313157459136
P04_L049,5.563427027027027,0.002693379706664259
P04_L049,5.570914114114114,0.0027308068433677846
P04_L049,5.578401201201201,0.002769784005411811
P04_L049,5.585888288288288,0.00280916146246392
P04_L049,5.593375375375375,0.0028478274750641766
P04_L049,5.600862462462462,0.0028847618667855643
P04_L049,5.6083495495495495,0.002919081160978978
P04_L049,5.615836636636637,0.002950072888171848
P04_L049,5.623323723723724,0.0029772174281322895
P04_L049,5.630810810810811,0.0030001966004773763
P04_L049,5.638297897897898,0.0030188891005070956
P04_L049,5.645784984984985,0.0030333537321220283
P04_L049,5.653272072072072,0.003043802159426875
P04_L049,5.660759159159159,0.0030505635319512106
P04_L049,5.668246246246246,0.003054043794690943
P04_L049,5.6757333333333335,0.0030546827458188806
P04_L049,5.683220420420421,0.003052911939205772
P04_L049,5.690707507507508,0.003049116348662779
P04_L049,5.698194594594595,0.003043602334051706
P04_L049,5.705681681681682,0.003036573907801272
P04_L049,5.713168768768769,0.0030281186368794886
P04_L049,5.720655855855856,0.00301820378090405
P04_L049,5.728142942942943,0.003006682517033029
P04_L049,5.7356300300300305,0.002993309391825812
P04_L049,5.743117117117118,0.002977763520520594
P04_L049,5.750604204204205,0.0029596775682224894
P04_L049,5.758091291291292,0.0029386702270817458
P04_L049,5.765578378378379,0.0029143797666651454
P04_L049,5.773065465465464,0.002886496284348724
P04_L049,5.780552552552551,0.0028547905065812794
P04_L049,5.7880396396396385,0.0028191373643786685
P04_L049,5.795526726726726,0.002779533050170636
P04_L049,5.803013813813813,0.002736104813045167
P04_L049,5.8105009009009,0.0026891133167349255
P04_L049,5.817987987987987,0.0026389479213391304
P04_L049,5.825475075075074,0.0025861157128127736
P04_L049,5.832962162162161,0.002531225459536683
P04_L049,5.840449249249248,0.0024749679002851388
P04_L049,5.8479363363363355,0.0024180938533528078
P04_L049,5.855423423423423,0.002361391586721479
P04_L049,5.86291051051051,0.0023056647206275314
P04_L049,5.870397597597597,0.00225171167362431
P04_L049,5.877884684684684,0.0022003073451480446
P04_L049,5.885371771771771,0.002152187388924429
P04_L049,5.892858858858858,0.0021080351089471116
P04_L049,5.900345945945945,0.0020684707356487864
P04_L049,5.907833033033032,0.0020340426394560695
P04_L049,5.9153201201201195,0.002005219927980306
P04_L049,5.922807207207207,0.0019823858570219128
P04_L049,5.930294294294294,0.0019658315593589866
P04_L049,5.937781381381381,0.001955749744698213
P04_L049,5.945268468468468,0.0019522282276745466
P04_L049,5.952755555555555,0.0019552433722293604
P04_L049,5.960242642642642,0.0019646537721690806
P04_L049,5.967729729729729,0.001980194692454509
P04_L049,5.9752168168168165,0.0020014739507639764
P04_L049,5.982703903903904,0.002027970006810683
P04_L049,5.990190990990991,0.0020590330374904127
P04_L049,5.997678078078078,0.00209388970641793
P04_L049,6.005165165165165,0.0021316521912621736
P04_L049,6.012652252252252,0.002171331822354178
P04_L049,6.020139339339339,0.002211857427151881
P04_L049,6.027626426426426,0.002252098186500961
P04_L049,6.035113513513513,0.0022908905110979945
P04_L049,6.042600600600601,0.0023270681610882494
P04_L049,6.050087687687688,0.0023594945779779617
P04_L049,6.057574774774775,0.002387096193301965
P04_L049,6.065061861861862,0.0024088953368894086
P04_L049,6.072548948948949,0.0024240412995207737
P04_L049,6.080036036036036,0.00243183811659368
P04_L049,6.087523123123123,0.0024317677331151693
P04_L049,6.09501021021021,0.0024235073834501307
P04_L049,6.1024972972972975,0.0024069402647911146
P04_L049,6.109984384384385,0.002382158889836273
P04_L049,6.117471471471472,0.002349460856041937
P04_L049,6.124958558558559,0.002309337146764397
P04_L049,6.132445645645646,0.002262453461519024
P04_L049,6.139932732732733,0.0022096254347513276
P04_L049,6.14741981981982,0.002151788921136086
P04_L049,6.154906906906907,0.002089966778377302
P04_L049,6.1623939939939945,0.002025233747184406
P04_L049,6.169881081081082,0.001958681099245952
P04_L049,6.177368168168169,0.0018913826910509312
P04_L049,6.184855255255254,0.0018243639254569115
P04_L049,6.192342342342341,0.0017585748931158059
P04_L049,6.199829429429428,0.0016948686589616305
P04_L049,6.207316516516515,0.0016339852980582791
P04_L049,6.2148036036036025,0.001576541897895674
P04_L049,6.22229069069069,0.0015230283606453856
P04_L049,6.229777777777777,0.0014738084885247782
P04_L049,6.237264864864864,0.001429125544884156
P04_L049,6.244751951951951,0.0013891112741998965
P04_L049,6.252239039039038,0.0013537972498905452
P04_L049,6.259726126126125,0.0013231274054157582
P04_L049,6.267213213213212,0.0012969706882763271
P04_L049,6.2747003003002995,0.0012751329466775363
P04_L049,6.282187387387387,0.0012573673958526479
P04_L049,6.289674474474474,0.001243383291021199
P04_L049,6.297161561561561,0.0012328527291521252
P04_L049,6.304648648648648,0.0012254157839241208
P04_L049,6.312135735735735,0.001220684421182832
P04_L049,6.319622822822822,0.0012182458235860667
P04_L049,6.327109909909909,0.0012176658568129421
P04_L049,6.334596996996996,0.0012184934268094016
P04_L049,6.3420840840840835,0.001220266407111544
P04_L049,6.349571171171171,0.001222519664272867
P04_L049,6.357058258258258,0.0012247954919193027
P04_L049,6.364545345345345,0.0012266564999106897
P04_L049,6.372032432432432,0.0012277007185260934
P04_L049,6.379519519519519,0.0012275783945621818
P04_L049,6.387006606606606,0.0012260097026256895
P04_L049,6.394493693693693,0.0012228023943003723
P04_L049,6.4019807807807805,0.001217868279641806
P04_L049,6.409467867867868,0.0012112373931727153
P04_L049,6.416954954954955,0.001203068746889767
P04_L049,6.424442042042042,0.0011936567149546144
P04_L049,6.431929129129129,0.001183432320471317
P04_L049,6.439416216216216,0.001172958988913158
P04_L049,6.446903303303303,0.0011629226744513165
P04_L049,6.45439039039039,0.001154116629552564
P04_L049,6.461877477477477,0.001147421447361242
P04_L049,6.4693645645645645,0.0011437813330000155
P04_L049,6.476851651651652,0.0011441778284534446
P04_L049,6.484338738738739,0.0011496024046317487
P04_L049,6.491825825825826,0.0011610294278731918
P04_L049,6.499312912912913,0.001179390998025762
P04_L049,6.5068,0.0012055550408005102
P04_L049,6.514287087087087,0.001240307825853919
P04_L049,6.521774174174174,0.0012843417891434188
P04_L049,6.5292612612612615,0.0013382491850039346
P04_L049,6.536748348348349,0.0014025217062589176
P04_L049,6.544235435435436,0.001477555818156515
P04_L049,6.551722522522523,0.0015636631827939077
P04_L049,6.55920960960961,0.0016610852315143581
P04_L049,6.566696696696697,0.0017700106957089254
P04_L049,6.574183783783784,0.0018905947476154557
P04_L049,6.581670870870871,0.0020229783409466953
P04_L049,6.5891579579579584,0.002167306377700646
P04_L049,6.596645045045046,0.0023237434561001876
P04_L049,6.604132132132131,0.0024924861625591726
P04_L049,6.611619219219218,0.002673771140068027
P04_L049,6.619106306306305,0.0028678784752746967
P04_L049,6.626593393393392,0.003075130274199682
P04_L049,6.634080480480479,0.0032958846196980665
P04_L049,6.6415675675675665,0.0035305254021336815
P04_L049,6.649054654654654,0.003779448771045835
P04_L049,6.656541741741741,0.004043047156547723
P04_L049,6.664028828828828,0.0043216919457258135
P04_L049,6.671515915915915,0.004615715966557192
P04_L049,6.679003003003002,0.004925396928891
P04_L049,6.686490090090089,0.0052509429013750135
P04_L049,6.693977177177176,0.005592480770293145
P04_L049,6.7014642642642634,0.005950048438982296
P04_L049,6.708951351351351,0.006323591294662676
P04_L049,6.716438438438438,0.006712963204594728
P04_L049,6.723925525525525,0.007117932018229538
P04_L049,6.731412612612612,0.007538189260194405
P04_L049,6.738899699699699,0.00797336341496877
P04_L049,6.746386786786786,0.008423035942614131
P04_L049,6.753873873873873,0.008886758940313329
P04_L049,6.76136096096096,0.009364073190243414
P04_L049,6.7688480480480475,0.009854525222388128
P04_L049,6.776335135135135,0.010357681980928126
P04_L049,6.783822222222222,0.010873141721518908
P04_L049,6.791309309309309,0.011400539887222495
P04_L049,6.798796396396396,0.01193954891224981
P04_L049,6.806283483483483,0.012489871179930894
P04_L049,6.81377057057057,0.013051224705093033
P04_L049,6.821257657657657,0.013623321507837105
P04_L049,6.8287447447447445,0.014205839078395021
P04_L049,6.836231831831832,0.014798385781028238
P04_L049,6.843718918918919,0.015400461486177998
P04_L049,6.851206006006006,0.016011415130255613
P04_L049,6.858693093093093,0.01663040125720257
P04_L049,6.86618018018018,0.01725633787171106
P04_L049,6.873667267267267,0.017887868109298974
P04_L049,6.881154354354354,0.018523328285159756
P04_L049,6.888641441441441,0.01916072480832017
P04_L049,6.8961285285285285,0.019797722232412343
P04_L049,6.903615615615616,0.020431644358419595
P04_L049,6.911102702702703,0.02105948981490191
P04_L049,6.91858978978979,0.021677962932525042
P04_L049,6.926076876876877,0.022283520025657443
P04_L049,6.933563963963964,0.0228724304259081
P04_L049,6.941051051051051,0.02344085081942311
P04_L049,6.948538138138138,0.023984910665817986
P04_L049,6.9560252252252255,0.02450080576942344
P04_L049,6.963512312312313,0.024984896481206043
P04_L049,6.9709993993994,0.02543380657754171
P04_L049,6.978486486486487,0.025844518628620215
P04_L049,6.985973573573574,0.026214461662936322
P04_L049,6.993460660660661,0.02654158716954577
P04_L049,7.000947747747748,0.026824429954473546
P04_L049,7.008434834834835,0.027062151061641934
P04_L049,7.015921921921921,0.027254560843490462
P04_L049,7.023409009009008,0.027402121267034885
P04_L049,7.030896096096095,0.027505927599273554
P04_L049,7.038383183183182,0.02756767065547521
P04_L049,7.045870270270269,0.027589581737400656
P04_L049,7.053357357357356,0.027574363164239207
P04_L049,7.060844444444443,0.02752510784845047
P04_L049,7.0683315315315305,0.027445211652921242
P04_L049,7.075818618618618,0.027338282270446535
P04_L049,7.083305705705705,0.027208048103946208
P04_L049,7.090792792792792,0.02705827013483074
P04_L049,7.098279879879879,0.02689265910920574
P04_L049,7.105766966966966,0.026714799625367595
P04_L049,7.113254054054053,0.026528081957535896
P04_L049,7.12074114114114,0.02633564178444627
P04_L049,7.128228228228227,0.026140307480031447
P04_L049,7.1357153153153146,0.02594455431917014
P04_L049,7.143202402402402,0.025750464879522466
P04_L049,7.150689489489489,0.025559695075498982
P04_L049,7.158176576576576,0.02537344560697702
P04_L049,7.165663663663663,0.025192439081977974
P04_L049,7.17315075075075,0.025016903598963237
P04_L049,7.180637837837837,0.02484656406166662
P04_L049,7.188124924924924,0.024680642860705353
P04_L049,7.1956120120120115,0.02451787171806786
P04_L049,7.203099099099099,0.024356516402158006
P04_L049,7.210586186186186,0.024194415661091616
P04_L049,7.218073273273273,0.02402903510191767
P04_L049,7.22556036036036,0.023857535907128784
P04_L049,7.233047447447447,0.02367685729879149
P04_L049,7.240534534534534,0.023483810626610938
P04_L049,7.248021621621621,0.023275181971227975
P04_L049,7.2555087087087085,0.023047839319198373
P04_L049,7.262995795795796,0.022798839770910764
P04_L049,7.270482882882883,0.02252553195544809
P04_L049,7.27796996996997,0.02222564888705346
P04_L049,7.285457057057057,0.021897386913990104
P04_L049,7.292944144144144,0.021539467156659803
P04_L049,7.300431231231231,0.02115117685185787
P04_L049,7.307918318318318,0.020732389233031084
P04_L049,7.315405405405405,0.020283561884217406
P04_L049,7.3228924924924925,0.01980571480179076
P04_L049,7.33037957957958,0.019300390578631362
P04_L049,7.337866666666667,0.0187696000961128
P04_L049,7.345353753753754,0.018215757795409352
P04_L049,7.352840840840841,0.0176416109511201
P04_L049,7.360327927927928,0.017050167366002913
P04_L049,7.367815015015015,0.016444625554895606
P04_L049,7.375302102102102,0.0158283108269383
P04_L049,7.3827891891891895,0.01520461977186577
P04_L049,7.390276276276277,0.014576974592257805
P04_L049,7.397763363363364,0.013948787595925122
P04_L049,7.405250450450451,0.01332343507242245
P04_L049,7.412737537537538,0.012704238822440627
P04_L049,7.420224624624625,0.012094452873714223
P04_L049,7.42771171171171,0.011497252467629792
P04_L049,7.4351987987987975,0.010915722276998805
P04_L049,7.442685885885885,0.010352841028312987
P04_L049,7.450172972972972,0.009811460231488739
P04_L049,7.457660060060059,0.009294275517745941
P04_L049,7.465147147147146,0.008803790077666268
P04_L049,7.472634234234233,0.00834227078361398
P04_L049,7.48012132132132,0.007911698669837212
P04_L049,7.487608408408407,0.007513716424686243
P04_L049,7.4950954954954945,0.007149576325870614
P04_L049,7.502582582582582,0.006820092542412789
P04_L049,7.510069669669669,0.006525601881898969
P04_L049,7.517556756756756,0.006265936855067733
P04_L049,7.525043843843843,0.006040414370756201
P04_L049,7.53253093093093,0.005847842503761572
P04_L049,7.540018018018017,0.005686546665431518
P04_L049,7.547505105105104,0.005554415242493761
P04_L049,7.554992192192191,0.00544896345745615
P04_L049,7.5624792792792785,0.005367412950789657
P04_L049,7.569966366366366,0.005306783491406533
P04_L049,7.577453453453453,0.005263992372570312
P04_L049,7.58494054054054,0.005235956507704582
P04_L049,7.592427627627627,0.005219692039884826
P04_L049,7.599914714714714,0.005212406426548801
P04_L049,7.607401801801801,0.0052115784358797886
P04_L049,7.614888888888888,0.005215022248090989
P04_L049,7.6223759759759755,0.005220932829731864
P04_L049,7.629863063063063,0.0052279108667919166
P04_L049,7.63735015015015,0.005234966722962859
P04_L049,7.644837237237237,0.005241504055314976
P04_L049,7.652324324324324,0.0052472848010121816
P04_L049,7.659811411411411,0.005252378187506661
P04_L049,7.667298498498498,0.005257097171029463
P04_L049,7.674785585585585,0.0052619262450527
P04_L049,7.682272672672672,0.005267444866844925
P04_L049,7.68975975975976,0.005274250823997008
P04_L049,7.697246846846847,0.005282887712231781
P04_L049,7.704733933933934,0.0052937803379808955
P04_L049,7.712221021021021,0.005307181318203105
P04_L049,7.719708108108108,0.005323131455685081
P04_L049,7.727195195195195,0.005341435655695606
P04_L049,7.734682282282282,0.005361655259108772
P04_L049,7.742169369369369,0.00538311674187744
P04_L049,7.7496564564564565,0.005404935818241998
P04_L049,7.757143543543544,0.005426055134360586
P04_L049,7.764630630630631,0.0054452929988300655
P04_L049,7.772117717717718,0.005461400012178087
P04_L049,7.779604804804805,0.0054731200673515
P04_L049,7.787091891891892,0.005479252025497616
P04_L049,7.794578978978979,0.005478708440032521
P04_L049,7.802066066066066,0.005470568004773242
P04_L049,7.8095531531531535,0.005454118918733009
P04_L049,7.817040240240241,0.005428891053676433
P04_L049,7.824527327327328,0.0053946756282062455
P04_L049,7.832014414414415,0.005351531970291841
P04_L049,7.839501501501502,0.005299781819166357
P04_L049,7.846988588588587,0.005239992408220604
P04_L049,7.854475675675674,0.0051729502206294495
P04_L049,7.8619627627627615,0.005099627769663586
P04_L049,7.869449849849849,0.0050211459945566864
P04_L049,7.876936936936936,0.004938734870061785
P04_L049,7.884424024024023,0.004853694615171701
P04_L049,7.89191111111111,0.004767359486442249
P04_L049,7.899398198198197,0.004681065603847556
P04_L049,7.906885285285284,0.004596123644068303
P04_L049,7.914372372372371,0.004513796614997163
P04_L049,7.9218594594594585,0.004435282361798828
P04_L049,7.929346546546546,0.004361700006245567
P04_L049,7.936833633633633,0.004294079229864682
P04_L049,7.94432072072072,0.004233351201401515
P04_L049,7.951807807807807,0.004180340022824347
P04_L049,7.959294894894894,0.004135753807185419
P04_L049,7.966781981981981,0.004100174869151022
P04_L049,7.974269069069068,0.00407404895388692
P04_L049,7.981756156156155,0.004057673893114274
P04_L049,7.9892432432432425,0.004051188498182833
P04_L049,7.99673033033033,0.0040545628242570405
P04_L049,8.004217417417417,0.004067591124337034
P04_L049,8.011704504504504,0.004089888830591057
P04_L049,8.019191591591591,0.004120894746493803
P04_L049,8.026678678678678,0.00415987931960121
P04_L049,8.034165765765765,0.004205959422686183
P04_L049,8.041652852852852,0.004258119546068169
P04_L049,8.04913993993994,0.004315238751056504
P04_L049,8.056627027027027,0.004376122211168135
P04_L049,8.064114114114114,0.004439535728427923
P04_L049,8.0716012012012,0.004504241301711691
P04_L049,8.079088288288288,0.004569031674191203
P04_L049,8.086575375375375,0.0046327618124681145
P04_L049,8.094062462462462,0.004694375468567616
P04_L049,8.10154954954955,0.004752925328880028
P04_L049,8.109036636636636,0.0048075857289706855
P04_L049,8.116523723723724,0.004857657467675468
P04_L049,8.12401081081081,0.004902564840541007
P04_L049,8.131497897897898,0.0049418455833321676
P04_L049,8.138984984984985,0.004975134926573976
P04_L049,8.146472072072072,0.005002145374642152
P04_L049,8.15395915915916,0.005022644110082815
P04_L049,8.161446246246246,0.005036430068835842
P04_L049,8.168933333333333,0.005043312729174024
P04_L049,8.17642042042042,0.005043094511188532
P04_L049,8.183907507507508,0.005035558408362607
P04_L049,8.191394594594595,0.005020462089321704
P04_L049,8.198881681681682,0.004997539242791977
P04_L049,8.206368768768769,0.004966508422233848
P04_L049,8.213855855855856,0.00492708911040588
P04_L049,8.221342942942943,0.004879024200298547
P04_L049,8.22883003003003,0.004822107608254358
P04_L049,8.236317117117117,0.004756215325916491
P04_L049,8.243804204204205,0.004681337904432263
P04_L049,8.251291291291292,0.004597612166716805
P04_L049,8.258778378378377,0.004505349875277525
P04_L049,8.266265465465464,0.004405061151025975
P04_L049,8.273752552552551,0.004297470642103987
P04_L049,8.281239639639638,0.004183524772653498
P04_L049,8.288726726726726,0.004064388843575002
P04_L049,8.296213813813813,0.0039414332874022125
P04_L049,8.3037009009009,0.0038162089681789005
P04_L049,8.311187987987987,0.0036904120309080753
P04_L049,8.318675075075074,0.0035658394075573866
P04_L049,8.326162162162161,0.003444336641399875
P04_L049,8.333649249249248,0.0033277401645582677
P04_L049,8.341136336336335,0.003217816525515031
P04_L049,8.348623423423422,0.003116201291220887
P04_L049,8.35611051051051,0.0030243404277502067
P04_L049,8.363597597597597,0.0029434368890104605
P04_L049,8.371084684684684,0.0028744049193191773
P04_L049,8.378571771771771,0.0028178342165890097
P04_L049,8.386058858858858,0.002773965630631591
P04_L049,8.393545945945945,0.002742679514667411
P04_L049,8.401033033033032,0.002723497241129704
P04_L049,8.40852012012012,0.002715595771174953
P04_L049,8.416007207207207,0.0027178345666518115
P04_L049,8.423494294294294,0.002728793586716388
P04_L049,8.43098138138138,0.0027468206471569392
P04_L049,8.438468468468468,0.0027700860607027186
P04_L049,8.445955555555555,0.0027966422354360238
P04_L049,8.453442642642642,0.002824485792058197
P04_L049,8.46092972972973,0.002851619767290703
P04_L049,8.468416816816816,0.0028761135908865754
P04_L049,8.475903903903903,0.0028961587422172332
P04_L049,8.48339099099099,0.0029101182892866608
P04_L049,8.490878078078078,0.0029165688657106364
P04_L049,8.498365165165165,0.0029143340262771764
P04_L049,8.505852252252252,0.0029025083167383593
P04_L049,8.513339339339339,0.002880471778514482
P04_L049,8.520826426426426,0.0028478949676596205
P04_L049,8.528313513513513,0.002804734887634634
P04_L049,8.5358006006006,0.002751222509464901
P04_L049,8.543287687687688,0.002687842777140636
P04_L049,8.550774774774775,0.002615308170489625
P04_L049,8.558261861861862,0.00253452702453682
P04_L049,8.565748948948949,0.002446567887301937
P04_L049,8.573236036036036,0.002352621241214378
P04_L049,8.580723123123123,0.002253959920542797
P04_L049,8.58821021021021,0.0021518995311657126
P04_L049,8.595697297297297,0.0020477601212084812
P04_L049,8.603184384384384,0.0019428302621289691
P04_L049,8.610671471471472,0.0018383345798808348
P04_L049,8.618158558558559,0.0017354056252251583
P04_L049,8.625645645645646,0.0016350607926062864
P04_L049,8.633132732732733,0.0015381847916121612
P04_L049,8.64061981981982,0.0014455179496444155
P04_L049,8.648106906906907,0.0013576503873468826
P04_L049,8.655593993993994,0.0012750218702509304
P04_L049,8.663081081081081,0.0011979269133672152
P04_L049,8.670568168168167,0.0011265245131395656
P04_L049,8.678055255255254,0.0010608517157372614
P04_L049,8.685542342342341,0.0010008401125889135
P04_L049,8.693029429429428,0.0009463342906024194
P04_L049,8.700516516516515,0.0008971112586836722
P04_L049,8.708003603603602,0.0008528999221774496
P04_L049,8.71549069069069,0.0008133997761194865
P04_L049,8.722977777777777,0.0007782981258741227
P04_L049,8.730464864864864,0.0007472853058548373
P04_L049,8.73795195195195,0.0007200675379567936
P04_L049,8.745439039039038,0.0006963772355365061
P04_L049,8.752926126126125,0.0006759807025643657
P04_L049,8.760413213213212,0.0006586832906490285
P04_L049,8.7679003003003,0.0006443321532076714
P04_L049,8.775387387387386,0.0006328167754421425
P04_L049,8.782874474474474,0.0006240674653088626
P04_L049,8.79036156156156,0.0006180519729861875
P04_L049,8.797848648648648,0.0006147703761512384
P04_L049,8.805335735735735,0.0006142483387927972
P04_L049,8.812822822822822,0.0006165288349927898
P04_L049,8.82030990990991,0.0006216624365681035
P04_L049,8.827796996996996,0.0006296963013851737
P04_L049,8.835284084084083,0.0006406620694187778
P04_L049,8.84277117117117,0.0006545629727770561
P04_L049,8.850258258258258,0.0006713605853415606
P04_L049,8.857745345345345,0.0006909617643785647
P04_L049,8.865232432432432,0.0007132064544291978
P04_L049,8.872719519519519,0.0007378571156467831
P04_L049,8.880206606606606,0.0007645905878538802
P04_L049,8.887693693693693,0.000792993193917756
P04_L049,8.89518078078078,0.0008225598120000251
P04_L049,8.902667867867867,0.0008526975020633458
P04_L049,8.910154954954955,0.0008827340606514399
P04_L049,8.917642042042042,0.0009119316092608388
P04_L049,8.925129129129129,0.0009395050119259622
P04_L049,8.932616216216216,0.0009646445886263751
P04_L049,8.940103303303303,0.0009865422681217544
P04_L049,8.94759039039039,0.0010044200336384237
P04_L049,8.955077477477477,0.0010175592833542462
P04_L049,8.962564564564564,0.0010253295773505994
P04_L049,8.970051651651652,0.001027215190469351
P04_L049,8.977538738738739,0.0010228379457004626
P04_L049,8.985025825825826,0.0010119749660299766
P04_L049,8.992512912912913,0.0009945702457088337
P04_L049,9.0,0.0009707392876254662
P04_L100,1.4516,0.00034360599448285823
P04_L100,1.459041041041041,0.0003623667600644498
P04_L100,1.466482082082082,0.00038038777189399885
P04_L100,1.4739231231231231,0.000397732926810852
P04_L100,1.4813641641641642,0.0004144701933358792
P04_L100,1.4888052052052052,0.0004306471891779725
P04_L100,1.4962462462462462,0.00044626835112068503
P04_L100,1.5036872872872873,0.00046127684501095795
P04_L100,1.5111283283283283,0.0004755439930108006
P04_L100,1.5185693693693694,0.0004888682520272166
P04_L100,1.5260104104104104,0.0005009847382361929
P04_L100,1.5334514514514515,0.0005115850755568674
P04_L100,1.5408924924924925,0.0005203460939173436
P04_L100,1.5483335335335335,0.000526964766070567
P04_L100,1.5557745745745746,0.0005311958871680625
P04_L100,1.5632156156156156,0.0005328884778082565
P04_L100,1.5706566566566567,0.000532016795928439
P04_L100,1.5780976976976977,0.0005287021946698979
P04_L100,1.5855387387387387,0.0005232228323870004
P04_L100,1.5929797797797798,0.0005160093534486816
P04_L100,1.6004208208208208,0.0005076260055738303
P04_L100,1.6078618618618619,0.000498738109162834
P04_L100,1.615302902902903,0.000490068204356301
P04_L100,1.622743943943944,0.0004823444332490959
P04_L100,1.630184984984985,0.000476245643731419
P04_L100,1.637626026026026,0.0004723482292552981
P04_L100,1.645067067067067,0.0004710797808870144
P04_L100,1.652508108108108,0.00047268419999775996
P04_L100,1.6599491491491492,0.0004772020214430385
P04_L100,1.6673901901901902,0.00048446839220373325
P04_L100,1.6748312312312312,0.000494129545089186
P04_L100,1.6822722722722723,0.0005056768422776438
P04_L100,1.6897133133133133,0.0005184957048306212
P04_L100,1.6971543543543544,0.0005319251678680704
P04_L100,1.7045953953953954,0.0005453225761782999
P04_L100,1.7120364364364364,0.000558127206040975
P04_L100,1.7194774774774775,0.000569916467787676
P04_L100,1.7269185185185185,0.0005804488548092135
P04_L100,1.7343595595595596,0.0005896889365940187
P04_L100,1.7418006006006006,0.000597811355481775
P04_L100,1.7492416416416416,0.0006051828257288041
P04_L100,1.7566826826826827,0.0006123233466225803
P04_L100,1.7641237237237237,0.0006198499976174225
P04_L100,1.7715647647647648,0.0006284085483955934
P04_L100,1.7790058058058058,0.0006385994797517564
P04_L100,1.7864468468468468,0.0006509057108238626
P04_L100,1.7938878878878879,0.0006656292728497158
P04_L100,1.801328928928929,0.0006828433505905399
P04_L100,1.80876996996997,0.0007023646075411494
P04_L100,1.816211011011011,0.0007237486774548235
P04_L100,1.823652052052052,0.0007463093630679498
P04_L100,1.831093093093093,0.0007691596920205324
P04_L100,1.8385341341341341,0.0007912708066373367
P04_L100,1.8459751751751752,0.0008115429510775487
P04_L100,1.8534162162162162,0.0008288817547605098
P04_L100,1.8608572572572573,0.0008422727051755609
P04_L100,1.8682982982982983,0.0008508471739729151
P04_L100,1.8757393393393393,0.0008539345305436673
P04_L100,1.8831803803803804,0.0008510965855131541
P04_L100,1.8906214214214214,0.0008421426284823955
P04_L100,1.8980624624624625,0.0008271254039040427
P04_L100,1.9055035035035035,0.0008063202534570181
P04_L100,1.9129445445445445,0.0007801911276841303
P04_L100,1.9203855855855856,0.0007493480849840315
P04_L100,1.9278266266266266,0.0007145011871490638
P04_L100,1.9352676676676677,0.0006764153908776409
P04_L100,1.9427087087087087,0.0006358702269869931
P04_L100,1.9501497497497498,0.0005936269151581677
P04_L100,1.9575907907907908,0.0005504042738833475
P04_L100,1.9650318318318316,0.0005068635435121585
P04_L100,1.9724728728728729,0.00046360120548907195
P04_L100,1.9799139139139137,0.00042114816205793704
P04_L100,1.987354954954955,0.0003799732842961798
P04_L100,1.9947959959959958,0.0003404893265718659
P04_L100,2.002237037037037,0.000303059475256114
P04_L100,2.009678078078078,0.00026800324852602404
P04_L100,2.017119119119119,0.0002356009807486715
P04_L100,2.02456016016016,0.0002060966072641955
P04_L100,2.032001201201201,0.00017969883761558602
P04_L100,2.039442242242242,0.00015658102756356803
P04_L100,2.0468832832832833,0.00013688013057685982
P04_L100,2.054324324324324,0.00012069505843457811
P04_L100,2.0617653653653654,0.00010808466045297476
P04_L100,2.069206406406406,9.906540217839245e-05
P04_L100,2.0766474474474474,9.36087421376464e-05
P04_L100,2.0840884884884883,9.163820737392244e-05
P04_L100,2.0915295295295295,9.302626865373474e-05
P04_L100,2.0989705705705703,9.759130141533003e-05
P04_L100,2.1064116116116116,0.00010509515192901227
P04_L100,2.1138526526526524,0.0001152420563023585
P04_L100,2.1212936936936937,0.00012767982300527348
P04_L100,2.1287347347347345,0.00014200423272324312
P04_L100,2.1361757757757758,0.00015776749385462214
P04_L100,2.1436168168168166,0.00017449130385204377
P04_L100,2.151057857857858,0.00019168462144986955
P04_L100,2.1584988988988987,0.00020886569788313743
P04_L100,2.16593993993994,0.00022558731649948606
P04_L100,2.1733809809809808,0.0002414636349440337
P04_L100,2.180822022022022,0.0002561966000117039
P04_L100,2.188263063063063,0.0002695996880922056
P04_L100,2.195704104104104,0.00028161676437321614
P04_L100,2.203145145145145,0.0002923341666312065
P04_L100,2.210586186186186,0.00030198467910785994
P04_L100,2.218027227227227,0.00031094280434624714
P04_L100,2.2254682682682683,0.0003197115710560327
P04_L100,2.232909309309309,0.00032890192265458423
P04_L100,2.2403503503503504,0.0003392064038153621
P04_L100,2.247791391391391,0.0003513693104741795
P04_L100,2.2552324324324324,0.00036615563711971544
P04_L100,2.2626734734734733,0.0003843210344216808
P04_L100,2.2701145145145145,0.00040658461912764226
P04_L100,2.2775555555555553,0.00043360593734742477
P04_L100,2.2849965965965966,0.0004659667799045478
P04_L100,2.2924376376376374,0.0005041579995095814
P04_L100,2.2998786786786787,0.0005485710836770503
P04_L100,2.3073197197197195,0.0005994940578553759
P04_L100,2.3147607607607608,0.0006571113425909373
P04_L100,2.3222018018018016,0.0007215074231551174
P04_L100,2.329642842842843,0.0007926745165487593
P04_L100,2.3370838838838837,0.0008705247130148644
P04_L100,2.344524924924925,0.0009549071937183527
P04_L100,2.3519659659659657,0.001045630971928701
P04_L100,2.359407007007007,0.0011424931109650046
P04_L100,2.366848048048048,0.0012453115483852886
P04_L100,2.374289089089089,0.0013539605919888232
P04_L100,2.38173013013013,0.001468406011757485
P04_L100,2.389171171171171,0.001588735646831967
P04_L100,2.396612212212212,0.0017151808090291017
P04_L100,2.4040532532532533,0.0018481237009197475
P04_L100,2.411494294294294,0.0019880867177955223
P04_L100,2.4189353353353353,0.002135700909577201
P04_L100,2.426376376376376,0.0022916529615415707
P04_L100,2.4338174174174174,0.002456612611430292
P04_L100,2.4412584584584582,0.0026311451532816934
P04_L100,2.4486994994994995,0.0028156162197144155
P04_L100,2.4561405405405403,0.0030100980062108184
P04_L100,2.4635815815815816,0.003214287168896791
P04_L100,2.4710226226226224,0.0034274445542616986
P04_L100,2.478463663663663,0.0036483656067747058
P04_L100,2.4859047047047045,0.003875387811598502
P04_L100,2.4933457457457457,0.0041064380896674085
P04_L100,2.5007867867867866,0.004339119035388092
P04_L100,2.5082278278278274,0.004570828733014857
P04_L100,2.5156688688688686,0.004798905104225269
P04_L100,2.52310990990991,0.005020782798005567
P04_L100,2.5305509509509507,0.005234148917231036
P04_L100,2.5379919919919915,0.0054370836260764005
P04_L100,2.545433033033033,0.005628172965028369
P04_L100,2.552874074074074,0.005806583894345374
P04_L100,2.560315115115115,0.0059720953944838034
P04_L100,2.5677561561561557,0.006125083933443319
P04_L100,2.575197197197197,0.006266466237686902
P04_L100,2.5826382382382382,0.006397606524142702
P04_L100,2.590079279279279,0.006520198662598971
P04_L100,2.59752032032032,0.006636135751376397
P04_L100,2.604961361361361,0.00674738008206274
P04_L100,2.6124024024024024,0.006855845417338481
P04_L100,2.619843443443443,0.006963301089399195
P04_L100,2.627284484484484,0.007071304006065112
P04_L100,2.6347255255255253,0.007181160719958306
P04_L100,2.6421665665665666,0.0072939178277271555
P04_L100,2.6496076076076074,0.0074103756571182325
P04_L100,2.657048648648648,0.007531117907071003
P04_L100,2.6644896896896895,0.007656548902149084
P04_L100,2.6719307307307307,0.007786930472557118
P04_L100,2.6793717717717715,0.007922412022962285
P04_L100,2.6868128128128124,0.00806304976453723
P04_L100,2.6942538538538536,0.008208813879519715
P04_L100,2.701694894894895,0.008359585040080442
P04_L100,2.7091359359359357,0.008515143729667838
P04_L100,2.7165769769769765,0.008675156861316084
P04_L100,2.724018018018018,0.00883916609567941
P04_L100,2.731459059059059,0.00900658110160775
P04_L100,2.7389001001001,0.009176679061606059
P04_L100,2.7463411411411407,0.009348609457357467
P04_L100,2.753782182182182,0.009521401110882207
P04_L100,2.7612232232232232,0.009693967114589763
P04_L100,2.768664264264264,0.009865103039031901
P04_L100,2.776105305305305,0.010033474828038014
P04_L100,2.783546346346346,0.0101975949858145
P04_L100,2.7909873873873874,0.010355788683042155
P04_L100,2.798428428428428,0.010506154711793895
P04_L100,2.805869469469469,0.01064652915102937
P04_L100,2.8133105105105103,0.010774461532003036
P04_L100,2.8207515515515516,0.010887213723681479
P04_L100,2.8281925925925924,0.010981790441498725
P04_L100,2.835633633633633,0.011055007267216898
P04_L100,2.8430746746746745,0.011103597703996354
P04_L100,2.8505157157157157,0.011124355677875624
P04_L100,2.8579567567567565,0.011114304781830748
P04_L100,2.8653977977977974,0.011070881210070872
P04_L100,2.8728388388388386,0.01099211440926533
P04_L100,2.88027987987988,0.010876788426051196
P04_L100,2.8877209209209207,0.010724567920983056
P04_L100,2.8951619619619615,0.010536075715484405
P04_L100,2.902603003003003,0.01031291314563298
P04_L100,2.910044044044044,0.010057619833439856
P04_L100,2.917485085085085,0.009773575083873444
P04_L100,2.9249261261261257,0.009464848321047636
P04_L100,2.932367167167167,0.009136010240983839
P04_L100,2.939808208208208,0.008791919298292953
P04_L100,2.947249249249249,0.00843749957086253
P04_L100,2.95469029029029,0.008077525960055062
P04_L100,2.962131331331331,0.007716431242427942
P04_L100,2.9695723723723724,0.0073581469633793506
P04_L100,2.977013413413413,0.0070059868857138856
P04_L100,2.984454454454454,0.0066625780241849975
P04_L100,2.9918954954954953,0.006329840536731937
P04_L100,2.9993365365365365,0.006009014186015827
P04_L100,3.0067775775775774,0.0057007259568071416
P04_L100,3.014218618618618,0.005405090883689065
P04_L100,3.0216596596596594,0.005121836322670638
P04_L100,3.0291007007007007,0.0048504388534882465
P04_L100,3.0365417417417415,0.00459026274577058
P04_L100,3.0439827827827823,0.004340689439415724
P04_L100,3.0514238238238236,0.004101228715048428
P04_L100,3.058864864864865,0.003871604063004483
P04_L100,3.0663059059059057,0.0036518070609525568
P04_L100,3.0737469469469465,0.0034421181710160083
P04_L100,3.0811879879879878,0.003243094073299681
P04_L100,3.088629029029029,0.0030555242585700087
P04_L100,3.09607007007007,0.002880361906840785
P04_L100,3.1035111111111107,0.0027186359006577065
P04_L100,3.110952152152152,0.00257135202114055
P04_L100,3.118393193193193,0.0024393918653681157
P04_L100,3.125834234234234,0.002323417785194567
P04_L100,3.133275275275275,0.0022237912295308693
P04_L100,3.140716316316316,0.0021405103897754137
P04_L100,3.1481573573573574,0.0020731711703662315
P04_L100,3.155598398398398,0.002020953436714806
P04_L100,3.163039439439439,0.0019826324447748747
P04_L100,3.1704804804804803,0.0019566135284588043
P04_L100,3.1779215215215215,0.0019409866719515016
P04_L100,3.1853625625625623,0.0019335966247126988
P04_L100,3.192803603603603,0.0019321237603865833
P04_L100,3.2002446446446444,0.0019341709009810326
P04_L100,3.2076856856856857,0.001937351729350286
P04_L100,3.2151267267267265,0.0019393770600564812
P04_L100,3.2225677677677673,0.001938135978149391
P04_L100,3.2300088088088086,0.0019317695438815202
P04_L100,3.23744984984985,0.0019187352892092587
P04_L100,3.2448908908908907,0.0018978610412636768
P04_L100,3.2523319319319315,0.0018683867015101005
P04_L100,3.2597729729729727,0.0018299925481350856
P04_L100,3.267214014014014,0.0017828125198410332
P04_L100,3.274655055055055,0.0017274309121098356
P04_L100,3.2820960960960956,0.0016648610998464574
P04_L100,3.289537137137137,0.0015965053912438383
P04_L100,3.296978178178178,0.0015240959627128778
P04_L100,3.304419219219219,0.0014496180036467315
P04_L100,3.31186026026026,0.0013752176234256965
P04_L100,3.319301301301301,0.001303098592010526
P04_L100,3.3267423423423423,0.0012354134094626306
P04_L100,3.334183383383383,0.0011741553244510826
P04_L100,3.341624424424424,0.001121058558926384
P04_L100,3.3490654654654652,0.0010775140020554848
P04_L100,3.3565065065065065,0.0010445069355574008
P04_L100,3.3639475475475473,0.0010225819514728099
P04_L100,3.371388588588588,0.0010118382150172127
P04_L100,3.3788296296296294,0.0010119557812301987
P04_L100,3.3862706706706707,0.0010222510278189148
P04_L100,3.3937117117117115,0.0010417566871652258
P04_L100,3.4011527527527523,0.0010693197229026017
P04_L100,3.4085937937937936,0.0011037086495333406
P04_L100,3.416034834834835,0.0011437210299129852
P04_L100,3.4234758758758757,0.0011882819172646254
P04_L100,3.4309169169169165,0.0012365249515418153
P04_L100,3.4383579579579577,0.0012878495887781863
P04_L100,3.445798998998999,0.0013419503560991872
P04_L100,3.45324004004004,0.001398816827474133
P04_L100,3.4606810810810806,0.0014587059012069956
P04_L100,3.468122122122122,0.0015220906121573097
P04_L100,3.4755631631631627,0.0015895918379158483
P04_L100,3.483004204204204,0.0016619006285980124
P04_L100,3.490445245245245,0.001739699365632323
P04_L100,3.497886286286286,0.0018235895063636648
P04_L100,3.505327327327327,0.0019140323827028217
P04_L100,3.512768368368368,0.0020113075810172815
P04_L100,3.520209409409409,0.00211549110361304
P04_L100,3.5276504504504502,0.002226453110096705
P04_L100,3.535091491491491,0.0023438728728001667
P04_L100,3.5425325325325323,0.0024672669279333344
P04_L100,3.549973573573573,0.0025960254601660325
P04_L100,3.5574146146146144,0.0027294518161740558
P04_L100,3.564855655655655,0.0028668006787208743
P04_L100,3.5722966966966965,0.0030073117094710586
P04_L100,3.5797377377377373,0.003150237152990946
P04_L100,3.5871787787787786,0.0032948636903993933
P04_L100,3.5946198198198194,0.003440530422154137
P04_L100,3.6020608608608606,0.003586645954341266
P04_L100,3.6095019019019015,0.003732707940592457
P04_L100,3.6169429429429427,0.003878327978236263
P04_L100,3.6243839839839835,0.004023263488453992
P04_L100,3.631825025025025,0.004167456278092734
P04_L100,3.6392660660660656,0.004311075160167191
P04_L100,3.646707107107107,0.004454557666368946
P04_L100,3.6541481481481477,0.0045986439262609815
P04_L100,3.661589189189189,0.0047443946070517065
P04_L100,3.66903023023023,0.004893184721305332
P04_L100,3.676471271271271,0.005046666302350427
P04_L100,3.683912312312312,0.00520669543048543
P04_L100,3.691353353353353,0.005375222687386799
P04_L100,3.698794394394394,0.005554150456997781
P04_L100,3.706235435435435,0.005745165065570319
P04_L100,3.713676476476476,0.005949555961237526
P04_L100,3.7211175175175173,0.006168037367345158
P04_L100,3.728558558558558,0.006400589578044917
P04_L100,3.7359995995995994,0.006646336938623136
P04_L100,3.74344064064064,0.006903477436146809
P04_L100,3.7508816816816815,0.007169274852794481
P04_L100,3.7583227227227223,0.007440119001001275
P04_L100,3.7657637637637635,0.007711653280441236
P04_L100,3.7732048048048044,0.007978962423710259
P04_L100,3.7806458458458456,0.008236807614228176
P04_L100,3.7880868868868864,0.008479891867162862
P04_L100,3.7955279279279277,0.008703136174010029
P04_L100,3.8029689689689685,0.008901946668337716
P04_L100,3.81041001001001,0.00907245491434278
P04_L100,3.8178510510510506,0.009211716999378037
P04_L100,3.825292092092092,0.00931786184268278
P04_L100,3.8327331331331327,0.00939018429772495
P04_L100,3.840174174174174,0.00942918349314717
P04_L100,3.8476152152152148,0.009436550800695566
P04_L100,3.855056256256256,0.009415114414171226
P04_L100,3.862497297297297,0.009368748610235636
P04_L100,3.869938338338338,0.009302255451835495
P04_L100,3.877379379379379,0.009221225334834146
P04_L100,3.88482042042042,0.00913188087079694
P04_L100,3.892261461461461,0.009040906699173658
P04_L100,3.8997025025025023,0.008955266431226086
P04_L100,3.907143543543543,0.008882007400967147
P04_L100,3.9145845845845844,0.008828054384871456
P04_L100,3.922025625625625,0.008799994878382688
P04_L100,3.9294666666666664,0.00880386060938688
P04_L100,3.9369077077077073,0.008844912311112974
P04_L100,3.9443487487487485,0.00892743689188864
P04_L100,3.9517897897897893,0.00905456757384137
P04_L100,3.9592308308308306,0.0092281379755432
P04_L100,3.9666718718718714,0.009448580290543974
P04_L100,3.9741129129129127,0.009714875654996442
P04_L100,3.9815539539539535,0.010024561675046426
P04_L100,3.9889949949949948,0.01037379822235059
P04_L100,3.9964360360360356,0.010757488430866984
P04_L100,4.003877077077076,0.011169447809670252
P04_L100,4.011318118118117,0.011602610975752872
P04_L100,4.018759159159159,0.012049263083888049
P04_L100,4.0262002002002,0.012501281846182712
P04_L100,4.0336412412412415,0.012950376205599063
P04_L100,4.041082282282282,0.01338830921491653
P04_L100,4.048523323323323,0.013807095288816977
P04_L100,4.055964364364364,0.014199165433260033
P04_L100,4.063405405405405,0.014557497918270306
P04_L100,4.0708464464464456,0.014875715710913458
P04_L100,4.078287487487487,0.01514815539322267
P04_L100,4.085728528528528,0.015369914874693682
P04_L100,4.09316956956957,0.01553688868046497
P04_L100,4.100610610610611,0.015645799783843905
P04_L100,4.108051651651651,0.01569423582182491
P04_L100,4.115492692692692,0.01568069519236919
P04_L100,4.122933733733733,0.01560464522320128
P04_L100,4.130374774774774,0.01546659067779355
P04_L100,4.137815815815816,0.01526814676315413
P04_L100,4.145256856856856,0.015012107010995644
P04_L100,4.152697897897898,0.014702493407711938
P04_L100,4.160138938938939,0.01434457439521135
P04_L100,4.16757997997998,0.013944836208920413
P04_L100,4.175021021021021,0.013510894679342878
P04_L100,4.182462062062061,0.013051338142131707
P04_L100,4.189903103103102,0.012575497319663865
P04_L100,4.197344144144144,0.012093144585588519
P04_L100,4.204785185185185,0.011614132338502252
P04_L100,4.2122262262262264,0.011147987572548134
P04_L100,4.219667267267267,0.010703486332224383
P04_L100,4.227108308308308,0.01028823676239017
P04_L100,4.234549349349349,0.009908302191200752
P04_L100,4.24199039039039,0.009567895581414134
P04_L100,4.2494314314314305,0.009269173494273034
P04_L100,4.256872472472472,0.009012151498449418
P04_L100,4.264313513513513,0.008794754140363063
P04_L100,4.271754554554555,0.008613001911259847
P04_L100,4.279195595595596,0.008461326097286878
P04_L100,4.286636636636636,0.008332991131034858
P04_L100,4.294077677677677,0.008220594250653678
P04_L100,4.301518718718718,0.008116604976377976
P04_L100,4.308959759759759,0.008013902952785338
P04_L100,4.316400800800801,0.007906272552471345
P04_L100,4.323841841841841,0.007788816360656921
P04_L100,4.331282882882883,0.00765825690891149
P04_L100,4.338723923923924,0.007513106067689415
P04_L100,4.346164964964965,0.007353693314892307
P04_L100,4.353606006006006,0.007182056470291224
P04_L100,4.361047047047046,0.007001710188357344
P04_L100,4.368488088088087,0.00681731740617618
P04_L100,4.375929129129129,0.006634296148965702
P04_L100,4.38337017017017,0.006458398022204119
P04_L100,4.390811211211211,0.0062952951506331034
P04_L100,4.398252252252252,0.006150209409913794
P04_L100,4.405693293293293,0.0060276120084200085
P04_L100,4.413134334334334,0.005931013532403281
P04_L100,4.420575375375375,0.005862855334425682
P04_L100,4.4280164164164155,0.005824503536247662
P04_L100,4.435457457457457,0.0058163378002301395
P04_L100,4.442898498498498,0.005837919143570975
P04_L100,4.45033953953954,0.0058882150027191466
P04_L100,4.457780580580581,0.005965855882530576
P04_L100,4.465221621621621,0.006069396432108042
P04_L100,4.472662662662662,0.0061975546809643865
P04_L100,4.480103703703703,0.006349406288716382
P04_L100,4.487544744744744,0.006524515714128794
P04_L100,4.494985785785786,0.006722992781314921
P04_L100,4.502426826826826,0.006945470696398931
P04_L100,4.509867867867868,0.007193009545780352
P04_L100,4.517308908908909,0.007466937023085018
P04_L100,4.52474994994995,0.007768644891746992
P04_L100,4.5321909909909905,0.00809936481724858
P04_L100,4.539632032032031,0.00845995010009938
P04_L100,4.547073073073072,0.008850690061682022
P04_L100,4.554514114114114,0.009271181158311858
P04_L100,4.561955155155155,0.009720273388156727
P04_L100,4.569396196196196,0.010196102597596932
P04_L100,4.576837237237237,0.01069620959767845
P04_L100,4.584278278278278,0.011217736555908167
P04_L100,4.591719319319319,0.011757681111163102
P04_L100,4.59916036036036,0.012313180307090218
P04_L100,4.6066014014014005,0.012881790893904628
P04_L100,4.614042442442442,0.013461730695968845
P04_L100,4.621483483483483,0.014052048070539277
P04_L100,4.628924524524525,0.01465269297988159
P04_L100,4.636365565565566,0.015264473314070636
P04_L100,4.643806606606606,0.015888892779986535
P04_L100,4.651247647647647,0.01652788046257081
P04_L100,4.658688688688688,0.0171834353954791
P04_L100,4.666129729729729,0.01785722047471974
P04_L100,4.6735707707707705,0.018550147363454773
P04_L100,4.681011811811811,0.019261996659087652
P04_L100,4.688452852852853,0.019991115107066772
P04_L100,4.695893893893894,0.020734224295429236
P04_L100,4.703334934934935,0.02148636393538992
P04_L100,4.7107759759759755,0.02224097893071075
P04_L100,4.718217017017016,0.022990144686757683
P04_L100,4.725658058058057,0.023724911307189463
P04_L100,4.733099099099099,0.02443573608939543
P04_L100,4.74054014014014,0.025112966274776355
P04_L100,4.747981181181181,0.025747330999089584
P04_L100,4.755422222222222,0.026330402870274664
P04_L100,4.762863263263263,0.026854995049297278
P04_L100,4.770304304304304,0.027315468143120414
P04_L100,4.777745345345345,0.027707931385647106
P04_L100,4.7851863863863855,0.028030333162661444
P04_L100,4.792627427427427,0.028282445733714162
P04_L100,4.800068468468468,0.028465757089086812
P04_L100,4.80750950950951,0.02858328867436294
P04_L100,4.8149505505505505,0.02863936100159578
P04_L100,4.822391591591591,0.028639330043036846
P04_L100,4.829832632632632,0.028589316099521492
P04_L100,4.837273673673673,0.028495944010317922
P04_L100,4.844714714714714,0.02836610962409551
P04_L100,4.8521557557557555,0.028206782856392595
P04_L100,4.859596796796796,0.028024852834809533
P04_L100,4.867037837837838,0.027827015935507602
P04_L100,4.874478878878879,0.02761970325394128
P04_L100,4.88191991991992,0.027409040512313278
P04_L100,4.8893609609609605,0.027200830850289428
P04_L100,4.896802002002001,0.02700054960848667
P04_L100,4.904243043043042,0.02681334026899508
P04_L100,4.911684084084084,0.026644002228906137
P04_L100,4.919125125125125,0.026496963961385064
P04_L100,4.926566166166166,0.026376239085866882
P04_L100,4.934007207207207,0.026285367454176853
P04_L100,4.941448248248248,0.02622734793641704
P04_L100,4.948889289289289,0.026204573453403344
P04_L100,4.95633033033033,0.02621878127466664
P04_L100,4.9637713713713705,0.026271032159083496
P04_L100,4.971212412412412,0.026361730303519338
P04_L100,4.978653453453453,0.026490692376577685
P04_L100,4.986094494494495,0.026657268616220437
P04_L100,4.9935355355355355,0.026860512858382285
P04_L100,5.000976576576576,0.02709939245451492
P04_L100,5.008417617617617,0.02737302439954299
P04_L100,5.015858658658658,0.027680921562299392
P04_L100,5.023299699699699,0.028023233304582184
P04_L100,5.0307407407407405,0.028400968154400533
P04_L100,5.038181781781781,0.028816192209487338
P04_L100,5.045622822822823,0.029272204748873307
P04_L100,5.053063863863864,0.029773700920525958
P04_L100,5.060504904904905,0.030326938982564878
P04_L100,5.0679459459459455,0.03093993510532149
P04_L100,5.075386986986986,0.03162271119630389
P04_L100,5.082828028028027,0.032387620085937936
P04_L100,5.090269069069069,0.03324976780027063
P04_L100,5.09771011011011,0.03422754523421151
P04_L100,5.105151151151151,0.03534327249947213
P04_L100,5.112592192192192,0.03662395001786334
P04_L100,5.120033233233233,0.03810210255800184
P04_L100,5.127474274274274,0.039816697128187986
P04_L100,5.134915315315315,0.04181411371971044
P04_L100,5.1423563563563555,0.044149149480677385
P04_L100,5.149797397397397,0.046886041424752445
P04_L100,5.157238438438438,0.05009949902750427
P04_L100,5.16467947947948,0.053875744337802345
P04_L100,5.1721205205205205,0.05831356160642368
P04_L100,5.179561561561561,0.06352535905789594
P04_L100,5.187002602602602,0.06963824084024071
P04_L100,5.194443643643643,0.076795076570909
P04_L100,5.201884684684684,0.08515553928488874
P04_L100,5.2093257257257255,0.09489706091971009
P04_L100,5.216766766766766,0.10621562952677562
P04_L100,5.224207807807808,0.11932632663030672
P04_L100,5.231648848848849,0.13446347940124073
P04_L100,5.23908988988989,0.15188028346379107
P04_L100,5.2465309309309305,0.1718477408121399
P04_L100,5.253971971971971,0.1946527555196411
P04_L100,5.261413013013012,0.22059523894672192
P04_L100,5.268854054054053,0.2499840964418915
P04_L100,5.276295095095095,0.28313199875396017
P04_L100,5.2837361361361355,0.32034888258787486
P04_L100,5.291177177177177,0.36193417459366534
P04_L100,5.298618218218218,0.4081677900340983
P04_L100,5.306059259259259,0.45930001984336744
P04_L100,5.3135003003003,0.5155404861708945
P04_L100,5.3209413413413404,0.5770464151190731
P04_L100,5.328382382382381,0.6439105442768962
P04_L100,5.335823423423423,0.7161490493525868
P04_L100,5.343264464464464,0.7936899355150215
P04_L100,5.3507055055055055,0.8763623909176314
P04_L100,5.358146546546546,0.9638876374702479
P04_L100,5.365587587587587,1.0558718319196039
P04_L100,5.373028628628628,1.1518015633739496
P04_L100,5.380469669669669,1.2510424569052465
P04_L100,5.38791071071071,1.3528413235178118
P04_L100,5.395351751751751,1.4563321934011046
P04_L100,5.402792792792792,1.5605464333965764
P04_L100,5.410233833833834,1.6644269852744764
P04_L100,5.417674874874875,1.7668465758240004
P04_L100,5.4251159159159155,1.8666295524571404
P04_L100,5.432556956956956,1.9625768004016662
P04_L100,5.439997997997997,2.053493012040961
P04_L100,5.447439039039038,2.1382154180888913
P04_L100,5.45488008008008,2.2156429658030796
P04_L100,5.4623211211211204,2.2847648513744456
P04_L100,5.469762162162161,2.3446872895304525
P04_L100,5.477203203203203,2.394657437636326
P04_L100,5.484644244244244,2.4340834849114135
P04_L100,5.492085285285285,2.4625500665527547
P04_L100,5.499526326326325,2.4798283603558553
P04_L100,5.506967367367367,2.4858804588736017
P04_L100,5.514408408408408,2.4808578692019694
P04_L100,5.521849449449449,2.465094258944963
P04_L100,5.52929049049049,2.4390928238112966
P04_L100,5.536731531531531,2.4035088833353364
P04_L100,5.544172572572572,2.3591285023157558
P04_L100,5.551613613613613,2.306844076195539
P04_L100,5.559054654654654,2.2476279027342216
P04_L100,5.5664956956956955,2.1825047888143523
P04_L100,5.573936736736736,2.112524713626592
P04_L100,5.581377777777777,2.0387364952310523
P04_L100,5.588818818818818,1.9621632966802847
P04_L100,5.59625985985986,1.883780671775879
P04_L100,5.6037009009009005,1.8044977001336846
P04_L100,5.611141941941941,1.7251416061314522
P04_L100,5.618582982982982,1.6464461039313543
P04_L100,5.626024024024024,1.5690435661233495
P04_L100,5.633465065065065,1.4934609795012057
P04_L100,5.640906106106105,1.4201195293761433
P04_L100,5.648347147147146,1.3493375442026723
P04_L100,5.655788188188188,1.281336435638195
P04_L100,5.663229229229229,1.216249186507142
P04_L100,5.67067027027027,1.1541308722612391
P04_L100,5.67811131131131,1.0949706528645984
P04_L100,5.685552352352352,1.038704644316433
P04_L100,5.692993393393393,0.9852290747389835
P04_L100,5.700434434434434,0.9344131507254432
P04_L100,5.707875475475475,0.8861111057285468
P04_L100,5.715316516516516,0.8401729722465969
P04_L100,5.722757557557557,0.7964537102261325
P04_L100,5.730198598598598,0.7548204306160761
P04_L100,5.737639639639639,0.715157569275933
P04_L100,5.7450806806806805,0.6773699855716081
P04_L100,5.752521721721721,0.6413840748715425
P04_L100,5.759962762762762,0.607147087975998
P04_L100,5.767403803803803,0.574624937271019
P04_L100,5.774844844844845,0.5437988342887059
P04_L100,5.782285885885885,0.5146611430722425
P04_L100,5.789726926926926,0.4872108466762806
P04_L100,5.797167967967967,0.46144901045747994
P04_L100,5.804609009009009,0.43737458747977226
P04_L100,5.81205005005005,0.414980851984448
P04_L100,5.81949109109109,0.3942526714908322
P04_L100,5.826932132132131,0.3751647428116765
P04_L100,5.834373173173173,0.35768082883101104
P04_L100,5.841814214214214,0.3417539481532181
P04_L100,5.849255255255255,0.32732739509303554
P04_L100,5.856696296296295,0.31433640835516274
P04_L100,5.864137337337337,0.30271026712217736
P04_L100,5.871578378378378,0.2923745753329128
P04_L100,5.879019419419419,0.2832534989632528
P04_L100,5.88646046046046,0.2752717454967803
P04_L100,5.893901501501501,0.2683561161966832
P04_L100,5.901342542542542,0.2624365156613892
P04_L100,5.908783583583583,0.25744636404035204
P04_L100,5.916224624624624,0.2533224194829649
P04_L100,5.923665665665665,0.25000407639626315
P04_L100,5.931106706706706,0.24743225407894917
P04_L100,5.938547747747747,0.24554802650202562
P04_L100,5.945988788788788,0.24429116491952618
P04_L100,5.95342982982983,0.24359876951308837
P04_L100,5.96087087087087,0.24340415469847912
P04_L100,5.968311911911911,0.24363612665530196
P04_L100,5.975752952952952,0.24421875382002448
P04_L100,5.983193993993994,0.24507168513357772
P04_L100,5.990635035035035,0.24611102097939405
P04_L100,5.998076076076075,0.24725069245825373
P04_L100,6.005517117117116,0.24840426028051277
P04_L100,6.012958158158158,0.24948700897721168
P04_L100,6.020399199199199,0.25041818835378693
P04_L100,6.02784024024024,0.2511232440051856
P04_L100,6.03528128128128,0.25153588281135064
P04_L100,6.042722322322322,0.2515998367707658
P04_L100,6.050163363363363,0.25127021713558845
P04_L100,6.057604404404404,0.25051438735609216
P04_L100,6.0650454454454445,0.24931232391564526
P04_L100,6.072486486486486,0.24765647460505597
P04_L100,6.079927527527527,0.24555116026017754
P04_L100,6.087368568568568,0.24301159525182423
P04_L100,6.094809609609609,0.2400626218423702
P04_L100,6.10225065065065,0.2367372628361616
P04_L100,6.109691691691691,0.2330751958527078
P04_L100,6.117132732732732,0.2291212421919904
P04_L100,6.124573773773773,0.22492394560722903
P04_L100,6.132014814814815,0.22053429384631584
P04_L100,6.139455855855855,0.21600461128868068
P04_L100,6.146896896896896,0.21138762705803096
P04_L100,6.154337937937937,0.2067357020235587
P04_L100,6.161778978978979,0.20210018205217706
P04_L100,6.16922002002002,0.1975308351123983
P04_L100,6.17666106106106,0.19307532707925823
P04_L100,6.184102102102101,0.18877869538296693
P04_L100,6.191543143143143,0.18468279031600163
P04_L100,6.198984184184184,0.18082566953044127
P04_L100,6.2064252252252246,0.17724095009932977
P04_L100,6.213866266266265,0.17395714212256588
P04_L100,6.221307307307307,0.17099700564426779
P04_L100,6.228748348348348,0.16837698608051202
P04_L100,6.236189389389389,0.16610679026294484
P04_L100,6.2436304304304295,0.1641891640873741
P04_L100,6.251071471471471,0.16261992305182507
P04_L100,6.258512512512512,0.16138826920134394
P04_L100,6.265953553553553,0.16047740380362518
P04_L100,6.273394594594594,0.1598654170689716
P04_L100,6.280835635635635,0.15952640768833112
P04_L100,6.288276676676676,0.1594317594516635
P04_L100,6.295717717717717,0.15955148307599593
P04_L100,6.303158758758758,0.15985552129478459
P04_L100,6.3105997997998,0.16031491585072594
P04_L100,6.31804084084084,0.16090274659638906
P04_L100,6.325481881881881,0.16159477436878159
P04_L100,6.332922922922922,0.16236974834563928
P04_L100,6.340363963963964,0.16320937194651397
P04_L100,6.3478050050050046,0.16409795522672932
P04_L100,6.355246046046045,0.16502181231514992
P04_L100,6.362687087087086,0.16596848640923176
P04_L100,6.370128128128128,0.1669258996604365
P04_L100,6.377569169169169,0.16788152958752264
P04_L100,6.3850102102102095,0.16882170731734905
P04_L100,6.39245125125125,0.16973111704254354
P04_L100,6.399892292292292,0.1705925526781426
P04_L100,6.407333333333333,0.17138695957724745
P04_L100,6.414774374374374,0.17209375945925817
P04_L100,6.4222154154154145,0.17269142852463082
P04_L100,6.429656456456456,0.17315827483581656
P04_L100,6.437097497497497,0.17347334357654925
P04_L100,6.444538538538538,0.17361736911143774
P04_L100,6.451979579579579,0.17357369133750744
P04_L100,6.45942062062062,0.17332906028196454
P04_L100,6.466861661661661,0.1728742661379085
P04_L100,6.474302702702702,0.17220455023602046
P04_L100,6.481743743743743,0.17131977373527355
P04_L100,6.4891847847847846,0.17022434283211627
P04_L100,6.496625825825825,0.16892690985607203
P04_L100,6.504066866866866,0.16743988683782424
P04_L100,6.511507907907907,0.1657788205503105
P04_L100,6.518948948948949,0.16396168475428965
P04_L100,6.5263899899899895,0.1620081461841437
P04_L100,6.53383103103103,0.1599388560787416
P04_L100,6.541272072072071,0.1577748097523283
P04_L100,6.548713113113113,0.15553680420255084
P04_L100,6.556154154154154,0.15324500971561478
P04_L100,6.5635951951951945,0.1509186575549538
P04_L100,6.571036236236235,0.14857583366144775
P04_L100,6.578477277277277,0.14623335907100923
P04_L100,6.585918318318318,0.14390673222880226
P04_L100,6.593359359359359,0.14161010678226912
P04_L100,6.6008004004003995,0.1393562804857358
P04_L100,6.608241441441441,0.1371566758297305
P04_L100,6.615682482482482,0.135021299899155
P04_L100,6.623123523523523,0.13295867861180546
P04_L100,6.630564564564564,0.13097576777427464
P04_L100,6.638005605605605,0.12907784938345263
P04_L100,6.645446646646646,0.1272684256594905
P04_L100,6.652887687687687,0.12554912512820104
P04_L100,6.660328728728728,0.12391963473005657
P04_L100,6.6677697697697695,0.12237766976472393
P04_L100,6.67521081081081,0.12091899003495116
P04_L100,6.682651851851851,0.11953746648025836
P04_L100,6.690092892892892,0.11822519852771765
P04_L100,6.697533933933934,0.1169726788677985
P04_L100,6.7049749749749745,0.11576899974781558
P04_L100,6.712416016016015,0.11460209331453582
P04_L100,6.719857057057056,0.1134589979720073
P04_L100,6.727298098098098,0.11232614291638754
P04_L100,6.734739139139139,0.11118964361905621
P04_L100,6.7421801801801795,0.11003560167266815
P04_L100,6.74962122122122,0.10885040276528554
P04_L100,6.757062262262262,0.10762100640772877
P04_L100,6.764503303303303,0.10633522039190531
P04_L100,6.771944344344344,0.10498195198208748
P04_L100,6.7793853853853845,0.10355142688482637
P04_L100,6.786826426426426,0.10203536655541919
P04_L100,6.794267467467467,0.10042711483231598
P04_L100,6.801708508508508,0.09872170659188717
P04_L100,6.809149549549549,0.09691587422553556
P04_L100,6.81659059059059,0.0950079921283532
P04_L100,6.824031631631631,0.09299796463533792
P04_L100,6.831472672672672,0.09088706828525292
P04_L100,6.838913713713713,0.08867776412529034
P04_L100,6.8463547547547545,0.08637349917474939
P04_L100,6.853795795795795,0.08397851746861135
P04_L100,6.861236836836836,0.08149769990667644
P04_L100,6.868677877877877,0.07893644841699733
P04_L100,6.876118918918919,0.07630062408117921
P04_L100,6.8835599599599595,0.07359654160025415
P04_L100,6.891001001001,0.07083101478991115
P04_L100,6.898442042042041,0.0680114407630528
P04_L100,6.905883083083083,0.0651459050823789
P04_L100,6.913324124124124,0.062243287193636594
P04_L100,6.9207651651651645,0.0593133452568235
P04_L100,6.928206206206205,0.05636676202260686
P04_L100,6.935647247247247,0.053415138184063
P04_L100,6.943088288288288,0.050470925872196704
P04_L100,6.950529329329329,0.04754730167620389
P04_L100,6.9579703703703695,0.044657984762974536
P04_L100,6.965411411411411,0.041817010509182434
P04_L100,6.972852452452452,0.03903847300094627
P04_L100,6.980293493493493,0.03633625062862584
P04_L100,6.987734534534534,0.03372372801346241
P04_L100,6.995175575575575,0.031213525167405484
P04_L100,7.002616616616616,0.028817241819193498
P04_L100,7.010057657657657,0.026545221990018894
P04_L100,7.017498698698698,0.024406341808126567
P04_L100,7.0249397397397395,0.022407822610587682
P04_L100,7.03238078078078,0.020555071676721135
P04_L100,7.039821821821821,0.018851554235766798
P04_L100,7.047262862862862,0.01729870219482845
P04_L100,7.054703903903904,0.01589586669493005
P04_L100,7.0621449449449445,0.014640322466440227
P04_L100,7.069585985985985,0.013527331494081777
P04_L100,7.077027027027026,0.012550271435149047
P04_L100,7.084468068068068,0.011700830591576953
P04_L100,7.091909109109109,0.01096926636200486
P04_L100,7.0993501501501495,0.01034471860021982
P04_L100,7.10679119119119,0.009815563946630869
P04_L100,7.114232232232232,0.00936979277342103
P04_L100,7.121673273273273,0.008995387579439776
P04_L100,7.129114314314314,0.008680680954636602
P04_L100,7.1365553553553545,0.008414672776061448
P04_L100,7.143996396396396,0.008187289945750728
P04_L100,7.151437437437437,0.007989577286702182
P04_L100,7.158878478478478,0.007813814504408031
P04_L100,7.166319519519519,0.007653560606799004
P04_L100,7.173760560560559,0.007503633063687429
P04_L100,7.181201601601601,0.007360033600996748
P04_L100,7.188642642642642,0.007219835395114718
P04_L100,7.196083683683683,0.007081047352613714
P04_L100,7.203524724724724,0.006942470203677615
P04_L100,7.210965765765765,0.006803556629188284
P04_L100,7.218406806806806,0.006664284095060077
P04_L100,7.225847847847847,0.006525045095840053
P04_L100,7.233288888888888,0.0063865557258371815
P04_L100,7.2407299299299295,0.006249780420278639
P04_L100,7.24817097097097,0.006115868696085295
P04_L100,7.255612012012011,0.005986098920434968
P04_L100,7.263053053053052,0.005861824483577148
P04_L100,7.270494094094094,0.005744419009595159
P04_L100,7.2779351351351345,0.0056352190445698586
P04_L100,7.285376176176175,0.005535464610801882
P04_L100,7.292817217217216,0.005446239734396144
P04_L100,7.300258258258258,0.00536841626090274
P04_L100,7.307699299299299,0.005302604820261037
P04_L100,7.315140340340339,0.005249116677645151
P04_L100,7.32258138138138,0.0052079395194787005
P04_L100,7.330022422422422,0.0051787291597682325
P04_L100,7.337463463463463,0.005160817923025534
P04_L100,7.344904504504504,0.005153239256303678
P04_L100,7.352345545545544,0.005154767077695286
P04_L100,7.359786586586586,0.005163967545158275
P04_L100,7.367227627627627,0.0051792603280536535
P04_L100,7.374668668668668,0.005198986045730442
P04_L100,7.382109709709709,0.005221476256894454
P04_L100,7.38955075075075,0.005245122215492019
P04_L100,7.396991791791791,0.005268438566275963
P04_L100,7.404432832832832,0.005290118286199353
P04_L100,7.411873873873873,0.0053090755562968574
P04_L100,7.4193149149149145,0.005324473933730419
P04_L100,7.426755955955955,0.005335738205567848
P04_L100,7.434196996996996,0.0053425496002454395
P04_L100,7.441638038038037,0.005344825491935122
P04_L100,7.449079079079079,0.0053426861778231305
P04_L100,7.456520120120119,0.0053364125276848685
P04_L100,7.46396116116116,0.0053263990992203185
P04_L100,7.471402202202201,0.005313107537476284
P04_L100,7.478843243243243,0.005297024680430918
P04_L100,7.486284284284284,0.005278628833259752
P04_L100,7.493725325325324,0.00525836631237589
P04_L100,7.501166366366365,0.005236638832538531
P04_L100,7.508607407407407,0.005213800878582846
P04_L100,7.516048448448448,0.005190165102640717
P04_L100,7.523489489489489,0.005166013176402253
P04_L100,7.530930530530529,0.00514160945492564
P04_L100,7.538371571571571,0.005117215204984638
P04_L100,7.545812612612612,0.005093101849056248
P04_L100,7.553253653653653,0.0050695624502927
P04_L100,7.560694694694694,0.005046921286406652
P04_L100,7.568135735735735,0.005025541657768445
P04_L100,7.575576776776776,0.005005831972325902
P04_L100,7.583017817817817,0.004988249692725171
P04_L100,7.590458858858858,0.004973302078058418
P04_L100,7.5978998998998994,0.004961542040881196
P04_L100,7.60534094094094,0.004953557128083071
P04_L100,7.612781981981981,0.004949949836604453
P04_L100,7.620223023023022,0.00495130830294891
P04_L100,7.627664064064064,0.004958167826172916
P04_L100,7.635105105105104,0.004970965510745813
P04_L100,7.642546146146145,0.00498999223154575
P04_L100,7.649987187187186,0.005015347736593561
P04_L100,7.657428228228228,0.005046905623681118
P04_L100,7.664869269269269,0.005084294848665354
P04_L100,7.672310310310309,0.005126903195848011
P04_L100,7.67975135135135,0.005173905816617352
P04_L100,7.687192392392392,0.005224318784684041
P04_L100,7.694633433433433,0.005277074067716532
P04_L100,7.702074474474474,0.005331108930335175
P04_L100,7.709515515515514,0.005385460134690609
P04_L100,7.716956556556556,0.005439351880841801
P04_L100,7.724397597597597,0.005492266543061776
P04_L100,7.731838638638638,0.005543988983981601
P04_L100,7.739279679679679,0.005594618377405497
P04_L100,7.74672072072072,0.005644545613779109
P04_L100,7.754161761761761,0.005694398896039462
P04_L100,7.761602802802802,0.005744964377117633
P04_L100,7.769043843843843,0.005797091998304425
P04_L100,7.776484884884884,0.005851598557619877
P04_L100,7.783925925925925,0.005909180193094647
P04_L100,7.791366966966966,0.005970344901557426
P04_L100,7.798808008008007,0.006035372690463609
P04_L100,7.806249049049049,0.00610430695825216
P04_L100,7.813690090090089,0.006176976330865184
P04_L100,7.82113113113113,0.006253042090292094
P04_L100,7.828572172172171,0.006332063081163327
P04_L100,7.836013213213213,0.006413567977794938
P04_L100,7.843454254254254,0.006497124227632321
P04_L100,7.850895295295294,0.006582393824748503
P04_L100,7.858336336336335,0.006669168081052694
P04_L100,7.865777377377377,0.006757376390041634
P04_L100,7.873218418418418,0.006847067195239801
P04_L100,7.880659459459459,0.006938362574321329
P04_L100,7.888100500500499,0.007031390694746373
P04_L100,7.895541541541541,0.007126202658393586
P04_L100,7.902982582582582,0.007222681813574593
P04_L100,7.910423623623623,0.007320454448599149
P04_L100,7.9178646646646635,0.007418810927787334
P04_L100,7.925305705705705,0.007516645849820916
P04_L100,7.932746746746746,0.007612424759287716
P04_L100,7.940187787787787,0.007704183371763503
P04_L100,7.947628828828828,0.0077895632197047355
P04_L100,7.955069869869869,0.007865885140828737
P04_L100,7.96251091091091,0.007930259198010802
P04_L100,7.969951951951951,0.00797972658155091
P04_L100,7.977392992992992,0.008011426007200109
P04_L100,7.984834034034034,0.008022774349484214
P04_L100,7.992275075075074,0.008011649033980502
P04_L100,7.999716116116115,0.007976558341962769
P04_L100,8.007157157157156,0.007916785493409243
P04_L100,8.014598198198197,0.007832493315702396
P04_L100,8.022039239239238,0.0077247785002891685
P04_L100,8.029480280280278,0.007595667788389368
P04_L100,8.03692132132132,0.0074480526701096
P04_L100,8.044362362362362,0.007285563981826684
P04_L100,8.051803403403403,0.007112392724423496
P04_L100,8.059244444444444,0.006933068049723746
P04_L100,8.066685485485484,0.006752207238771754
P04_L100,8.074126526526527,0.00657425524476299
P04_L100,8.081567567567568,0.006403232709683419
P04_L100,8.089008608608609,0.0062425111218343925
P04_L100,8.09644964964965,0.006094631934600902
P04_L100,8.10389069069069,0.005961183133731476
P04_L100,8.111331731731731,0.0058427421806345695
P04_L100,8.118772772772772,0.005738888856376807
P04_L100,8.126213813813813,0.005648285763420756
P04_L100,8.133654854854854,0.005568818641361991
P04_L100,8.141095895895894,0.005497783753765198
P04_L100,8.148536936936935,0.005432105887991637
P04_L100,8.155977977977976,0.005368568354022408
P04_L100,8.163419019019019,0.005304035993504922
P04_L100,8.17086006006006,0.0052356536531124286
P04_L100,8.1783011011011,0.005161005677037814
P04_L100,8.185742142142141,0.005078226388800865
P04_L100,8.193183183183184,0.004986056772357566
P04_L100,8.200624224224224,0.0048838480461364875
P04_L100,8.208065265265265,0.0047715179493911675
P04_L100,8.215506306306306,0.004649469778378701
P04_L100,8.222947347347347,0.004518487089037557
P04_L100,8.230388388388388,0.004379618261023133
P04_L100,8.237829429429429,0.00423406473061843
P04_L100,8.24527047047047,0.004083084782097294
P04_L100,8.25271151151151,0.003927921649139333
P04_L100,8.260152552552551,0.0037697607604640785
P04_L100,8.267593593593592,0.0036097167771887064
P04_L100,8.275034634634633,0.0034488471270307827
P04_L100,8.282475675675675,0.003288185495944365
P04_L100,8.289916716716716,0.0031287865328011497
P04_L100,8.297357757757757,0.0029717720525012643
P04_L100,8.304798798798798,0.0028183693220670647
P04_L100,8.31223983983984,0.0026699334636964764
P04_L100,8.319680880880881,0.002527948360688389
P04_L100,8.327121921921922,0.0023940033691766385
P04_L100,8.334562962962963,0.002269746240464666
P04_L100,8.342004004004004,0.0021568155706915976
P04_L100,8.349445045045044,0.002056758491385822
P04_L100,8.356886086086085,0.0019709409552780455
P04_L100,8.364327127127126,0.0019004587221469348
P04_L100,8.371768168168167,0.0018460569894326211
P04_L100,8.379209209209208,0.0018080656299237822
P04_L100,8.386650250250248,0.0017863553712055176
P04_L100,8.39409129129129,0.0017803182165748513
P04_L100,8.401532332332332,0.0017888732289737164
P04_L100,8.408973373373373,0.0018104967331986457
P04_L100,8.416414414414414,0.0018432742509128036
P04_L100,8.423855455455454,0.0018849702153369264
P04_L100,8.431296496496497,0.0019331107850337338
P04_L100,8.438737537537538,0.0019850748736390048
P04_L100,8.446178578578579,0.0020381887474317704
P04_L100,8.45361961961962,0.002089820076900323
P04_L100,8.46106066066066,0.002137468000591584
P04_L100,8.468501701701701,0.002178846415801736
P04_L100,8.475942742742742,0.0022119582330233983
P04_L100,8.483383783783783,0.002235158657758612
P04_L100,8.490824824824823,0.002247205698483346
P04_L100,8.498265865865864,0.00224729610996735
P04_L100,8.505706906906905,0.002235084980454546
P04_L100,8.513147947947946,0.0022106872943907538
P04_L100,8.520588988988989,0.0021746601750072367
P04_L100,8.52803003003003,0.00212796521882699
P04_L100,8.53547107107107,0.002071911398629476
P04_L100,8.542912112112111,0.0020080803768418387
P04_L100,8.550353153153154,0.0019382376056028756
P04_L100,8.557794194194194,0.0018642341001475012
P04_L100,8.565235235235235,0.0017879050338851553
P04_L100,8.572676276276276,0.0017109720966159688
P04_L100,8.580117317317317,0.0016349567056237937
P04_L100,8.587558358358358,0.0015611105649926131
P04_L100,8.594999399399398,0.0014903687349307933
P04_L100,8.60244044044044,0.0014233284125347036
P04_L100,8.60988148148148,0.0013602542489847516
P04_L100,8.617322522522521,0.0013011085171936714
P04_L100,8.624763563563562,0.0012456021103668107
P04_L100,8.632204604604603,0.001193260491201759
P04_L100,8.639645645645645,0.0011434975568171272
P04_L100,8.647086686686686,0.0010956900705932336
P04_L100,8.654527727727727,0.0010492458539285456
P04_L100,8.661968768768768,0.0010036602220698165
P04_L100,8.66940980980981,0.0009585569787450428
P04_L100,8.676850850850851,0.0009137123753703756
P04_L100,8.684291891891892,0.0008690624892599662
P04_L100,8.691732932932933,0.0008246962027894025
P04_L100,8.699173973973974,0.0007808371598852971
P04_L100,8.706615015015014,0.0007378186226668896
P04_L100,8.714056056056055,0.000696055044909732
P04_L100,8.721497097097096,0.0006560135201912671
P04_L100,8.728938138138137,0.0006181872329417444
P04_L100,8.736379179179178,0.0005830718686270108
P04_L100,8.743820220220218,0.0005511448588200984
P04_L100,8.75126126126126,0.0005228465472974322
P04_L100,8.758702302302302,0.0004985619971616221
P04_L100,8.766143343343343,0.00047860226298732355
P04_L100,8.773584384384383,0.00046318448275834643
P04_L100,8.781025425425424,0.0004524109797475956
P04_L100,8.788466466466467,0.00044624852724160953
P04_L100,8.795907507507508,0.0004445098186661704
P04_L100,8.803348548548549,0.0004468398130610936
P04_L100,8.81078958958959,0.000452709844744071
P04_L100,8.81823063063063,0.00046142211704036776
P04_L100,8.825671671671671,0.00047212644353875457
P04_L100,8.833112712712712,0.0004838499368174968
P04_L100,8.840553753753753,0.0004955389221088663
P04_L100,8.847994794794793,0.0005061108654511318
P04_L100,8.855435835835834,0.0005145127622747254
P04_L100,8.862876876876875,0.0005197814276965718
P04_L100,8.870317917917916,0.0005211006145677229
P04_L100,8.877758958958959,0.0005178499437503338
P04_L100,8.8852,0.000509641268931768
P04_L200,1.3293,0.000583726934383365
P04_L200,1.3369783783783784,0.0006179308332954727
P04_L200,1.3446567567567567,0.0006533231003820933
P04_L200,1.3523351351351351,0.0006898784922295804
P04_L200,1.3600135135135134,0.0007275654303723868
P04_L200,1.3676918918918919,0.0007663458424890664
P04_L200,1.3753702702702701,0.0008061750527922219
P04_L200,1.3830486486486486,0.0008470017262782973
P04_L200,1.3907270270270269,0.0008887678711296032
P04_L200,1.3984054054054054,0.000931408903114726
P04_L200,1.4060837837837836,0.0009748537753200859
P04_L200,1.413762162162162,0.0010190251759711673
P04_L200,1.4214405405405404,0.0010638397964747171
P04_L200,1.4291189189189188,0.0011092086711392368
P04_L200,1.4367972972972973,0.001155037589320747
P04_L200,1.4444756756756756,0.0012012275799997898
P04_L200,1.452154054054054,0.001247675468033261
P04_L200,1.4598324324324323,0.001294274500547972
P04_L200,1.4675108108108108,0.001340915041157473
P04_L200,1.475189189189189,0.0013874853288975717
P04_L200,1.4828675675675675,0.0014338722979915625
P04_L200,1.4905459459459458,0.001479962453780341
P04_L200,1.4982243243243243,0.001525642799385937
P04_L200,1.5059027027027025,0.001570801806925491
P04_L200,1.513581081081081,0.0016153304263546997
P04_L200,1.5212594594594595,0.0016591231243021322
P04_L200,1.5289378378378378,0.001702078944556085
P04_L200,1.536616216216216,0.0017441025811898892
P04_L200,1.5442945945945945,0.0017851054546624476
P04_L200,1.551972972972973,0.0018250067806125773
P04_L200,1.5596513513513512,0.001863734620484947
P04_L200,1.5673297297297297,0.001901226902592271
P04_L200,1.575008108108108,0.0019374324017386424
P04_L200,1.5826864864864865,0.0019723116651227768
P04_L200,1.5903648648648647,0.002005837871913838
P04_L200,1.5980432432432432,0.0020379976136721068
P04_L200,1.6057216216216217,0.0020687915826853196
P04_L200,1.6134,0.0020982351553366775
P04_L200,1.6210783783783782,0.0021263588578308594
P04_L200,1.6287567567567567,0.002153208702007969
P04_L200,1.6364351351351352,0.002178846379595118
P04_L200,1.6441135135135134,0.0022033493041090555
P04_L200,1.651791891891892,0.002226810490750228
P04_L200,1.6594702702702702,0.002249338266047834
P04_L200,1.6671486486486486,0.0022710558007384804
P04_L200,1.674827027027027,0.00229210046141187
P04_L200,1.6825054054054054,0.002312622978841113
P04_L200,1.6901837837837836,0.0023327864336429817
P04_L200,1.6978621621621621,0.002352765062985205
P04_L200,1.7055405405405404,0.0023727428954669403
P04_L200,1.7132189189189189,0.0023929122250376427
P04_L200,1.7208972972972973,0.0024134719388642406
P04_L200,1.7285756756756756,0.002434625718390471
P04_L200,1.7362540540540539,0.0024565801374180156
P04_L200,1.7439324324324323,0.00247954268584608
P04_L200,1.7516108108108108,0.002503719752690282
P04_L200,1.759289189189189,0.0025293146071233806
P04_L200,1.7669675675675676,0.002556525421487931
P04_L200,1.7746459459459458,0.0025855433854825127
P04_L200,1.7823243243243243,0.002616550965967701
P04_L200,1.7900027027027026,0.0026497203720335784
P04_L200,1.797681081081081,0.002685212290073778
P04_L200,1.8053594594594595,0.002723174958585592
P04_L200,1.8130378378378378,0.0027637436572356708
P04_L200,1.820716216216216,0.002807040689364585
P04_L200,1.8283945945945945,0.002853175941546104
P04_L200,1.836072972972973,0.0029022481080560017
P04_L200,1.8437513513513513,0.002954346672144345
P04_L200,1.8514297297297295,0.0030095547398565734
P04_L200,1.859108108108108,0.003067952825826645
P04_L200,1.8667864864864865,0.0031296236939961477
P04_L200,1.8744648648648647,0.0031946583596184582
P04_L200,1.8821432432432432,0.003263163362216793
P04_L200,1.8898216216216217,0.0033352694223991626
P04_L200,1.8975,0.003411141598607509
P04_L200,1.9051783783783782,0.00349099106300096
P04_L200,1.9128567567567567,0.0035750886187242933
P04_L200,1.9205351351351352,0.0036637800837660446
P04_L200,1.9282135135135134,0.003757503669400382
P04_L200,1.9358918918918917,0.0038568094837390836
P04_L200,1.9435702702702702,0.003962381293069486
P04_L200,1.9512486486486487,0.004075060675237557
P04_L200,1.958927027027027,0.004195873700145169
P04_L200,1.9666054054054052,0.004326060272183832
P04_L200,1.9742837837837839,0.004467106267812436
P04_L200,1.9819621621621621,0.00462077859811869
P04_L200,1.9896405405405404,0.004789163320662134
P04_L200,1.9973189189189189,0.004974706916688449
P04_L200,2.0049972972972974,0.005180260838416167
P04_L200,2.0126756756756756,0.00540912941594559
P04_L200,2.020354054054054,0.0056651211938329345
P04_L200,2.0280324324324326,0.005952603742880507
P04_L200,2.035710810810811,0.006276561962590193
P04_L200,2.043389189189189,0.006642659853376782
P04_L200,2.0510675675675674,0.007057305694456213
P04_L200,2.0587459459459456,0.007527720512737817
P04_L200,2.0664243243243243,0.008062009669592196
P04_L200,2.0741027027027026,0.008669237325637085
P04_L200,2.081781081081081,0.009359503468404107
P04_L200,2.0894594594594595,0.01014402310381219
P04_L200,2.097137837837838,0.011035207119802637
P04_L200,2.104816216216216,0.012046744229559604
P04_L200,2.1124945945945948,0.013193683292905574
P04_L200,2.120172972972973,0.014492515198469917
P04_L200,2.1278513513513513,0.015961253367077394
P04_L200,2.1355297297297295,0.017619511809797383
P04_L200,2.143208108108108,0.019488579543829713
P04_L200,2.1508864864864865,0.021591490037841856
P04_L200,2.1585648648648648,0.02395308422769538
P04_L200,2.166243243243243,0.026600065516348484
P04_L200,2.1739216216216217,0.02956104505089449
P04_L200,2.1816,0.032866575458363426
P04_L200,2.1892783783783782,0.03654917112347968
P04_L200,2.196956756756757,0.04064331300961129
P04_L200,2.204635135135135,0.04518543596240703
P04_L200,2.2123135135135135,0.05021389639799426
P04_L200,2.2199918918918917,0.05576891826791068
P04_L200,2.22767027027027,0.06189251521498385
P04_L200,2.2353486486486487,0.0686283868918333
P04_L200,2.243027027027027,0.07602178750989741
P04_L200,2.250705405405405,0.08411936482496503
P04_L200,2.258383783783784,0.09296896794766939
P04_L200,2.266062162162162,0.10261942259631411
P04_L200,2.2737405405405404,0.11312027268601434
P04_L200,2.281418918918919,0.12452148747310918
P04_L200,2.2890972972972974,0.1368731338466486
P04_L200,2.2967756756756756,0.15022501377825748
P04_L200,2.304454054054054,0.164626267405501
P04_L200,2.312132432432432,0.180124942728494
P04_L200,2.319810810810811,0.19676753344034983
P04_L200,2.327489189189189,0.21459848698342102
P04_L200,2.3351675675675674,0.2336596855182954
P04_L200,2.342845945945946,0.25398990310306196
P04_L200,2.3505243243243243,0.27562424299752536
P04_L200,2.3582027027027026,0.2985935596208948
P04_L200,2.3658810810810813,0.32292387029099817
P04_L200,2.373559459459459,0.3486357624471013
P04_L200,2.381237837837838,0.37574380259481527
P04_L200,2.388916216216216,0.4042559536981231
P04_L200,2.3965945945945943,0.434173008168386
P04_L200,2.404272972972973,0.4654880439506432
P04_L200,2.4119513513513513,0.4981859114728207
P04_L200,2.4196297297297296,0.5322427593920446
P04_L200,2.4273081081081083,0.5676256071353049
P04_L200,2.4349864864864865,0.604291972179692
P04_L200,2.442664864864865,0.6421895598447275
P04_L200,2.4503432432432435,0.6812560230694982
P04_L200,2.4580216216216213,0.7214187992189183
P04_L200,2.4657,0.7625950304039751
P04_L200,2.4733783783783783,0.8046915731134341
P04_L200,2.4810567567567565,0.8476051021420364
P04_L200,2.4887351351351352,0.8912223128697607
P04_L200,2.4964135135135135,0.9354202249072882
P04_L200,2.5040918918918917,0.9800665889857939
P04_L200,2.5117702702702704,1.0250203977484194
P04_L200,2.5194486486486487,1.0701324998124953
P04_L200,2.527127027027027,1.1152463151334562
P04_L200,2.5348054054054057,1.1601986483335913
P04_L200,2.5424837837837835,1.204820595281365
P04_L200,2.550162162162162,1.2489385368439196
P04_L200,2.5578405405405404,1.292375212405424
P04_L200,2.5655189189189187,1.3349508644761752
P04_L200,2.5731972972972974,1.3764844445257052
P04_L200,2.5808756756756757,1.4167948690882057
P04_L200,2.588554054054054,1.4557023142241137
P04_L200,2.5962324324324326,1.4930295356000112
P04_L200,2.6039108108108104,1.528603200785995
P04_L200,2.611589189189189,1.5622552198802953
P04_L200,2.619267567567568,1.5938240602664073
P04_L200,2.6269459459459457,1.623156031196217
P04_L200,2.6346243243243244,1.650106523982491
P04_L200,2.6423027027027026,1.6745411938724613
P04_L200,2.649981081081081,1.6963370701648566
P04_L200,2.6576594594594596,1.7153835818173713
P04_L200,2.665337837837838,1.7315834866622934
P04_L200,2.673016216216216,1.7448536933963266
P04_L200,2.680694594594595,1.7551259667159873
P04_L200,2.6883729729729726,1.7623475073212227
P04_L200,2.6960513513513513,1.766481399981657
P04_L200,2.7037297297297296,1.7675069244327388
P04_L200,2.711408108108108,1.7654197255195332
P04_L200,2.7190864864864865,1.7602318407039534
P04_L200,2.726764864864865,1.7519715847789772
P04_L200,2.734443243243243,1.7406832933542289
P04_L200,2.7421216216216218,1.72642692837494
P04_L200,2.7498,1.7092775505760465
P04_L200,2.7574783783783783,1.6893246653382157
P04_L200,2.765156756756757,1.6666714498727666
P04_L200,2.772835135135135,1.6414338710030458
P04_L200,2.7805135135135135,1.613739704006814
P04_L200,2.7881918918918918,1.5837274640245282
P04_L200,2.79587027027027,1.5515452624074946
P04_L200,2.8035486486486487,1.5173496010672183
P04_L200,2.811227027027027,1.4813041183865387
P04_L200,2.8189054054054052,1.4435783005595573
P04_L200,2.826583783783784,1.404346172340154
P04_L200,2.834262162162162,1.3637849811029357
P04_L200,2.8419405405405405,1.322073887856356
P04_L200,2.849618918918919,1.279392678410363
P04_L200,2.857297297297297,1.2359205072956079
P04_L200,2.8649756756756757,1.1918346862760385
P04_L200,2.872654054054054,1.1473095284037882
P04_L200,2.880332432432432,1.1025152575546568
P04_L200,2.888010810810811,1.0576169922720096
P04_L200,2.895689189189189,1.0127738115556928
P04_L200,2.9033675675675674,0.9681379089822396
P04_L200,2.911045945945946,0.9238538402543652
P04_L200,2.9187243243243244,0.8800578679694423
P04_L200,2.9264027027027026,0.836877406092303
P04_L200,2.9340810810810813,0.7944305653337181
P04_L200,2.941759459459459,0.7528257993914341
P04_L200,2.949437837837838,0.7121616508234959
P04_L200,2.957116216216216,0.6725265942066307
P04_L200,2.9647945945945944,0.6339989732018778
P04_L200,2.972472972972973,0.5966470272143285
P04_L200,2.9801513513513513,0.560529002504441
P04_L200,2.9878297297297296,0.525693341891552
P04_L200,2.9955081081081083,0.49217894659051664
P04_L200,3.0031864864864866,0.4600155032433163
P04_L200,3.010864864864865,0.42922386884840186
P04_L200,3.0185432432432435,0.3998165060509827
P04_L200,3.0262216216216213,0.37179796113417435
P04_L200,3.0339,0.34516537703722294
P04_L200,3.0415783783783783,0.319909033818945
P04_L200,3.0492567567567566,0.29601290917141865
P04_L200,3.0569351351351353,0.27345525186377806
P04_L200,3.0646135135135135,0.2522091613477807
P04_L200,3.072291891891892,0.2322431671751458
P04_L200,3.0799702702702705,0.21352180235104107
P04_L200,3.0876486486486483,0.19600616526655143
P04_L200,3.095327027027027,0.1796544654052514
P04_L200,3.1030054054054057,0.16442254859334304
P04_L200,3.1106837837837835,0.15026439814958575
P04_L200,3.118362162162162,0.1371326088797199
P04_L200,3.1260405405405405,0.12497883144192379
P04_L200,3.1337189189189187,0.11375418517591966
P04_L200,3.1413972972972974,0.10340963803189758
P04_L200,3.1490756756756757,0.0938963527497115
P04_L200,3.156754054054054,0.08516599891851083
P04_L200,3.1644324324324327,0.07717103098788908
P04_L200,3.1721108108108105,0.0698649327003393
P04_L200,3.179789189189189,0.0632024287692086
P04_L200,3.1874675675675674,0.05713966493505974
P04_L200,3.1951459459459457,0.051634357795945524
P04_L200,3.2028243243243244,0.04664591602427428
P04_L200,3.2105027027027027,0.042135534755601646
P04_L200,3.218181081081081,0.03806626506487289
P04_L200,3.2258594594594596,0.0344030605357267
P04_L200,3.233537837837838,0.031112802981261827
P04_L200,3.241216216216216,0.028164309393422054
P04_L200,3.248894594594595,0.025528322186313776
P04_L200,3.2565729729729727,0.023177484759929094
P04_L200,3.2642513513513514,0.02108630434860268
P04_L200,3.2719297297297296,0.01923110403679293
P04_L200,3.279608108108108,0.017589965726935507
P04_L200,3.2872864864864866,0.016142665733739986
P04_L200,3.294964864864865,0.014870604559565681
P04_L200,3.302643243243243,0.013756732279438768
P04_L200,3.310321621621622,0.012785470834654547
P04_L200,3.318,0.01194263440315992
P04_L200,3.3256783783783783,0.011215348885210079
P04_L200,3.3333567567567566,0.010591971416001838
P04_L200,3.3410351351351353,0.010062010694619292
P04_L200,3.3487135135135135,0.009616048801990391
P04_L200,3.356391891891892,0.009245665070564109
P04_L200,3.36407027027027,0.00894336246585233
P04_L200,3.3717486486486488,0.008702496845271444
P04_L200,3.379427027027027,0.008517209373176451
P04_L200,3.3871054054054053,0.008382362292657456
P04_L200,3.394783783783784,0.00829347818452513
P04_L200,3.4024621621621622,0.008246682781726153
P04_L200,3.4101405405405405,0.00823865135291021
P04_L200,3.4178189189189188,0.008266558621624093
P04_L200,3.4254972972972975,0.008328032147214814
P04_L200,3.4331756756756757,0.00842110905947347
P04_L200,3.440854054054054,0.008544196010894355
P04_L200,3.4485324324324322,0.008696032187615638
P04_L200,3.456210810810811,0.008875655202204964
P04_L200,3.463889189189189,0.00908236967794669
P04_L200,3.4715675675675675,0.00931571832477454
P04_L200,3.4792459459459457,0.009575455301028789
P04_L200,3.4869243243243244,0.009861521652450859
P04_L200,3.4946027027027027,0.010174022619915426
P04_L200,3.502281081081081,0.010513206610029613
P04_L200,3.5099594594594596,0.010879445627643574
P04_L200,3.517637837837838,0.011273216976267474
P04_L200,3.525316216216216,0.011695086041175862
P04_L200,3.5329945945945944,0.012145689980402693
P04_L200,3.540672972972973,0.012625722160731365
P04_L200,3.5483513513513514,0.013135917188988617
P04_L200,3.5560297297297296,0.013677036403350863
P04_L200,3.563708108108108,0.014249853704769996
P04_L200,3.5713864864864866,0.014855141624945601
P04_L200,3.579064864864865,0.015493657544327856
P04_L200,3.586743243243243,0.01616612999129992
P04_L200,3.594421621621622,0.01687324497182113
P04_L200,3.6021,0.017615632297232127
P04_L200,3.6097783783783783,0.018393851896489406
P04_L200,3.6174567567567566,0.019208380117596804
P04_L200,3.6251351351351353,0.020059596041298585
P04_L200,3.6328135135135136,0.02094776784794836
P04_L200,3.640491891891892,0.021873039295707997
P04_L200,3.64817027027027,0.022835416384625763
P04_L200,3.655848648648649,0.02383475429652716
P04_L200,3.663527027027027,0.024870744714736766
P04_L200,3.6712054054054053,0.025942903640344326
P04_L200,3.6788837837837836,0.027050559832694276
P04_L200,3.6865621621621623,0.028192844010951856
P04_L200,3.6942405405405405,0.02936867896069496
P04_L200,3.7019189189189188,0.030576770694399975
P04_L200,3.7095972972972975,0.031815600817248255
P04_L200,3.7172756756756757,0.033083420249768576
P04_L200,3.724954054054054,0.03437824445633474
P04_L200,3.7326324324324323,0.035697850323408206
P04_L200,3.740310810810811,0.03703977482358295
P04_L200,3.747989189189189,0.03840131559098508
P04_L200,3.7556675675675675,0.039779533520394324
P04_L200,3.7633459459459457,0.04117125748670405
P04_L200,3.7710243243243244,0.04257309126309343
P04_L200,3.7787027027027027,0.043981422695740964
P04_L200,3.786381081081081,0.04539243517021724
P04_L200,3.7940594594594597,0.046802121380155576
P04_L200,3.801737837837838,0.048206299382601486
P04_L200,3.809416216216216,0.04960063089701443
P04_L200,3.8170945945945944,0.05098064177650157
P04_L200,3.824772972972973,0.05234174455090422
P04_L200,3.8324513513513514,0.053679262912335234
P04_L200,3.8401297297297297,0.054988457984947184
P04_L200,3.847808108108108,0.05626455619274634
P04_L200,3.8554864864864866,0.05750277851245783
P04_L200,3.863164864864865,0.05869837087334074
P04_L200,3.870843243243243,0.059846635442906054
P04_L200,3.8785216216216214,0.060942962517086356
P04_L200,3.8862,0.06198286271605958
P04_L200,3.8938783783783784,0.06296199917293502
P04_L200,3.9015567567567566,0.06387621939227482
P04_L200,3.9092351351351353,0.06472158644921583
P04_L200,3.9169135135135136,0.06549440919803064
P04_L200,3.924591891891892,0.0661912711614994
P04_L200,3.93227027027027,0.06680905777952556
P04_L200,3.939948648648649,0.06734498170710031
P04_L200,3.947627027027027,0.06779660586793221
P04_L200,3.9553054054054053,0.06816186399064501
P04_L200,3.9629837837837836,0.06843907837926426
P04_L200,3.9706621621621623,0.06862697469841485
P04_L200,3.9783405405405405,0.06872469358588819
P04_L200,3.986018918918919,0.06873179894059962
P04_L200,3.9936972972972975,0.06864828277187522
P04_L200,4.001375675675676,0.06847456653600396
P04_L200,4.0090540540540545,0.0682114989273915
P04_L200,4.016732432432432,0.06786035013385752
P04_L200,4.024410810810811,0.0674228026079685
P04_L200,4.03208918918919,0.06690093844806759
P04_L200,4.0397675675675675,0.0662972235232736
P04_L200,4.047445945945945,0.06561448851543146
P04_L200,4.055124324324325,0.0648559070872453
P04_L200,4.062802702702703,0.06402497141901657
P04_L200,4.0704810810810805,0.06312546538602468
P04_L200,4.078159459459459,0.0621614356741606
P04_L200,4.085837837837838,0.061137161152615936
P04_L200,4.093516216216216,0.06005712083888566
P04_L200,4.1011945945945945,0.05892596080291514
P04_L200,4.108872972972973,0.057748460363761106
P04_L200,4.116551351351351,0.056529497933633134
P04_L200,4.12422972972973,0.05527401686070785
P04_L200,4.131908108108108,0.053986991613832074
P04_L200,4.139586486486486,0.052673394639385085
P04_L200,4.147264864864865,0.05133816420349302
P04_L200,4.154943243243244,0.04998617351187024
P04_L200,4.162621621621621,0.048622201375244783
P04_L200,4.1703,0.04725090466112328
P04_L200,4.177978378378379,0.04587679274310055
P04_L200,4.185656756756757,0.044504204127551204
P04_L200,4.193335135135135,0.043137285404969986
P04_L200,4.201013513513514,0.041779972639994875
P04_L200,4.208691891891892,0.04043597528079267
P04_L200,4.21637027027027,0.03910876263558914
P04_L200,4.224048648648649,0.03780155293213211
P04_L200,4.231727027027027,0.0365173049452694
P04_L200,4.239405405405405,0.035258712148993225
P04_L200,4.247083783783784,0.03402819932261277
P04_L200,4.254762162162162,0.03282792151643752
P04_L200,4.26244054054054,0.03165976526072223
P04_L200,4.270118918918919,0.030525351882814373
P04_L200,4.2777972972972975,0.029426042781543458
P04_L200,4.285475675675675,0.02836294649495462
P04_L200,4.293154054054054,0.027336927387507832
P04_L200,4.300832432432433,0.02634861577577189
P04_L200,4.3085108108108106,0.025398419307332772
P04_L200,4.316189189189189,0.02448653540597327
P04_L200,4.323867567567568,0.023612964596969238
P04_L200,4.331545945945946,0.022777524529397766
P04_L200,4.3392243243243245,0.02197986451743218
P04_L200,4.346902702702703,0.021219480429463304
P04_L200,4.354581081081081,0.020495729762307558
P04_L200,4.362259459459459,0.0198078467474706
P04_L200,4.369937837837838,0.01915495734720286
P04_L200,4.377616216216216,0.018536094009667593
P04_L200,4.385294594594594,0.017950210064709014
P04_L200,4.392972972972974,0.01739619365426694
P04_L200,4.400651351351351,0.016872881104209512
P04_L200,4.408329729729729,0.016379069657096016
P04_L200,4.416008108108108,0.01591352949796621
P04_L200,4.423686486486487,0.015475015017533435
P04_L200,4.4313648648648645,0.015062275269032565
P04_L200,4.439043243243243,0.014674063586319308
P04_L200,4.446721621621622,0.014309146341562818
P04_L200,4.4544,0.013966310830941775
P04_L200,4.462078378378378,0.013644372286095082
P04_L200,4.469756756756757,0.013342180017657669
P04_L200,4.477435135135135,0.01305862270499484
P04_L200,4.485113513513514,0.012792632853230658
P04_L200,4.492791891891892,0.01254319044484338
P04_L200,4.50047027027027,0.012309325818472855
P04_L200,4.508148648648649,0.01209012181218169
P04_L200,4.5158270270270275,0.01188471521224365
P04_L200,4.523505405405405,0.011692297551640144
P04_L200,4.531183783783783,0.011512115304861388
P04_L200,4.538862162162163,0.011343469527376134
P04_L200,4.546540540540541,0.011185714989301923
P04_L200,4.554218918918918,0.011038258853422087
P04_L200,4.561897297297297,0.010900558947819819
P04_L200,4.569575675675676,0.01077212168307776
P04_L200,4.577254054054054,0.010652499663289279
P04_L200,4.584932432432432,0.010541289039099042
P04_L200,4.592610810810811,0.010438126649692729
P04_L200,4.600289189189189,0.010342686999140866
P04_L200,4.6079675675675675,0.010254679110826144
P04_L200,4.615645945945946,0.01017384330189323
P04_L200,4.623324324324324,0.010099947917794734
P04_L200,4.631002702702703,0.010032786065114322
P04_L200,4.6386810810810815,0.009972172378947824
P04_L200,4.646359459459459,0.009917939859254722
P04_L200,4.654037837837838,0.009869936808760516
P04_L200,4.661716216216217,0.009828023903221003
P04_L200,4.6693945945945945,0.00979207142314468
P04_L200,4.677072972972973,0.009761956674417973
P04_L200,4.684751351351352,0.009737561623676784
P04_L200,4.69242972972973,0.00971877077270324
P04_L200,4.7001081081081075,0.009705469294585965
P04_L200,4.707786486486487,0.00969754145283892
P04_L200,4.715464864864865,0.009694869323107624
P04_L200,4.723143243243243,0.00969733183547452
P04_L200,4.7308216216216215,0.009704804153686054
P04_L200,4.7385,0.009717157405831713
P04_L200,4.746178378378378,0.009734258779093648
P04_L200,4.753856756756757,0.009755971989128656
P04_L200,4.761535135135135,0.009782158132430213
P04_L200,4.769213513513513,0.00981267692763065
P04_L200,4.776891891891892,0.009847388349136423
P04_L200,4.784570270270271,0.009886154653741434
P04_L200,4.792248648648648,0.009928842797928472
P04_L200,4.799927027027027,0.009975327240465801
P04_L200,4.807605405405406,0.010025493121631287
P04_L200,4.815283783783784,0.010079239806975534
P04_L200,4.822962162162162,0.010136484779980333
P04_L200,4.830640540540541,0.010197167864300324
P04_L200,4.838318918918919,0.010261255752519498
P04_L200,4.845997297297297,0.01032874681452684
P04_L200,4.853675675675676,0.010399676154752648
P04_L200,4.861354054054054,0.010474120883620087
P04_L200,4.869032432432432,0.01055220556469276
P04_L200,4.8767108108108115,0.010634107795154085
P04_L200,4.884389189189189,0.010720063873468253
P04_L200,4.892067567567567,0.010810374504365531
P04_L200,4.899745945945946,0.010905410487696282
P04_L200,4.9074243243243245,0.011005618334228423
P04_L200,4.915102702702702,0.011111525748153174
P04_L200,4.922781081081081,0.011223746912945424
P04_L200,4.93045945945946,0.01134298751431987
P04_L200,4.9381378378378376,0.01147004943138659
P04_L200,4.945816216216216,0.011605835024762532
P04_L200,4.953494594594595,0.011751350948400527
P04_L200,4.961172972972973,0.01190771141029959
P04_L200,4.9688513513513515,0.01207614080612341
P04_L200,4.97652972972973,0.012257975649141089
P04_L200,4.984208108108108,0.012454665719890439
P04_L200,4.991886486486487,0.012667774359627263
P04_L200,4.999564864864865,0.012898977833041428
P04_L200,5.007243243243243,0.013150063687985247
P04_L200,5.014921621621621,0.013422928043151056
P04_L200,5.022600000000001,0.013719571738838216
P04_L200,5.030278378378378,0.014042095291250448
P04_L200,5.037956756756756,0.01439269259722885
P04_L200,5.045635135135135,0.014773643344020966
P04_L200,5.053313513513514,0.015187304087659384
P04_L200,5.0609918918918915,0.01563609797380556
P04_L200,5.06867027027027,0.016122503086518473
P04_L200,5.076348648648649,0.016649039423310467
P04_L200,5.084027027027027,0.01721825450903099
P04_L200,5.091705405405405,0.017832707676477558
P04_L200,5.099383783783784,0.01849495305809107
P04_L200,5.107062162162162,0.019207521350499475
P04_L200,5.114740540540541,0.019972900431863286
P04_L200,5.122418918918919,0.020793514930745913
P04_L200,5.130097297297297,0.021671704864341182
P04_L200,5.137775675675676,0.022609703483078687
P04_L200,5.1454540540540545,0.023609614477586492
P04_L200,5.153132432432432,0.02467338872242539
P04_L200,5.16081081081081,0.02580280074855816
P04_L200,5.16848918918919,0.026999425152855087
P04_L200,5.176167567567568,0.02826461316769446
P04_L200,5.183845945945945,0.02959946962655314
P04_L200,5.191524324324325,0.03100483057204705
P04_L200,5.199202702702703,0.03248124176086259
P04_L200,5.206881081081081,0.03402893832510237
P04_L200,5.214559459459459,0.035647825851503216
P04_L200,5.222237837837838,0.037337463138535545
P04_L200,5.229916216216216,0.03909704688640448
P04_L200,5.2375945945945945,0.040925398566289364
P04_L200,5.245272972972973,0.04282095370276374
P04_L200,5.252951351351351,0.04478175378719248
P04_L200,5.26062972972973,0.046805441020118195
P04_L200,5.2683081081081085,0.048889256057308754
P04_L200,5.275986486486486,0.0510300389075196
P04_L200,5.283664864864865,0.05322423310031873
P04_L200,5.291343243243244,0.05546789320993314
P04_L200,5.2990216216216215,0.057756695786347956
P04_L200,5.3067,0.060085953708298126
P04_L200,5.314378378378379,0.06245063393478923
P04_L200,5.322056756756757,0.06484537859295754
P04_L200,5.329735135135135,0.06726452930089505
P04_L200,5.337413513513513,0.06970215458516908
P04_L200,5.345091891891892,0.0721520802147073
P04_L200,5.352770270270271,0.07460792223602604
P04_L200,5.3604486486486485,0.07706312246010329
P04_L200,5.368127027027027,0.07951098611897675
P04_L200,5.375805405405406,0.08194472138092163
P04_L200,5.383483783783784,0.0843574803873281
P04_L200,5.391162162162162,0.08674240145244694
P04_L200,5.39884054054054,0.0890926520494955
P04_L200,5.406518918918919,0.09140147219335748
P04_L200,5.414197297297298,0.09366221782160167
P04_L200,5.421875675675675,0.09586840377183521
P04_L200,5.429554054054054,0.09801374595464275
P04_L200,5.437232432432433,0.10009220232747867
P04_L200,5.444910810810811,0.10209801228586188
P04_L200,5.452589189189189,0.10402573410385588
P04_L200,5.460267567567568,0.10587028007596556
P04_L200,5.467945945945946,0.10762694903689446
P04_L200,5.4756243243243246,0.10929145596381527
P04_L200,5.483302702702702,0.11085995839747123
P04_L200,5.490981081081081,0.11232907945315287
P04_L200,5.49865945945946,0.11369592722988368
P04_L200,5.506337837837838,0.11495811046551997
P04_L200,5.514016216216216,0.11611375032636985
P04_L200,5.521694594594595,0.11716148826183147
P04_L200,5.529372972972973,0.11810048989689405
P04_L200,5.5370513513513515,0.11893044497754107
P04_L200,5.544729729729729,0.11965156342565422
P04_L200,5.552408108108108,0.12026456760029988
P04_L200,5.560086486486487,0.12077068090089141
P04_L200,5.5677648648648645,0.1211716128840274
P04_L200,5.575443243243243,0.12146954109947389
P04_L200,5.583121621621622,0.12166708988125227
P04_L200,5.5908,0.12176730635682846
P04_L200,5.5984783783783785,0.12177363396055771
P04_L200,5.606156756756757,0.12168988375663903
P04_L200,5.613835135135135,0.12152020389155897
P04_L200,5.621513513513514,0.12126904750631197
P04_L200,5.6291918918918915,0.12094113944437049
P04_L200,5.63687027027027,0.12054144209254081
P04_L200,5.644548648648649,0.12007512068843443
P04_L200,5.652227027027027,0.11954750842048532
P04_L200,5.659905405405405,0.11896407163441249
P04_L200,5.667583783783784,0.11833037544403184
P04_L200,5.675262162162162,0.11765205002468115
P04_L200,5.682940540540541,0.11693475784458529
P04_L200,5.690618918918919,0.11618416206373937
P04_L200,5.698297297297297,0.1154058963017417
P04_L200,5.705975675675676,0.11460553594605175
P04_L200,5.713654054054054,0.11378857114086649
P04_L200,5.721332432432432,0.11296038156482541
P04_L200,5.729010810810811,0.11212621307363824
P04_L200,5.736689189189189,0.11129115625203816
P04_L200,5.744367567567568,0.1104601268888406
P04_L200,5.752045945945946,0.1096378483598242
P04_L200,5.759724324324324,0.10882883587619933
P04_L200,5.767402702702703,0.10803738253208954
P04_L200,5.7750810810810815,0.10726754706311102
P04_L200,5.782759459459459,0.10652314321020287
P04_L200,5.790437837837838,0.10580773056860675
P04_L200,5.798116216216216,0.10512460679154594
P04_L200,5.805794594594595,0.10447680101184388
P04_L200,5.813472972972973,0.10386706834250299
P04_L200,5.821151351351351,0.10329788531910325
P04_L200,5.82882972972973,0.10277144615259866
P04_L200,5.8365081081081085,0.10228965967056575
P04_L200,5.844186486486486,0.10185414683777659
P04_L200,5.851864864864865,0.10146623876282605
P04_L200,5.859543243243244,0.10112697511598076
P04_L200,5.8672216216216215,0.10083710290388019
P04_L200,5.8749,0.10059707556869972
P04_L200,5.882578378378378,0.1004070524022458
P04_L200,5.890256756756757,0.10026689828858215
P04_L200,5.8979351351351355,0.10017618381156176
P04_L200,5.905613513513513,0.10013418578539562
P04_L200,5.913291891891892,0.10013988828654684
P04_L200,5.920970270270271,0.10019198428321176
P04_L200,5.9286486486486485,0.10028887797388321
P04_L200,5.936327027027027,0.10042868795854538
P04_L200,5.944005405405405,0.10060925137448203
P04_L200,5.951683783783784,0.10082812913323273
P04_L200,5.959362162162162,0.10108261239558759
P04_L200,5.96704054054054,0.10136973041762914
P04_L200,5.974718918918919,0.10168625989261394
P04_L200,5.982397297297298,0.10202873590101597
P04_L200,5.9900756756756754,0.1023934645645376
P04_L200,5.997754054054054,0.10277653747955075
P04_L200,6.005432432432433,0.10317384798165201
P04_L200,6.013110810810811,0.10358110926626286
P04_L200,6.020789189189189,0.10399387436094991
P04_L200,6.028467567567567,0.10440755791405815
P04_L200,6.036145945945946,0.10481745973188496
P04_L200,6.043824324324325,0.10521878996373127
P04_L200,6.051502702702702,0.10560669580140061
P04_L200,6.059181081081081,0.10597628952780468
P04_L200,6.06685945945946,0.10632267771896453
P04_L200,6.074537837837838,0.1066409913755334
P04_L200,6.082216216216216,0.10692641673464015
P04_L200,6.089894594594595,0.10717422649094122
P04_L200,6.097572972972973,0.10737981113777213
P04_L200,6.1052513513513516,0.10753871012561816
P04_L200,6.112929729729729,0.10764664252612913
P04_L200,6.120608108108108,0.10769953688583435
P04_L200,6.128286486486487,0.10769355995466605
P04_L200,6.135964864864865,0.10762514398045807
P04_L200,6.143643243243243,0.10749101227165847
P04_L200,6.151321621621622,0.10728820274638942
P04_L200,6.159,0.10701408920650012
P04_L200,6.1666783783783785,0.10666640009996427
P04_L200,6.174356756756757,0.10624323456348166
P04_L200,6.182035135135135,0.1057430755689322
P04_L200,6.189713513513514,0.10516480003184284
P04_L200,6.1973918918918915,0.1045076857766375
P04_L200,6.20507027027027,0.10377141529151973
P04_L200,6.212748648648649,0.1029560762447393
P04_L200,6.220427027027027,0.10206215877301772
P04_L200,6.2281054054054055,0.10109054959142495
P04_L200,6.235783783783784,0.1000425230114226
P04_L200,6.243462162162162,0.09891972898939935
P04_L200,6.251140540540541,0.09772417836144365
P04_L200,6.258818918918919,0.09645822545070563
P04_L200,6.266497297297297,0.09512454826109998
P04_L200,6.274175675675676,0.09372612649500536
P04_L200,6.281854054054054,0.09226621765263636
P04_L200,6.289532432432432,0.09074833148677781
P04_L200,6.297210810810811,0.08917620309844107
P04_L200,6.304889189189189,0.08755376496662289
P04_L200,6.312567567567568,0.08588511820885474
P04_L200,6.320245945945946,0.08417450336859357
P04_L200,6.327924324324324,0.0824262710210215
P04_L200,6.335602702702703,0.08064485248058503
P04_L200,6.343281081081082,0.07883473088201857
P04_L200,6.350959459459459,0.07700041289184893
P04_L200,6.358637837837838,0.07514640128996138
P04_L200,6.366316216216216,0.07327716864097143
P04_L200,6.373994594594595,0.07139713225339873
P04_L200,6.381672972972973,0.06951063060133063
P04_L200,6.389351351351351,0.0676219013588151
P04_L200,6.39702972972973,0.06573506117206919
P04_L200,6.4047081081081085,0.06385408726911107
P04_L200,6.412386486486486,0.0619828009809619
P04_L200,6.420064864864865,0.060124853223574935
P04_L200,6.427743243243243,0.0582837119653355
P04_L200,6.435421621621622,0.05646265168174242
P04_L200,6.4431,0.05466474477691176
P04_L200,6.450778378378378,0.052892854931143284
P04_L200,6.458456756756757,0.05114963231506637
P04_L200,6.4661351351351355,0.049437510594079144
P04_L200,6.473813513513513,0.04775870563194441
P04_L200,6.481491891891892,0.04611521578968038
P04_L200,6.489170270270271,0.04450882370524978
P04_L200,6.4968486486486485,0.04294109943108798
P04_L200,6.504527027027027,0.04141340480015981
P04_L200,6.512205405405405,0.03992689888700094
P04_L200,6.519883783783784,0.038482544427939754
P04_L200,6.5275621621621625,0.03708111506441835
P04_L200,6.53524054054054,0.03572320327481594
P04_L200,6.542918918918919,0.03440922886337794
P04_L200,6.550597297297298,0.03313944787957307
P04_L200,6.5582756756756755,0.03191396184729251
P04_L200,6.565954054054054,0.030732727190600908
P04_L200,6.573632432432433,0.029595564751065683
P04_L200,6.581310810810811,0.02850216930084589
P04_L200,6.588989189189189,0.02745211896552895
P04_L200,6.596667567567567,0.02644488448096853
P04_L200,6.604345945945946,0.025479838218929195
P04_L200,6.612024324324325,0.024556262926987003
P04_L200,6.6197027027027024,0.023673360138709156
P04_L200,6.627381081081081,0.022830258220460413
P04_L200,6.63505945945946,0.022026020031128447
P04_L200,6.642737837837838,0.021259650180455204
P04_L200,6.650416216216216,0.020530101880401663
P04_L200,6.658094594594595,0.01983628339194492
P04_L200,6.665772972972973,0.01917706407680219
P04_L200,6.673451351351352,0.01855128006974306
P04_L200,6.681129729729729,0.01795773959231207
P04_L200,6.688808108108108,0.017395227932926204
P04_L200,6.696486486486487,0.016862512121389214
P04_L200,6.704164864864865,0.01635834532791887
P04_L200,6.711843243243243,0.01588147101779725
P04_L200,6.719521621621622,0.015430626892810183
P04_L200,6.7272,0.015004548649755553
P04_L200,6.7348783783783785,0.014601973584590823
P04_L200,6.742556756756757,0.014221644068311026
P04_L200,6.750235135135135,0.013862310917518694
P04_L200,6.757913513513514,0.013522736678977567
P04_L200,6.765591891891892,0.013201698843345759
P04_L200,6.77327027027027,0.012897992998884562
P04_L200,6.780948648648649,0.012610435931375008
P04_L200,6.788627027027027,0.012337868671852095
P04_L200,6.7963054054054055,0.01207915948922866
P04_L200,6.803983783783784,0.011833206820532901
P04_L200,6.811662162162162,0.011598942127442413
P04_L200,6.819340540540541,0.011375332664157007
P04_L200,6.8270189189189185,0.011161384138513506
P04_L200,6.834697297297297,0.010956143245662296
P04_L200,6.842375675675676,0.010758700051682503
P04_L200,6.850054054054054,0.010568190203227813
P04_L200,6.8577324324324325,0.010383796938718293
P04_L200,6.865410810810811,0.01020475287671478
P04_L200,6.873089189189189,0.01003034155793883
P04_L200,6.880767567567568,0.009859898718897203
P04_L200,6.888445945945946,0.00969281327720766
P04_L200,6.896124324324324,0.009528528011432655
P04_L200,6.903802702702703,0.009366539921459761
P04_L200,6.911481081081081,0.009206400259128042
P04_L200,6.919159459459459,0.009047714222812111
P04_L200,6.926837837837838,0.008890140313939345
P04_L200,6.934516216216216,0.008733389357835448
P04_L200,6.942194594594595,0.008577223195766148
P04_L200,6.949872972972973,0.008421453059471926
P04_L200,6.957551351351351,0.008265937643773705
P04_L200,6.96522972972973,0.008110580896879372
P04_L200,6.972908108108109,0.007955329551744692
P04_L200,6.980586486486486,0.007800170425177252
P04_L200,6.988264864864865,0.0076451275142388
P04_L200,6.995943243243243,0.007490258921860086
P04_L200,7.003621621621622,0.00733565364538064
P04_L200,7.0113,0.007181428262950465
P04_L200,7.018978378378378,0.007027723553356009
P04_L200,7.026656756756757,0.006874701084872881
P04_L200,7.0343351351351355,0.006722539808206634
P04_L200,7.042013513513513,0.00657143268749559
P04_L200,7.049691891891892,0.006421583401750151
P04_L200,7.057370270270271,0.0062732031470413094
P04_L200,7.065048648648649,0.006126507567284424
P04_L200,7.072727027027027,0.0059817138386541535
P04_L200,7.080405405405405,0.005839037929583415
P04_L200,7.088083783783784,0.00569869205501205
P04_L200,7.0957621621621625,0.005560882340132065
P04_L200,7.10344054054054,0.005425806705396942
P04_L200,7.111118918918919,0.005293652981090378
P04_L200,7.118797297297298,0.005164597256348566
P04_L200,7.1264756756756755,0.005038802464259004
P04_L200,7.134154054054054,0.004916417201568972
P04_L200,7.141832432432433,0.004797574778672963
P04_L200,7.149510810810811,0.004682392492946427
P04_L200,7.1571891891891894,0.004570971116181864
P04_L200,7.164867567567567,0.004463394584881325
P04_L200,7.172545945945946,0.004359729880479235
P04_L200,7.180224324324325,0.00426002708521355
P04_L200,7.1879027027027025,0.004164319598329703
P04_L200,7.195581081081081,0.004072624496579532
P04_L200,7.20325945945946,0.003984943022552115
P04_L200,7.210937837837838,0.0039012611842244665
P04_L200,7.218616216216216,0.0038215504492256362
P04_L200,7.226294594594595,0.0037457685176407523
P04_L200,7.233972972972973,0.003673860157715094
P04_L200,7.241651351351352,0.0036057580895251552
P04_L200,7.249329729729729,0.0035413839025349877
P04_L200,7.257008108108108,0.0034806489939251807
P04_L200,7.264686486486487,0.0034234555156434764
P04_L200,7.272364864864865,0.0033696973192543444
P04_L200,7.280043243243243,0.0033192608888406843
P04_L200,7.287721621621622,0.0032720262534105806
P04_L200,7.2954,0.0032278678714709385
P04_L200,7.303078378378379,0.0031866554816297596
P04_L200,7.310756756756756,0.0031482549142678915
P04_L200,7.318435135135135,0.0031125288604641663
P04_L200,7.326113513513514,0.0030793375954580315
P04_L200,7.333791891891892,0.003048539654977272
P04_L200,7.34147027027027,0.003019992463740473
P04_L200,7.349148648648649,0.002993552916353443
P04_L200,7.356827027027027,0.002969077911651613
P04_L200,7.3645054054054055,0.002946424842287107
P04_L200,7.372183783783784,0.00292545204201628
P04_L200,7.379862162162162,0.0029060191937030685
P04_L200,7.387540540540541,0.0028879877015125775
P04_L200,7.395218918918919,0.002871221031122276
P04_L200,7.402897297297297,0.0028555850220229845
P04_L200,7.410575675675676,0.0028409481761159077
P04_L200,7.418254054054054,0.0028271819268349003
P04_L200,7.4259324324324325,0.0028141608929366296
P04_L200,7.433610810810811,0.0028017631209077644
P04_L200,7.441289189189189,0.0027898703196432267
P04_L200,7.448967567567568,0.0027783680906605024
P04_L200,7.456645945945946,0.002767146156640813
P04_L200,7.464324324324324,0.0027560985905410356
P04_L200,7.472002702702703,0.002745124046913763
P04_L200,7.479681081081081,0.002734125996423036
P04_L200,7.4873594594594595,0.0027230129638660698
P04_L200,7.495037837837838,0.0027116987693263667
P04_L200,7.502716216216216,0.00270010277140842
P04_L200,7.510394594594595,0.0026881501108591325
P04_L200,7.518072972972973,0.0026757719522837228
P04_L200,7.525751351351351,0.002662905721132962
P04_L200,7.53342972972973,0.002649495332689811
P04_L200,7.541108108108109,0.0026354914094315453
P04_L200,7.548786486486486,0.002620851482899725
P04_L200,7.556464864864865,0.0026055401760838406
P04_L200,7.564143243243243,0.0025895293623210236
P04_L200,7.571821621621622,0.002572798296834782
P04_L200,7.5795,0.0025553337172798825
P04_L200,7.587178378378378,0.002537129910021736
P04_L200,7.594856756756757,0.002518188739348343
P04_L200,7.602535135135136,0.0024985196373785265
P04_L200,7.610213513513513,0.0024781395530761793
P04_L200,7.617891891891892,0.0024570728594879975
P04_L200,7.625570270270271,0.0024353512190722812
P04_L200,7.633248648648649,0.002413013407755574
P04_L200,7.640927027027027,0.0023901050991207737
P04_L200,7.648605405405405,0.0023666786108709767
P04_L200,7.656283783783784,0.002342792616405685
P04_L200,7.6639621621621625,0.002318511824969101
P04_L200,7.67164054054054,0.002293906634363879
P04_L200,7.679318918918919,0.002269052760652065
P04_L200,7.686997297297298,0.0022440308495735467
P04_L200,7.694675675675676,0.0022189260745903803
P04_L200,7.702354054054054,0.002193827726507415
P04_L200,7.710032432432432,0.0021688287995216987
P04_L200,7.717710810810811,0.0021440255783179134
P04_L200,7.7253891891891895,0.0021195172304593404
P04_L200,7.733067567567567,0.0020954054078340285
P04_L200,7.740745945945946,0.002071793860316771
P04_L200,7.748424324324325,0.002048788064116325
P04_L200,7.7561027027027025,0.0020264948665136384
P04_L200,7.763781081081081,0.0020050221478829797
P04_L200,7.77145945945946,0.0019844785010475507
P04_L200,7.779137837837838,0.001964972927179668
P04_L200,7.7868162162162164,0.001946614546638107
P04_L200,7.794494594594594,0.001929512322367698
P04_L200,7.802172972972973,0.0019137747927915523
P04_L200,7.809851351351352,0.00189950981052899
P04_L200,7.8175297297297295,0.001886824282790519
P04_L200,7.825208108108108,0.0018758239089543194
P04_L200,7.832886486486487,0.0018666129106293418
P04_L200,7.840564864864865,0.001859293749469586
P04_L200,7.848243243243243,0.001853966828127643
P04_L200,7.855921621621622,0.00185073017002588
P04_L200,7.8636,0.0018496790740772271
P04_L200,7.871278378378379,0.0018509057410978952
P04_L200,7.878956756756756,0.0018544988694098028
P04_L200,7.886635135135135,0.0018605432180155456
P04_L200,7.894313513513514,0.0018691191367241518
P04_L200,7.901991891891892,0.0018803020636889265
P04_L200,7.90967027027027,0.0018941619919638838
P04_L200,7.917348648648649,0.0019107629078649053
P04_L200,7.925027027027027,0.0019301622051066639
P04_L200,7.932705405405406,0.0019524100798459403
P04_L200,7.940383783783784,0.001977548912866398
P04_L200,7.948062162162162,0.002005612646158781
P04_L200,7.955740540540541,0.0020366261620563195
P04_L200,7.963418918918919,0.002070604673850189
P04_L200,7.971097297297297,0.002107553137412179
P04_L200,7.978775675675676,0.0021474656937693305
P04_L200,7.986454054054054,0.002190325152793367
P04_L200,7.9941324324324325,0.002236102528173082
P04_L200,8.001810810810811,0.0022847566336241295
P04_L200,8.009489189189189,0.002336233749855346
P04_L200,8.017167567567569,0.0023904673711570086
P04_L200,8.024845945945946,0.0024473780396119505
P04_L200,8.032524324324324,0.002506873273870134
P04_L200,8.040202702702704,0.002568847598186911
P04_L200,8.04788108108108,0.0026331826760298835
P04_L200,8.05555945945946,0.0026997475510348347
P04_L200,8.063237837837839,0.0027683989964670044
P04_L200,8.070916216216215,0.0028389819726563252
P04_L200,8.078594594594595,0.0029113301901555013
P04_L200,8.086272972972974,0.0029852667746575728
P04_L200,8.09395135135135,0.003060605028042219
P04_L200,8.10162972972973,0.0031371492783312835
P04_L200,8.109308108108108,0.0032146958098628687
P04_L200,8.116986486486486,0.0032930338636721654
P04_L200,8.124664864864865,0.003371946696924705
P04_L200,8.132343243243243,0.003451212689313242
P04_L200,8.14002162162162,0.003530606483624629
P04_L200,8.1477,0.003609900147223426
P04_L200,8.155378378378378,0.0036888643409996097
P04_L200,8.163056756756756,0.0037672694823921798
P04_L200,8.170735135135136,0.0038448868894296797
P04_L200,8.178413513513513,0.003921489893316594
P04_L200,8.186091891891891,0.003996854907929398
P04_L200,8.19377027027027,0.004070762445647963
P04_L200,8.201448648648649,0.004142998070216066
P04_L200,8.209127027027026,0.004213353278768428
P04_L200,8.216805405405406,0.004281626306747893
P04_L200,8.224483783783784,0.004347622851130832
P04_L200,8.232162162162162,0.004411156709138859
P04_L200,8.239840540540541,0.004472050331402054
P04_L200,8.247518918918919,0.004530135290308834
P04_L200,8.255197297297297,0.004585252665990955
P04_L200,8.262875675675676,0.0046372533540038835
P04_L200,8.270554054054054,0.004685998300239592
P04_L200,8.278232432432432,0.004731358669910054
P04_L200,8.285910810810812,0.004773215958538026
P04_L200,8.29358918918919,0.004811462053757353
P04_L200,8.301267567567567,0.004845999257340494
P04_L200,8.308945945945947,0.004876740277217486
P04_L200,8.316624324324325,0.0049036081993246525
P04_L200,8.324302702702703,0.004926536448918172
P04_L200,8.331981081081082,0.004945468750515225
P04_L200,8.33965945945946,0.004960359094895526
P04_L200,8.347337837837838,0.004971171720629647
P04_L200,8.355016216216217,0.004977881116420661
P04_L200,8.362694594594593,0.004980472049186581
P04_L200,8.370372972972973,0.00497893962130659
P04_L200,8.378051351351353,0.004973289358845261
P04_L200,8.385729729729729,0.004963537330897736
P04_L200,8.393408108108108,0.0049497102985107825
P04_L200,8.401086486486488,0.00493184588997325
P04_L200,8.408764864864864,0.0049099927976798815
P04_L200,8.416443243243243,0.0048842109902965765
P04_L200,8.424121621621623,0.00485457193263262
P04_L200,8.431799999999999,0.00482115880448951
P04_L200,8.439478378378379,0.004784066708838857
P04_L200,8.447156756756756,0.004743402859004825
P04_L200,8.454835135135134,0.004699286734107354
P04_L200,8.462513513513514,0.004651850191871765
P04_L200,8.470191891891892,0.004601237528027893
P04_L200,8.47787027027027,0.0045476054719054025
P04_L200,8.485548648648649,0.004491123108466132
P04_L200,8.493227027027027,0.004431971717882145
P04_L200,8.500905405405405,0.004370344524841398
P04_L200,8.508583783783784,0.00430644635101438
P04_L200,8.516262162162162,0.004240493165505262
P04_L200,8.52394054054054,0.0041727115296057975
P04_L200,8.53161891891892,0.004103337933727283
P04_L200,8.539297297297297,0.004032618025965985
P04_L200,8.546975675675675,0.00396080573332072
P04_L200,8.554654054054055,0.0038881622780924867
P04_L200,8.562332432432433,0.0038149550934201562
P04_L200,8.57001081081081,0.0037414566432160366
P04_L200,8.57768918918919,0.0036679431529385406
P04_L200,8.585367567567568,0.003594693258659005
P04_L200,8.593045945945946,0.0035219865827371597
P04_L200,8.600724324324325,0.003450102245114267
P04_L200,8.608402702702703,0.003379317319767562
P04_L200,8.61608108108108,0.0033099052462574998
P04_L200,8.62375945945946,0.0032421342065588545
P04_L200,8.631437837837838,0.0031762654775183722
P04_L200,8.639116216216216,0.0031125517693550756
P04_L200,8.646794594594596,0.0030512355606415035
P04_L200,8.654472972972973,0.0029925474402054722
P04_L200,8.662151351351351,0.0029367044664020837
P04_L200,8.66982972972973,0.002883908554251162
P04_L200,8.677508108108107,0.002834344901038086
P04_L200,8.685186486486487,0.0027881804611543533
P04_L200,8.692864864864866,0.002745562481218338
P04_L200,8.700543243243242,0.002706617106867668
P04_L200,8.708221621621622,0.002671448073048718
P04_L200,8.715900000000001,0.00264013549012928
P04_L200,8.723578378378377,0.002612734738702919
P04_L200,8.731256756756757,0.0025892754865077
P04_L200,8.738935135135137,0.002569760841405057
P04_L200,8.746613513513513,0.0025541666548109907
P04_L200,8.754291891891892,0.002542440990290216
P04_L200,8.76197027027027,0.002534503772159183
P04_L200,8.769648648648648,0.002530246628840527
P04_L200,8.777327027027027,0.002529532945316972
P04_L200,8.785005405405405,0.002532198138295918
P04_L200,8.792683783783783,0.002538050166575224
P04_L200,8.800362162162163,0.002546870287560995
P04_L200,8.80804054054054,0.0025584140689074815
P04_L200,8.815718918918918,0.0025724126618171623
P04_L200,8.823397297297298,0.002588574339660856
P04_L200,8.831075675675676,0.0026065863022739165
P04_L200,8.838754054054053,0.002626116742591843
P04_L200,8.846432432432433,0.0026468171682602964
P04_L200,8.85411081081081,0.0026683249665590495
P04_L200,8.861789189189189,0.002690266196500599
P04_L200,8.869467567567568,0.0027122585873969093
P04_L200,8.877145945945946,0.0027339147186395026
P04_L200,8.884824324324324,0.0027548453510217352
P04_L200,8.892502702702703,0.00277466287576618
P04_L200,8.900181081081081,0.002792984843623402
P04_L200,8.90785945945946,0.0028094375330978004
P04_L200,8.915537837837839,0.0028236595141399308
P04_L200,8.923216216216217,0.002835305161623998
P04_L200,8.930894594594594,0.0028440480716879824
P04_L200,8.938572972972974,0.0028495843336218624
P04_L200,8.946251351351352,0.0028516356104955048
P04_L200,8.95392972972973,0.0028499519831494276
P04_L200,8.96160810810811,0.002844314514532793
P04_L200,8.969286486486487,0.0028345374946439723
P04_L200,8.976964864864865,0.0028204703304652076
P04_L200,8.984643243243244,0.002801999050216882
P04_L200,8.99232162162162,0.0027790473968986877
P04_L200,9.0,0.0027515774923243565
