condition_id,candidate_mode,selection,assumed_input_index,point_index,probe_position_deg,distance_from_flanker_edge_deg,log_sensitivity_ratio,spread_recorded,errorbar_halfwidth_source_convention
P01_L010,1,row_linked_max_fms,29769,0,-0.424,0.07600000000000001,-0.29540792423616646,0.23834247666310418,0.11917123833155209
P01_L010,1,row_linked_max_fms,29769,1,-0.4011,0.09889999999999999,-0.08752135519571756,0.21404687750971182,0.10702343875485591
P01_L010,1,row_linked_max_fms,29769,2,-0.3724,0.1276,-0.021999588997637043,0.1705323012938097,0.08526615064690485
P01_L010,1,row_linked_max_fms,29769,3,-0.3209,0.17909999999999998,0.10605360063145967,0.14976926902891213,0.07488463451445607
P01_L010,1,row_linked_max_fms,29769,4,-0.2693,0.23070000000000002,0.12443167106801481,0.1967209623654336,0.0983604811827168
P01_L010,1,row_linked_max_fms,29769,5,-0.212,0.28800000000000003,-0.0636150161497353,0.20308042118762962,0.10154021059381481
P01_L010,1,row_linked_max_fms,29769,6,-0.1604,0.3396,-0.14611804039288234,0.19178178816280866,0.09589089408140433
P01_L010,1,row_linked_max_fms,29769,7,-0.1089,0.3911,-0.08641432886963102,0.13923315496323066,0.06961657748161533
P01_L010,1,row_linked_max_fms,29769,8,-0.0516,0.4484,0.0010369631307891346,0.21073310417244995,0.10536655208622497
P01_L010,1,row_linked_max_fms,29769,9,0.0,0.5,0.0004983268949088188,0.20198089675496808,0.10099044837748404
P01_L010,1,row_linked_max_fms,29769,10,0.0516,0.5516,0.05534091109158797,0.2783747957645206,0.1391873978822603
P01_L010,1,row_linked_max_fms,29769,11,0.1089,0.6089,0.11418989826808129,0.11188227663226848,0.05594113831613424
P01_L010,1,row_linked_max_fms,29769,12,0.1604,0.6604,0.12132491134753581,0.21777053218781467,0.10888526609390733
P01_L010,1,row_linked_max_fms,29769,13,0.2693,0.7693,-0.0624250684514387,0.3121420580768302,0.1560710290384151
P01_L010,1,row_linked_max_fms,29769,14,0.3209,0.8209,-0.17347798552670599,0.08465056675175636,0.04232528337587818
P01_L010,1,row_linked_max_fms,29769,15,0.3724,0.8724000000000001,0.019950558540393407,0.18434949557621175,0.09217474778810587
P01_L010,1,source_plotting_index_rule,9484,0,-0.424,0.07600000000000001,-0.3982043218053196,0.2576622430225947,0.12883112151129736
P01_L010,1,source_plotting_index_rule,9484,1,-0.4011,0.09889999999999999,-0.16693891054306856,0.0904130935040292,0.0452065467520146
P01_L010,1,source_plotting_index_rule,9484,2,-0.3724,0.1276,0.008862387293555322,0.1754227580566744,0.0877113790283372
P01_L010,1,source_plotting_index_rule,9484,3,-0.3209,0.17909999999999998,0.09363691194220777,0.22086497443969905,0.11043248721984952
P01_L010,1,source_plotting_index_rule,9484,4,-0.2693,0.23070000000000002,0.16361815985821354,0.2219128970562741,0.11095644852813705
P01_L010,1,source_plotting_index_rule,9484,5,-0.212,0.28800000000000003,-0.1295898719952186,0.24257576097489006,0.12128788048744503
P01_L010,1,source_plotting_index_rule,9484,6,-0.1604,0.3396,-0.1260262600853861,0.16932001171329705,0.08466000585664853
P01_L010,1,source_plotting_index_rule,9484,7,-0.1089,0.3911,-0.09426704239956427,0.11059536425222057,0.05529768212611028
P01_L010,1,source_plotting_index_rule,9484,8,-0.0516,0.4484,-0.08051495404770329,0.1630790515481617,0.08153952577408086
P01_L010,1,source_plotting_index_rule,9484,9,0.0,0.5,0.008396301816160698,0.16841707633009875,0.08420853816504938
P01_L010,1,source_plotting_index_rule,9484,10,0.0516,0.5516,-0.04674384242801979,0.24895820463188212,0.12447910231594106
P01_L010,1,source_plotting_index_rule,9484,11,0.1089,0.6089,0.11334653045109772,0.12574217228838866,0.06287108614419433
P01_L010,1,source_plotting_index_rule,9484,12,0.1604,0.6604,0.20974225985058237,0.1674148939641595,0.08370744698207976
P01_L010,1,source_plotting_index_rule,9484,13,0.2693,0.7693,-0.04978787755723773,0.2346442235940581,0.11732211179702905
P01_L010,1,source_plotting_index_rule,9484,14,0.3209,0.8209,-0.287978023729833,0.15774867911860244,0.07887433955930122
P01_L010,1,source_plotting_index_rule,9484,15,0.3724,0.8724000000000001,0.09951364829472231,0.14407750591479068,0.07203875295739534
P01_L010,2,row_linked_max_fms,32782,0,-0.424,0.07600000000000001,-0.29540792423616646,0.23834247666310418,0.11917123833155209
P01_L010,2,row_linked_max_fms,32782,1,-0.4011,0.09889999999999999,-0.22326442703096286,0.24772752725530228,0.12386376362765114
P01_L010,2,row_linked_max_fms,32782,2,-0.3724,0.1276,-0.008113494583707326,0.19128770746757828,0.09564385373378914
P01_L010,2,row_linked_max_fms,32782,3,-0.3209,0.17909999999999998,0.1398159814160331,0.14406603523777753,0.07203301761888876
P01_L010,2,row_linked_max_fms,32782,4,-0.2693,0.23070000000000002,0.1949522587265405,0.17626561862444812,0.08813280931222406
P01_L010,2,row_linked_max_fms,32782,5,-0.212,0.28800000000000003,-0.08170167289049306,0.10086399834371916,0.05043199917185958
P01_L010,2,row_linked_max_fms,32782,6,-0.1604,0.3396,-0.20416250485984702,0.24423044951881642,0.12211522475940821
P01_L010,2,row_linked_max_fms,32782,7,-0.1089,0.3911,-0.0026091757270076334,0.11348296157880215,0.056741480789401076
P01_L010,2,row_linked_max_fms,32782,8,-0.0516,0.4484,0.005642966238306068,0.20063756504085742,0.10031878252042871
P01_L010,2,row_linked_max_fms,32782,9,0.0,0.5,0.0004983166414354168,0.20198089853984658,0.10099044926992329
P01_L010,2,row_linked_max_fms,32782,10,0.0516,0.5516,-0.014274881475224894,0.28706567570564756,0.14353283785282378
P01_L010,2,row_linked_max_fms,32782,11,0.1089,0.6089,0.16777356802371016,0.15462297555868942,0.07731148777934471
P01_L010,2,row_linked_max_fms,32782,12,0.1604,0.6604,0.07492331139456081,0.22772730542035308,0.11386365271017654
P01_L010,2,row_linked_max_fms,32782,13,0.2693,0.7693,-0.0624250684514387,0.3121420580768302,0.1560710290384151
P01_L010,2,row_linked_max_fms,32782,14,0.3209,0.8209,-0.04116436746882002,0.28709776195439557,0.14354888097719778
P01_L010,2,row_linked_max_fms,32782,15,0.3724,0.8724000000000001,0.061693758136211696,0.1343975000175243,0.06719875000876215
P01_L010,2,source_plotting_index_rule,12165,0,-0.424,0.07600000000000001,-0.3294961532388965,0.267451335231856,0.133725667615928
P01_L010,2,source_plotting_index_rule,12165,1,-0.4011,0.09889999999999999,-0.13135629823275416,0.112169067780377,0.0560845338901885
P01_L010,2,source_plotting_index_rule,12165,2,-0.3724,0.1276,-0.11858690230697631,0.2671346959280576,0.1335673479640288
P01_L010,2,source_plotting_index_rule,12165,3,-0.3209,0.17909999999999998,0.11617694863695154,0.12837840225362895,0.06418920112681448
P01_L010,2,source_plotting_index_rule,12165,4,-0.2693,0.23070000000000002,0.2067609962744478,0.2333929915100235,0.11669649575501174
P01_L010,2,source_plotting_index_rule,12165,5,-0.212,0.28800000000000003,-0.1477810726972429,0.22832918366036745,0.11416459183018372
P01_L010,2,source_plotting_index_rule,12165,6,-0.1604,0.3396,-0.15771695081733555,0.2661352127256628,0.1330676063628314
P01_L010,2,source_plotting_index_rule,12165,7,-0.1089,0.3911,-0.17273620350212301,0.21696289054533283,0.10848144527266641
P01_L010,2,source_plotting_index_rule,12165,8,-0.0516,0.4484,0.00993308870256443,0.17742428113126416,0.08871214056563208
P01_L010,2,source_plotting_index_rule,12165,9,0.0,0.5,-0.019727634794751356,0.15003264292726862,0.07501632146363431
P01_L010,2,source_plotting_index_rule,12165,10,0.0516,0.5516,-0.014274881475224894,0.28706567570564756,0.14353283785282378
P01_L010,2,source_plotting_index_rule,12165,11,0.1089,0.6089,0.18423975007531207,0.13221993924419895,0.06610996962209947
P01_L010,2,source_plotting_index_rule,12165,12,0.1604,0.6604,0.05922511072036957,0.1847581904260101,0.09237909521300505
P01_L010,2,source_plotting_index_rule,12165,13,0.2693,0.7693,-0.10038775642236095,0.23472121451503658,0.11736060725751829
P01_L010,2,source_plotting_index_rule,12165,14,0.3209,0.8209,-0.16318188705736308,0.3037378088602509,0.15186890443012546
P01_L010,2,source_plotting_index_rule,12165,15,0.3724,0.8724000000000001,0.08961458681847721,0.18233446249285973,0.09116723124642986
P01_L020,1,row_linked_max_fms,280,0,-0.4183,0.0817,-0.22631031865956264,0.25409097373542444,0.12704548686771222
P01_L020,1,row_linked_max_fms,280,1,-0.3552,0.14479999999999998,-0.06708114740979788,0.1452084552953142,0.0726042276476571
P01_L020,1,row_linked_max_fms,280,2,-0.2865,0.21350000000000002,-0.06667782645417818,0.16859510510340858,0.08429755255170429
P01_L020,1,row_linked_max_fms,280,3,-0.2177,0.2823,-0.054843119829665936,0.24893407821147953,0.12446703910573977
P01_L020,1,row_linked_max_fms,280,4,-0.1547,0.3453,0.07964605974154997,0.19461816317063305,0.09730908158531652
P01_L020,1,row_linked_max_fms,280,5,-0.0859,0.4141,0.2187543945339292,0.20508240865512112,0.10254120432756056
P01_L020,1,row_linked_max_fms,280,6,-0.0172,0.4828,0.11496841412500172,0.21679814433480205,0.10839907216740102
P01_L020,1,row_linked_max_fms,280,7,0.0458,0.5458,-0.23815449688793194,0.5282273965791705,0.26411369828958525
P01_L020,1,row_linked_max_fms,280,8,0.1146,0.6146,-0.10220321419875819,0.2116870858710456,0.1058435429355228
P01_L020,1,row_linked_max_fms,280,9,0.1776,0.6776,0.013267760021304708,0.23288951964779794,0.11644475982389897
P01_L020,1,row_linked_max_fms,280,10,0.2464,0.7464,0.18006082177933597,0.23799004922079975,0.11899502461039987
P01_L020,1,row_linked_max_fms,280,11,0.3151,0.8150999999999999,0.06954047206696641,0.1523989580176785,0.07619947900883925
P01_L020,1,source_plotting_index_rule,55,0,-0.4183,0.0817,-0.24485246824481324,0.2724221055155065,0.13621105275775325
P01_L020,1,source_plotting_index_rule,55,1,-0.3552,0.14479999999999998,-0.1718518121167707,0.11251585505160885,0.05625792752580443
P01_L020,1,source_plotting_index_rule,55,2,-0.2865,0.21350000000000002,-0.09334646987264227,0.1805896292859989,0.09029481464299945
P01_L020,1,source_plotting_index_rule,55,3,-0.2177,0.2823,-0.21782369833754092,0.2671784899226572,0.1335892449613286
P01_L020,1,source_plotting_index_rule,55,4,-0.1547,0.3453,0.12365029076284605,0.20815792314588977,0.10407896157294488
P01_L020,1,source_plotting_index_rule,55,5,-0.0859,0.4141,0.27331995463346787,0.20168347401454204,0.10084173700727102
P01_L020,1,source_plotting_index_rule,55,6,-0.0172,0.4828,0.061274144167213454,0.22038570822470774,0.11019285411235387
P01_L020,1,source_plotting_index_rule,55,7,0.0458,0.5458,-0.42733703330999434,0.46043315327553724,0.23021657663776862
P01_L020,1,source_plotting_index_rule,55,8,0.1146,0.6146,-0.040720739241560014,0.08980837205391735,0.04490418602695868
P01_L020,1,source_plotting_index_rule,55,9,0.1776,0.6776,-0.06331932040410965,0.17976523866596655,0.08988261933298328
P01_L020,1,source_plotting_index_rule,55,10,0.2464,0.7464,0.10758190382254516,0.20637219551615196,0.10318609775807598
P01_L020,1,source_plotting_index_rule,55,11,0.3151,0.8150999999999999,0.04282802816268557,0.17909557825222452,0.08954778912611226
P01_L025,1,row_linked_max_fms,27771,0,-0.4813,0.018699999999999994,0.39726872439485506,0.30191874423411863,0.15095937211705932
P01_L025,1,row_linked_max_fms,27771,1,-0.4412,0.05880000000000002,-0.6237028871771778,0.14988512399580667,0.07494256199790333
P01_L025,1,row_linked_max_fms,27771,2,-0.4183,0.0817,0.11519575169874181,0.2098344751612643,0.10491723758063215
P01_L025,1,row_linked_max_fms,27771,3,-0.3896,0.1104,0.12585838610679206,0.21658134305736587,0.10829067152868294
P01_L025,1,row_linked_max_fms,27771,4,-0.3552,0.14479999999999998,0.8898172985592223,0.27661053078121045,0.13830526539060523
P01_L025,1,row_linked_max_fms,27771,5,-0.3266,0.1734,0.13289858392546647,0.2156388259828144,0.1078194129914072
P01_L025,1,row_linked_max_fms,27771,6,-0.2922,0.20779999999999998,-0.7338035126889177,0.3295009985806794,0.1647504992903397
P01_L025,1,row_linked_max_fms,27771,7,-0.2292,0.27080000000000004,-0.43569467700565145,0.142488115845599,0.0712440579227995
P01_L025,1,row_linked_max_fms,27771,8,-0.2005,0.2995,-0.6381306706329768,0.1227307736880399,0.06136538684401995
P01_L025,1,row_linked_max_fms,27771,9,-0.1662,0.3338,-0.036533209580422395,0.2934925913392503,0.14674629566962516
P01_L025,1,row_linked_max_fms,27771,10,-0.1031,0.39690000000000003,-0.16273770112365812,0.2899493594135015,0.14497467970675074
P01_L025,1,row_linked_max_fms,27771,11,-0.0401,0.4599,-0.41524813830326385,0.37018494962371845,0.18509247481185923
P01_L025,1,row_linked_max_fms,27771,12,0.0172,0.5172,0.5454844125277531,0.3221035423136924,0.1610517711568462
P01_L025,1,row_linked_max_fms,27771,13,0.0802,0.5802,0.0599417863008315,0.20809453979776144,0.10404726989888072
P01_L025,1,row_linked_max_fms,27771,14,0.1432,0.6432,-0.595423875379957,0.23474196993685842,0.11737098496842921
P01_L025,1,row_linked_max_fms,27771,15,0.2063,0.7063,-0.2049778371178722,0.2295189953563355,0.11475949767816775
P01_L025,1,source_plotting_index_rule,9115,0,-0.4813,0.018699999999999994,0.5369619174448205,0.3385841487446673,0.16929207437233365
P01_L025,1,source_plotting_index_rule,9115,1,-0.4412,0.05880000000000002,-0.7501823513162635,0.2014467089255085,0.10072335446275425
P01_L025,1,source_plotting_index_rule,9115,2,-0.4183,0.0817,0.08769261512187503,0.15230780297602514,0.07615390148801257
P01_L025,1,source_plotting_index_rule,9115,3,-0.3896,0.1104,0.10042633839719463,0.24440504360007942,0.12220252180003971
P01_L025,1,source_plotting_index_rule,9115,4,-0.3552,0.14479999999999998,0.8822894396373591,0.2763175011212049,0.13815875056060245
P01_L025,1,source_plotting_index_rule,9115,5,-0.3266,0.1734,0.14322739712024457,0.15347091301856192,0.07673545650928096
P01_L025,1,source_plotting_index_rule,9115,6,-0.2922,0.20779999999999998,-0.7919804600581909,0.2367447806056319,0.11837239030281595
P01_L025,1,source_plotting_index_rule,9115,7,-0.2292,0.27080000000000004,-0.4499195808821555,0.2577793094586982,0.1288896547293491
P01_L025,1,source_plotting_index_rule,9115,8,-0.2005,0.2995,-0.48266281680567885,0.17976704451750578,0.08988352225875289
P01_L025,1,source_plotting_index_rule,9115,9,-0.1662,0.3338,-0.07172458833314288,0.2698030591664906,0.1349015295832453
P01_L025,1,source_plotting_index_rule,9115,10,-0.1031,0.39690000000000003,-0.09239032299792625,0.3155398681270726,0.1577699340635363
P01_L025,1,source_plotting_index_rule,9115,11,-0.0401,0.4599,-0.34990091997741773,0.34179547415860567,0.17089773707930284
P01_L025,1,source_plotting_index_rule,9115,12,0.0172,0.5172,0.6198167551580162,0.3240054605597692,0.1620027302798846
P01_L025,1,source_plotting_index_rule,9115,13,0.0802,0.5802,0.061929965654432685,0.19989417779162305,0.09994708889581153
P01_L025,1,source_plotting_index_rule,9115,14,0.1432,0.6432,-0.6556098068073053,0.2968473911949371,0.14842369559746854
P01_L025,1,source_plotting_index_rule,9115,15,0.2063,0.7063,-0.18939328323756016,0.24274832190159884,0.12137416095079942
P01_L025,2,row_linked_max_fms,49628,0,-0.4813,0.018699999999999994,0.36041968201100916,0.2627024355986615,0.13135121779933076
P01_L025,2,row_linked_max_fms,49628,1,-0.4412,0.05880000000000002,-0.6624065671359095,0.27903686585418186,0.13951843292709093
P01_L025,2,row_linked_max_fms,49628,2,-0.4183,0.0817,0.12559238932759664,0.22328105113076713,0.11164052556538356
P01_L025,2,row_linked_max_fms,49628,3,-0.3896,0.1104,0.12585838610679206,0.21658134305736587,0.10829067152868294
P01_L025,2,row_linked_max_fms,49628,4,-0.3552,0.14479999999999998,0.9213154452616317,0.30903519063397067,0.15451759531698533
P01_L025,2,row_linked_max_fms,49628,5,-0.3266,0.1734,0.07885384406619271,0.16596692381688266,0.08298346190844133
P01_L025,2,row_linked_max_fms,49628,6,-0.2922,0.20779999999999998,-0.6773534502425416,0.21692065985192327,0.10846032992596163
P01_L025,2,row_linked_max_fms,49628,7,-0.2292,0.27080000000000004,-0.45141133928592586,0.2952512645315082,0.1476256322657541
P01_L025,2,row_linked_max_fms,49628,8,-0.2005,0.2995,-0.4375853376359493,0.20223019323962713,0.10111509661981356
P01_L025,2,row_linked_max_fms,49628,9,-0.1662,0.3338,-0.09385842605787238,0.38673257486165236,0.19336628743082618
P01_L025,2,row_linked_max_fms,49628,10,-0.1031,0.39690000000000003,-0.1529851376776017,0.3406174791089889,0.17030873955449444
P01_L025,2,row_linked_max_fms,49628,11,-0.0401,0.4599,-0.3708340076264709,0.2974879643940143,0.14874398219700716
P01_L025,2,row_linked_max_fms,49628,12,0.0172,0.5172,0.5920119131337589,0.2365046443373457,0.11825232216867285
P01_L025,2,row_linked_max_fms,49628,13,0.0802,0.5802,0.08779012615088987,0.273484866076567,0.1367424330382835
P01_L025,2,row_linked_max_fms,49628,14,0.1432,0.6432,-0.7464033421078409,0.3632316183390109,0.18161580916950545
P01_L025,2,row_linked_max_fms,49628,15,0.2063,0.7063,-0.16441449930513408,0.24214294330406938,0.12107147165203469
P01_L025,2,source_plotting_index_rule,2786,0,-0.4813,0.018699999999999994,0.583720621286288,0.2690299881632296,0.1345149940816148
P01_L025,2,source_plotting_index_rule,2786,1,-0.4412,0.05880000000000002,-0.6051929353626979,0.2825929188222092,0.1412964594111046
P01_L025,2,source_plotting_index_rule,2786,2,-0.4183,0.0817,0.055889427424243285,0.18385890789159265,0.09192945394579632
P01_L025,2,source_plotting_index_rule,2786,3,-0.3896,0.1104,0.029524909175817807,0.24243246958851475,0.12121623479425737
P01_L025,2,source_plotting_index_rule,2786,4,-0.3552,0.14479999999999998,0.9213154717134892,0.3090351948459989,0.15451759742299945
P01_L025,2,source_plotting_index_rule,2786,5,-0.3266,0.1734,0.1615611196113561,0.2773853471529896,0.1386926735764948
P01_L025,2,source_plotting_index_rule,2786,6,-0.2922,0.20779999999999998,-0.830366188501737,0.27343508614052714,0.13671754307026357
P01_L025,2,source_plotting_index_rule,2786,7,-0.2292,0.27080000000000004,-0.566581353174631,0.1774124426314744,0.0887062213157372
P01_L025,2,source_plotting_index_rule,2786,8,-0.2005,0.2995,-0.29487110033331027,0.25300825722632825,0.12650412861316412
P01_L025,2,source_plotting_index_rule,2786,9,-0.1662,0.3338,-0.03520844109497884,0.3156550627433851,0.15782753137169256
P01_L025,2,source_plotting_index_rule,2786,10,-0.1031,0.39690000000000003,-0.13332488058240902,0.3159664373134337,0.15798321865671686
P01_L025,2,source_plotting_index_rule,2786,11,-0.0401,0.4599,-0.3908084366619276,0.257079097941019,0.1285395489705095
P01_L025,2,source_plotting_index_rule,2786,12,0.0172,0.5172,0.5906176504580423,0.3473865811803628,0.1736932905901814
P01_L025,2,source_plotting_index_rule,2786,13,0.0802,0.5802,-0.055246885385717565,0.23720156342643328,0.11860078171321664
P01_L025,2,source_plotting_index_rule,2786,14,0.1432,0.6432,-0.6799071242777562,0.2785254566727893,0.13926272833639464
P01_L025,2,source_plotting_index_rule,2786,15,0.2063,0.7063,-0.16441449930513408,0.24214294330406938,0.12107147165203469
P01_L050,1,row_linked_max_fms,30673,0,-0.4813,0.018699999999999994,0.16133091590012225,0.2703169731822494,0.1351584865911247
P01_L050,1,row_linked_max_fms,30673,1,-0.4584,0.041600000000000026,-0.05855187745861476,0.4100325603956973,0.20501628019784865
P01_L050,1,row_linked_max_fms,30673,2,-0.4354,0.06459999999999999,-0.015301296105696466,0.2065428088509778,0.1032714044254889
P01_L050,1,row_linked_max_fms,30673,3,-0.4125,0.08750000000000002,0.09493972560659011,0.26076604240705065,0.13038302120352532
P01_L050,1,row_linked_max_fms,30673,4,-0.3896,0.1104,-0.03503383482105342,0.2275989901799434,0.1137994950899717
P01_L050,1,row_linked_max_fms,30673,5,-0.3667,0.13329999999999997,-0.16724543970637748,0.3014390464324494,0.1507195232162247
P01_L050,1,row_linked_max_fms,30673,6,-0.3438,0.1562,-0.08111063664932802,0.17085192062739585,0.08542596031369792
P01_L050,1,row_linked_max_fms,30673,7,-0.3209,0.17909999999999998,-0.061086919394230436,0.3978958372386644,0.1989479186193322
P01_L050,1,row_linked_max_fms,30673,8,-0.2979,0.2021,-0.23079715904121365,0.23906149121022122,0.11953074560511061
P01_L050,1,row_linked_max_fms,30673,9,-0.275,0.22499999999999998,0.06870166284901305,0.27900657026634246,0.13950328513317123
P01_L050,1,row_linked_max_fms,30673,10,-0.2521,0.2479,-0.0822443429191669,0.17252151702648863,0.08626075851324431
P01_L050,1,row_linked_max_fms,30673,11,-0.2292,0.27080000000000004,-0.185746856128613,0.18152627563900736,0.09076313781950368
P01_L050,1,row_linked_max_fms,30673,12,-0.2063,0.29369999999999996,0.05054289425051798,0.2205184001202313,0.11025920006011565
P01_L050,1,row_linked_max_fms,30673,13,-0.1833,0.3167,-0.31666779626806274,0.17595563196542977,0.08797781598271488
P01_L050,1,row_linked_max_fms,30673,14,-0.1604,0.3396,-0.08769448324557508,0.2627373423957126,0.1313686711978563
P01_L050,1,row_linked_max_fms,30673,15,-0.1375,0.3625,0.23411490255558484,0.3464429779260113,0.17322148896300565
P01_L050,1,row_linked_max_fms,30673,16,-0.1146,0.3854,0.19130748146608442,0.3183852040114914,0.1591926020057457
P01_L050,1,row_linked_max_fms,30673,17,-0.0917,0.4083,-0.06788843858675564,0.19578827731408535,0.09789413865704268
P01_L050,1,row_linked_max_fms,30673,18,-0.0688,0.4312,-0.2896107376910979,0.20302864988062372,0.10151432494031186
P01_L050,1,row_linked_max_fms,30673,19,-0.0458,0.4542,-0.14693115691393152,0.17004584371111756,0.08502292185555878
P01_L050,1,row_linked_max_fms,30673,20,-0.0229,0.4771,-0.10915226794345508,0.18208708403337365,0.09104354201668682
P01_L050,1,row_linked_max_fms,30673,21,-0.0,0.5,0.1610719291477203,0.23846435544719588,0.11923217772359794
P01_L050,1,row_linked_max_fms,30673,22,0.0229,0.5229,0.08087967280483344,0.15021852920446635,0.07510926460223318
P01_L050,1,row_linked_max_fms,30673,23,0.0458,0.5458,0.07167371166548817,0.14273334677507968,0.07136667338753984
P01_L050,1,row_linked_max_fms,30673,24,0.0688,0.5688,-0.1084161358719497,0.1766021847513858,0.0883010923756929
P01_L050,1,row_linked_max_fms,30673,25,0.1146,0.6146,-0.0732520255316725,0.25683703444136846,0.12841851722068423
P01_L050,1,row_linked_max_fms,30673,26,0.1604,0.6604,0.012955374067679484,0.3139380511689352,0.1569690255844676
P01_L050,1,row_linked_max_fms,30673,27,0.2063,0.7063,0.02650428254987556,0.2655040484411753,0.13275202422058766
P01_L050,1,source_plotting_index_rule,13601,0,-0.4813,0.018699999999999994,0.18842611419841213,0.3032282384524854,0.1516141192262427
P01_L050,1,source_plotting_index_rule,13601,1,-0.4584,0.041600000000000026,-0.14060659020944904,0.3500252719616283,0.17501263598081415
P01_L050,1,source_plotting_index_rule,13601,2,-0.4354,0.06459999999999999,-0.24461345110978797,0.2507985892909476,0.1253992946454738
P01_L050,1,source_plotting_index_rule,13601,3,-0.4125,0.08750000000000002,0.017361929301228554,0.33931263262296907,0.16965631631148453
P01_L050,1,source_plotting_index_rule,13601,4,-0.3896,0.1104,0.11009329589686638,0.20285571064496097,0.10142785532248048
P01_L050,1,source_plotting_index_rule,13601,5,-0.3667,0.13329999999999997,-0.04045960851650413,0.2591764373172503,0.12958821865862516
P01_L050,1,source_plotting_index_rule,13601,6,-0.3438,0.1562,-0.06563283277918498,0.19350172012653824,0.09675086006326912
P01_L050,1,source_plotting_index_rule,13601,7,-0.3209,0.17909999999999998,-0.0065187163865078595,0.38866671674640557,0.19433335837320279
P01_L050,1,source_plotting_index_rule,13601,8,-0.2979,0.2021,-0.13967126599615007,0.18634590239177182,0.09317295119588591
P01_L050,1,source_plotting_index_rule,13601,9,-0.275,0.22499999999999998,0.20788930041883844,0.29467571149400523,0.14733785574700262
P01_L050,1,source_plotting_index_rule,13601,10,-0.2521,0.2479,0.07471331565523814,0.2102129418580986,0.1051064709290493
P01_L050,1,source_plotting_index_rule,13601,11,-0.2292,0.27080000000000004,-0.20923518711352443,0.14606350936219203,0.07303175468109602
P01_L050,1,source_plotting_index_rule,13601,12,-0.2063,0.29369999999999996,0.12107415242543287,0.1864284855715939,0.09321424278579694
P01_L050,1,source_plotting_index_rule,13601,13,-0.1833,0.3167,-0.36030902885723337,0.14668388488214032,0.07334194244107016
P01_L050,1,source_plotting_index_rule,13601,14,-0.1604,0.3396,-0.19849010029414177,0.16203668609783514,0.08101834304891757
P01_L050,1,source_plotting_index_rule,13601,15,-0.1375,0.3625,0.19506874998521623,0.20081486994447717,0.10040743497223859
P01_L050,1,source_plotting_index_rule,13601,16,-0.1146,0.3854,0.05559039336673148,0.2139864586171758,0.1069932293085879
P01_L050,1,source_plotting_index_rule,13601,17,-0.0917,0.4083,-0.018496224490404556,0.19912438059822815,0.09956219029911408
P01_L050,1,source_plotting_index_rule,13601,18,-0.0688,0.4312,-0.24096275788236154,0.1710638734703641,0.08553193673518204
P01_L050,1,source_plotting_index_rule,13601,19,-0.0458,0.4542,-0.22001590641072552,0.21464723062319094,0.10732361531159547
P01_L050,1,source_plotting_index_rule,13601,20,-0.0229,0.4771,-0.07486060288531332,0.3696024605669723,0.18480123028348616
P01_L050,1,source_plotting_index_rule,13601,21,-0.0,0.5,0.02967853271921051,0.12150376041945628,0.06075188020972814
P01_L050,1,source_plotting_index_rule,13601,22,0.0229,0.5229,0.08206022465483849,0.20651131617250046,0.10325565808625023
P01_L050,1,source_plotting_index_rule,13601,23,0.0458,0.5458,0.1676209233481044,0.27696899119161666,0.13848449559580833
P01_L050,1,source_plotting_index_rule,13601,24,0.0688,0.5688,-0.09165723997976896,0.18715060756124285,0.09357530378062143
P01_L050,1,source_plotting_index_rule,13601,25,0.1146,0.6146,-0.027860042063222932,0.23179570614475284,0.11589785307237642
P01_L050,1,source_plotting_index_rule,13601,26,0.1604,0.6604,-0.024485613474687883,0.2546927225774855,0.12734636128874274
P01_L050,1,source_plotting_index_rule,13601,27,0.2063,0.7063,0.13694924837927794,0.22428036936536502,0.11214018468268251
P01_L200,2,row_linked_max_fms,15647,0,-0.4469,0.05309999999999998,-0.20897123640807816,0.39421093553947756,0.19710546776973878
P01_L200,2,row_linked_max_fms,15647,1,-0.4125,0.08750000000000002,0.0748036621226983,0.3172420217259415,0.15862101086297076
P01_L200,2,row_linked_max_fms,15647,2,-0.3781,0.12190000000000001,-0.08905838990370728,0.3043224768332201,0.15216123841661006
P01_L200,2,row_linked_max_fms,15647,3,-0.3438,0.1562,0.016071290664108697,0.22698201105373028,0.11349100552686514
P01_L200,2,row_linked_max_fms,15647,4,-0.3094,0.1906,0.23477820388978796,0.5969978008282236,0.2984989004141118
P01_L200,2,row_linked_max_fms,15647,5,-0.275,0.22499999999999998,0.051010354951126366,0.26933995411182754,0.13466997705591377
P01_L200,2,row_linked_max_fms,15647,6,-0.2406,0.25939999999999996,-0.07599325171325512,0.3123711701651389,0.15618558508256944
P01_L200,2,row_linked_max_fms,15647,7,-0.2063,0.29369999999999996,0.1683898398538113,0.253544348195217,0.1267721740976085
P01_L200,2,row_linked_max_fms,15647,8,-0.1719,0.3281,-0.07140894114465661,0.17541775993220934,0.08770887996610467
P01_L200,2,row_linked_max_fms,15647,9,-0.1375,0.3625,-0.10461804258003299,0.08504864172363648,0.04252432086181824
P01_L200,2,row_linked_max_fms,15647,10,-0.1031,0.39690000000000003,-0.009724008498389877,0.2948966611920807,0.14744833059604034
P01_L200,2,row_linked_max_fms,15647,11,-0.0688,0.4312,0.24063939967724135,0.2847027530448894,0.1423513765224447
P01_L200,2,row_linked_max_fms,15647,12,-0.0344,0.4656,-0.3134990489751419,0.29612821403869855,0.14806410701934927
P01_L200,2,row_linked_max_fms,15647,13,0.0,0.5,-0.09781904049701853,0.22800935592427754,0.11400467796213877
P01_L200,2,row_linked_max_fms,15647,14,0.0344,0.5344,0.2816894720716307,0.3098210391316085,0.15491051956580426
P01_L200,2,row_linked_max_fms,15647,15,0.0688,0.5688,0.030887665242987812,0.08273868206346967,0.041369341031734834
P01_L200,2,row_linked_max_fms,15647,16,0.1031,0.6031,0.10970020326182292,0.13960418019829046,0.06980209009914523
P01_L200,2,row_linked_max_fms,15647,17,0.1375,0.6375,-0.14859291248821765,0.18976214069101568,0.09488107034550784
P01_L200,2,row_linked_max_fms,15647,18,0.1719,0.6718999999999999,0.11801785622384334,0.32644118486980805,0.16322059243490403
P01_L200,2,row_linked_max_fms,15647,19,0.2063,0.7063,0.3320821642144353,0.2263264158622631,0.11316320793113155
P01_L200,2,row_linked_max_fms,15647,20,0.2406,0.7406,-0.2936141488020117,0.5284704959856688,0.2642352479928344
P01_L200,2,row_linked_max_fms,15647,21,0.275,0.775,-0.1693348233180594,0.27164660919678246,0.13582330459839123
P01_L200,2,row_linked_max_fms,15647,22,0.3438,0.8438,0.05639058321661901,0.17002285823542856,0.08501142911771428
P01_L200,2,source_plotting_index_rule,7070,0,-0.4469,0.05309999999999998,-0.15537783575746164,0.2651736151658294,0.1325868075829147
P01_L200,2,source_plotting_index_rule,7070,1,-0.4125,0.08750000000000002,0.04925925088077305,0.24884976208194423,0.12442488104097212
P01_L200,2,source_plotting_index_rule,7070,2,-0.3781,0.12190000000000001,-0.1765044629812517,0.3248278830578411,0.16241394152892055
P01_L200,2,source_plotting_index_rule,7070,3,-0.3438,0.1562,0.09477643601031505,0.32935141596526757,0.16467570798263378
P01_L200,2,source_plotting_index_rule,7070,4,-0.3094,0.1906,0.305436444983531,0.6286489002990046,0.3143244501495023
P01_L200,2,source_plotting_index_rule,7070,5,-0.275,0.22499999999999998,0.07564795410987321,0.3375500356202456,0.1687750178101228
P01_L200,2,source_plotting_index_rule,7070,6,-0.2406,0.25939999999999996,-0.07833905747782652,0.25670252468229116,0.12835126234114558
P01_L200,2,source_plotting_index_rule,7070,7,-0.2063,0.29369999999999996,0.048334413566026385,0.24838317096911045,0.12419158548455522
P01_L200,2,source_plotting_index_rule,7070,8,-0.1719,0.3281,-0.06973626952126598,0.21412697200927583,0.10706348600463791
P01_L200,2,source_plotting_index_rule,7070,9,-0.1375,0.3625,0.051456081957206905,0.14984548566063535,0.07492274283031768
P01_L200,2,source_plotting_index_rule,7070,10,-0.1031,0.39690000000000003,-0.0050731996505947174,0.2354935412745617,0.11774677063728085
P01_L200,2,source_plotting_index_rule,7070,11,-0.0688,0.4312,0.26736141424300064,0.25181974648611755,0.12590987324305877
P01_L200,2,source_plotting_index_rule,7070,12,-0.0344,0.4656,-0.33775511120011537,0.21013150313364082,0.10506575156682041
P01_L200,2,source_plotting_index_rule,7070,13,0.0,0.5,-0.02607130283308851,0.28885434226380163,0.14442717113190082
P01_L200,2,source_plotting_index_rule,7070,14,0.0344,0.5344,0.38438276339676297,0.3117102450399997,0.15585512251999986
P01_L200,2,source_plotting_index_rule,7070,15,0.0688,0.5688,0.0565053510443323,0.061786794053523185,0.030893397026761592
P01_L200,2,source_plotting_index_rule,7070,16,0.1031,0.6031,0.016685992837264307,0.13187652564078303,0.06593826282039152
P01_L200,2,source_plotting_index_rule,7070,17,0.1375,0.6375,-0.1295724174703003,0.1979323421252535,0.09896617106262676
P01_L200,2,source_plotting_index_rule,7070,18,0.1719,0.6718999999999999,0.08162998043277558,0.2673401588276861,0.13367007941384304
P01_L200,2,source_plotting_index_rule,7070,19,0.2063,0.7063,0.25981766114403965,0.1720739643343594,0.0860369821671797
P01_L200,2,source_plotting_index_rule,7070,20,0.2406,0.7406,-0.33285148068593623,0.5956967607140032,0.2978483803570016
P01_L200,2,source_plotting_index_rule,7070,21,0.275,0.775,-0.09445481934161574,0.24922615678371454,0.12461307839185727
P01_L200,2,source_plotting_index_rule,7070,22,0.3438,0.8438,-0.024535474016715034,0.22571232687956858,0.11285616343978429
P02_L010,1,row_linked_max_fms,10588,0,-0.4011,0.09889999999999999,-0.0923714636875245,0.22473669868618992,0.11236834934309496
P02_L010,1,row_linked_max_fms,10588,1,-0.3209,0.17909999999999998,0.2749743446590181,0.25246683890244703,0.12623341945122352
P02_L010,1,row_linked_max_fms,10588,2,-0.2349,0.2651,-0.014258565782756746,0.1884579282146884,0.0942289641073442
P02_L010,1,row_linked_max_fms,10588,3,-0.1547,0.3453,0.049547454530040135,0.1740550414737934,0.0870275207368967
P02_L010,1,row_linked_max_fms,10588,4,-0.0745,0.4255,0.007091271632444802,0.1173161487720451,0.05865807438602255
P02_L010,1,row_linked_max_fms,10588,5,0.0057,0.5057,0.19060064370886348,0.28160032767014315,0.14080016383507157
P02_L010,1,row_linked_max_fms,10588,6,0.0859,0.5859,-0.06175330117133377,0.26105829138051456,0.13052914569025728
P02_L010,1,row_linked_max_fms,10588,7,0.1662,0.6662,-0.16087945099076004,0.18941775524713708,0.09470887762356854
P02_L010,1,row_linked_max_fms,10588,8,0.2521,0.7521,0.04953302541339897,0.2939541354037123,0.14697706770185615
P02_L010,1,row_linked_max_fms,10588,9,0.3323,0.8323,-0.008507011805402842,0.11852562759440846,0.05926281379720423
P02_L010,1,row_linked_max_fms,10588,10,0.4125,0.9125,-0.12503391485333096,0.16452588526130107,0.08226294263065054
P02_L010,1,row_linked_max_fms,10588,11,0.4927,0.9927,0.2607870471314078,0.2577065874180849,0.12885329370904244
P02_L010,1,source_plotting_index_rule,1646,0,-0.4011,0.09889999999999999,-0.07886780191967196,0.27125356010650087,0.13562678005325043
P02_L010,1,source_plotting_index_rule,1646,1,-0.3209,0.17909999999999998,0.19517815646155454,0.24194809144155807,0.12097404572077904
P02_L010,1,source_plotting_index_rule,1646,2,-0.2349,0.2651,0.04420289939351996,0.2374857111827387,0.11874285559136935
P02_L010,1,source_plotting_index_rule,1646,3,-0.1547,0.3453,0.07490627647173545,0.15083780119557688,0.07541890059778844
P02_L010,1,source_plotting_index_rule,1646,4,-0.0745,0.4255,-0.04006139864151808,0.22893079755325416,0.11446539877662708
P02_L010,1,source_plotting_index_rule,1646,5,0.0057,0.5057,0.2009253840014166,0.31346046784180265,0.15673023392090132
P02_L010,1,source_plotting_index_rule,1646,6,0.0859,0.5859,-0.037004332325904374,0.2846792932258186,0.1423396466129093
P02_L010,1,source_plotting_index_rule,1646,7,0.1662,0.6662,-0.06834985016626144,0.23216136342662627,0.11608068171331314
P02_L010,1,source_plotting_index_rule,1646,8,0.2521,0.7521,-0.06056232011051327,0.25761382217764034,0.12880691108882017
P02_L010,1,source_plotting_index_rule,1646,9,0.3323,0.8323,0.02240068368118198,0.16449057370653966,0.08224528685326983
P02_L010,1,source_plotting_index_rule,1646,10,0.4125,0.9125,-0.000669206830570814,0.1433149258929387,0.07165746294646935
P02_L010,1,source_plotting_index_rule,1646,11,0.4927,0.9927,0.31974752050752525,0.28398123037746364,0.14199061518873182
P02_L010,2,row_linked_max_fms,4353,0,-0.4011,0.09889999999999999,-0.13340978907495668,0.3658020283228605,0.18290101416143026
P02_L010,2,row_linked_max_fms,4353,1,-0.3209,0.17909999999999998,0.1884345019339494,0.17834973189206543,0.08917486594603272
P02_L010,2,row_linked_max_fms,4353,2,-0.2349,0.2651,0.07824832699564585,0.26132737198991685,0.13066368599495842
P02_L010,2,row_linked_max_fms,4353,3,-0.1547,0.3453,0.0391481330093379,0.16146397275303964,0.08073198637651982
P02_L010,2,row_linked_max_fms,4353,4,-0.0745,0.4255,-1.4354181284656818e-05,0.21355751851386726,0.10677875925693363
P02_L010,2,row_linked_max_fms,4353,5,0.0057,0.5057,0.19994183851998454,0.3102108210267933,0.15510541051339666
P02_L010,2,row_linked_max_fms,4353,6,0.0859,0.5859,-0.17695712807032,0.25618740469539564,0.12809370234769782
P02_L010,2,row_linked_max_fms,4353,7,0.1662,0.6662,0.002113412155083755,0.2929655748309684,0.1464827874154842
P02_L010,2,row_linked_max_fms,4353,8,0.2521,0.7521,-0.06217032389071539,0.2688663276347525,0.13443316381737624
P02_L010,2,row_linked_max_fms,4353,9,0.3323,0.8323,0.09485022950718794,0.12606119798810567,0.06303059899405283
P02_L010,2,row_linked_max_fms,4353,10,0.4125,0.9125,-0.09742638021466477,0.19465223663234324,0.09732611831617162
P02_L010,2,row_linked_max_fms,4353,11,0.4927,0.9927,0.25053548329715697,0.2981084102272104,0.1490542051136052
P02_L010,2,source_plotting_index_rule,1942,0,-0.4011,0.09889999999999999,-0.07886780191967196,0.27125356010650087,0.13562678005325043
P02_L010,2,source_plotting_index_rule,1942,1,-0.3209,0.17909999999999998,0.20675429600913817,0.1520121129757982,0.0760060564878991
P02_L010,2,source_plotting_index_rule,1942,2,-0.2349,0.2651,0.02141000742967651,0.14556876421792564,0.07278438210896282
P02_L010,2,source_plotting_index_rule,1942,3,-0.1547,0.3453,0.06258559210833123,0.0758122294963335,0.03790611474816675
P02_L010,2,source_plotting_index_rule,1942,4,-0.0745,0.4255,0.007091276035982486,0.11731617143491574,0.05865808571745787
P02_L010,2,source_plotting_index_rule,1942,5,0.0057,0.5057,0.22916796345436763,0.2964440535921171,0.14822202679605856
P02_L010,2,source_plotting_index_rule,1942,6,0.0859,0.5859,-0.06866644213145487,0.26566109072025623,0.13283054536012812
P02_L010,2,source_plotting_index_rule,1942,7,0.1662,0.6662,0.09457708689117873,0.260150774469663,0.1300753872348315
P02_L010,2,source_plotting_index_rule,1942,8,0.2521,0.7521,-0.06641713321473389,0.30002958052233414,0.15001479026116707
P02_L010,2,source_plotting_index_rule,1942,9,0.3323,0.8323,0.03161179853031563,0.1703198587556855,0.08515992937784275
P02_L010,2,source_plotting_index_rule,1942,10,0.4125,0.9125,0.036945516695639044,0.22960446957246103,0.11480223478623051
P02_L010,2,source_plotting_index_rule,1942,11,0.4927,0.9927,0.2566844285132888,0.26619084538946947,0.13309542269473473
P02_L026,1,row_linked_max_fms,12873,0,-0.4011,0.09889999999999999,0.00019528201564994357,0.2814594446536742,0.1407297223268371
P02_L026,1,row_linked_max_fms,12873,1,-0.338,0.16199999999999998,-0.12082557761530321,0.20789686640457591,0.10394843320228796
P02_L026,1,row_linked_max_fms,12873,2,-0.2807,0.2193,0.11192685277246156,0.29704217706338965,0.14852108853169482
P02_L026,1,row_linked_max_fms,12873,3,-0.2235,0.27649999999999997,0.35186501546928345,0.18238388641720676,0.09119194320860338
P02_L026,1,row_linked_max_fms,12873,4,-0.1604,0.3396,0.11945972422387968,0.21886620283744376,0.10943310141872188
P02_L026,1,row_linked_max_fms,12873,5,-0.1031,0.39690000000000003,0.10749831994837153,0.3008012415917453,0.15040062079587266
P02_L026,1,row_linked_max_fms,12873,6,-0.0401,0.4599,-0.23837153880258133,0.18083322352051162,0.09041661176025581
P02_L026,1,row_linked_max_fms,12873,7,0.0172,0.5172,0.16044952637035811,0.275807422190674,0.137903711095337
P02_L026,1,row_linked_max_fms,12873,8,0.0802,0.5802,0.18310706839877688,0.3609522858568614,0.1804761429284307
P02_L026,1,row_linked_max_fms,12873,9,0.1375,0.6375,0.3719765824386684,0.391988229022292,0.195994114511146
P02_L026,1,row_linked_max_fms,12873,10,0.1948,0.6948,-0.16873483789250995,0.29972882650451366,0.14986441325225683
P02_L026,1,row_linked_max_fms,12873,11,0.2578,0.7578,-0.021887151493979108,0.2914766020670671,0.14573830103353355
P02_L026,1,row_linked_max_fms,12873,12,0.3151,0.8150999999999999,-0.07173012003647812,0.3231557882005306,0.1615778941002653
P02_L026,1,row_linked_max_fms,12873,13,0.3782,0.8782,0.15158313787878544,0.31958592106964695,0.15979296053482347
P02_L026,1,row_linked_max_fms,12873,14,0.4354,0.9354,-0.06927068520220685,0.12686994818666894,0.06343497409333447
P02_L026,1,row_linked_max_fms,12873,15,0.4985,0.9984999999999999,0.001687040399988772,0.4071380862283249,0.20356904311416246
P02_L026,1,source_plotting_index_rule,4841,0,-0.4011,0.09889999999999999,-0.027562287784535115,0.2543343291272623,0.12716716456363114
P02_L026,1,source_plotting_index_rule,4841,1,-0.338,0.16199999999999998,-0.00324941909146031,0.23039331057488288,0.11519665528744144
P02_L026,1,source_plotting_index_rule,4841,2,-0.2807,0.2193,-0.010152216448754197,0.3318709814178067,0.16593549070890334
P02_L026,1,source_plotting_index_rule,4841,3,-0.2235,0.27649999999999997,0.27176148336443834,0.14071253553342306,0.07035626776671153
P02_L026,1,source_plotting_index_rule,4841,4,-0.1604,0.3396,0.19613916204463908,0.26869879473824915,0.13434939736912457
P02_L026,1,source_plotting_index_rule,4841,5,-0.1031,0.39690000000000003,0.0872413009949699,0.2840044032755553,0.14200220163777766
P02_L026,1,source_plotting_index_rule,4841,6,-0.0401,0.4599,-0.09571717176999239,0.12367654416067479,0.061838272080337396
P02_L026,1,source_plotting_index_rule,4841,7,0.0172,0.5172,0.08916860521268466,0.15419431817300705,0.07709715908650353
P02_L026,1,source_plotting_index_rule,4841,8,0.0802,0.5802,0.193693128860888,0.2848250758342928,0.1424125379171464
P02_L026,1,source_plotting_index_rule,4841,9,0.1375,0.6375,0.4967766290245719,0.3452481004761202,0.1726240502380601
P02_L026,1,source_plotting_index_rule,4841,10,0.1948,0.6948,-0.11602170692878686,0.2964723399938437,0.14823616999692185
P02_L026,1,source_plotting_index_rule,4841,11,0.2578,0.7578,0.2160140828947011,0.25090049237398754,0.12545024618699377
P02_L026,1,source_plotting_index_rule,4841,12,0.3151,0.8150999999999999,-0.15448221886178543,0.45751494212297317,0.22875747106148658
P02_L026,1,source_plotting_index_rule,4841,13,0.3782,0.8782,0.2452557745581857,0.26769648730695944,0.13384824365347972
P02_L026,1,source_plotting_index_rule,4841,14,0.4354,0.9354,0.0030825673030207288,0.22196021391785928,0.11098010695892964
P02_L026,1,source_plotting_index_rule,4841,15,0.4985,0.9984999999999999,0.0005074185132171462,0.35372526532498755,0.17686263266249377
P02_L026,2,row_linked_max_fms,8403,0,-0.4011,0.09889999999999999,-0.0533945422359499,0.3097865532761323,0.15489327663806615
P02_L026,2,row_linked_max_fms,8403,1,-0.338,0.16199999999999998,0.09442698054049926,0.25981696733422177,0.12990848366711089
P02_L026,2,row_linked_max_fms,8403,2,-0.2807,0.2193,0.0656841711316171,0.24179069844054196,0.12089534922027098
P02_L026,2,row_linked_max_fms,8403,3,-0.2235,0.27649999999999997,0.17860651734441424,0.15445333227780955,0.07722666613890478
P02_L026,2,row_linked_max_fms,8403,4,-0.1604,0.3396,0.06437134623156485,0.299605810349868,0.149802905174934
P02_L026,2,row_linked_max_fms,8403,5,-0.1031,0.39690000000000003,0.12092860249606237,0.26621295057693206,0.13310647528846603
P02_L026,2,row_linked_max_fms,8403,6,-0.0401,0.4599,-0.143232265706777,0.16444709923797202,0.08222354961898601
P02_L026,2,row_linked_max_fms,8403,7,0.0172,0.5172,0.08916859369924364,0.154194331059524,0.077097165529762
P02_L026,2,row_linked_max_fms,8403,8,0.0802,0.5802,0.0185694619303434,0.422657323136506,0.211328661568253
P02_L026,2,row_linked_max_fms,8403,9,0.1375,0.6375,0.3856529744914627,0.395567504329385,0.1977837521646925
P02_L026,2,row_linked_max_fms,8403,10,0.1948,0.6948,-0.22370022906515952,0.3176364416070972,0.1588182208035486
P02_L026,2,row_linked_max_fms,8403,11,0.2578,0.7578,0.32792214430270916,0.2136771059999588,0.1068385529999794
P02_L026,2,row_linked_max_fms,8403,12,0.3151,0.8150999999999999,-0.2968418579714487,0.4060991037765319,0.20304955188826596
P02_L026,2,row_linked_max_fms,8403,13,0.3782,0.8782,0.1421936447315422,0.25783711775478074,0.12891855887739037
P02_L026,2,row_linked_max_fms,8403,14,0.4354,0.9354,-0.06261354413876852,0.1186769037586765,0.05933845187933825
P02_L026,2,row_linked_max_fms,8403,15,0.4985,0.9984999999999999,0.015465619367802184,0.402156148985956,0.201078074492978
P02_L026,2,source_plotting_index_rule,813,0,-0.4011,0.09889999999999999,0.05178394823915708,0.26618347121027675,0.13309173560513837
P02_L026,2,source_plotting_index_rule,813,1,-0.338,0.16199999999999998,0.10228137512973708,0.3322782494815541,0.16613912474077705
P02_L026,2,source_plotting_index_rule,813,2,-0.2807,0.2193,-0.027284094307571054,0.20840779836568274,0.10420389918284137
P02_L026,2,source_plotting_index_rule,813,3,-0.2235,0.27649999999999997,0.22619622069518028,0.1201808901485487,0.06009044507427435
P02_L026,2,source_plotting_index_rule,813,4,-0.1604,0.3396,0.005510946220391801,0.2578961742764831,0.12894808713824155
P02_L026,2,source_plotting_index_rule,813,5,-0.1031,0.39690000000000003,0.18621685992153184,0.33306921605429357,0.16653460802714679
P02_L026,2,source_plotting_index_rule,813,6,-0.0401,0.4599,-0.15554868743874228,0.1593707883419081,0.07968539417095405
P02_L026,2,source_plotting_index_rule,813,7,0.0172,0.5172,0.12713266913466495,0.2200651923793038,0.1100325961896519
P02_L026,2,source_plotting_index_rule,813,8,0.0802,0.5802,-0.025117701661746143,0.41016467712219595,0.20508233856109798
P02_L026,2,source_plotting_index_rule,813,9,0.1375,0.6375,0.39316548098586407,0.443451057886442,0.221725528943221
P02_L026,2,source_plotting_index_rule,813,10,0.1948,0.6948,-0.11542306880453156,0.3047909333791412,0.1523954666895706
P02_L026,2,source_plotting_index_rule,813,11,0.2578,0.7578,0.1328577175175895,0.3144453071940261,0.15722265359701304
P02_L026,2,source_plotting_index_rule,813,12,0.3151,0.8150999999999999,-0.1331925517217948,0.30250419225173275,0.15125209612586638
P02_L026,2,source_plotting_index_rule,813,13,0.3782,0.8782,0.1707500022633579,0.22922683277017158,0.11461341638508579
P02_L026,2,source_plotting_index_rule,813,14,0.4354,0.9354,-0.0676222971410171,0.10496642809832209,0.052483214049161044
P02_L026,2,source_plotting_index_rule,813,15,0.4985,0.9984999999999999,0.0035612641387440364,0.36512265224230506,0.18256132612115253
P02_L049,1,row_linked_max_fms,44244,0,-0.4011,0.09889999999999999,0.09145407041462117,0.179351369949433,0.0896756849747165
P02_L049,1,row_linked_max_fms,44244,1,-0.3552,0.14479999999999998,0.12667633624361999,0.2842530336854924,0.1421265168427462
P02_L049,1,row_linked_max_fms,44244,2,-0.3037,0.19629999999999997,0.033089329233404935,0.1204161804925432,0.0602080902462716
P02_L049,1,row_linked_max_fms,44244,3,-0.2578,0.24220000000000003,0.1436422414485731,0.20529023929610185,0.10264511964805093
P02_L049,1,row_linked_max_fms,44244,4,-0.212,0.28800000000000003,-0.02143866672320624,0.26490863860900893,0.13245431930450446
P02_L049,1,row_linked_max_fms,44244,5,-0.1662,0.3338,0.3338532521485691,0.37952321439305675,0.18976160719652838
P02_L049,1,row_linked_max_fms,44244,6,-0.1146,0.3854,-0.17471796758698976,0.14271522960214406,0.07135761480107203
P02_L049,1,row_linked_max_fms,44244,7,-0.0688,0.4312,-0.08924932947576994,0.25487081617499097,0.12743540808749548
P02_L049,1,row_linked_max_fms,44244,8,-0.0229,0.4771,0.020989462811331804,0.2402598251700271,0.12012991258501356
P02_L049,1,row_linked_max_fms,44244,9,0.0229,0.5229,-0.048853157736233145,0.10497818908582941,0.052489094542914706
P02_L049,1,row_linked_max_fms,44244,10,0.0745,0.5745,-0.013916622307605073,0.2412591472027383,0.12062957360136915
P02_L049,1,row_linked_max_fms,44244,11,0.1203,0.6203,0.14640880632355185,0.19812690273268282,0.09906345136634141
P02_L049,1,row_linked_max_fms,44244,12,0.1662,0.6662,0.21633443383575923,0.3775513813787242,0.1887756906893621
P02_L049,1,row_linked_max_fms,44244,13,0.212,0.712,-0.008521792621389907,0.27988604711961435,0.13994302355980717
P02_L049,1,row_linked_max_fms,44244,14,0.2636,0.7636000000000001,-0.21677090705296279,0.23865989911569455,0.11932994955784727
P02_L049,1,row_linked_max_fms,44244,15,0.3094,0.8094,-0.16650866673706033,0.2546829569885049,0.12734147849425245
P02_L049,1,row_linked_max_fms,44244,16,0.3552,0.8552,0.03834532962519697,0.2624604132067092,0.1312302066033546
P02_L049,1,row_linked_max_fms,44244,17,0.4011,0.9011,0.30231687265291834,0.24429395722392838,0.12214697861196419
P02_L049,1,row_linked_max_fms,44244,18,0.4526,0.9526,0.11913296795423936,0.15435547269982325,0.07717773634991162
P02_L049,1,row_linked_max_fms,44244,19,0.4985,0.9984999999999999,0.41391592092553225,0.28688395327419647,0.14344197663709823
P02_L049,1,source_plotting_index_rule,720,0,-0.4011,0.09889999999999999,0.3194941417522473,0.22049198949127935,0.11024599474563967
P02_L049,1,source_plotting_index_rule,720,1,-0.3552,0.14479999999999998,0.14307291436035158,0.09385570515161529,0.046927852575807644
P02_L049,1,source_plotting_index_rule,720,2,-0.3037,0.19629999999999997,0.08663328122445722,0.1945356713990498,0.0972678356995249
P02_L049,1,source_plotting_index_rule,720,3,-0.2578,0.24220000000000003,0.20104794068747306,0.16743906172137799,0.08371953086068899
P02_L049,1,source_plotting_index_rule,720,4,-0.212,0.28800000000000003,-0.02143866230447907,0.2649086477276005,0.13245432386380024
P02_L049,1,source_plotting_index_rule,720,5,-0.1662,0.3338,0.2017023977680742,0.24098331351033964,0.12049165675516982
P02_L049,1,source_plotting_index_rule,720,6,-0.1146,0.3854,-0.20192287465332187,0.1505264663544428,0.0752632331772214
P02_L049,1,source_plotting_index_rule,720,7,-0.0688,0.4312,-0.049528846307801355,0.3551370216379097,0.17756851081895486
P02_L049,1,source_plotting_index_rule,720,8,-0.0229,0.4771,-0.15695017257474658,0.22158860672086492,0.11079430336043246
P02_L049,1,source_plotting_index_rule,720,9,0.0229,0.5229,0.01648855279826118,0.15661082796763637,0.07830541398381818
P02_L049,1,source_plotting_index_rule,720,10,0.0745,0.5745,-0.06154743392613777,0.20353915236054604,0.10176957618027302
P02_L049,1,source_plotting_index_rule,720,11,0.1203,0.6203,0.23796493221740406,0.19913284557096717,0.09956642278548358
P02_L049,1,source_plotting_index_rule,720,12,0.1662,0.6662,0.24574637050895373,0.35501636803972475,0.17750818401986238
P02_L049,1,source_plotting_index_rule,720,13,0.212,0.712,-0.005095528269991122,0.3273345157403073,0.16366725787015365
P02_L049,1,source_plotting_index_rule,720,14,0.2636,0.7636000000000001,-0.19985932097089684,0.2936224301970473,0.14681121509852366
P02_L049,1,source_plotting_index_rule,720,15,0.3094,0.8094,0.03586909912802698,0.19490425514676427,0.09745212757338213
P02_L049,1,source_plotting_index_rule,720,16,0.3552,0.8552,0.041089907533533136,0.2970217292256578,0.1485108646128289
P02_L049,1,source_plotting_index_rule,720,17,0.4011,0.9011,0.4108808320848465,0.19334602958641875,0.09667301479320937
P02_L049,1,source_plotting_index_rule,720,18,0.4526,0.9526,0.08883944614970214,0.20793451563192966,0.10396725781596483
P02_L049,1,source_plotting_index_rule,720,19,0.4985,0.9984999999999999,0.31883411209430734,0.21504695849137825,0.10752347924568913
P02_L049,2,row_linked_max_fms,9211,0,-0.4011,0.09889999999999999,0.17376689026846792,0.1805835700224262,0.0902917850112131
P02_L049,2,row_linked_max_fms,9211,1,-0.3552,0.14479999999999998,0.14725161337040918,0.15036059528445728,0.07518029764222864
P02_L049,2,row_linked_max_fms,9211,2,-0.3037,0.19629999999999997,-0.1075437104128426,0.11628631195185513,0.05814315597592756
P02_L049,2,row_linked_max_fms,9211,3,-0.2578,0.24220000000000003,0.15165246809232988,0.19001421738930663,0.09500710869465331
P02_L049,2,row_linked_max_fms,9211,4,-0.212,0.28800000000000003,-0.08896586715518005,0.27274364261242584,0.13637182130621292
P02_L049,2,row_linked_max_fms,9211,5,-0.1662,0.3338,0.31552026872176503,0.33612745105072755,0.16806372552536378
P02_L049,2,row_linked_max_fms,9211,6,-0.1146,0.3854,-0.20567444985627956,0.1423696715254504,0.0711848357627252
P02_L049,2,row_linked_max_fms,9211,7,-0.0688,0.4312,-0.04220031795341464,0.2875689816045922,0.1437844908022961
P02_L049,2,row_linked_max_fms,9211,8,-0.0229,0.4771,-0.03557933291595514,0.23918411294279143,0.11959205647139572
P02_L049,2,row_linked_max_fms,9211,9,0.0229,0.5229,0.18106262467942247,0.3218216778765408,0.1609108389382704
P02_L049,2,row_linked_max_fms,9211,10,0.0745,0.5745,-0.08079405785781073,0.11511822655631773,0.057559113278158866
P02_L049,2,row_linked_max_fms,9211,11,0.1203,0.6203,0.07161253252437119,0.12173119217660053,0.060865596088300264
P02_L049,2,row_linked_max_fms,9211,12,0.1662,0.6662,0.24392680777805026,0.3424329132972695,0.17121645664863475
P02_L049,2,row_linked_max_fms,9211,13,0.212,0.712,-0.0022776483530625572,0.30324299719245346,0.15162149859622673
P02_L049,2,row_linked_max_fms,9211,14,0.2636,0.7636000000000001,-0.16754394547411836,0.2961193265752492,0.1480596632876246
P02_L049,2,row_linked_max_fms,9211,15,0.3094,0.8094,-0.0047945612516096985,0.18758828232367622,0.09379414116183811
P02_L049,2,row_linked_max_fms,9211,16,0.3552,0.8552,0.2026488138874958,0.2076246789299732,0.1038123394649866
P02_L049,2,row_linked_max_fms,9211,17,0.4011,0.9011,0.19926775420243584,0.3359008958495402,0.1679504479247701
P02_L049,2,row_linked_max_fms,9211,18,0.4526,0.9526,-0.0025138998945995784,0.2226994363579952,0.1113497181789976
P02_L049,2,row_linked_max_fms,9211,19,0.4985,0.9984999999999999,0.3034361479128392,0.19510349634260593,0.09755174817130297
P02_L049,2,source_plotting_index_rule,3584,0,-0.4011,0.09889999999999999,0.3324120413600293,0.10713103311580129,0.05356551655790064
P02_L049,2,source_plotting_index_rule,3584,1,-0.3552,0.14479999999999998,0.14561916780612771,0.10615058376813043,0.053075291884065214
P02_L049,2,source_plotting_index_rule,3584,2,-0.3037,0.19629999999999997,0.23976687885761358,0.09117256422232214,0.04558628211116107
P02_L049,2,source_plotting_index_rule,3584,3,-0.2578,0.24220000000000003,0.1485904084516265,0.19214202390573923,0.09607101195286961
P02_L049,2,source_plotting_index_rule,3584,4,-0.212,0.28800000000000003,-0.05243829973150291,0.253061854136693,0.1265309270683465
P02_L049,2,source_plotting_index_rule,3584,5,-0.1662,0.3338,0.34087793160342783,0.35490969325225646,0.17745484662612823
P02_L049,2,source_plotting_index_rule,3584,6,-0.1146,0.3854,-0.20798317104228398,0.18635113263934952,0.09317556631967476
P02_L049,2,source_plotting_index_rule,3584,7,-0.0688,0.4312,-0.08924932947576994,0.25487081617499097,0.12743540808749548
P02_L049,2,source_plotting_index_rule,3584,8,-0.0229,0.4771,0.06100626089544741,0.22679660215090852,0.11339830107545426
P02_L049,2,source_plotting_index_rule,3584,9,0.0229,0.5229,0.01648856885860982,0.15661083214426327,0.07830541607213164
P02_L049,2,source_plotting_index_rule,3584,10,0.0745,0.5745,-0.025711966346826595,0.17089762085286825,0.08544881042643412
P02_L049,2,source_plotting_index_rule,3584,11,0.1203,0.6203,-0.03090107058654112,0.27442843608027206,0.13721421804013603
P02_L049,2,source_plotting_index_rule,3584,12,0.1662,0.6662,0.2578652485547481,0.3136991451348444,0.1568495725674222
P02_L049,2,source_plotting_index_rule,3584,13,0.212,0.712,-0.10836877579613698,0.3465297557212275,0.17326487786061376
P02_L049,2,source_plotting_index_rule,3584,14,0.2636,0.7636000000000001,-0.199186310335734,0.2703262032605446,0.1351631016302723
P02_L049,2,source_plotting_index_rule,3584,15,0.3094,0.8094,-0.16650868064605273,0.25468296173646743,0.12734148086823371
P02_L049,2,source_plotting_index_rule,3584,16,0.3552,0.8552,0.15594609134190343,0.22506605587350473,0.11253302793675236
P02_L049,2,source_plotting_index_rule,3584,17,0.4011,0.9011,0.41345187993634014,0.2780406542527187,0.13902032712635934
P02_L049,2,source_plotting_index_rule,3584,18,0.4526,0.9526,0.11630367721309953,0.26105437664351866,0.13052718832175933
P02_L049,2,source_plotting_index_rule,3584,19,0.4985,0.9984999999999999,0.325435869917151,0.18179070336911723,0.09089535168455862
P02_L100,1,row_linked_max_fms,11162,0,-0.4011,0.09889999999999999,-0.05982956282025004,0.29913266360191965,0.14956633180095982
P02_L100,1,row_linked_max_fms,11162,1,-0.3552,0.14479999999999998,0.18806482059522447,0.17618476180790177,0.08809238090395088
P02_L100,1,row_linked_max_fms,11162,2,-0.3037,0.19629999999999997,0.030043791422027726,0.19906253447827196,0.09953126723913598
P02_L100,1,row_linked_max_fms,11162,3,-0.2578,0.24220000000000003,0.01876096789318746,0.2920336459694646,0.1460168229847323
P02_L100,1,row_linked_max_fms,11162,4,-0.212,0.28800000000000003,-0.22069297491868106,0.157610696333742,0.078805348166871
P02_L100,1,row_linked_max_fms,11162,5,-0.1662,0.3338,-0.045695508402839126,0.20280676120567248,0.10140338060283624
P02_L100,1,row_linked_max_fms,11162,6,-0.1146,0.3854,-0.16680546481652364,0.2008766378762414,0.1004383189381207
P02_L100,1,row_linked_max_fms,11162,7,-0.0688,0.4312,0.1408364367820069,0.17378140084190377,0.08689070042095189
P02_L100,1,row_linked_max_fms,11162,8,-0.0229,0.4771,0.0980993885803733,0.43223654439372244,0.21611827219686122
P02_L100,1,row_linked_max_fms,11162,9,0.0229,0.5229,0.10662310383687373,0.30926139863869834,0.15463069931934917
P02_L100,1,row_linked_max_fms,11162,10,0.0745,0.5745,0.03389637625191755,0.16942139604835205,0.08471069802417602
P02_L100,1,row_linked_max_fms,11162,11,0.1203,0.6203,-0.12178939654902053,0.08265626824050357,0.04132813412025178
P02_L100,1,row_linked_max_fms,11162,12,0.1662,0.6662,0.029799011366217494,0.24916545066085538,0.12458272533042769
P02_L100,1,row_linked_max_fms,11162,13,0.212,0.712,0.18326545961927165,0.3668808224234156,0.1834404112117078
P02_L100,1,row_linked_max_fms,11162,14,0.2636,0.7636000000000001,-0.10348246209987666,0.3016351989360299,0.15081759946801496
P02_L100,1,row_linked_max_fms,11162,15,0.3094,0.8094,-0.11293223178402419,0.2247622018009828,0.1123811009004914
P02_L100,1,row_linked_max_fms,11162,16,0.3552,0.8552,0.027201156291923073,0.2469581744507035,0.12347908722535175
P02_L100,1,row_linked_max_fms,11162,17,0.4011,0.9011,0.21363011280880925,0.2657505158799399,0.13287525793996996
P02_L100,1,row_linked_max_fms,11162,18,0.4526,0.9526,0.013614569743347783,0.2728086590037024,0.1364043295018512
P02_L100,1,row_linked_max_fms,11162,19,0.4985,0.9984999999999999,0.030711080949068836,0.1842362991569177,0.09211814957845885
P02_L100,1,source_plotting_index_rule,4373,0,-0.4011,0.09889999999999999,0.016300406593059882,0.4108887341397922,0.2054443670698961
P02_L100,1,source_plotting_index_rule,4373,1,-0.3552,0.14479999999999998,0.33889356980969604,0.37260553343405206,0.18630276671702603
P02_L100,1,source_plotting_index_rule,4373,2,-0.3037,0.19629999999999997,0.21212441301105853,0.26933280269740295,0.13466640134870148
P02_L100,1,source_plotting_index_rule,4373,3,-0.2578,0.24220000000000003,-0.04518633375863669,0.23045731177648962,0.11522865588824481
P02_L100,1,source_plotting_index_rule,4373,4,-0.212,0.28800000000000003,-0.18679047636430351,0.06959551989247319,0.034797759946236594
P02_L100,1,source_plotting_index_rule,4373,5,-0.1662,0.3338,0.09014503391847692,0.28517434889508514,0.14258717444754257
P02_L100,1,source_plotting_index_rule,4373,6,-0.1146,0.3854,-0.1731975558011331,0.24520727951056306,0.12260363975528153
P02_L100,1,source_plotting_index_rule,4373,7,-0.0688,0.4312,0.07689130769128644,0.25034709857597987,0.12517354928798993
P02_L100,1,source_plotting_index_rule,4373,8,-0.0229,0.4771,0.06356632630338273,0.3316636781354691,0.16583183906773455
P02_L100,1,source_plotting_index_rule,4373,9,0.0229,0.5229,0.20388809297267485,0.2601734932975237,0.13008674664876185
P02_L100,1,source_plotting_index_rule,4373,10,0.0745,0.5745,0.06282044230411167,0.17816323603527462,0.08908161801763731
P02_L100,1,source_plotting_index_rule,4373,11,0.1203,0.6203,-0.09425688308909688,0.11149590899794425,0.05574795449897212
P02_L100,1,source_plotting_index_rule,4373,12,0.1662,0.6662,0.09535640779590375,0.251342563405144,0.125671281702572
P02_L100,1,source_plotting_index_rule,4373,13,0.212,0.712,0.17629151043848515,0.26724720599884505,0.13362360299942252
P02_L100,1,source_plotting_index_rule,4373,14,0.2636,0.7636000000000001,-0.1166564443850101,0.29408643465343537,0.14704321732671768
P02_L100,1,source_plotting_index_rule,4373,15,0.3094,0.8094,-0.11203226536493345,0.26133564522804376,0.13066782261402188
P02_L100,1,source_plotting_index_rule,4373,16,0.3552,0.8552,-0.04249869629280813,0.342798918644208,0.171399459322104
P02_L100,1,source_plotting_index_rule,4373,17,0.4011,0.9011,0.3041175263671758,0.3217335193176809,0.16086675965884045
P02_L100,1,source_plotting_index_rule,4373,18,0.4526,0.9526,-0.07345897874300542,0.2792350065501043,0.13961750327505215
P02_L100,1,source_plotting_index_rule,4373,19,0.4985,0.9984999999999999,0.07035998326241459,0.11971199874921128,0.05985599937460564
P02_L100,2,row_linked_max_fms,43725,0,-0.4011,0.09889999999999999,-0.17339056172106584,0.26119959544357974,0.13059979772178987
P02_L100,2,row_linked_max_fms,43725,1,-0.3552,0.14479999999999998,0.2945208340479731,0.16091212579105038,0.08045606289552519
P02_L100,2,row_linked_max_fms,43725,2,-0.3037,0.19629999999999997,0.034361943094189634,0.29548959221062754,0.14774479610531377
P02_L100,2,row_linked_max_fms,43725,3,-0.2578,0.24220000000000003,0.010440804419276622,0.20790993534079147,0.10395496767039573
P02_L100,2,row_linked_max_fms,43725,4,-0.212,0.28800000000000003,-0.24171723309618362,0.14538509381946835,0.07269254690973417
P02_L100,2,row_linked_max_fms,43725,5,-0.1662,0.3338,0.11641780072711946,0.3965524899819023,0.19827624499095114
P02_L100,2,row_linked_max_fms,43725,6,-0.1146,0.3854,-0.004959628831784187,0.26652360439031936,0.13326180219515968
P02_L100,2,row_linked_max_fms,43725,7,-0.0688,0.4312,0.03918203412204212,0.19073564271402302,0.09536782135701151
P02_L100,2,row_linked_max_fms,43725,8,-0.0229,0.4771,-0.021887145457280866,0.3488613149742685,0.17443065748713424
P02_L100,2,row_linked_max_fms,43725,9,0.0229,0.5229,0.26205186870090985,0.25055539545219885,0.12527769772609942
P02_L100,2,row_linked_max_fms,43725,10,0.0745,0.5745,0.10734534027321643,0.22236384100208154,0.11118192050104077
P02_L100,2,row_linked_max_fms,43725,11,0.1203,0.6203,-0.20287496431466095,0.18036197432760373,0.09018098716380187
P02_L100,2,row_linked_max_fms,43725,12,0.1662,0.6662,0.06832193991290675,0.19839813608163454,0.09919906804081727
P02_L100,2,row_linked_max_fms,43725,13,0.212,0.712,0.22839754815468172,0.2398364721874997,0.11991823609374985
P02_L100,2,row_linked_max_fms,43725,14,0.2636,0.7636000000000001,-0.2039533843599598,0.13817478451137885,0.06908739225568943
P02_L100,2,row_linked_max_fms,43725,15,0.3094,0.8094,-0.15529555183560914,0.2141202217178105,0.10706011085890525
P02_L100,2,row_linked_max_fms,43725,16,0.3552,0.8552,-0.11914519961694293,0.213447965825241,0.1067239829126205
P02_L100,2,row_linked_max_fms,43725,17,0.4011,0.9011,0.21363011280880925,0.2657505158799399,0.13287525793996996
P02_L100,2,row_linked_max_fms,43725,18,0.4526,0.9526,-0.06998247587828772,0.25246330426851893,0.12623165213425946
P02_L100,2,row_linked_max_fms,43725,19,0.4985,0.9984999999999999,0.18483204356254218,0.18424972786081545,0.09212486393040772
P02_L100,2,source_plotting_index_rule,4778,0,-0.4011,0.09889999999999999,0.028489681186184137,0.1489035773271907,0.07445178866359535
P02_L100,2,source_plotting_index_rule,4778,1,-0.3552,0.14479999999999998,0.25612195872525423,0.21730065532957019,0.10865032766478509
P02_L100,2,source_plotting_index_rule,4778,2,-0.3037,0.19629999999999997,0.10409055536985486,0.24184286103980307,0.12092143051990153
P02_L100,2,source_plotting_index_rule,4778,3,-0.2578,0.24220000000000003,0.12730237997180666,0.21920448420362917,0.10960224210181459
P02_L100,2,source_plotting_index_rule,4778,4,-0.212,0.28800000000000003,-0.03582469732904163,0.12838113354091638,0.06419056677045819
P02_L100,2,source_plotting_index_rule,4778,5,-0.1662,0.3338,0.12699003060315872,0.4187071563203697,0.20935357816018485
P02_L100,2,source_plotting_index_rule,4778,6,-0.1146,0.3854,-0.04963055175410565,0.2602396036415863,0.13011980182079316
P02_L100,2,source_plotting_index_rule,4778,7,-0.0688,0.4312,0.053819106412498464,0.19376110237964,0.09688055118982
P02_L100,2,source_plotting_index_rule,4778,8,-0.0229,0.4771,-0.058614046482694665,0.3378573438760542,0.1689286719380271
P02_L100,2,source_plotting_index_rule,4778,9,0.0229,0.5229,0.24303790535747638,0.2922846813627443,0.14614234068137216
P02_L100,2,source_plotting_index_rule,4778,10,0.0745,0.5745,0.13776419863257983,0.18436302848424246,0.09218151424212123
P02_L100,2,source_plotting_index_rule,4778,11,0.1203,0.6203,-0.08570114955377846,0.06495594032322033,0.032477970161610165
P02_L100,2,source_plotting_index_rule,4778,12,0.1662,0.6662,0.01723385497920526,0.13990851167016927,0.06995425583508463
P02_L100,2,source_plotting_index_rule,4778,13,0.212,0.712,0.18531455629384813,0.2842515510116074,0.1421257755058037
P02_L100,2,source_plotting_index_rule,4778,14,0.2636,0.7636000000000001,-0.09508164986053994,0.22742161412560105,0.11371080706280053
P02_L100,2,source_plotting_index_rule,4778,15,0.3094,0.8094,-0.10111750365318409,0.2880010546372259,0.14400052731861296
P02_L100,2,source_plotting_index_rule,4778,16,0.3552,0.8552,-0.1074326082309552,0.21360514034903794,0.10680257017451897
P02_L100,2,source_plotting_index_rule,4778,17,0.4011,0.9011,0.2676931699373337,0.26281201301598434,0.13140600650799217
P02_L100,2,source_plotting_index_rule,4778,18,0.4526,0.9526,-0.0005975619210397649,0.28647686349364593,0.14323843174682296
P02_L100,2,source_plotting_index_rule,4778,19,0.4985,0.9984999999999999,0.2704140244079637,0.12581508607161065,0.06290754303580533
P03_L010,1,row_linked_max_fms,40001,0,-0.4011,0.09889999999999999,-0.19157674624825427,0.522998027069825,0.2614990135349125
P03_L010,1,row_linked_max_fms,40001,1,-0.338,0.16199999999999998,0.18163350710478543,0.18416488732667438,0.09208244366333719
P03_L010,1,row_linked_max_fms,40001,2,-0.2807,0.2193,-0.048333544637064046,0.34285550074081383,0.17142775037040692
P03_L010,1,row_linked_max_fms,40001,3,-0.2235,0.27649999999999997,-0.18694032173817365,0.19006351921269157,0.09503175960634579
P03_L010,1,row_linked_max_fms,40001,4,-0.1604,0.3396,0.2147163142375405,0.24012465071638733,0.12006232535819367
P03_L010,1,row_linked_max_fms,40001,5,-0.1031,0.39690000000000003,0.04714362104612376,0.270457470803634,0.135228735401817
P03_L010,1,row_linked_max_fms,40001,6,-0.0401,0.4599,0.06754377832329989,0.25249779086797386,0.12624889543398693
P03_L010,1,row_linked_max_fms,40001,7,0.0172,0.5172,-0.20891006527695724,0.42383794692757387,0.21191897346378694
P03_L010,1,row_linked_max_fms,40001,8,0.0802,0.5802,0.16364853745776445,0.32006160453070687,0.16003080226535343
P03_L010,1,row_linked_max_fms,40001,9,0.1375,0.6375,0.11751753779880579,0.2834844878050293,0.14174224390251464
P03_L010,1,row_linked_max_fms,40001,10,0.1948,0.6948,-0.11555906111490623,0.41030591388280874,0.20515295694140437
P03_L010,1,row_linked_max_fms,40001,11,0.2578,0.7578,-0.023805488871096913,0.25015024856028595,0.12507512428014297
P03_L010,1,row_linked_max_fms,40001,12,0.3151,0.8150999999999999,0.30962818487537025,0.3338849088039348,0.1669424544019674
P03_L010,1,row_linked_max_fms,40001,13,0.3782,0.8782,-0.08524682781807347,0.3798182669914283,0.18990913349571414
P03_L010,1,row_linked_max_fms,40001,14,0.4354,0.9354,0.09154669599509198,0.21321720847278788,0.10660860423639394
P03_L010,1,row_linked_max_fms,40001,15,0.4985,0.9984999999999999,-0.06972162051826292,0.5373275570379249,0.26866377851896245
P03_L010,1,source_plotting_index_rule,21375,0,-0.4011,0.09889999999999999,-0.15804278734247965,0.45120639141979674,0.22560319570989837
P03_L010,1,source_plotting_index_rule,21375,1,-0.338,0.16199999999999998,0.26476871845119637,0.2204923163797794,0.1102461581898897
P03_L010,1,source_plotting_index_rule,21375,2,-0.2807,0.2193,0.030227406950453634,0.38468041404937264,0.19234020702468632
P03_L010,1,source_plotting_index_rule,21375,3,-0.2235,0.27649999999999997,-0.1340959075605701,0.29576500925513793,0.14788250462756897
P03_L010,1,source_plotting_index_rule,21375,4,-0.1604,0.3396,0.2949875634136551,0.39981243536095024,0.19990621768047512
P03_L010,1,source_plotting_index_rule,21375,5,-0.1031,0.39690000000000003,-0.02497384402880861,0.33139895428342603,0.16569947714171301
P03_L010,1,source_plotting_index_rule,21375,6,-0.0401,0.4599,0.050858046702083486,0.30449689148476616,0.15224844574238308
P03_L010,1,source_plotting_index_rule,21375,7,0.0172,0.5172,-0.2167320877867844,0.33347649547924957,0.16673824773962478
P03_L010,1,source_plotting_index_rule,21375,8,0.0802,0.5802,0.16809650071760526,0.32478197939938314,0.16239098969969157
P03_L010,1,source_plotting_index_rule,21375,9,0.1375,0.6375,0.25861132342383775,0.23855486766898093,0.11927743383449046
P03_L010,1,source_plotting_index_rule,21375,10,0.1948,0.6948,-0.054493413953778644,0.3969753314468689,0.19848766572343446
P03_L010,1,source_plotting_index_rule,21375,11,0.2578,0.7578,-0.11414325804378941,0.3054381876667971,0.15271909383339854
P03_L010,1,source_plotting_index_rule,21375,12,0.3151,0.8150999999999999,0.22471636391394362,0.3418818970894374,0.1709409485447187
P03_L010,1,source_plotting_index_rule,21375,13,0.3782,0.8782,0.04416648781203617,0.3020787135664537,0.15103935678322686
P03_L010,1,source_plotting_index_rule,21375,14,0.4354,0.9354,0.2143998727110574,0.1590064224905152,0.0795032112452576
P03_L010,1,source_plotting_index_rule,21375,15,0.4985,0.9984999999999999,-0.15071919155380775,0.6329079362728363,0.31645396813641813
P03_L010,2,row_linked_max_fms,17376,0,-0.4011,0.09889999999999999,-0.3394108787024945,0.47129486191620745,0.23564743095810373
P03_L010,2,row_linked_max_fms,17376,1,-0.338,0.16199999999999998,0.19679538064116614,0.2233755973541534,0.1116877986770767
P03_L010,2,row_linked_max_fms,17376,2,-0.2807,0.2193,0.014714955913915815,0.3196757472406365,0.15983787362031826
P03_L010,2,row_linked_max_fms,17376,3,-0.2235,0.27649999999999997,-0.12916222820078146,0.15617770361787436,0.07808885180893718
P03_L010,2,row_linked_max_fms,17376,4,-0.1604,0.3396,0.20658219783028386,0.3242660963597841,0.16213304817989205
P03_L010,2,row_linked_max_fms,17376,5,-0.1031,0.39690000000000003,-0.027596057181921926,0.26286195362344295,0.13143097681172147
P03_L010,2,row_linked_max_fms,17376,6,-0.0401,0.4599,-0.03477171820727983,0.2648175921429237,0.13240879607146186
P03_L010,2,row_linked_max_fms,17376,7,0.0172,0.5172,-0.28619934177080736,0.40301636349415004,0.20150818174707502
P03_L010,2,row_linked_max_fms,17376,8,0.0802,0.5802,0.20340342065789516,0.2567880547810286,0.1283940273905143
P03_L010,2,row_linked_max_fms,17376,9,0.1375,0.6375,0.21843247832858365,0.23344215346293146,0.11672107673146573
P03_L010,2,row_linked_max_fms,17376,10,0.1948,0.6948,0.06826638851727776,0.27373087713131444,0.13686543856565722
P03_L010,2,row_linked_max_fms,17376,11,0.2578,0.7578,-0.12906066623705034,0.40434222442400675,0.20217111221200337
P03_L010,2,row_linked_max_fms,17376,12,0.3151,0.8150999999999999,0.3093193633577166,0.2777720486631727,0.13888602433158634
P03_L010,2,row_linked_max_fms,17376,13,0.3782,0.8782,-0.04906668329205281,0.38974703585583304,0.19487351792791652
P03_L010,2,row_linked_max_fms,17376,14,0.4354,0.9354,0.2823351748357919,0.2642042092505625,0.13210210462528124
P03_L010,2,row_linked_max_fms,17376,15,0.4985,0.9984999999999999,-0.16106357697103957,0.6073577801324549,0.30367889006622745
P03_L010,2,source_plotting_index_rule,2886,0,-0.4011,0.09889999999999999,-0.2023672438486954,0.4932067175743645,0.24660335878718226
P03_L010,2,source_plotting_index_rule,2886,1,-0.338,0.16199999999999998,0.18311880529043065,0.22824474674607856,0.11412237337303928
P03_L010,2,source_plotting_index_rule,2886,2,-0.2807,0.2193,-0.08695817340635677,0.3509172134355804,0.1754586067177902
P03_L010,2,source_plotting_index_rule,2886,3,-0.2235,0.27649999999999997,-0.1059184511462722,0.34021018207653647,0.17010509103826824
P03_L010,2,source_plotting_index_rule,2886,4,-0.1604,0.3396,0.1416879795410993,0.19026147398943924,0.09513073699471962
P03_L010,2,source_plotting_index_rule,2886,5,-0.1031,0.39690000000000003,0.09894395422089491,0.30504787762015584,0.15252393881007792
P03_L010,2,source_plotting_index_rule,2886,6,-0.0401,0.4599,0.029940862675014415,0.2686644062580713,0.13433220312903565
P03_L010,2,source_plotting_index_rule,2886,7,0.0172,0.5172,-0.17807893402420255,0.4452318388243675,0.22261591941218375
P03_L010,2,source_plotting_index_rule,2886,8,0.0802,0.5802,0.08135871332748233,0.3429749368527181,0.17148746842635906
P03_L010,2,source_plotting_index_rule,2886,9,0.1375,0.6375,0.1956737660966036,0.2530116411628067,0.12650582058140336
P03_L010,2,source_plotting_index_rule,2886,10,0.1948,0.6948,0.10747829059249049,0.23785675442466706,0.11892837721233353
P03_L010,2,source_plotting_index_rule,2886,11,0.2578,0.7578,-0.13782542219887822,0.4021914540345692,0.2010957270172846
P03_L010,2,source_plotting_index_rule,2886,12,0.3151,0.8150999999999999,0.25716950857772225,0.27101892601974503,0.13550946300987252
P03_L010,2,source_plotting_index_rule,2886,13,0.3782,0.8782,-0.006848285060902997,0.3701822874766391,0.18509114373831956
P03_L010,2,source_plotting_index_rule,2886,14,0.4354,0.9354,0.12196330824472126,0.22146629852973573,0.11073314926486787
P03_L010,2,source_plotting_index_rule,2886,15,0.4985,0.9984999999999999,-0.11206718668955443,0.6465909760316944,0.3232954880158472
P03_L049,1,row_linked_max_fms,2004,0,-0.4011,0.09889999999999999,0.04068452434740855,0.30863695879313535,0.15431847939656768
P03_L049,1,row_linked_max_fms,2004,1,-0.338,0.16199999999999998,-0.014968782815094674,0.5492714510132509,0.27463572550662546
P03_L049,1,row_linked_max_fms,2004,2,-0.2807,0.2193,0.005677644792068995,0.2624487404150405,0.13122437020752026
P03_L049,1,row_linked_max_fms,2004,3,-0.2235,0.27649999999999997,0.010105856887901925,0.08950705865571545,0.04475352932785773
P03_L049,1,row_linked_max_fms,2004,4,-0.1604,0.3396,-0.2016840185525946,0.4755753617923728,0.2377876808961864
P03_L049,1,row_linked_max_fms,2004,5,-0.1031,0.39690000000000003,-0.12092642411185155,0.28695119772196465,0.14347559886098232
P03_L049,1,row_linked_max_fms,2004,6,-0.0401,0.4599,-0.2633349005073043,0.24386475178853634,0.12193237589426817
P03_L049,1,row_linked_max_fms,2004,7,0.0172,0.5172,-0.13652087070497756,0.07962374502429505,0.039811872512147524
P03_L049,1,row_linked_max_fms,2004,8,0.0802,0.5802,-0.3419730324475037,0.2810913619573661,0.14054568097868306
P03_L049,1,row_linked_max_fms,2004,9,0.1375,0.6375,-0.17304076998470372,0.3835602444385732,0.1917801222192866
P03_L049,1,row_linked_max_fms,2004,10,0.1948,0.6948,-0.17276908016915662,0.35433265355520444,0.17716632677760222
P03_L049,1,row_linked_max_fms,2004,11,0.2578,0.7578,-0.008767577450461386,0.31164497474099506,0.15582248737049753
P03_L049,1,row_linked_max_fms,2004,12,0.3151,0.8150999999999999,0.2700948593136045,0.18681690975560586,0.09340845487780293
P03_L049,1,row_linked_max_fms,2004,13,0.3782,0.8782,0.14250221933188464,0.1986938108503877,0.09934690542519385
P03_L049,1,row_linked_max_fms,2004,14,0.4354,0.9354,-0.1879619573415321,0.30146701374141355,0.15073350687070677
P03_L049,1,row_linked_max_fms,2004,15,0.4985,0.9984999999999999,-0.2677077271558548,0.23776859240830903,0.11888429620415451
P03_L049,1,source_plotting_index_rule,5729,0,-0.4011,0.09889999999999999,0.05503184470913026,0.19952046109291477,0.09976023054645738
P03_L049,1,source_plotting_index_rule,5729,1,-0.338,0.16199999999999998,-0.030791268348411484,0.7900084694288557,0.39500423471442786
P03_L049,1,source_plotting_index_rule,5729,2,-0.2807,0.2193,0.034805551407626596,0.2905956612988432,0.1452978306494216
P03_L049,1,source_plotting_index_rule,5729,3,-0.2235,0.27649999999999997,-0.05300440455518009,0.1878268778284025,0.09391343891420124
P03_L049,1,source_plotting_index_rule,5729,4,-0.1604,0.3396,-0.0458326992472547,0.39478543819629486,0.19739271909814743
P03_L049,1,source_plotting_index_rule,5729,5,-0.1031,0.39690000000000003,-0.1648010027616685,0.19252919626294307,0.09626459813147153
P03_L049,1,source_plotting_index_rule,5729,6,-0.0401,0.4599,-0.2633349005073043,0.24386475178853634,0.12193237589426817
P03_L049,1,source_plotting_index_rule,5729,7,0.0172,0.5172,-0.15284928619846253,0.1924920938556577,0.09624604692782884
P03_L049,1,source_plotting_index_rule,5729,8,0.0802,0.5802,-0.2249314526598433,0.2042477364402987,0.10212386822014935
P03_L049,1,source_plotting_index_rule,5729,9,0.1375,0.6375,-0.13274886680660197,0.4256192218081107,0.21280961090405534
P03_L049,1,source_plotting_index_rule,5729,10,0.1948,0.6948,-0.11466494447940251,0.342016439197285,0.1710082195986425
P03_L049,1,source_plotting_index_rule,5729,11,0.2578,0.7578,0.0033901724829382023,0.29559384267776184,0.14779692133888092
P03_L049,1,source_plotting_index_rule,5729,12,0.3151,0.8150999999999999,0.1032329454134125,0.18790034000228115,0.09395017000114057
P03_L049,1,source_plotting_index_rule,5729,13,0.3782,0.8782,0.04815368210995388,0.11785086983456769,0.058925434917283845
P03_L049,1,source_plotting_index_rule,5729,14,0.4354,0.9354,-0.30307053610520024,0.2556802825539197,0.12784014127695986
P03_L049,1,source_plotting_index_rule,5729,15,0.4985,0.9984999999999999,-0.3259470860016839,0.3585213936324472,0.1792606968162236
P03_L049,2,row_linked_max_fms,13270,0,-0.4011,0.09889999999999999,0.015113513483150527,0.1892942052494958,0.0946471026247479
P03_L049,2,row_linked_max_fms,13270,1,-0.338,0.16199999999999998,0.045170120431091296,0.5927894035824264,0.2963947017912132
P03_L049,2,row_linked_max_fms,13270,2,-0.2807,0.2193,0.005677644792068995,0.2624487404150405,0.13122437020752026
P03_L049,2,row_linked_max_fms,13270,3,-0.2235,0.27649999999999997,0.04338163921230105,0.19929512715664177,0.09964756357832089
P03_L049,2,row_linked_max_fms,13270,4,-0.1604,0.3396,-0.03883138734751601,0.44228495067443563,0.22114247533721781
P03_L049,2,row_linked_max_fms,13270,5,-0.1031,0.39690000000000003,-0.2155665976353819,0.28604685042144085,0.14302342521072042
P03_L049,2,row_linked_max_fms,13270,6,-0.0401,0.4599,-0.22392787540394027,0.42396279934584924,0.21198139967292462
P03_L049,2,row_linked_max_fms,13270,7,0.0172,0.5172,-0.014298131285755593,0.23514105944668667,0.11757052972334334
P03_L049,2,row_linked_max_fms,13270,8,0.0802,0.5802,-0.3040631653310012,0.2682393476645758,0.1341196738322879
P03_L049,2,row_linked_max_fms,13270,9,0.1375,0.6375,-0.04913065571380475,0.5639648220939206,0.2819824110469603
P03_L049,2,row_linked_max_fms,13270,10,0.1948,0.6948,-0.1731477696345527,0.3968132555216459,0.19840662776082296
P03_L049,2,row_linked_max_fms,13270,11,0.2578,0.7578,-0.008767592199314105,0.31164497530805835,0.15582248765402917
P03_L049,2,row_linked_max_fms,13270,12,0.3151,0.8150999999999999,0.2700948593136045,0.18681690975560586,0.09340845487780293
P03_L049,2,row_linked_max_fms,13270,13,0.3782,0.8782,0.18303399786967528,0.22651263484688483,0.11325631742344242
P03_L049,2,row_linked_max_fms,13270,14,0.4354,0.9354,-0.2884364689651006,0.36410716215765754,0.18205358107882877
P03_L049,2,row_linked_max_fms,13270,15,0.4985,0.9984999999999999,-0.32959319420527505,0.3352518783225177,0.16762593916125884
P03_L049,2,source_plotting_index_rule,4521,0,-0.4011,0.09889999999999999,-0.13595826146592288,0.23896647020148462,0.11948323510074231
P03_L049,2,source_plotting_index_rule,4521,1,-0.338,0.16199999999999998,-0.19178651644779182,0.7794912104257233,0.38974560521286167
P03_L049,2,source_plotting_index_rule,4521,2,-0.2807,0.2193,0.0072740007238487935,0.383314125756979,0.1916570628784895
P03_L049,2,source_plotting_index_rule,4521,3,-0.2235,0.27649999999999997,-0.019741490169401733,0.23239840324611638,0.11619920162305819
P03_L049,2,source_plotting_index_rule,4521,4,-0.1604,0.3396,-0.29989349339517957,0.3980084704487506,0.1990042352243753
P03_L049,2,source_plotting_index_rule,4521,5,-0.1031,0.39690000000000003,-0.18026833203834294,0.33421721428660184,0.16710860714330092
P03_L049,2,source_plotting_index_rule,4521,6,-0.0401,0.4599,-0.28649894884124655,0.36920181116505163,0.18460090558252581
P03_L049,2,source_plotting_index_rule,4521,7,0.0172,0.5172,0.06816839028254976,0.2336087468157076,0.1168043734078538
P03_L049,2,source_plotting_index_rule,4521,8,0.0802,0.5802,-0.12785904987928615,0.2680352589775951,0.13401762948879756
P03_L049,2,source_plotting_index_rule,4521,9,0.1375,0.6375,0.10895467932350147,0.19444570868308578,0.09722285434154289
P03_L049,2,source_plotting_index_rule,4521,10,0.1948,0.6948,-0.0680542890858276,0.33182706979000137,0.16591353489500069
P03_L049,2,source_plotting_index_rule,4521,11,0.2578,0.7578,0.050434041357173234,0.3114574884864105,0.15572874424320526
P03_L049,2,source_plotting_index_rule,4521,12,0.3151,0.8150999999999999,0.1562661092281814,0.19809071564038552,0.09904535782019276
P03_L049,2,source_plotting_index_rule,4521,13,0.3782,0.8782,0.12742309225310994,0.1752677812845759,0.08763389064228795
P03_L049,2,source_plotting_index_rule,4521,14,0.4354,0.9354,-0.3159817044596888,0.26625843793870774,0.13312921896935387
P03_L049,2,source_plotting_index_rule,4521,15,0.4985,0.9984999999999999,-0.34536284370685844,0.26776774325762304,0.13388387162881152
P03_L200,1,row_linked_max_fms,46290,0,-0.4011,0.09889999999999999,-0.0005116869539151525,0.3901900601067903,0.19509503005339515
P03_L200,1,row_linked_max_fms,46290,1,-0.3552,0.14479999999999998,0.04270404085656314,0.2576203578018335,0.12881017890091676
P03_L200,1,row_linked_max_fms,46290,2,-0.3037,0.19629999999999997,0.23789401310311026,0.24390933397376885,0.12195466698688442
P03_L200,1,row_linked_max_fms,46290,3,-0.2578,0.24220000000000003,-0.101619510213902,0.25937789804003103,0.12968894902001551
P03_L200,1,row_linked_max_fms,46290,4,-0.212,0.28800000000000003,-0.33713681284355795,0.3801985444483785,0.19009927222418924
P03_L200,1,row_linked_max_fms,46290,5,-0.1662,0.3338,0.320037822503704,0.4147772434971175,0.20738862174855874
P03_L200,1,row_linked_max_fms,46290,6,-0.1146,0.3854,-0.30488405387070333,0.25933014966079077,0.12966507483039538
P03_L200,1,row_linked_max_fms,46290,7,-0.0688,0.4312,0.16641589576433682,0.3304771342980369,0.16523856714901844
P03_L200,1,row_linked_max_fms,46290,8,-0.0229,0.4771,-0.31753478152417797,0.2973522420059623,0.14867612100298114
P03_L200,1,row_linked_max_fms,46290,9,0.0229,0.5229,-0.17076584073084164,0.2638410668682014,0.1319205334341007
P03_L200,1,row_linked_max_fms,46290,10,0.0745,0.5745,-0.11083914867658828,0.3022454060307152,0.1511227030153576
P03_L200,1,row_linked_max_fms,46290,11,0.1203,0.6203,-0.012996714183785452,0.16951989878242332,0.08475994939121166
P03_L200,1,row_linked_max_fms,46290,12,0.1662,0.6662,-0.3111194575164762,0.2955974978277884,0.1477987489138942
P03_L200,1,row_linked_max_fms,46290,13,0.212,0.712,0.041756688720201225,0.19316696369829675,0.09658348184914838
P03_L200,1,row_linked_max_fms,46290,14,0.2636,0.7636000000000001,-0.17743801502310436,0.3768168016579042,0.1884084008289521
P03_L200,1,row_linked_max_fms,46290,15,0.3094,0.8094,0.14854547248523223,0.12544941806805204,0.06272470903402602
P03_L200,1,row_linked_max_fms,46290,16,0.3552,0.8552,-0.24414031035931105,0.4341288352533243,0.21706441762666215
P03_L200,1,row_linked_max_fms,46290,17,0.4011,0.9011,-0.09739600607544344,0.2148547659416541,0.10742738297082705
P03_L200,1,row_linked_max_fms,46290,18,0.4526,0.9526,-0.21978506480259397,0.10399472821885593,0.051997364109427964
P03_L200,1,row_linked_max_fms,46290,19,0.4985,0.9984999999999999,0.13645577853824842,0.3625478438903051,0.18127392194515254
P03_L200,1,source_plotting_index_rule,1534,0,-0.4011,0.09889999999999999,-0.003853389468863529,0.34430827069597963,0.17215413534798982
P03_L200,1,source_plotting_index_rule,1534,1,-0.3552,0.14479999999999998,0.2789870428329558,0.2793362896035336,0.1396681448017668
P03_L200,1,source_plotting_index_rule,1534,2,-0.3037,0.19629999999999997,0.20051996643196965,0.3471470052185721,0.17357350260928606
P03_L200,1,source_plotting_index_rule,1534,3,-0.2578,0.24220000000000003,0.0814753195911266,0.2881803494558423,0.14409017472792116
P03_L200,1,source_plotting_index_rule,1534,4,-0.212,0.28800000000000003,-0.26907083298735573,0.2558996126002803,0.12794980630014016
P03_L200,1,source_plotting_index_rule,1534,5,-0.1662,0.3338,0.320037822503704,0.4147772434971175,0.20738862174855874
P03_L200,1,source_plotting_index_rule,1534,6,-0.1146,0.3854,-0.17578654736828384,0.2623462108028972,0.1311731054014486
P03_L200,1,source_plotting_index_rule,1534,7,-0.0688,0.4312,0.16641589576433682,0.3304771342980369,0.16523856714901844
P03_L200,1,source_plotting_index_rule,1534,8,-0.0229,0.4771,-0.343321794218798,0.2956410311609209,0.14782051558046044
P03_L200,1,source_plotting_index_rule,1534,9,0.0229,0.5229,-0.17076584073084164,0.2638410668682014,0.1319205334341007
P03_L200,1,source_plotting_index_rule,1534,10,0.0745,0.5745,-0.07987388123757011,0.3037712985637572,0.1518856492818786
P03_L200,1,source_plotting_index_rule,1534,11,0.1203,0.6203,-0.003747141615335782,0.17101422418489515,0.08550711209244757
P03_L200,1,source_plotting_index_rule,1534,12,0.1662,0.6662,-0.10406393342449011,0.2709300133299104,0.1354650066649552
P03_L200,1,source_plotting_index_rule,1534,13,0.212,0.712,0.0007006934878801899,0.14811444382711092,0.07405722191355546
P03_L200,1,source_plotting_index_rule,1534,14,0.2636,0.7636000000000001,-0.4432566109367024,0.581907385416031,0.2909536927080155
P03_L200,1,source_plotting_index_rule,1534,15,0.3094,0.8094,0.10343146527753105,0.29887555814900746,0.14943777907450373
P03_L200,1,source_plotting_index_rule,1534,16,0.3552,0.8552,-0.2942994446595035,0.4527438393907612,0.2263719196953806
P03_L200,1,source_plotting_index_rule,1534,17,0.4011,0.9011,-0.18352783984554613,0.19409155261870967,0.09704577630935483
P03_L200,1,source_plotting_index_rule,1534,18,0.4526,0.9526,-0.16213585271768644,0.1364548623139175,0.06822743115695876
P03_L200,1,source_plotting_index_rule,1534,19,0.4985,0.9984999999999999,0.06775503383411428,0.28906211619832334,0.14453105809916167
P03_L200,2,row_linked_max_fms,20887,0,-0.4011,0.09889999999999999,-0.03373487000503524,0.4254848465994103,0.21274242329970516
P03_L200,2,row_linked_max_fms,20887,1,-0.3552,0.14479999999999998,0.14671152183861547,0.16920302724564848,0.08460151362282424
P03_L200,2,row_linked_max_fms,20887,2,-0.3037,0.19629999999999997,0.11500850863772935,0.2802359477982564,0.1401179738991282
P03_L200,2,row_linked_max_fms,20887,3,-0.2578,0.24220000000000003,0.13821898143875372,0.2567527556316099,0.12837637781580494
P03_L200,2,row_linked_max_fms,20887,4,-0.212,0.28800000000000003,-0.24895343525186517,0.5072621165711503,0.25363105828557514
P03_L200,2,row_linked_max_fms,20887,5,-0.1662,0.3338,0.126673069930558,0.2291880134602914,0.1145940067301457
P03_L200,2,row_linked_max_fms,20887,6,-0.1146,0.3854,-0.297455945632814,0.31086551815432256,0.15543275907716128
P03_L200,2,row_linked_max_fms,20887,7,-0.0688,0.4312,0.3510346177947228,0.43110474636475443,0.21555237318237722
P03_L200,2,row_linked_max_fms,20887,8,-0.0229,0.4771,-0.31753478152417797,0.2973522420059623,0.14867612100298114
P03_L200,2,row_linked_max_fms,20887,9,0.0229,0.5229,-0.13450121380571356,0.2434928508027405,0.12174642540137025
P03_L200,2,row_linked_max_fms,20887,10,0.0745,0.5745,-0.012261208975014324,0.33595686195815494,0.16797843097907747
P03_L200,2,row_linked_max_fms,20887,11,0.1203,0.6203,-0.0953452796681042,0.23228393885337312,0.11614196942668656
P03_L200,2,row_linked_max_fms,20887,12,0.1662,0.6662,-0.14819648687267425,0.3125478621730234,0.1562739310865117
P03_L200,2,row_linked_max_fms,20887,13,0.212,0.712,0.04175668804374832,0.19316696173489953,0.09658348086744976
P03_L200,2,row_linked_max_fms,20887,14,0.2636,0.7636000000000001,-0.5234638265897619,0.6036425967010965,0.3018212983505483
P03_L200,2,row_linked_max_fms,20887,15,0.3094,0.8094,0.07585947866094969,0.12365587918568902,0.06182793959284451
P03_L200,2,row_linked_max_fms,20887,16,0.3552,0.8552,-0.41651926121940047,0.2996631486163869,0.14983157430819344
P03_L200,2,row_linked_max_fms,20887,17,0.4011,0.9011,-0.2495521720189566,0.2849105969895083,0.14245529849475416
P03_L200,2,row_linked_max_fms,20887,18,0.4526,0.9526,-0.0686941990027435,0.07436207873981039,0.037181039369905196
P03_L200,2,row_linked_max_fms,20887,19,0.4985,0.9984999999999999,0.08551457132826037,0.3478176106120979,0.17390880530604896
P03_L200,2,source_plotting_index_rule,202,0,-0.4011,0.09889999999999999,-0.0038533887479816863,0.34430826715665436,0.17215413357832718
P03_L200,2,source_plotting_index_rule,202,1,-0.3552,0.14479999999999998,-0.0009588460848213549,0.19580463526731987,0.09790231763365993
P03_L200,2,source_plotting_index_rule,202,2,-0.3037,0.19629999999999997,0.0788101900460026,0.27320257416424615,0.13660128708212307
P03_L200,2,source_plotting_index_rule,202,3,-0.2578,0.24220000000000003,0.07780046522931454,0.40970292406149134,0.20485146203074567
P03_L200,2,source_plotting_index_rule,202,4,-0.212,0.28800000000000003,-0.2989037340122694,0.542083831460067,0.2710419157300335
P03_L200,2,source_plotting_index_rule,202,5,-0.1662,0.3338,-0.1453294937941688,0.14372350207083856,0.07186175103541928
P03_L200,2,source_plotting_index_rule,202,6,-0.1146,0.3854,-0.23040992629040274,0.3375479986984936,0.1687739993492468
P03_L200,2,source_plotting_index_rule,202,7,-0.0688,0.4312,0.3738919130443012,0.4235902041977137,0.21179510209885685
P03_L200,2,source_plotting_index_rule,202,8,-0.0229,0.4771,-0.2535259198374981,0.20023258433034705,0.10011629216517352
P03_L200,2,source_plotting_index_rule,202,9,0.0229,0.5229,-0.13450121380571356,0.2434928508027405,0.12174642540137025
P03_L200,2,source_plotting_index_rule,202,10,0.0745,0.5745,-0.16262849342507057,0.31766332549191584,0.15883166274595792
P03_L200,2,source_plotting_index_rule,202,11,0.1203,0.6203,-0.05629660330994918,0.2202077922523012,0.1101038961261506
P03_L200,2,source_plotting_index_rule,202,12,0.1662,0.6662,-0.06308133411821153,0.2457847697814544,0.1228923848907272
P03_L200,2,source_plotting_index_rule,202,13,0.212,0.712,0.0417566872378152,0.19316696420049362,0.09658348210024681
P03_L200,2,source_plotting_index_rule,202,14,0.2636,0.7636000000000001,-0.5234638265897619,0.6036425967010965,0.3018212983505483
P03_L200,2,source_plotting_index_rule,202,15,0.3094,0.8094,0.033327685336990764,0.20285339901601765,0.10142669950800882
P03_L200,2,source_plotting_index_rule,202,16,0.3552,0.8552,-0.39089859445683495,0.3308281455489413,0.16541407277447065
P03_L200,2,source_plotting_index_rule,202,17,0.4011,0.9011,-0.23395039191148756,0.22419949715838053,0.11209974857919026
P03_L200,2,source_plotting_index_rule,202,18,0.4526,0.9526,-0.055599876154782145,0.15942209479377922,0.07971104739688961
P03_L200,2,source_plotting_index_rule,202,19,0.4985,0.9984999999999999,0.045574971389882354,0.3435479273627567,0.17177396368137834
P04_L010,1,row_linked_max_fms,4227,0,-0.4011,0.09889999999999999,0.15764197030381183,0.20607906369930834,0.10303953184965417
P04_L010,1,row_linked_max_fms,4227,1,-0.338,0.16199999999999998,0.2228917131590515,0.2229564007685538,0.1114782003842769
P04_L010,1,row_linked_max_fms,4227,2,-0.2807,0.2193,0.09407775767410453,0.2560785796022042,0.1280392898011021
P04_L010,1,row_linked_max_fms,4227,3,-0.2235,0.27649999999999997,0.17520126991003993,0.3671203574925752,0.1835601787462876
P04_L010,1,row_linked_max_fms,4227,4,-0.1604,0.3396,0.164939408486455,0.32792915591481214,0.16396457795740607
P04_L010,1,row_linked_max_fms,4227,5,-0.1031,0.39690000000000003,-0.005432272103881925,0.21346337285924036,0.10673168642962018
P04_L010,1,row_linked_max_fms,4227,6,-0.0401,0.4599,-0.026222689066680113,0.24203346377822368,0.12101673188911184
P04_L010,1,row_linked_max_fms,4227,7,0.0172,0.5172,0.14659375162008953,0.3811609482769287,0.19058047413846435
P04_L010,1,row_linked_max_fms,4227,8,0.0802,0.5802,0.24368110563607429,0.20120503658336708,0.10060251829168354
P04_L010,1,row_linked_max_fms,4227,9,0.1375,0.6375,-0.0042966791193523556,0.1889999110536388,0.0944999555268194
P04_L010,1,row_linked_max_fms,4227,10,0.1948,0.6948,-0.03220375247632006,0.27512058124869965,0.13756029062434982
P04_L010,1,row_linked_max_fms,4227,11,0.2578,0.7578,0.16938534516434767,0.23107686610460884,0.11553843305230442
P04_L010,1,row_linked_max_fms,4227,12,0.3151,0.8150999999999999,0.2219170553164374,0.16045416079904845,0.08022708039952423
P04_L010,1,row_linked_max_fms,4227,13,0.3782,0.8782,-0.12705243439257613,0.291650550291384,0.145825275145692
P04_L010,1,row_linked_max_fms,4227,14,0.4354,0.9354,-0.168006965425133,0.3564709108069582,0.1782354554034791
P04_L010,1,row_linked_max_fms,4227,15,0.4985,0.9984999999999999,-0.11097094578686802,0.26146370677896735,0.13073185338948368
P04_L010,1,source_plotting_index_rule,1824,0,-0.4011,0.09889999999999999,0.06535358926686669,0.20456390531016996,0.10228195265508498
P04_L010,1,source_plotting_index_rule,1824,1,-0.338,0.16199999999999998,0.23970890088738842,0.20859725348504135,0.10429862674252068
P04_L010,1,source_plotting_index_rule,1824,2,-0.2807,0.2193,-0.020653421697649152,0.19595143284301655,0.09797571642150828
P04_L010,1,source_plotting_index_rule,1824,3,-0.2235,0.27649999999999997,0.1925975440299153,0.3203877347047239,0.16019386735236196
P04_L010,1,source_plotting_index_rule,1824,4,-0.1604,0.3396,0.07206165316082479,0.31445103849265404,0.15722551924632702
P04_L010,1,source_plotting_index_rule,1824,5,-0.1031,0.39690000000000003,-0.006338145472714301,0.1622265164411708,0.0811132582205854
P04_L010,1,source_plotting_index_rule,1824,6,-0.0401,0.4599,0.03139238931701544,0.2339453620745909,0.11697268103729545
P04_L010,1,source_plotting_index_rule,1824,7,0.0172,0.5172,0.034527588690103854,0.3998682609224747,0.19993413046123734
P04_L010,1,source_plotting_index_rule,1824,8,0.0802,0.5802,0.2143859548616447,0.1966257532298572,0.0983128766149286
P04_L010,1,source_plotting_index_rule,1824,9,0.1375,0.6375,-0.06308409375725732,0.10768162230569724,0.05384081115284862
P04_L010,1,source_plotting_index_rule,1824,10,0.1948,0.6948,0.0002757128739864422,0.36511603858439834,0.18255801929219917
P04_L010,1,source_plotting_index_rule,1824,11,0.2578,0.7578,0.16938534516434767,0.23107686610460884,0.11553843305230442
P04_L010,1,source_plotting_index_rule,1824,12,0.3151,0.8150999999999999,0.26520785306285594,0.135762427001542,0.067881213500771
P04_L010,1,source_plotting_index_rule,1824,13,0.3782,0.8782,-0.19199867056446723,0.3912237769194852,0.1956118884597426
P04_L010,1,source_plotting_index_rule,1824,14,0.4354,0.9354,-0.10187064771820356,0.31943988181985966,0.15971994090992983
P04_L010,1,source_plotting_index_rule,1824,15,0.4985,0.9984999999999999,-0.13964270420112035,0.1815636519545784,0.0907818259772892
P04_L010,2,row_linked_max_fms,1691,0,-0.4011,0.09889999999999999,0.20073948439696956,0.270332402652579,0.1351662013262895
P04_L010,2,row_linked_max_fms,1691,1,-0.338,0.16199999999999998,0.24079217246746018,0.21409394547610833,0.10704697273805416
P04_L010,2,row_linked_max_fms,1691,2,-0.2807,0.2193,0.05657758189181673,0.24281615794494948,0.12140807897247474
P04_L010,2,row_linked_max_fms,1691,3,-0.2235,0.27649999999999997,0.2085902248107237,0.3889865251931834,0.1944932625965917
P04_L010,2,row_linked_max_fms,1691,4,-0.1604,0.3396,0.11997676726114789,0.2697942639504628,0.1348971319752314
P04_L010,2,row_linked_max_fms,1691,5,-0.1031,0.39690000000000003,-0.13111996424812944,0.09608794812493535,0.04804397406246767
P04_L010,2,row_linked_max_fms,1691,6,-0.0401,0.4599,-0.15093515326120582,0.309125985817283,0.1545629929086415
P04_L010,2,row_linked_max_fms,1691,7,0.0172,0.5172,0.24228532155114757,0.40370683912255734,0.20185341956127867
P04_L010,2,row_linked_max_fms,1691,8,0.0802,0.5802,0.1901319094057187,0.21441889432847724,0.10720944716423862
P04_L010,2,row_linked_max_fms,1691,9,0.1375,0.6375,-0.06242635566984454,0.10768158996737472,0.05384079498368736
P04_L010,2,row_linked_max_fms,1691,10,0.1948,0.6948,-0.03616246624609867,0.21812329907205885,0.10906164953602943
P04_L010,2,row_linked_max_fms,1691,11,0.2578,0.7578,0.14478079581894218,0.20089761060542183,0.10044880530271091
P04_L010,2,row_linked_max_fms,1691,12,0.3151,0.8150999999999999,0.15037967047474302,0.17241088545442518,0.08620544272721259
P04_L010,2,row_linked_max_fms,1691,13,0.3782,0.8782,-0.1578358074236407,0.36048977309245356,0.18024488654622678
P04_L010,2,row_linked_max_fms,1691,14,0.4354,0.9354,-0.0836480156691163,0.349707908652768,0.174853954326384
P04_L010,2,row_linked_max_fms,1691,15,0.4985,0.9984999999999999,-0.06326718261115022,0.2631893046043402,0.1315946523021701
P04_L010,2,source_plotting_index_rule,2156,0,-0.4011,0.09889999999999999,0.06535359391212132,0.2045639147602693,0.10228195738013465
P04_L010,2,source_plotting_index_rule,2156,1,-0.338,0.16199999999999998,0.2933961238744872,0.2178352603380022,0.1089176301690011
P04_L010,2,source_plotting_index_rule,2156,2,-0.2807,0.2193,0.09909894765967575,0.25945866399820106,0.12972933199910053
P04_L010,2,source_plotting_index_rule,2156,3,-0.2235,0.27649999999999997,0.028975991221137063,0.43880598288823697,0.21940299144411848
P04_L010,2,source_plotting_index_rule,2156,4,-0.1604,0.3396,0.011061779973521365,0.2750470496640312,0.1375235248320156
P04_L010,2,source_plotting_index_rule,2156,5,-0.1031,0.39690000000000003,0.0945702035491687,0.2510629376944998,0.1255314688472499
P04_L010,2,source_plotting_index_rule,2156,6,-0.0401,0.4599,0.04259625461763474,0.3051830660989746,0.1525915330494873
P04_L010,2,source_plotting_index_rule,2156,7,0.0172,0.5172,-0.012502063082153566,0.46246574575022187,0.23123287287511093
P04_L010,2,source_plotting_index_rule,2156,8,0.0802,0.5802,0.29492650969790685,0.23154345238075288,0.11577172619037644
P04_L010,2,source_plotting_index_rule,2156,9,0.1375,0.6375,0.007978594765901749,0.1268049618528325,0.06340248092641625
P04_L010,2,source_plotting_index_rule,2156,10,0.1948,0.6948,-0.008218015449399887,0.22356358616563776,0.11178179308281888
P04_L010,2,source_plotting_index_rule,2156,11,0.2578,0.7578,0.06974849838479781,0.16948734940992422,0.08474367470496211
P04_L010,2,source_plotting_index_rule,2156,12,0.3151,0.8150999999999999,0.3816230557266991,0.1467080824154791,0.07335404120773956
P04_L010,2,source_plotting_index_rule,2156,13,0.3782,0.8782,-0.12152214707285705,0.34561528781095957,0.17280764390547979
P04_L010,2,source_plotting_index_rule,2156,14,0.4354,0.9354,-0.02849795873469653,0.3564709435782658,0.1782354717891329
P04_L010,2,source_plotting_index_rule,2156,15,0.4985,0.9984999999999999,-0.09838096981741182,0.28683531474413465,0.14341765737206733
P04_L049,1,row_linked_max_fms,1060,0,-0.4011,0.09889999999999999,-0.006891554563536463,0.19055900511981974,0.09527950255990987
P04_L049,1,row_linked_max_fms,1060,1,-0.338,0.16199999999999998,-0.028459836428586707,0.34547578222452446,0.17273789111226223
P04_L049,1,row_linked_max_fms,1060,2,-0.2807,0.2193,-0.30118805743352867,0.2802065880266944,0.1401032940133472
P04_L049,1,row_linked_max_fms,1060,3,-0.2235,0.27649999999999997,-0.09653355769260195,0.2924990391187947,0.14624951955939736
P04_L049,1,row_linked_max_fms,1060,4,-0.1604,0.3396,0.03536170202209987,0.29093777621946554,0.14546888810973277
P04_L049,1,row_linked_max_fms,1060,5,-0.1031,0.39690000000000003,-0.5162242517951567,0.32633671000551334,0.16316835500275667
P04_L049,1,row_linked_max_fms,1060,6,-0.0401,0.4599,-0.17678040249657143,0.16871205227898228,0.08435602613949114
P04_L049,1,row_linked_max_fms,1060,7,0.0172,0.5172,-0.03708411085525268,0.4869378783396536,0.2434689391698268
P04_L049,1,row_linked_max_fms,1060,8,0.0802,0.5802,0.43389153572844696,0.24160241201854976,0.12080120600927488
P04_L049,1,row_linked_max_fms,1060,9,0.1375,0.6375,0.031305722334786346,0.2392345027130717,0.11961725135653585
P04_L049,1,row_linked_max_fms,1060,10,0.1948,0.6948,-0.18756749707639037,0.31377086421948563,0.15688543210974282
P04_L049,1,row_linked_max_fms,1060,11,0.2578,0.7578,-0.37537276056171665,0.20668817281860408,0.10334408640930204
P04_L049,1,row_linked_max_fms,1060,12,0.3151,0.8150999999999999,0.1704941887588557,0.4358493737280899,0.21792468686404495
P04_L049,1,row_linked_max_fms,1060,13,0.3782,0.8782,0.4365966285104954,0.3647935592707139,0.18239677963535694
P04_L049,1,row_linked_max_fms,1060,14,0.4354,0.9354,-0.03895836121865318,0.16247598150417486,0.08123799075208743
P04_L049,1,row_linked_max_fms,1060,15,0.4985,0.9984999999999999,0.10301094506031985,0.2808743886881019,0.14043719434405094
P04_L049,1,source_plotting_index_rule,483,0,-0.4011,0.09889999999999999,0.04788200884733025,0.30056342814736514,0.15028171407368257
P04_L049,1,source_plotting_index_rule,483,1,-0.338,0.16199999999999998,0.09706604075545307,0.3462624691927082,0.1731312345963541
P04_L049,1,source_plotting_index_rule,483,2,-0.2807,0.2193,-0.3364474179133264,0.2089720650815884,0.1044860325407942
P04_L049,1,source_plotting_index_rule,483,3,-0.2235,0.27649999999999997,-0.0740468880112687,0.25473839552710803,0.12736919776355402
P04_L049,1,source_plotting_index_rule,483,4,-0.1604,0.3396,0.09126375076201508,0.41281204867149546,0.20640602433574773
P04_L049,1,source_plotting_index_rule,483,5,-0.1031,0.39690000000000003,-0.40423161237063104,0.2433799106253255,0.12168995531266275
P04_L049,1,source_plotting_index_rule,483,6,-0.0401,0.4599,-0.078841051155253,0.23033870871275935,0.11516935435637968
P04_L049,1,source_plotting_index_rule,483,7,0.0172,0.5172,-0.2557870637303892,0.48733753278381287,0.24366876639190643
P04_L049,1,source_plotting_index_rule,483,8,0.0802,0.5802,0.5939123491156293,0.2934031436024647,0.14670157180123236
P04_L049,1,source_plotting_index_rule,483,9,0.1375,0.6375,0.0291315673990695,0.281437693241614,0.140718846620807
P04_L049,1,source_plotting_index_rule,483,10,0.1948,0.6948,-0.16331211512624666,0.234971607255064,0.117485803627532
P04_L049,1,source_plotting_index_rule,483,11,0.2578,0.7578,-0.368799581116754,0.30758349577815486,0.15379174788907743
P04_L049,1,source_plotting_index_rule,483,12,0.3151,0.8150999999999999,0.1046437901249856,0.5506929281486271,0.27534646407431357
P04_L049,1,source_plotting_index_rule,483,13,0.3782,0.8782,0.2867493086947693,0.2961475855398079,0.14807379276990396
P04_L049,1,source_plotting_index_rule,483,14,0.4354,0.9354,-0.1164875925224059,0.1699718888999854,0.0849859444499927
P04_L049,1,source_plotting_index_rule,483,15,0.4985,0.9984999999999999,0.09731792650469084,0.31019919874784224,0.15509959937392112
P04_L100,2,row_linked_max_fms,8633,0,-0.4011,0.09889999999999999,0.1586998702293346,0.35542245507793585,0.17771122753896793
P04_L100,2,row_linked_max_fms,8633,1,-0.3552,0.14479999999999998,-0.5172206658046936,0.2404175460948399,0.12020877304741995
P04_L100,2,row_linked_max_fms,8633,2,-0.3037,0.19629999999999997,-0.09616592476552155,0.38745949070245006,0.19372974535122503
P04_L100,2,row_linked_max_fms,8633,3,-0.2578,0.24220000000000003,0.4711080429130088,0.3798917827567784,0.1899458913783892
P04_L100,2,row_linked_max_fms,8633,4,-0.212,0.28800000000000003,0.20361962786026222,0.2544208981586979,0.12721044907934895
P04_L100,2,row_linked_max_fms,8633,5,-0.1662,0.3338,-0.35367359263878323,0.17018779902331893,0.08509389951165947
P04_L100,2,row_linked_max_fms,8633,6,-0.1146,0.3854,0.23559567594167927,0.20656674977293887,0.10328337488646944
P04_L100,2,row_linked_max_fms,8633,7,-0.0688,0.4312,0.2618290040528376,0.3137504387836946,0.1568752193918473
P04_L100,2,row_linked_max_fms,8633,8,-0.0229,0.4771,-0.11040112062017529,0.3211369374352196,0.1605684687176098
P04_L100,2,row_linked_max_fms,8633,9,0.0229,0.5229,-0.4072855912079316,0.28556245877362474,0.14278122938681237
P04_L100,2,row_linked_max_fms,8633,10,0.0745,0.5745,0.20011172742934683,0.18404982932127548,0.09202491466063774
P04_L100,2,row_linked_max_fms,8633,11,0.1203,0.6203,-0.10991942311335297,0.26024250421101847,0.13012125210550923
P04_L100,2,row_linked_max_fms,8633,12,0.1662,0.6662,-0.12780160097494953,0.1412740198999798,0.0706370099499899
P04_L100,2,row_linked_max_fms,8633,13,0.212,0.712,-0.11139079898181731,0.27721992233674697,0.13860996116837349
P04_L100,2,row_linked_max_fms,8633,14,0.2636,0.7636000000000001,0.21969829252990625,0.2402665161858757,0.12013325809293784
P04_L100,2,row_linked_max_fms,8633,15,0.3094,0.8094,0.09925342925012172,0.4461016346748976,0.2230508173374488
P04_L100,2,row_linked_max_fms,8633,16,0.3552,0.8552,0.02420827176016792,0.47683060177802883,0.23841530088901441
P04_L100,2,row_linked_max_fms,8633,17,0.4011,0.9011,-0.29046778687798575,0.35466778724227344,0.17733389362113672
P04_L100,2,row_linked_max_fms,8633,18,0.4526,0.9526,0.2041772295065804,0.3156410644727384,0.1578205322363692
P04_L100,2,row_linked_max_fms,8633,19,0.4985,0.9984999999999999,0.20126298480829943,0.24232804531793695,0.12116402265896847
P04_L100,2,source_plotting_index_rule,6770,0,-0.4011,0.09889999999999999,0.13874006034769262,0.2983611105893666,0.1491805552946833
P04_L100,2,source_plotting_index_rule,6770,1,-0.3552,0.14479999999999998,-0.6468781966895787,0.3522598087003275,0.17612990435016376
P04_L100,2,source_plotting_index_rule,6770,2,-0.3037,0.19629999999999997,-0.0696841361674097,0.3715307283348445,0.18576536416742226
P04_L100,2,source_plotting_index_rule,6770,3,-0.2578,0.24220000000000003,0.5528142662524248,0.3541723461367555,0.17708617306837776
P04_L100,2,source_plotting_index_rule,6770,4,-0.212,0.28800000000000003,0.1302998905443991,0.3327368439607532,0.1663684219803766
P04_L100,2,source_plotting_index_rule,6770,5,-0.1662,0.3338,-0.3574049366766794,0.23364950283788766,0.11682475141894383
P04_L100,2,source_plotting_index_rule,6770,6,-0.1146,0.3854,0.32527525751231207,0.2951485246616332,0.1475742623308166
P04_L100,2,source_plotting_index_rule,6770,7,-0.0688,0.4312,0.14011437792233655,0.2299517807916529,0.11497589039582645
P04_L100,2,source_plotting_index_rule,6770,8,-0.0229,0.4771,-0.42539364965185567,0.3215417459445019,0.16077087297225096
P04_L100,2,source_plotting_index_rule,6770,9,0.0229,0.5229,-0.21658158144929135,0.239053153983327,0.1195265769916635
P04_L100,2,source_plotting_index_rule,6770,10,0.0745,0.5745,-0.022792361657710238,0.3486337703356351,0.17431688516781754
P04_L100,2,source_plotting_index_rule,6770,11,0.1203,0.6203,-0.03570542009227843,0.31663903239826446,0.15831951619913223
P04_L100,2,source_plotting_index_rule,6770,12,0.1662,0.6662,-0.08900506233228414,0.10887281248223983,0.054436406241119915
P04_L100,2,source_plotting_index_rule,6770,13,0.212,0.712,-0.03194234822686518,0.291518097773385,0.1457590488866925
P04_L100,2,source_plotting_index_rule,6770,14,0.2636,0.7636000000000001,0.13249444587303547,0.3093727353944859,0.15468636769724295
P04_L100,2,source_plotting_index_rule,6770,15,0.3094,0.8094,0.041804995783479154,0.48268507042567654,0.24134253521283827
P04_L100,2,source_plotting_index_rule,6770,16,0.3552,0.8552,-0.06478009385484101,0.6421784200944495,0.32108921004722474
P04_L100,2,source_plotting_index_rule,6770,17,0.4011,0.9011,-0.12547791381804302,0.4069706648399242,0.2034853324199621
P04_L100,2,source_plotting_index_rule,6770,18,0.4526,0.9526,0.029990860321556352,0.1960201853178131,0.09801009265890655
P04_L100,2,source_plotting_index_rule,6770,19,0.4985,0.9984999999999999,0.1715300646842899,0.18256521338236087,0.09128260669118043
P04_L200,1,row_linked_max_fms,48451,0,-0.4011,0.09889999999999999,0.3519159688298071,0.2468125932538985,0.12340629662694926
P04_L200,1,row_linked_max_fms,48451,1,-0.3552,0.14479999999999998,0.3268516229939259,0.35722222865982106,0.17861111432991053
P04_L200,1,row_linked_max_fms,48451,2,-0.3037,0.19629999999999997,-0.09890111178926585,0.26442237391042195,0.13221118695521097
P04_L200,1,row_linked_max_fms,48451,3,-0.2578,0.24220000000000003,-0.2868024992739832,0.26242939730140574,0.13121469865070287
P04_L200,1,row_linked_max_fms,48451,4,-0.212,0.28800000000000003,0.022240193372998693,0.2979720424799774,0.1489860212399887
P04_L200,1,row_linked_max_fms,48451,5,-0.1662,0.3338,0.03764621278940668,0.3116450375394197,0.15582251876970984
P04_L200,1,row_linked_max_fms,48451,6,-0.1146,0.3854,0.12988510693641045,0.191816564521441,0.0959082822607205
P04_L200,1,row_linked_max_fms,48451,7,-0.0688,0.4312,0.12294289887491305,0.34810314270722137,0.17405157135361068
P04_L200,1,row_linked_max_fms,48451,8,-0.0229,0.4771,0.316836087828851,0.24200975132010757,0.12100487566005379
P04_L200,1,row_linked_max_fms,48451,9,0.0229,0.5229,0.22615402138254187,0.2851043587848223,0.14255217939241116
P04_L200,1,row_linked_max_fms,48451,10,0.0745,0.5745,-0.24790789400435925,0.5089790206358037,0.25448951031790185
P04_L200,1,row_linked_max_fms,48451,11,0.1203,0.6203,-0.10450541400613665,0.2962269222416877,0.14811346112084384
P04_L200,1,row_linked_max_fms,48451,12,0.1662,0.6662,-0.23857223537441885,0.4320868337918085,0.21604341689590426
P04_L200,1,row_linked_max_fms,48451,13,0.212,0.712,-0.12319016435579057,0.21634567195493787,0.10817283597746893
P04_L200,1,row_linked_max_fms,48451,14,0.2636,0.7636000000000001,0.16800813763142713,0.35618349597711774,0.17809174798855887
P04_L200,1,row_linked_max_fms,48451,15,0.3094,0.8094,0.008539834891340064,0.24917698038603844,0.12458849019301922
P04_L200,1,row_linked_max_fms,48451,16,0.3552,0.8552,0.2083566840025176,0.23430752225640739,0.11715376112820369
P04_L200,1,row_linked_max_fms,48451,17,0.4011,0.9011,-0.14542824244287825,0.25015686933456793,0.12507843466728397
P04_L200,1,row_linked_max_fms,48451,18,0.4526,0.9526,-0.12382844368950423,0.4701920596889866,0.2350960298444933
P04_L200,1,row_linked_max_fms,48451,19,0.4985,0.9984999999999999,-0.1582151339448393,0.36468136348121605,0.18234068174060802
P04_L200,1,source_plotting_index_rule,20323,0,-0.4011,0.09889999999999999,0.41137351597287874,0.1992642480332516,0.0996321240166258
P04_L200,1,source_plotting_index_rule,20323,1,-0.3552,0.14479999999999998,0.3713231725480381,0.38516268516665636,0.19258134258332818
P04_L200,1,source_plotting_index_rule,20323,2,-0.3037,0.19629999999999997,-0.062146731786897266,0.22080391804017935,0.11040195902008967
P04_L200,1,source_plotting_index_rule,20323,3,-0.2578,0.24220000000000003,-0.1184077338676962,0.24086540005618845,0.12043270002809423
P04_L200,1,source_plotting_index_rule,20323,4,-0.212,0.28800000000000003,0.18680333466839777,0.3550987753470664,0.1775493876735332
P04_L200,1,source_plotting_index_rule,20323,5,-0.1662,0.3338,0.12077160561126578,0.2272411883139193,0.11362059415695965
P04_L200,1,source_plotting_index_rule,20323,6,-0.1146,0.3854,0.047923875864594755,0.22992987602200637,0.11496493801100319
P04_L200,1,source_plotting_index_rule,20323,7,-0.0688,0.4312,0.28800290855650224,0.34253787234112776,0.17126893617056388
P04_L200,1,source_plotting_index_rule,20323,8,-0.0229,0.4771,0.13456003889218698,0.26782721052312164,0.13391360526156082
P04_L200,1,source_plotting_index_rule,20323,9,0.0229,0.5229,0.08379677209177688,0.15613240316247917,0.07806620158123959
P04_L200,1,source_plotting_index_rule,20323,10,0.0745,0.5745,-0.4604636642979368,0.23423162748751228,0.11711581374375614
P04_L200,1,source_plotting_index_rule,20323,11,0.1203,0.6203,-0.08183234666953235,0.3742166634711813,0.18710833173559066
P04_L200,1,source_plotting_index_rule,20323,12,0.1662,0.6662,-0.1947799438828163,0.38688110921014385,0.19344055460507192
P04_L200,1,source_plotting_index_rule,20323,13,0.212,0.712,-0.17432604476280025,0.2260284839693618,0.1130142419846809
P04_L200,1,source_plotting_index_rule,20323,14,0.2636,0.7636000000000001,0.16800813763142713,0.35618349597711774,0.17809174798855887
P04_L200,1,source_plotting_index_rule,20323,15,0.3094,0.8094,0.058292202032051224,0.23610397337561384,0.11805198668780692
P04_L200,1,source_plotting_index_rule,20323,16,0.3552,0.8552,0.29286979074357145,0.3598308681180224,0.1799154340590112
P04_L200,1,source_plotting_index_rule,20323,17,0.4011,0.9011,0.009496080385876076,0.2508824801627817,0.12544124008139085
P04_L200,1,source_plotting_index_rule,20323,18,0.4526,0.9526,-0.13998383234228415,0.36899861885048285,0.18449930942524143
P04_L200,1,source_plotting_index_rule,20323,19,0.4985,0.9984999999999999,-0.19994194559152564,0.2646234560772461,0.13231172803862304
P04_L200,2,row_linked_max_fms,14284,0,-0.4011,0.09889999999999999,0.5135522581534908,0.299974004071733,0.1499870020358665
P04_L200,2,row_linked_max_fms,14284,1,-0.3552,0.14479999999999998,0.5086190542365624,0.344346119401252,0.172173059700626
P04_L200,2,row_linked_max_fms,14284,2,-0.3037,0.19629999999999997,-0.03109530984923811,0.28957439880719554,0.14478719940359777
P04_L200,2,row_linked_max_fms,14284,3,-0.2578,0.24220000000000003,-0.1731860358239441,0.3012284114656954,0.1506142057328477
P04_L200,2,row_linked_max_fms,14284,4,-0.212,0.28800000000000003,-0.0872807709951974,0.3384384640793463,0.16921923203967315
P04_L200,2,row_linked_max_fms,14284,5,-0.1662,0.3338,0.07487769516491097,0.17398131240447146,0.08699065620223573
P04_L200,2,row_linked_max_fms,14284,6,-0.1146,0.3854,0.20570513072661845,0.30567890754523813,0.15283945377261907
P04_L200,2,row_linked_max_fms,14284,7,-0.0688,0.4312,0.3110170087402495,0.19589281750444734,0.09794640875222367
P04_L200,2,row_linked_max_fms,14284,8,-0.0229,0.4771,0.12279597349997075,0.26000782211017415,0.13000391105508707
P04_L200,2,row_linked_max_fms,14284,9,0.0229,0.5229,0.049562661951093746,0.14995923519809065,0.07497961759904533
P04_L200,2,row_linked_max_fms,14284,10,0.0745,0.5745,-0.39288120879955213,0.2969716522664911,0.14848582613324554
P04_L200,2,row_linked_max_fms,14284,11,0.1203,0.6203,0.014808777118395636,0.34633020581541657,0.17316510290770828
P04_L200,2,row_linked_max_fms,14284,12,0.1662,0.6662,-0.0005465446307324327,0.3208574168464702,0.1604287084232351
P04_L200,2,row_linked_max_fms,14284,13,0.212,0.712,-0.1557430538029258,0.2822237808080995,0.14111189040404976
P04_L200,2,row_linked_max_fms,14284,14,0.2636,0.7636000000000001,-0.044581713228888015,0.32537065399588977,0.16268532699794488
P04_L200,2,row_linked_max_fms,14284,15,0.3094,0.8094,-0.008416151513417998,0.23780782366472739,0.11890391183236369
P04_L200,2,row_linked_max_fms,14284,16,0.3552,0.8552,0.33756557145379384,0.315617495214867,0.1578087476074335
P04_L200,2,row_linked_max_fms,14284,17,0.4011,0.9011,0.05006487188923203,0.27928347306170515,0.13964173653085257
P04_L200,2,row_linked_max_fms,14284,18,0.4526,0.9526,-0.21441435668402975,0.32048765791354833,0.16024382895677416
P04_L200,2,row_linked_max_fms,14284,19,0.4985,0.9984999999999999,-0.20088393950044273,0.3447170894295456,0.1723585447147728
P04_L200,2,source_plotting_index_rule,24248,0,-0.4011,0.09889999999999999,0.43441000905178384,0.3368264810134267,0.16841324050671336
P04_L200,2,source_plotting_index_rule,24248,1,-0.3552,0.14479999999999998,0.3924668526861758,0.3398614130717534,0.1699307065358767
P04_L200,2,source_plotting_index_rule,24248,2,-0.3037,0.19629999999999997,-0.09890111178926585,0.26442237391042195,0.13221118695521097
P04_L200,2,source_plotting_index_rule,24248,3,-0.2578,0.24220000000000003,-0.2251397882804835,0.30935877002066237,0.15467938501033118
P04_L200,2,source_plotting_index_rule,24248,4,-0.212,0.28800000000000003,0.2557815883995505,0.2562310303389626,0.1281155151694813
P04_L200,2,source_plotting_index_rule,24248,5,-0.1662,0.3338,0.07094666332248782,0.18435246025898486,0.09217623012949243
P04_L200,2,source_plotting_index_rule,24248,6,-0.1146,0.3854,0.05746097499267301,0.22760128012354833,0.11380064006177416
P04_L200,2,source_plotting_index_rule,24248,7,-0.0688,0.4312,0.33939371077402297,0.33249114508430383,0.16624557254215191
P04_L200,2,source_plotting_index_rule,24248,8,-0.0229,0.4771,0.300675089847341,0.21023844627970173,0.10511922313985086
P04_L200,2,source_plotting_index_rule,24248,9,0.0229,0.5229,0.06836607063647655,0.17011744243780988,0.08505872121890494
P04_L200,2,source_plotting_index_rule,24248,10,0.0745,0.5745,-0.5820786324279039,0.42022068655565287,0.21011034327782643
P04_L200,2,source_plotting_index_rule,24248,11,0.1203,0.6203,-0.04418438904864032,0.284950704273265,0.1424753521366325
P04_L200,2,source_plotting_index_rule,24248,12,0.1662,0.6662,-0.09928543945483519,0.34395099739590823,0.17197549869795412
P04_L200,2,source_plotting_index_rule,24248,13,0.212,0.712,-0.30185281858315127,0.25763344587685827,0.12881672293842913
P04_L200,2,source_plotting_index_rule,24248,14,0.2636,0.7636000000000001,0.04956755445575387,0.4080081941316159,0.20400409706580794
P04_L200,2,source_plotting_index_rule,24248,15,0.3094,0.8094,0.10403715194503298,0.20131150707739517,0.10065575353869759
P04_L200,2,source_plotting_index_rule,24248,16,0.3552,0.8552,0.25133161417306865,0.3426966671190905,0.17134833355954526
P04_L200,2,source_plotting_index_rule,24248,17,0.4011,0.9011,-0.01085458310499154,0.24362565219024335,0.12181282609512167
P04_L200,2,source_plotting_index_rule,24248,18,0.4526,0.9526,0.017979668966544453,0.27648901110802127,0.13824450555401063
P04_L200,2,source_plotting_index_rule,24248,19,0.4985,0.9984999999999999,-0.20624862974976194,0.3768628232755617,0.18843141163778085
