condition_id,participant_id,experiment,staircase_id,probe_position_deg,distance_from_flanker_edge_deg,detected_reversals,threshold_last_five,included_for_baseline_candidate
P01_L010,P01,base,P01_L010_BASE_T000_A01,-0.3209,0.17909999999999998,10,0.018847271224639153,True
P01_L010,P01,base,P01_L010_BASE_T000_A02,-0.424,0.07600000000000001,10,0.022608330027154743,True
P01_L010,P01,base,P01_L010_BASE_T000_A03,-0.1089,0.3911,10,0.023780908218862473,True
P01_L010,P01,base,P01_L010_BASE_T000_A04,0.1089,0.6089,11,0.03025784863758182,True
P01_L010,P01,base,P01_L010_BASE_T000_A05,0.0,0.5,10,0.02653251966814406,True
P01_L010,P01,base,P01_L010_BASE_T000_A06,-0.212,0.28800000000000003,10,0.023780908218862473,True
P01_L010,P01,base,P01_L010_BASE_T001_A01,0.3209,0.8209,11,0.02451139674906054,True
P01_L010,P01,base,P01_L010_BASE_T001_A02,0.3724,0.8724000000000001,10,0.023780908218862473,True
P01_L010,P01,base,P01_L010_BASE_T001_A03,0.2693,0.7693,10,0.018593823668790428,True
P01_L010,P01,base,P01_L010_BASE_T001_A04,-0.4011,0.09889999999999999,10,0.04510951628773357,True
P01_L010,P01,base,P01_L010_BASE_T002_A01,0.3724,0.8724000000000001,10,0.022608330027154743,True
P01_L010,P01,base,P01_L010_BASE_T002_A02,-0.4011,0.09889999999999999,10,0.0431765753958481,False
P01_L010,P01,base,P01_L010_BASE_T002_A03,0.3209,0.8209,10,0.05293936207118498,True
P01_L010,P01,base,P01_L010_BASE_T002_A04,0.2693,0.7693,10,0.013297745004192122,True
P01_L010,P01,base,P01_L010_BASE_T003_A01,0.3724,0.8724000000000001,10,0.018504258577655176,True
P01_L010,P01,base,P01_L010_BASE_T003_A02,-0.4011,0.09889999999999999,10,0.03831347158449156,True
P01_L010,P01,base,P01_L010_BASE_T003_A03,0.3209,0.8209,10,0.04182072262791025,False
P01_L010,P01,base,P01_L010_BASE_T003_A04,0.2693,0.7693,11,0.012411986877337966,True
P01_L010,P01,base,P01_L010_BASE_T004_A01,0.2693,0.7693,10,0.014989980911601275,True
P01_L010,P01,base,P01_L010_BASE_T004_A02,0.3724,0.8724000000000001,10,0.027215782236997273,True
P01_L010,P01,base,P01_L010_BASE_T004_A03,-0.4011,0.09889999999999999,10,0.042390768332591915,True
P01_L010,P01,base,P01_L010_BASE_T004_A04,0.3209,0.8209,11,0.01785999401600929,True
P01_L010,P01,base,P01_L010_BASE_T005_A01,-0.3724,0.1276,10,0.045109512231349645,True
P01_L010,P01,base,P01_L010_BASE_T005_A02,0.0516,0.5516,10,0.02060527814453922,True
P01_L010,P01,base,P01_L010_BASE_T005_A03,-0.0516,0.4484,10,0.04817240009447378,True
P01_L010,P01,base,P01_L010_BASE_T005_A04,0.1604,0.6604,11,0.014960928689778752,True
P01_L010,P01,base,P01_L010_BASE_T005_A05,-0.1604,0.3396,10,0.04195637736188175,True
P01_L010,P01,base,P01_L010_BASE_T005_A06,-0.2693,0.23070000000000002,10,0.033252016814495224,True
P01_L010,P01,base,P01_L010_BASE_T006_A01,-0.3724,0.1276,10,0.030257849198571524,True
P01_L010,P01,base,P01_L010_BASE_T006_A02,0.0516,0.5516,10,0.012642083346986008,True
P01_L010,P01,base,P01_L010_BASE_T006_A03,-0.0516,0.4484,10,0.045109512231349645,True
P01_L010,P01,base,P01_L010_BASE_T006_A04,0.1604,0.6604,11,0.01691954062631799,True
P01_L010,P01,base,P01_L010_BASE_T006_A05,-0.1604,0.3396,11,0.027533297988140408,True
P01_L010,P01,base,P01_L010_BASE_T006_A06,-0.2693,0.23070000000000002,10,0.04744911674087757,True
P01_L010,P01,base,P01_L010_BASE_T007_A01,0.1604,0.6604,10,0.013592162342685414,True
P01_L010,P01,base,P01_L010_BASE_T007_A02,-0.1604,0.3396,11,0.024677900903352232,True
P01_L010,P01,base,P01_L010_BASE_T007_A03,0.0516,0.5516,10,0.018847271224639153,True
P01_L010,P01,base,P01_L010_BASE_T007_A04,-0.0516,0.4484,10,0.035750994512877866,True
P01_L010,P01,base,P01_L010_BASE_T007_A05,-0.2693,0.23070000000000002,10,0.029803565707967203,True
P01_L010,P01,base,P01_L010_BASE_T007_A06,-0.3724,0.1276,10,0.04744911674087757,True
P01_L010,P01,base,P01_L010_BASE_T008_A01,-0.1604,0.3396,10,0.03709947262440682,True
P01_L010,P01,base,P01_L010_BASE_T008_A02,0.1604,0.6604,10,0.021027991887835565,True
P01_L010,P01,base,P01_L010_BASE_T008_A03,-0.0516,0.4484,11,0.03025784863758182,True
P01_L010,P01,base,P01_L010_BASE_T008_A04,0.0516,0.5516,10,0.016665513697522658,True
P01_L010,P01,base,P01_L010_BASE_T008_A05,-0.3724,0.1276,10,0.028334009508238552,True
P01_L010,P01,base,P01_L010_BASE_T008_A06,-0.2693,0.23070000000000002,10,0.03325205739999529,True
P01_L010,P01,base,P01_L010_BASE_T009_A01,0.0,0.5,10,0.017917960745638235,True
P01_L010,P01,base,P01_L010_BASE_T009_A02,-0.3209,0.17909999999999998,10,0.018847271224639153,True
P01_L010,P01,base,P01_L010_BASE_T009_A03,-0.212,0.28800000000000003,10,0.01715017332507051,True
P01_L010,P01,base,P01_L010_BASE_T009_A04,-0.1089,0.3911,10,0.018847271224639153,True
P01_L010,P01,base,P01_L010_BASE_T009_A05,0.1089,0.6089,10,0.04744913549436037,True
P01_L010,P01,base,P01_L010_BASE_T009_A06,-0.424,0.07600000000000001,10,0.013592162342685414,True
P01_L010,P01,base,P01_L010_BASE_T010_A01,0.0,0.5,10,0.021028030169661753,True
P01_L010,P01,base,P01_L010_BASE_T010_A02,-0.424,0.07600000000000001,11,0.013915139122738562,True
P01_L010,P01,base,P01_L010_BASE_T010_A03,-0.3209,0.17909999999999998,10,0.01715017332507051,True
P01_L010,P01,base,P01_L010_BASE_T010_A04,-0.1089,0.3911,10,0.012018731370471556,True
P01_L010,P01,base,P01_L010_BASE_T010_A05,0.1089,0.6089,10,0.04744911674087757,True
P01_L010,P01,base,P01_L010_BASE_T010_A06,-0.212,0.28800000000000003,10,0.019134571633085542,True
P01_L010,P01,base,P01_L010_BASE_T011_A01,-0.212,0.28800000000000003,10,0.023780908218862473,True
P01_L010,P01,base,P01_L010_BASE_T011_A02,0.1089,0.6089,10,0.04744911674087757,True
P01_L010,P01,base,P01_L010_BASE_T011_A03,-0.1089,0.3911,10,0.014937176526394149,True
P01_L010,P01,base,P01_L010_BASE_T011_A04,-0.3209,0.17909999999999998,10,0.021028011028749086,True
P01_L010,P01,base,P01_L010_BASE_T011_A05,-0.424,0.07600000000000001,10,0.02215381720840309,True
P01_L010,P01,base,P01_L010_BASE_T011_A06,0.0,0.5,10,0.02693693568930292,True
P01_L010,P01,flanker,P01_L010_FLANKER_T000_A01,0.0,0.5,10,0.021027991887835565,True
P01_L010,P01,flanker,P01_L010_FLANKER_T000_A02,-0.424,0.07600000000000001,11,0.022952933048361455,True
P01_L010,P01,flanker,P01_L010_FLANKER_T000_A03,0.1089,0.6089,10,0.03182717477188986,True
P01_L010,P01,flanker,P01_L010_FLANKER_T000_A04,-0.1089,0.3911,10,0.023780908218862473,True
P01_L010,P01,flanker,P01_L010_FLANKER_T000_A05,-0.212,0.28800000000000003,10,0.023780908218862473,True
P01_L010,P01,flanker,P01_L010_FLANKER_T000_A06,-0.3209,0.17909999999999998,10,0.013297745004192122,True
P01_L010,P01,flanker,P01_L010_FLANKER_T001_A01,0.3209,0.8209,10,0.04744911674087757,True
P01_L010,P01,flanker,P01_L010_FLANKER_T001_A02,-0.4011,0.09889999999999999,11,0.0337588920691308,True
P01_L010,P01,flanker,P01_L010_FLANKER_T001_A03,0.2693,0.7693,11,0.01741160272931841,True
P01_L010,P01,flanker,P01_L010_FLANKER_T001_A04,0.3724,0.8724000000000001,11,0.01379935121012909,True
P01_L010,P01,flanker,P01_L010_FLANKER_T002_A01,0.2693,0.7693,10,0.01999119000550058,True
P01_L010,P01,flanker,P01_L010_FLANKER_T002_A02,0.3724,0.8724000000000001,10,0.026532500914661084,True
P01_L010,P01,flanker,P01_L010_FLANKER_T002_A03,-0.4011,0.09889999999999999,11,0.032804824806437365,True
P01_L010,P01,flanker,P01_L010_FLANKER_T002_A04,0.3209,0.8209,10,0.04744911674087757,True
P01_L010,P01,flanker,P01_L010_FLANKER_T003_A01,-0.4011,0.09889999999999999,10,0.046659616851584144,True
P01_L010,P01,flanker,P01_L010_FLANKER_T003_A02,0.3209,0.8209,10,0.04303695186188735,True
P01_L010,P01,flanker,P01_L010_FLANKER_T003_A03,0.2693,0.7693,10,0.013754701617284364,True
P01_L010,P01,flanker,P01_L010_FLANKER_T003_A04,0.3724,0.8724000000000001,10,0.023034124021387232,True
P01_L010,P01,flanker,P01_L010_FLANKER_T004_A01,-0.4011,0.09889999999999999,10,0.05276808998683198,True
P01_L010,P01,flanker,P01_L010_FLANKER_T004_A02,0.3724,0.8724000000000001,10,0.021245729354590008,True
P01_L010,P01,flanker,P01_L010_FLANKER_T004_A03,0.2693,0.7693,10,0.010737451675686932,True
P01_L010,P01,flanker,P01_L010_FLANKER_T004_A04,0.3209,0.8209,10,0.04867111405838559,True
P01_L010,P01,flanker,P01_L010_FLANKER_T005_A01,-0.0516,0.4484,10,0.033252016814495224,True
P01_L010,P01,flanker,P01_L010_FLANKER_T005_A02,0.0516,0.5516,10,0.018847271224639153,True
P01_L010,P01,flanker,P01_L010_FLANKER_T005_A03,-0.2693,0.23070000000000002,10,0.02980356302794058,True
P01_L010,P01,flanker,P01_L010_FLANKER_T005_A04,-0.1604,0.3396,10,0.04744911674087757,True
P01_L010,P01,flanker,P01_L010_FLANKER_T005_A05,0.1604,0.6604,10,0.026532538421626936,True
P01_L010,P01,flanker,P01_L010_FLANKER_T005_A06,-0.3724,0.1276,10,0.045797161027519684,True
P01_L010,P01,flanker,P01_L010_FLANKER_T006_A01,-0.1604,0.3396,10,0.04744911674087757,True
P01_L010,P01,flanker,P01_L010_FLANKER_T006_A02,0.1604,0.6604,10,0.014417124417538753,True
P01_L010,P01,flanker,P01_L010_FLANKER_T006_A03,-0.3724,0.1276,10,0.03575099129804049,False
P01_L010,P01,flanker,P01_L010_FLANKER_T006_A04,-0.2693,0.23070000000000002,10,0.03253180721952658,True
P01_L010,P01,flanker,P01_L010_FLANKER_T006_A05,0.0516,0.5516,11,0.01379935121012909,True
P01_L010,P01,flanker,P01_L010_FLANKER_T006_A06,-0.0516,0.4484,10,0.04744911674087757,True
P01_L010,P01,flanker,P01_L010_FLANKER_T007_A01,0.0516,0.5516,10,0.016665484373375825,True
P01_L010,P01,flanker,P01_L010_FLANKER_T007_A02,-0.0516,0.4484,10,0.03575099129804049,True
P01_L010,P01,flanker,P01_L010_FLANKER_T007_A03,0.1604,0.6604,10,0.016665513697522658,True
P01_L010,P01,flanker,P01_L010_FLANKER_T007_A04,-0.1604,0.3396,10,0.03817842828049972,True
P01_L010,P01,flanker,P01_L010_FLANKER_T007_A05,-0.2693,0.23070000000000002,10,0.026936968513419663,True
P01_L010,P01,flanker,P01_L010_FLANKER_T007_A06,-0.3724,0.1276,10,0.03575099129804049,True
P01_L010,P01,flanker,P01_L010_FLANKER_T008_A01,-0.1604,0.3396,11,0.028961314049551802,True
P01_L010,P01,flanker,P01_L010_FLANKER_T008_A02,0.1604,0.6604,10,0.020745244306908644,True
P01_L010,P01,flanker,P01_L010_FLANKER_T008_A03,-0.0516,0.4484,10,0.04744911674087757,True
P01_L010,P01,flanker,P01_L010_FLANKER_T008_A04,0.0516,0.5516,10,0.015164868985651213,True
P01_L010,P01,flanker,P01_L010_FLANKER_T008_A05,-0.3724,0.1276,10,0.059064715786262996,True
P01_L010,P01,flanker,P01_L010_FLANKER_T008_A06,-0.2693,0.23070000000000002,10,0.0241433865563906,True
P01_L010,P01,flanker,P01_L010_FLANKER_T009_A01,-0.424,0.07600000000000001,11,0.01755774676104157,True
P01_L010,P01,flanker,P01_L010_FLANKER_T009_A02,-0.1089,0.3911,10,0.021639562713610398,True
P01_L010,P01,flanker,P01_L010_FLANKER_T009_A03,0.1089,0.6089,10,0.039887626292640414,True
P01_L010,P01,flanker,P01_L010_FLANKER_T009_A04,-0.3209,0.17909999999999998,10,0.017797072851063533,True
P01_L010,P01,flanker,P01_L010_FLANKER_T009_A05,0.0,0.5,10,0.023780908218862473,True
P01_L010,P01,flanker,P01_L010_FLANKER_T009_A06,-0.212,0.28800000000000003,10,0.017150173578604672,True
P01_L010,P01,flanker,P01_L010_FLANKER_T010_A01,0.0,0.5,10,0.021028030169661753,True
P01_L010,P01,flanker,P01_L010_FLANKER_T010_A02,-0.1089,0.3911,10,0.023780908218862473,True
P01_L010,P01,flanker,P01_L010_FLANKER_T010_A03,0.1089,0.6089,11,0.03025784863758182,True
P01_L010,P01,flanker,P01_L010_FLANKER_T010_A04,-0.3209,0.17909999999999998,10,0.02346106529248967,True
P01_L010,P01,flanker,P01_L010_FLANKER_T010_A05,-0.212,0.28800000000000003,10,0.024143408546343396,True
P01_L010,P01,flanker,P01_L010_FLANKER_T010_A06,-0.424,0.07600000000000001,10,0.026532500914661084,True
P01_L010,P01,flanker,P01_L010_FLANKER_T011_A01,0.1089,0.6089,10,0.03760522491215641,True
P01_L010,P01,flanker,P01_L010_FLANKER_T011_A02,-0.1089,0.3911,11,0.0169195217722421,True
P01_L010,P01,flanker,P01_L010_FLANKER_T011_A03,0.0,0.5,10,0.02653247531395564,True
P01_L010,P01,flanker,P01_L010_FLANKER_T011_A04,-0.424,0.07600000000000001,10,0.022952924530429464,True
P01_L010,P01,flanker,P01_L010_FLANKER_T011_A05,-0.212,0.28800000000000003,10,0.02653251966814406,True
P01_L010,P01,flanker,P01_L010_FLANKER_T011_A06,-0.3209,0.17909999999999998,11,0.015605891054484278,True
P01_L020,P01,base,P01_L020_BASE_T000_A01,0.2464,0.7464,10,0.0572497130113388,True
P01_L020,P01,base,P01_L020_BASE_T000_A02,-0.1547,0.3453,10,0.02849922365369299,True
P01_L020,P01,base,P01_L020_BASE_T000_A03,0.0458,0.5458,10,0.056326973292493636,True
P01_L020,P01,base,P01_L020_BASE_T000_A04,-0.3552,0.14479999999999998,10,0.02849922365369299,True
P01_L020,P01,base,P01_L020_BASE_T001_A01,-0.3552,0.14479999999999998,10,0.030587329329540287,True
P01_L020,P01,base,P01_L020_BASE_T001_A02,0.0458,0.5458,11,0.0166098535522219,True
P01_L020,P01,base,P01_L020_BASE_T001_A03,-0.1547,0.3453,10,0.022315006318209058,True
P01_L020,P01,base,P01_L020_BASE_T001_A04,0.2464,0.7464,10,0.05724969046807253,True
P01_L020,P01,base,P01_L020_BASE_T002_A01,-0.2865,0.21350000000000002,10,0.024990391008287025,True
P01_L020,P01,base,P01_L020_BASE_T002_A02,0.3151,0.8150999999999999,11,0.014831650739024078,False
P01_L020,P01,base,P01_L020_BASE_T002_A03,0.1146,0.6146,10,0.014564812854155567,True
P01_L020,P01,base,P01_L020_BASE_T002_A04,-0.0859,0.4141,10,0.06528796451225195,True
P01_L020,P01,base,P01_L020_BASE_T003_A01,-0.2865,0.21350000000000002,10,0.019252229240803637,True
P01_L020,P01,base,P01_L020_BASE_T003_A02,0.1146,0.6146,10,0.023328860262498197,True
P01_L020,P01,base,P01_L020_BASE_T003_A03,-0.0859,0.4141,10,0.04410430986956804,False
P01_L020,P01,base,P01_L020_BASE_T003_A04,0.3151,0.8150999999999999,10,0.025448199720327944,True
P01_L020,P01,base,P01_L020_BASE_T004_A01,-0.2865,0.21350000000000002,10,0.016881901493797036,True
P01_L020,P01,base,P01_L020_BASE_T004_A02,0.1146,0.6146,10,0.023949968530552472,True
P01_L020,P01,base,P01_L020_BASE_T004_A03,-0.0859,0.4141,10,0.0572497130113388,True
P01_L020,P01,base,P01_L020_BASE_T004_A04,0.3151,0.8150999999999999,10,0.032500761227298884,True
P01_L020,P01,base,P01_L020_BASE_T005_A01,-0.0172,0.4828,10,0.023140116229879486,True
P01_L020,P01,base,P01_L020_BASE_T005_A02,0.1776,0.6776,10,0.01890588496617864,True
P01_L020,P01,base,P01_L020_BASE_T005_A03,-0.4183,0.0817,10,0.049392056574159064,True
P01_L020,P01,base,P01_L020_BASE_T005_A04,-0.2177,0.2823,10,0.029258056431992197,True
P01_L020,P01,base,P01_L020_BASE_T006_A01,-0.0172,0.4828,10,0.02682140604079284,True
P01_L020,P01,base,P01_L020_BASE_T006_A02,0.1776,0.6776,10,0.028499178532777735,True
P01_L020,P01,base,P01_L020_BASE_T006_A03,-0.4183,0.0817,10,0.049392056574159064,True
P01_L020,P01,base,P01_L020_BASE_T006_A04,-0.2177,0.2823,11,0.034533874074582034,True
P01_L020,P01,base,P01_L020_BASE_T007_A01,-0.3552,0.14479999999999998,10,0.021001262123511576,True
P01_L020,P01,base,P01_L020_BASE_T007_A02,0.0458,0.5458,10,0.030836780138880582,True
P01_L020,P01,base,P01_L020_BASE_T007_A03,-0.1547,0.3453,10,0.02849922365369299,True
P01_L020,P01,base,P01_L020_BASE_T007_A04,0.2464,0.7464,10,0.056327041462983646,True
P01_L020,P01,base,P01_L020_BASE_T008_A01,-0.0859,0.4141,10,0.06528798907885075,True
P01_L020,P01,base,P01_L020_BASE_T008_A02,0.3151,0.8150999999999999,10,0.017792845404390873,True
P01_L020,P01,base,P01_L020_BASE_T008_A03,0.1146,0.6146,10,0.018601222367837834,True
P01_L020,P01,base,P01_L020_BASE_T008_A04,-0.2865,0.21350000000000002,10,0.018601222367837834,True
P01_L020,P01,base,P01_L020_BASE_T009_A01,-0.0172,0.4828,10,0.014302810156686005,True
P01_L020,P01,base,P01_L020_BASE_T009_A02,0.1776,0.6776,10,0.021560435023405322,True
P01_L020,P01,base,P01_L020_BASE_T009_A03,-0.4183,0.0817,11,0.017972206055823867,True
P01_L020,P01,base,P01_L020_BASE_T009_A04,-0.2177,0.2823,11,0.025242336585488044,True
P01_L020,P01,base,P01_L020_BASE_T010_A01,-0.0172,0.4828,11,0.015759445130223926,True
P01_L020,P01,base,P01_L020_BASE_T010_A02,-0.4183,0.0817,10,0.05724969046807253,True
P01_L020,P01,base,P01_L020_BASE_T010_A03,0.1776,0.6776,10,0.017792845404390873,True
P01_L020,P01,base,P01_L020_BASE_T010_A04,-0.2177,0.2823,11,0.05248185033270821,True
P01_L020,P01,base,P01_L020_BASE_T011_A01,0.2464,0.7464,10,0.05829851812996668,True
P01_L020,P01,base,P01_L020_BASE_T011_A02,-0.1547,0.3453,10,0.024990391008287025,True
P01_L020,P01,base,P01_L020_BASE_T011_A03,-0.3552,0.14479999999999998,10,0.02156041225740713,True
P01_L020,P01,base,P01_L020_BASE_T011_A04,0.0458,0.5458,10,0.035166494683071835,True
P01_L020,P01,flanker,P01_L020_FLANKER_T000_A01,-0.4183,0.0817,10,0.06528798907885075,True
P01_L020,P01,flanker,P01_L020_FLANKER_T000_A02,0.1776,0.6776,10,0.02156041225740713,True
P01_L020,P01,flanker,P01_L020_FLANKER_T000_A03,-0.2177,0.2823,11,0.05248187005164794,True
P01_L020,P01,flanker,P01_L020_FLANKER_T000_A04,-0.0172,0.4828,11,0.02290915409448139,True
P01_L020,P01,flanker,P01_L020_FLANKER_T001_A01,0.0458,0.5458,10,0.05112074688198476,True
P01_L020,P01,flanker,P01_L020_FLANKER_T001_A02,-0.3552,0.14479999999999998,11,0.026125764648927862,True
P01_L020,P01,flanker,P01_L020_FLANKER_T001_A03,0.2464,0.7464,10,0.0572497130113388,True
P01_L020,P01,flanker,P01_L020_FLANKER_T001_A04,-0.1547,0.3453,10,0.02458767434207567,True
P01_L020,P01,flanker,P01_L020_FLANKER_T002_A01,0.2464,0.7464,10,0.05724969046807253,True
P01_L020,P01,flanker,P01_L020_FLANKER_T002_A02,0.0458,0.5458,10,0.05724969046807253,True
P01_L020,P01,flanker,P01_L020_FLANKER_T002_A03,-0.1547,0.3453,10,0.025448199720327944,True
P01_L020,P01,flanker,P01_L020_FLANKER_T002_A04,-0.3552,0.14479999999999998,10,0.02849922365369299,True
P01_L020,P01,flanker,P01_L020_FLANKER_T003_A01,-0.2865,0.21350000000000002,10,0.01890588496617864,True
P01_L020,P01,flanker,P01_L020_FLANKER_T003_A02,0.1146,0.6146,11,0.019604937305468022,True
P01_L020,P01,flanker,P01_L020_FLANKER_T003_A03,-0.0859,0.4141,10,0.043310909111814844,True
P01_L020,P01,flanker,P01_L020_FLANKER_T003_A04,0.3151,0.8150999999999999,10,0.024990391008287025,True
P01_L020,P01,flanker,P01_L020_FLANKER_T004_A01,0.1146,0.6146,10,0.023519136526128866,True
P01_L020,P01,flanker,P01_L020_FLANKER_T004_A02,-0.2865,0.21350000000000002,10,0.016881882799634637,True
P01_L020,P01,flanker,P01_L020_FLANKER_T004_A03,0.3151,0.8150999999999999,10,0.023519136526128866,True
P01_L020,P01,flanker,P01_L020_FLANKER_T004_A04,-0.0859,0.4141,11,0.031147666916315972,True
P01_L020,P01,flanker,P01_L020_FLANKER_T005_A01,0.1146,0.6146,10,0.021001262123511576,True
P01_L020,P01,flanker,P01_L020_FLANKER_T005_A02,-0.2865,0.21350000000000002,10,0.024990391008287025,True
P01_L020,P01,flanker,P01_L020_FLANKER_T005_A03,-0.0859,0.4141,10,0.0572497130113388,True
P01_L020,P01,flanker,P01_L020_FLANKER_T005_A04,0.3151,0.8150999999999999,10,0.019252225898920314,True
P01_L020,P01,flanker,P01_L020_FLANKER_T006_A01,0.0458,0.5458,10,0.043310909111814844,True
P01_L020,P01,flanker,P01_L020_FLANKER_T006_A02,-0.1547,0.3453,10,0.01890588496617864,False
P01_L020,P01,flanker,P01_L020_FLANKER_T006_A03,0.2464,0.7464,10,0.03276585091249496,True
P01_L020,P01,flanker,P01_L020_FLANKER_T006_A04,-0.3552,0.14479999999999998,10,0.02849922365369299,True
P01_L020,P01,flanker,P01_L020_FLANKER_T007_A01,0.1776,0.6776,10,0.021560379391776602,True
P01_L020,P01,flanker,P01_L020_FLANKER_T007_A02,-0.0172,0.4828,10,0.013460740782986471,True
P01_L020,P01,flanker,P01_L020_FLANKER_T007_A03,-0.2177,0.2823,11,0.05248185033270821,True
P01_L020,P01,flanker,P01_L020_FLANKER_T007_A04,-0.4183,0.0817,10,0.0572497130113388,True
P01_L020,P01,flanker,P01_L020_FLANKER_T008_A01,0.3151,0.8150999999999999,10,0.025448225797079893,True
P01_L020,P01,flanker,P01_L020_FLANKER_T008_A02,0.1146,0.6146,10,0.024990391008287025,True
P01_L020,P01,flanker,P01_L020_FLANKER_T008_A03,-0.2865,0.21350000000000002,10,0.024990391008287025,True
P01_L020,P01,flanker,P01_L020_FLANKER_T008_A04,-0.0859,0.4141,10,0.053879237604912214,True
P01_L020,P01,flanker,P01_L020_FLANKER_T009_A01,0.0458,0.5458,10,0.03736637844745705,True
P01_L020,P01,flanker,P01_L020_FLANKER_T009_A02,-0.1547,0.3453,10,0.01890588496617864,True
P01_L020,P01,flanker,P01_L020_FLANKER_T009_A03,0.2464,0.7464,10,0.04410436215858273,True
P01_L020,P01,flanker,P01_L020_FLANKER_T009_A04,-0.3552,0.14479999999999998,10,0.02156041225740713,True
P01_L020,P01,flanker,P01_L020_FLANKER_T010_A01,-0.4183,0.0817,10,0.04939207955142769,True
P01_L020,P01,flanker,P01_L020_FLANKER_T010_A02,-0.2177,0.2823,11,0.03397735423644107,True
P01_L020,P01,flanker,P01_L020_FLANKER_T010_A03,-0.0172,0.4828,10,0.024990391008287025,True
P01_L020,P01,flanker,P01_L020_FLANKER_T010_A04,0.1776,0.6776,10,0.024990391008287025,True
P01_L020,P01,flanker,P01_L020_FLANKER_T011_A01,-0.2177,0.2823,11,0.03488192738020812,True
P01_L020,P01,flanker,P01_L020_FLANKER_T011_A02,-0.0172,0.4828,11,0.011404323193089004,True
P01_L020,P01,flanker,P01_L020_FLANKER_T011_A03,0.1776,0.6776,10,0.016881882799634637,True
P01_L020,P01,flanker,P01_L020_FLANKER_T011_A04,-0.4183,0.0817,10,0.049392046685797365,True
P01_L025,P01,base,P01_L025_BASE_T000_A01,0.2063,0.7063,10,0.027893752784624627,True
P01_L025,P01,base,P01_L025_BASE_T000_A02,-0.1662,0.3338,10,0.018354549652468386,True
P01_L025,P01,base,P01_L025_BASE_T000_A03,0.0172,0.5172,11,0.03724255455020111,True
P01_L025,P01,base,P01_L025_BASE_T000_A04,-0.3552,0.14479999999999998,10,0.04095728768694009,True
P01_L025,P01,base,P01_L025_BASE_T001_A01,0.1432,0.6432,10,0.031237980300391165,True
P01_L025,P01,base,P01_L025_BASE_T001_A02,-0.4183,0.0817,10,0.040957290381461786,True
P01_L025,P01,base,P01_L025_BASE_T001_A03,-0.2292,0.27080000000000004,10,0.031237980300391165,True
P01_L025,P01,base,P01_L025_BASE_T001_A04,-0.0401,0.4599,11,0.04170760371850498,True
P01_L025,P01,base,P01_L025_BASE_T002_A01,0.1432,0.6432,10,0.023251562207613454,True
P01_L025,P01,base,P01_L025_BASE_T002_A02,-0.2292,0.27080000000000004,10,0.031237980300391165,False
P01_L025,P01,base,P01_L025_BASE_T002_A03,-0.0401,0.4599,10,0.03562404292308104,True
P01_L025,P01,base,P01_L025_BASE_T002_A04,-0.4183,0.0817,10,0.05095129461410565,True
P01_L025,P01,base,P01_L025_BASE_T003_A01,-0.2292,0.27080000000000004,10,0.025363869302937103,True
P01_L025,P01,base,P01_L025_BASE_T003_A02,-0.0401,0.4599,10,0.040703334373530756,True
P01_L025,P01,base,P01_L025_BASE_T003_A03,0.1432,0.6432,10,0.03562404292308104,False
P01_L025,P01,base,P01_L025_BASE_T003_A04,-0.4183,0.0817,11,0.0484349935762517,True
P01_L025,P01,base,P01_L025_BASE_T004_A01,0.1432,0.6432,10,0.01820603925070538,True
P01_L025,P01,base,P01_L025_BASE_T004_A02,-0.4183,0.0817,10,0.07040883415105206,True
P01_L025,P01,base,P01_L025_BASE_T004_A03,-0.2292,0.27080000000000004,10,0.031237980300391165,True
P01_L025,P01,base,P01_L025_BASE_T004_A04,-0.0401,0.4599,11,0.0410355007093994,True
P01_L025,P01,base,P01_L025_BASE_T005_A01,-0.2005,0.2995,10,0.019753834672467108,True
P01_L025,P01,base,P01_L025_BASE_T005_A02,-0.4412,0.05880000000000002,10,0.02137410647556086,True
P01_L025,P01,base,P01_L025_BASE_T005_A03,-0.3896,0.1104,10,0.039042336841929946,True
P01_L025,P01,base,P01_L025_BASE_T005_A04,-0.3266,0.1734,10,0.030020360334291528,True
P01_L025,P01,base,P01_L025_BASE_T006_A01,-0.2005,0.2995,11,0.020651320664427045,True
P01_L025,P01,base,P01_L025_BASE_T006_A02,-0.3266,0.1734,10,0.02590000945313806,True
P01_L025,P01,base,P01_L025_BASE_T006_A03,-0.4412,0.05880000000000002,10,0.030020370596581067,True
P01_L025,P01,base,P01_L025_BASE_T006_A04,-0.3896,0.1104,10,0.05202835387755385,True
P01_L025,P01,base,P01_L025_BASE_T007_A01,-0.3896,0.1104,10,0.04525346860980796,True
P01_L025,P01,base,P01_L025_BASE_T007_A02,-0.2005,0.2995,10,0.022711192398576108,True
P01_L025,P01,base,P01_L025_BASE_T007_A03,-0.4412,0.05880000000000002,10,0.03368370273192378,True
P01_L025,P01,base,P01_L025_BASE_T007_A04,-0.3266,0.1734,10,0.03968187125943066,True
P01_L025,P01,base,P01_L025_BASE_T008_A01,-0.3266,0.1734,10,0.030020370596581067,True
P01_L025,P01,base,P01_L025_BASE_T008_A02,-0.4412,0.05880000000000002,10,0.030020370596581067,True
P01_L025,P01,base,P01_L025_BASE_T008_A03,-0.2005,0.2995,11,0.01749636674813249,True
P01_L025,P01,base,P01_L025_BASE_T008_A04,-0.3896,0.1104,10,0.05202835387755385,True
P01_L025,P01,base,P01_L025_BASE_T009_A01,-0.4813,0.018699999999999994,10,0.07287313638475028,True
P01_L025,P01,base,P01_L025_BASE_T009_A02,-0.1031,0.39690000000000003,11,0.020762306335892083,True
P01_L025,P01,base,P01_L025_BASE_T009_A03,0.0802,0.5802,11,0.032657218886300424,True
P01_L025,P01,base,P01_L025_BASE_T009_A04,-0.2922,0.20779999999999998,10,0.023632351494753484,True
P01_L025,P01,base,P01_L025_BASE_T010_A01,-0.1031,0.39690000000000003,10,0.04670801598566794,True
P01_L025,P01,base,P01_L025_BASE_T010_A02,-0.4813,0.018699999999999994,10,0.0715621397492295,True
P01_L025,P01,base,P01_L025_BASE_T010_A03,-0.2922,0.20779999999999998,10,0.027893752784624627,True
P01_L025,P01,base,P01_L025_BASE_T010_A04,0.0802,0.5802,11,0.047563707018085793,True
P01_L025,P01,base,P01_L025_BASE_T011_A01,-0.1031,0.39690000000000003,10,0.04670801598566794,True
P01_L025,P01,base,P01_L025_BASE_T011_A02,-0.2922,0.20779999999999998,11,0.01625695939381474,True
P01_L025,P01,base,P01_L025_BASE_T011_A03,0.0802,0.5802,10,0.05095129461410565,True
P01_L025,P01,base,P01_L025_BASE_T011_A04,-0.4813,0.018699999999999994,10,0.04670801598566794,True
P01_L025,P01,base,P01_L025_BASE_T012_A01,-0.1031,0.39690000000000003,10,0.03562404292308104,True
P01_L025,P01,base,P01_L025_BASE_T012_A02,-0.2922,0.20779999999999998,10,0.01820603925070538,True
P01_L025,P01,base,P01_L025_BASE_T012_A03,-0.4813,0.018699999999999994,11,0.027947008551093673,True
P01_L025,P01,base,P01_L025_BASE_T012_A04,0.0802,0.5802,10,0.054138642214829905,True
P01_L025,P01,base,P01_L025_BASE_T013_A01,0.0172,0.5172,10,0.029937498359291242,True
P01_L025,P01,base,P01_L025_BASE_T013_A02,0.2063,0.7063,10,0.023632351494753484,True
P01_L025,P01,base,P01_L025_BASE_T013_A03,-0.1662,0.3338,10,0.023632351494753484,True
P01_L025,P01,base,P01_L025_BASE_T013_A04,-0.3552,0.14479999999999998,11,0.03724257312255965,True
P01_L025,P01,base,P01_L025_BASE_T014_A01,0.0172,0.5172,11,0.03724255455020111,True
P01_L025,P01,base,P01_L025_BASE_T014_A02,-0.3552,0.14479999999999998,10,0.0715621397492295,True
P01_L025,P01,base,P01_L025_BASE_T014_A03,0.2063,0.7063,10,0.013885694844939069,True
P01_L025,P01,base,P01_L025_BASE_T014_A04,-0.1662,0.3338,10,0.02224102835317534,True
P01_L025,P01,base,P01_L025_BASE_T015_A01,-0.3552,0.14479999999999998,10,0.04834273232921146,True
P01_L025,P01,base,P01_L025_BASE_T015_A02,-0.1662,0.3338,10,0.0182060077943945,True
P01_L025,P01,base,P01_L025_BASE_T015_A03,0.0172,0.5172,10,0.054138586041077026,True
P01_L025,P01,base,P01_L025_BASE_T015_A04,0.2063,0.7063,11,0.021488932120784635,True
P01_L025,P01,flanker,P01_L025_FLANKER_T000_A01,0.0172,0.5172,11,0.018108725219174202,True
P01_L025,P01,flanker,P01_L025_FLANKER_T000_A02,-0.3552,0.14479999999999998,10,0.01704259685744779,True
P01_L025,P01,flanker,P01_L025_FLANKER_T000_A03,-0.2005,0.2995,10,0.045253489941388454,True
P01_L025,P01,flanker,P01_L025_FLANKER_T001_A01,-0.2922,0.20779999999999998,10,0.045253489941388454,True
P01_L025,P01,flanker,P01_L025_FLANKER_T001_A02,-0.4183,0.0817,10,0.05202835387755385,True
P01_L025,P01,flanker,P01_L025_FLANKER_T001_A03,-0.1031,0.39690000000000003,10,0.04040880612070142,True
P01_L025,P01,flanker,P01_L025_FLANKER_T001_A04,0.1432,0.6432,10,0.045253489941388454,True
P01_L025,P01,flanker,P01_L025_FLANKER_T002_A01,-0.4412,0.05880000000000002,10,0.04856908092817815,True
P01_L025,P01,flanker,P01_L025_FLANKER_T002_A02,-0.1662,0.3338,10,0.03221987680301228,True
P01_L025,P01,flanker,P01_L025_FLANKER_T002_A03,0.0802,0.5802,10,0.03281012987985066,True
P01_L025,P01,flanker,P01_L025_FLANKER_T002_A04,-0.3266,0.1734,10,0.027572696500802053,True
P01_L025,P01,flanker,P01_L025_FLANKER_T003_A01,-0.0401,0.4599,11,0.06253514839672471,True
P01_L025,P01,flanker,P01_L025_FLANKER_T003_A02,0.2063,0.7063,10,0.030020370596581067,True
P01_L025,P01,flanker,P01_L025_FLANKER_T003_A03,-0.2292,0.27080000000000004,10,0.04525346860980796,True
P01_L025,P01,flanker,P01_L025_FLANKER_T003_A04,-0.3896,0.1104,10,0.051607384249352566,True
P01_L025,P01,flanker,P01_L025_FLANKER_T004_A01,-0.2292,0.27080000000000004,10,0.03486258216554757,True
P01_L025,P01,flanker,P01_L025_FLANKER_T004_A02,0.2063,0.7063,10,0.039042336841929946,True
P01_L025,P01,flanker,P01_L025_FLANKER_T004_A03,-0.3896,0.1104,11,0.047309463328927555,True
P01_L025,P01,flanker,P01_L025_FLANKER_T004_A04,-0.0401,0.4599,10,0.05202835387755385,True
P01_L025,P01,flanker,P01_L025_FLANKER_T005_A01,0.1432,0.6432,10,0.03968187125943066,True
P01_L025,P01,flanker,P01_L025_FLANKER_T005_A02,-0.1031,0.39690000000000003,10,0.030322965650458448,True
P01_L025,P01,flanker,P01_L025_FLANKER_T005_A03,-0.2922,0.20779999999999998,10,0.045253489941388454,True
P01_L025,P01,flanker,P01_L025_FLANKER_T006_A01,-0.1662,0.3338,10,0.01975385600404768,True
P01_L025,P01,flanker,P01_L025_FLANKER_T006_A02,0.0802,0.5802,10,0.028024367130878497,False
P01_L025,P01,flanker,P01_L025_FLANKER_T006_A03,-0.3266,0.1734,10,0.035433663410947266,True
P01_L025,P01,flanker,P01_L025_FLANKER_T007_A01,-0.3552,0.14479999999999998,11,0.020651320664427045,True
P01_L025,P01,flanker,P01_L025_FLANKER_T007_A02,-0.2005,0.2995,10,0.03968187125943066,True
P01_L025,P01,flanker,P01_L025_FLANKER_T007_A03,0.0172,0.5172,10,0.01975385600404768,True
P01_L025,P01,flanker,P01_L025_FLANKER_T008_A01,0.0172,0.5172,10,0.025690455436886035,True
P01_L025,P01,flanker,P01_L025_FLANKER_T008_A02,-0.2005,0.2995,10,0.03968187125943066,True
P01_L025,P01,flanker,P01_L025_FLANKER_T008_A03,-0.3552,0.14479999999999998,10,0.029536553520846803,True
P01_L025,P01,flanker,P01_L025_FLANKER_T009_A01,-0.3552,0.14479999999999998,11,0.018108725219174202,True
P01_L025,P01,flanker,P01_L025_FLANKER_T009_A02,-0.2005,0.2995,10,0.045253489941388454,True
P01_L025,P01,flanker,P01_L025_FLANKER_T009_A03,-0.4813,0.018699999999999994,10,0.03734564227722217,True
P01_L025,P01,flanker,P01_L025_FLANKER_T009_A04,0.0172,0.5172,11,0.02637447495683167,True
P01_L025,P01,flanker,P01_L025_FLANKER_T010_A01,-0.3266,0.1734,10,0.030020370596581067,True
P01_L025,P01,flanker,P01_L025_FLANKER_T010_A02,0.0802,0.5802,11,0.05026900389307894,True
P01_L025,P01,flanker,P01_L025_FLANKER_T010_A03,-0.1662,0.3338,10,0.01859087863479522,True
P01_L025,P01,flanker,P01_L025_FLANKER_T010_A04,-0.4412,0.05880000000000002,11,0.05483576109649389,True
P01_L025,P01,flanker,P01_L025_FLANKER_T011_A01,-0.2922,0.20779999999999998,10,0.05160740558093316,True
P01_L025,P01,flanker,P01_L025_FLANKER_T011_A02,0.1432,0.6432,10,0.07842890969147069,True
P01_L025,P01,flanker,P01_L025_FLANKER_T011_A03,-0.4183,0.0817,11,0.041484708714518245,True
P01_L025,P01,flanker,P01_L025_FLANKER_T011_A04,-0.1031,0.39690000000000003,10,0.04896524440093299,True
P01_L025,P01,flanker,P01_L025_FLANKER_T012_A01,-0.2292,0.27080000000000004,10,0.03936080981492425,True
P01_L025,P01,flanker,P01_L025_FLANKER_T012_A02,-0.0401,0.4599,10,0.05202835387755385,True
P01_L025,P01,flanker,P01_L025_FLANKER_T012_A03,-0.3896,0.1104,10,0.03968187125943066,True
P01_L025,P01,flanker,P01_L025_FLANKER_T012_A04,0.2063,0.7063,11,0.018108725219174202,True
P01_L025,P01,flanker,P01_L025_FLANKER_T013_A01,0.2063,0.7063,10,0.022527440996922297,True
P01_L025,P01,flanker,P01_L025_FLANKER_T013_A02,-0.3896,0.1104,10,0.05202835387755385,True
P01_L025,P01,flanker,P01_L025_FLANKER_T013_A03,-0.2292,0.27080000000000004,10,0.045253489941388454,True
P01_L025,P01,flanker,P01_L025_FLANKER_T013_A04,-0.0401,0.4599,10,0.05202835387755385,True
P01_L025,P01,flanker,P01_L025_FLANKER_T014_A01,-0.1031,0.39690000000000003,10,0.051607384249352566,True
P01_L025,P01,flanker,P01_L025_FLANKER_T014_A02,-0.4183,0.0817,10,0.04040880612070142,True
P01_L025,P01,flanker,P01_L025_FLANKER_T014_A03,0.1432,0.6432,10,0.045253489941388454,True
P01_L025,P01,flanker,P01_L025_FLANKER_T014_A04,-0.2922,0.20779999999999998,10,0.045253489941388454,True
P01_L025,P01,flanker,P01_L025_FLANKER_T015_A01,-0.3266,0.1734,10,0.022711192398576108,True
P01_L025,P01,flanker,P01_L025_FLANKER_T015_A02,-0.4412,0.05880000000000002,11,0.047309444756569036,True
P01_L025,P01,flanker,P01_L025_FLANKER_T015_A03,0.0802,0.5802,10,0.046082475700788446,True
P01_L025,P01,flanker,P01_L025_FLANKER_T015_A04,-0.1662,0.3338,10,0.014823395265899623,True
P01_L050,P01,base,P01_L050_BASE_T000_A01,-0.4813,0.018699999999999994,10,0.07152368867591827,True
P01_L050,P01,base,P01_L050_BASE_T000_A02,0.0229,0.5229,10,0.059506687741552024,True
P01_L050,P01,base,P01_L050_BASE_T000_A03,-0.3896,0.1104,10,0.05749446448547593,True
P01_L050,P01,base,P01_L050_BASE_T000_A04,0.1146,0.6146,10,0.02165260292315697,True
P01_L050,P01,base,P01_L050_BASE_T001_A01,-0.1604,0.3396,11,0.03790442271878623,True
P01_L050,P01,base,P01_L050_BASE_T001_A02,-0.2521,0.2479,10,0.059506687741552024,True
P01_L050,P01,base,P01_L050_BASE_T001_A03,-0.0688,0.4312,10,0.06271764598723181,True
P01_L050,P01,base,P01_L050_BASE_T002_A01,-0.2063,0.29369999999999996,11,0.0696687341383089,True
P01_L050,P01,base,P01_L050_BASE_T002_A02,-0.1146,0.3854,10,0.05749446448547593,False
P01_L050,P01,base,P01_L050_BASE_T003_A01,-0.2979,0.2021,11,0.03883951003863282,True
P01_L050,P01,base,P01_L050_BASE_T003_A02,0.2063,0.7063,10,0.0381407998332747,True
P01_L050,P01,base,P01_L050_BASE_T003_A03,-0.0229,0.4771,10,0.06664103730989286,False
P01_L050,P01,base,P01_L050_BASE_T004_A01,-0.4813,0.018699999999999994,10,0.06664103730989286,True
P01_L050,P01,base,P01_L050_BASE_T004_A02,-0.2979,0.2021,11,0.04019886915637135,True
P01_L050,P01,base,P01_L050_BASE_T004_A03,-0.1146,0.3854,10,0.059506687741552024,True
P01_L050,P01,base,P01_L050_BASE_T004_A04,0.0688,0.5688,10,0.07599795618766741,True
P01_L050,P01,base,P01_L050_BASE_T005_A01,-0.0229,0.4771,11,0.043579080055657214,True
P01_L050,P01,base,P01_L050_BASE_T005_A02,-0.2063,0.29369999999999996,10,0.07599795618766741,True
P01_L050,P01,base,P01_L050_BASE_T005_A03,0.1604,0.6604,10,0.03317427874306053,True
P01_L050,P01,base,P01_L050_BASE_T005_A04,-0.3896,0.1104,10,0.06786185757152888,True
P01_L050,P01,base,P01_L050_BASE_T006_A01,-0.4354,0.06459999999999999,11,0.06731283908380269,True
P01_L050,P01,base,P01_L050_BASE_T006_A02,-0.0688,0.4312,10,0.06664103730989286,True
P01_L050,P01,base,P01_L050_BASE_T006_A03,0.1146,0.6146,10,0.03317427874306053,True
P01_L050,P01,base,P01_L050_BASE_T006_A04,-0.2521,0.2479,11,0.0458430969497476,True
P01_L050,P01,base,P01_L050_BASE_T007_A01,0.2063,0.7063,10,0.0381407998332747,True
P01_L050,P01,base,P01_L050_BASE_T007_A02,-0.3438,0.1562,10,0.05133929605680312,True
P01_L050,P01,base,P01_L050_BASE_T007_A03,0.0229,0.5229,11,0.052279804302860194,True
P01_L050,P01,base,P01_L050_BASE_T007_A04,-0.1604,0.3396,10,0.07599798123824061,True
P01_L050,P01,base,P01_L050_BASE_T008_A01,-0.0,0.5,11,0.0242947950218861,True
P01_L050,P01,base,P01_L050_BASE_T008_A02,-0.0917,0.4083,10,0.03317427874306053,True
P01_L050,P01,base,P01_L050_BASE_T008_A03,-0.4584,0.041600000000000026,10,0.037832224930084264,True
P01_L050,P01,base,P01_L050_BASE_T008_A04,-0.3667,0.13329999999999997,11,0.03041150116978112,True
P01_L050,P01,base,P01_L050_BASE_T008_A05,-0.1833,0.3167,10,0.03317433062943993,True
P01_L050,P01,base,P01_L050_BASE_T008_A06,-0.275,0.22499999999999998,10,0.038213635375917585,True
P01_L050,P01,base,P01_L050_BASE_T009_A01,-0.2292,0.27080000000000004,11,0.033508725995413845,True
P01_L050,P01,base,P01_L050_BASE_T009_A02,-0.4125,0.08750000000000002,10,0.06664103730989286,True
P01_L050,P01,base,P01_L050_BASE_T009_A03,-0.0458,0.4542,11,0.029383120840035807,True
P01_L050,P01,base,P01_L050_BASE_T010_A01,-0.1375,0.3625,11,0.03468152712201531,True
P01_L050,P01,base,P01_L050_BASE_T010_A02,-0.3209,0.17909999999999998,10,0.037832254870626726,True
P01_L050,P01,base,P01_L050_BASE_T010_A03,0.0458,0.5458,10,0.03317427874306053,True
P01_L050,P01,base,P01_L050_BASE_T011_A01,-0.0458,0.4542,10,0.03378204758171496,True
P01_L050,P01,base,P01_L050_BASE_T011_A02,-0.1833,0.3167,10,0.02241041647329719,True
P01_L050,P01,base,P01_L050_BASE_T011_A03,-0.3209,0.17909999999999998,10,0.0381407998332747,True
P01_L050,P01,base,P01_L050_BASE_T011_A04,-0.4584,0.041600000000000026,10,0.03317427874306053,True
P01_L050,P01,base,P01_L050_BASE_T012_A01,-0.1375,0.3625,10,0.03317427874306053,True
P01_L050,P01,base,P01_L050_BASE_T012_A02,-0.0,0.5,11,0.03468152712201531,True
P01_L050,P01,base,P01_L050_BASE_T012_A03,-0.4125,0.08750000000000002,10,0.03317427874306053,True
P01_L050,P01,base,P01_L050_BASE_T012_A04,-0.275,0.22499999999999998,10,0.02862107738991378,True
P01_L050,P01,base,P01_L050_BASE_T013_A01,-0.2292,0.27080000000000004,10,0.025097206229678756,True
P01_L050,P01,base,P01_L050_BASE_T013_A02,0.0458,0.5458,10,0.03317427874306053,True
P01_L050,P01,base,P01_L050_BASE_T013_A03,-0.3667,0.13329999999999997,11,0.03468150336314999,True
P01_L050,P01,base,P01_L050_BASE_T013_A04,-0.0917,0.4083,10,0.03317427874306053,True
P01_L050,P01,base,P01_L050_BASE_T014_A01,-0.3209,0.17909999999999998,11,0.03468150336314999,True
P01_L050,P01,base,P01_L050_BASE_T014_A02,-0.0458,0.4542,10,0.03317427874306053,True
P01_L050,P01,base,P01_L050_BASE_T014_A03,-0.4584,0.041600000000000026,10,0.043144151841318354,True
P01_L050,P01,base,P01_L050_BASE_T014_A04,-0.1833,0.3167,10,0.03317427874306053,True
P01_L050,P01,base,P01_L050_BASE_T015_A01,-0.0,0.5,10,0.0381407998332747,True
P01_L050,P01,base,P01_L050_BASE_T015_A02,-0.1375,0.3625,11,0.030411473496613314,True
P01_L050,P01,base,P01_L050_BASE_T015_A03,-0.4125,0.08750000000000002,10,0.037832254870626726,True
P01_L050,P01,base,P01_L050_BASE_T015_A04,-0.275,0.22499999999999998,10,0.031221173355115723,True
P01_L050,P01,base,P01_L050_BASE_T016_A01,-0.3667,0.13329999999999997,10,0.04349601686209256,True
P01_L050,P01,base,P01_L050_BASE_T016_A02,-0.0917,0.4083,10,0.04093523312726108,True
P01_L050,P01,base,P01_L050_BASE_T016_A03,-0.2292,0.27080000000000004,10,0.02555702546322645,True
P01_L050,P01,base,P01_L050_BASE_T016_A04,0.0458,0.5458,11,0.027878749997659564,True
P01_L050,P01,base,P01_L050_BASE_T017_A01,-0.2292,0.27080000000000004,10,0.03317427874306053,True
P01_L050,P01,base,P01_L050_BASE_T017_A02,0.0458,0.5458,10,0.05749446448547593,True
P01_L050,P01,base,P01_L050_BASE_T017_A03,-0.3667,0.13329999999999997,11,0.029383120840035807,True
P01_L050,P01,base,P01_L050_BASE_T017_A04,-0.0917,0.4083,10,0.037832224930084264,True
P01_L050,P01,base,P01_L050_BASE_T018_A01,-0.0,0.5,10,0.04314417931592376,True
P01_L050,P01,base,P01_L050_BASE_T018_A02,-0.275,0.22499999999999998,10,0.031221173355115723,True
P01_L050,P01,base,P01_L050_BASE_T018_A03,-0.4125,0.08750000000000002,10,0.037832254870626726,True
P01_L050,P01,base,P01_L050_BASE_T018_A04,-0.1375,0.3625,10,0.03560491858591832,True
P01_L050,P01,base,P01_L050_BASE_T019_A01,-0.3209,0.17909999999999998,11,0.016545901069715225,True
P01_L050,P01,base,P01_L050_BASE_T019_A02,-0.4584,0.041600000000000026,10,0.05041569679370731,True
P01_L050,P01,base,P01_L050_BASE_T019_A03,-0.0458,0.4542,11,0.030411525202239196,True
P01_L050,P01,base,P01_L050_BASE_T019_A04,-0.1833,0.3167,10,0.03317433062943993,True
P01_L050,P01,base,P01_L050_BASE_T020_A01,-0.1146,0.3854,10,0.052227307816090376,True
P01_L050,P01,base,P01_L050_BASE_T020_A02,-0.2979,0.2021,11,0.038760382284503576,True
P01_L050,P01,base,P01_L050_BASE_T020_A03,-0.4813,0.018699999999999994,10,0.05946589131974575,True
P01_L050,P01,base,P01_L050_BASE_T020_A04,0.0688,0.5688,10,0.05293926804904917,True
P01_L050,P01,base,P01_L050_BASE_T021_A01,-0.3896,0.1104,10,0.09467339541743051,True
P01_L050,P01,base,P01_L050_BASE_T021_A02,0.1604,0.6604,10,0.02960247559524313,True
P01_L050,P01,base,P01_L050_BASE_T021_A03,-0.0229,0.4771,11,0.05109613950258729,True
P01_L050,P01,base,P01_L050_BASE_T021_A04,-0.2063,0.29369999999999996,10,0.06634649475409164,True
P01_L050,P01,base,P01_L050_BASE_T022_A01,-0.3438,0.1562,10,0.07503224667872678,True
P01_L050,P01,base,P01_L050_BASE_T022_A02,0.0229,0.5229,10,0.09467339541743051,True
P01_L050,P01,base,P01_L050_BASE_T022_A03,0.2063,0.7063,10,0.05293929306397457,True
P01_L050,P01,base,P01_L050_BASE_T022_A04,-0.4354,0.06459999999999999,10,0.10041952104557743,True
P01_L050,P01,base,P01_L050_BASE_T022_A05,0.1146,0.6146,11,0.02349841740358104,True
P01_L050,P01,base,P01_L050_BASE_T022_A06,-0.0688,0.4312,11,0.06129259721562224,True
P01_L050,P01,base,P01_L050_BASE_T022_A07,-0.2521,0.2479,10,0.07904935421343827,True
P01_L050,P01,base,P01_L050_BASE_T022_A08,-0.1604,0.3396,10,0.045797102932830895,True
P01_L050,P01,base,P01_L050_BASE_T023_A01,-0.3896,0.1104,10,0.06634652003479764,True
P01_L050,P01,base,P01_L050_BASE_T023_A02,-0.4813,0.018699999999999994,11,0.0693167276035564,True
P01_L050,P01,base,P01_L050_BASE_T023_A03,0.0688,0.5688,10,0.059064720624144196,True
P01_L050,P01,base,P01_L050_BASE_T023_A04,-0.2979,0.2021,10,0.0693167738943936,True
P01_L050,P01,base,P01_L050_BASE_T023_A05,-0.1146,0.3854,10,0.09000526139376311,True
P01_L050,P01,base,P01_L050_BASE_T023_A06,-0.0229,0.4771,10,0.06634652003479764,True
P01_L050,P01,base,P01_L050_BASE_T023_A07,0.1604,0.6604,10,0.04139218873686653,True
P01_L050,P01,base,P01_L050_BASE_T023_A08,-0.2063,0.29369999999999996,10,0.08371397912832945,True
P01_L050,P01,base,P01_L050_BASE_T024_A01,0.1146,0.6146,11,0.030719107825174646,True
P01_L050,P01,base,P01_L050_BASE_T024_A02,-0.4354,0.06459999999999999,10,0.08371399171505152,True
P01_L050,P01,base,P01_L050_BASE_T024_A03,-0.0688,0.4312,10,0.059064720624144196,True
P01_L050,P01,base,P01_L050_BASE_T024_A04,-0.2521,0.2479,11,0.054565494608847596,True
P01_L050,P01,base,P01_L050_BASE_T025_A01,0.0229,0.5229,10,0.07085135505762362,True
P01_L050,P01,base,P01_L050_BASE_T025_A02,-0.3438,0.1562,10,0.07503224667872678,True
P01_L050,P01,base,P01_L050_BASE_T025_A03,-0.1604,0.3396,10,0.08203113192316172,True
P01_L050,P01,base,P01_L050_BASE_T025_A04,0.2063,0.7063,10,0.033758920757674275,True
P01_L050,P01,base,P01_L050_BASE_T026_A01,-0.3438,0.1562,10,0.0388394658073078,True
P01_L050,P01,base,P01_L050_BASE_T026_A02,0.0688,0.5688,10,0.06664103730989286,True
P01_L050,P01,base,P01_L050_BASE_T026_A03,-0.4354,0.06459999999999999,10,0.06386661546257527,True
P01_L050,P01,base,P01_L050_BASE_T026_A04,0.1604,0.6604,11,0.01933454815901729,True
P01_L050,P01,flanker,P01_L050_FLANKER_T000_A01,-0.2521,0.2479,10,0.07599795618766741,True
P01_L050,P01,flanker,P01_L050_FLANKER_T000_A02,-0.4354,0.06459999999999999,10,0.07802140429530859,True
P01_L050,P01,flanker,P01_L050_FLANKER_T000_A03,-0.0688,0.4312,10,0.06786190307695232,True
P01_L050,P01,flanker,P01_L050_FLANKER_T000_A04,0.1146,0.6146,11,0.022820965841323686,True
P01_L050,P01,flanker,P01_L050_FLANKER_T001_A01,-0.1604,0.3396,10,0.07739024877887035,True
P01_L050,P01,flanker,P01_L050_FLANKER_T001_A02,0.0229,0.5229,10,0.06664103730989286,True
P01_L050,P01,flanker,P01_L050_FLANKER_T001_A03,-0.3438,0.1562,10,0.07599795618766741,True
P01_L050,P01,flanker,P01_L050_FLANKER_T001_A04,0.2063,0.7063,10,0.0356049288419112,True
P01_L050,P01,flanker,P01_L050_FLANKER_T002_A01,-0.4813,0.018699999999999994,10,0.04429284917963221,True
P01_L050,P01,flanker,P01_L050_FLANKER_T002_A02,-0.1146,0.3854,10,0.04501837344783072,True
P01_L050,P01,flanker,P01_L050_FLANKER_T002_A03,0.0688,0.5688,10,0.057494452434035455,True
P01_L050,P01,flanker,P01_L050_FLANKER_T002_A04,-0.2979,0.2021,11,0.04202522629454739,True
P01_L050,P01,flanker,P01_L050_FLANKER_T003_A01,-0.2063,0.29369999999999996,10,0.07599792901150923,True
P01_L050,P01,flanker,P01_L050_FLANKER_T003_A02,-0.0229,0.4771,10,0.07599795618766741,True
P01_L050,P01,flanker,P01_L050_FLANKER_T003_A03,-0.3896,0.1104,10,0.07599795618766741,True
P01_L050,P01,flanker,P01_L050_FLANKER_T003_A04,0.1604,0.6604,11,0.03468152712201531,True
P01_L050,P01,flanker,P01_L050_FLANKER_T004_A01,-0.4354,0.06459999999999999,10,0.08737554881190202,True
P01_L050,P01,flanker,P01_L050_FLANKER_T004_A02,-0.2521,0.2479,10,0.057494452434035455,True
P01_L050,P01,flanker,P01_L050_FLANKER_T004_A03,0.1146,0.6146,10,0.037832224930084264,True
P01_L050,P01,flanker,P01_L050_FLANKER_T004_A04,-0.0688,0.4312,11,0.07945075689772194,True
P01_L050,P01,flanker,P01_L050_FLANKER_T005_A01,-0.1604,0.3396,10,0.06786190307695232,True
P01_L050,P01,flanker,P01_L050_FLANKER_T005_A02,0.2063,0.7063,10,0.05041569679370731,True
P01_L050,P01,flanker,P01_L050_FLANKER_T005_A03,0.0229,0.5229,10,0.07599795618766741,True
P01_L050,P01,flanker,P01_L050_FLANKER_T005_A04,-0.3438,0.1562,10,0.04831677383875274,True
P01_L050,P01,flanker,P01_L050_FLANKER_T006_A01,-0.0917,0.4083,11,0.03468150336314999,True
P01_L050,P01,flanker,P01_L050_FLANKER_T006_A02,-0.4584,0.041600000000000026,10,0.05041569679370731,False
P01_L050,P01,flanker,P01_L050_FLANKER_T006_A03,-0.275,0.22499999999999998,10,0.03317427874306053,True
P01_L050,P01,flanker,P01_L050_FLANKER_T007_A01,-0.0,0.5,11,0.029383068695424574,True
P01_L050,P01,flanker,P01_L050_FLANKER_T007_A02,-0.3667,0.13329999999999997,10,0.037832224930084264,True
P01_L050,P01,flanker,P01_L050_FLANKER_T007_A03,-0.1833,0.3167,11,0.03041150116978112,True
P01_L050,P01,flanker,P01_L050_FLANKER_T008_A01,-0.2292,0.27080000000000004,10,0.0381407998332747,True
P01_L050,P01,flanker,P01_L050_FLANKER_T008_A02,-0.0458,0.4542,10,0.037832254870626726,True
P01_L050,P01,flanker,P01_L050_FLANKER_T008_A03,-0.4125,0.08750000000000002,11,0.03468152712201531,True
P01_L050,P01,flanker,P01_L050_FLANKER_T009_A01,-0.0458,0.4542,11,0.03468152712201531,True
P01_L050,P01,flanker,P01_L050_FLANKER_T009_A02,-0.2292,0.27080000000000004,10,0.043144151841318354,True
P01_L050,P01,flanker,P01_L050_FLANKER_T009_A03,-0.4125,0.08750000000000002,10,0.047447544107264414,True
P01_L050,P01,flanker,P01_L050_FLANKER_T010_A01,0.0458,0.5458,10,0.031221173355115723,True
P01_L050,P01,flanker,P01_L050_FLANKER_T010_A02,-0.3209,0.17909999999999998,10,0.0381407998332747,True
P01_L050,P01,flanker,P01_L050_FLANKER_T010_A03,-0.1375,0.3625,11,0.029679307352864753,True
P01_L050,P01,flanker,P01_L050_FLANKER_T011_A01,-0.3209,0.17909999999999998,10,0.02962274960533302,True
P01_L050,P01,flanker,P01_L050_FLANKER_T011_A02,-0.0458,0.4542,10,0.03378206427472106,True
P01_L050,P01,flanker,P01_L050_FLANKER_T011_A03,-0.4584,0.041600000000000026,11,0.02914539697051919,True
P01_L050,P01,flanker,P01_L050_FLANKER_T011_A04,-0.1833,0.3167,10,0.037832254870626726,True
P01_L050,P01,flanker,P01_L050_FLANKER_T012_A01,-0.3209,0.17909999999999998,10,0.037832224930084264,True
P01_L050,P01,flanker,P01_L050_FLANKER_T012_A02,-0.0458,0.4542,10,0.03317427874306053,True
P01_L050,P01,flanker,P01_L050_FLANKER_T012_A03,-0.4584,0.041600000000000026,10,0.047447544107264414,True
P01_L050,P01,flanker,P01_L050_FLANKER_T012_A04,-0.1833,0.3167,11,0.03468150336314999,True
P01_L050,P01,flanker,P01_L050_FLANKER_T013_A01,-0.275,0.22499999999999998,10,0.027878797614546074,True
P01_L050,P01,flanker,P01_L050_FLANKER_T013_A02,-0.4125,0.08750000000000002,10,0.04960326191162291,True
P01_L050,P01,flanker,P01_L050_FLANKER_T013_A03,-0.0,0.5,10,0.028854518705841624,True
P01_L050,P01,flanker,P01_L050_FLANKER_T013_A04,-0.1375,0.3625,10,0.037832224930084264,True
P01_L050,P01,flanker,P01_L050_FLANKER_T014_A01,-0.3667,0.13329999999999997,10,0.04349605574375422,True
P01_L050,P01,flanker,P01_L050_FLANKER_T014_A02,0.0458,0.5458,10,0.032639686214011046,True
P01_L050,P01,flanker,P01_L050_FLANKER_T014_A03,-0.0917,0.4083,10,0.03317427874306053,True
P01_L050,P01,flanker,P01_L050_FLANKER_T014_A04,-0.2292,0.27080000000000004,10,0.04960326191162291,True
P01_L050,P01,flanker,P01_L050_FLANKER_T015_A01,-0.0458,0.4542,10,0.037832224930084264,True
P01_L050,P01,flanker,P01_L050_FLANKER_T015_A02,-0.1833,0.3167,10,0.038839496036951374,True
P01_L050,P01,flanker,P01_L050_FLANKER_T015_A03,-0.3209,0.17909999999999998,10,0.02165260292315697,True
P01_L050,P01,flanker,P01_L050_FLANKER_T015_A04,-0.4584,0.041600000000000026,11,0.03468150336314999,True
P01_L050,P01,flanker,P01_L050_FLANKER_T016_A01,-0.4125,0.08750000000000002,10,0.03317427874306053,True
P01_L050,P01,flanker,P01_L050_FLANKER_T016_A02,-0.1375,0.3625,10,0.027155755906652156,True
P01_L050,P01,flanker,P01_L050_FLANKER_T016_A03,-0.275,0.22499999999999998,10,0.049201903388847154,True
P01_L050,P01,flanker,P01_L050_FLANKER_T016_A04,-0.0,0.5,10,0.031221173355115723,True
P01_L050,P01,flanker,P01_L050_FLANKER_T017_A01,-0.3667,0.13329999999999997,10,0.02555702546322645,True
P01_L050,P01,flanker,P01_L050_FLANKER_T017_A02,-0.2292,0.27080000000000004,10,0.02862107738991378,True
P01_L050,P01,flanker,P01_L050_FLANKER_T017_A03,0.0458,0.5458,10,0.025097206229678756,True
P01_L050,P01,flanker,P01_L050_FLANKER_T017_A04,-0.0917,0.4083,10,0.04349608696053851,True
P01_L050,P01,flanker,P01_L050_FLANKER_T018_A01,-0.275,0.22499999999999998,10,0.02469275948837969,True
P01_L050,P01,flanker,P01_L050_FLANKER_T018_A02,-0.0,0.5,10,0.037832254870626726,True
P01_L050,P01,flanker,P01_L050_FLANKER_T018_A03,-0.1375,0.3625,11,0.03468150336314999,True
P01_L050,P01,flanker,P01_L050_FLANKER_T019_A01,-0.0917,0.4083,11,0.03468150336314999,True
P01_L050,P01,flanker,P01_L050_FLANKER_T019_A02,-0.3667,0.13329999999999997,10,0.0381407998332747,True
P01_L050,P01,flanker,P01_L050_FLANKER_T019_A03,0.0458,0.5458,10,0.037832254870626726,True
P01_L050,P01,flanker,P01_L050_FLANKER_T020_A01,0.0688,0.5688,10,0.059064695609218704,True
P01_L050,P01,flanker,P01_L050_FLANKER_T020_A02,-0.0229,0.4771,10,0.06589887806894336,True
P01_L050,P01,flanker,P01_L050_FLANKER_T020_A03,0.1604,0.6604,10,0.04139215988132161,True
P01_L050,P01,flanker,P01_L050_FLANKER_T020_A04,-0.2979,0.2021,10,0.06589887806894336,True
P01_L050,P01,flanker,P01_L050_FLANKER_T020_A05,-0.2063,0.29369999999999996,10,0.06634649475409164,True
P01_L050,P01,flanker,P01_L050_FLANKER_T020_A06,-0.3896,0.1104,10,0.06589887806894336,True
P01_L050,P01,flanker,P01_L050_FLANKER_T020_A07,-0.1146,0.3854,10,0.06589887806894336,True
P01_L050,P01,flanker,P01_L050_FLANKER_T020_A08,-0.4813,0.018699999999999994,10,0.05456550020132635,True
P01_L050,P01,flanker,P01_L050_FLANKER_T021_A01,-0.2521,0.2479,10,0.059064720624144196,True
P01_L050,P01,flanker,P01_L050_FLANKER_T021_A02,-0.4354,0.06459999999999999,10,0.09467339541743051,True
P01_L050,P01,flanker,P01_L050_FLANKER_T021_A03,0.1146,0.6146,10,0.03308019944528369,True
P01_L050,P01,flanker,P01_L050_FLANKER_T021_A04,-0.0688,0.4312,10,0.1056277875458913,True
P01_L050,P01,flanker,P01_L050_FLANKER_T022_A01,0.0229,0.5229,10,0.05946589131974575,True
P01_L050,P01,flanker,P01_L050_FLANKER_T022_A02,0.2063,0.7063,10,0.037099539380678635,True
P01_L050,P01,flanker,P01_L050_FLANKER_T022_A03,-0.3438,0.1562,11,0.05338363752613749,True
P01_L050,P01,flanker,P01_L050_FLANKER_T022_A04,-0.1604,0.3396,11,0.05493612307689512,True
P01_L050,P01,flanker,P01_L050_FLANKER_T023_A01,-0.4813,0.018699999999999994,10,0.08258820493786728,True
P01_L050,P01,flanker,P01_L050_FLANKER_T023_A02,-0.1146,0.3854,10,0.059064720624144196,True
P01_L050,P01,flanker,P01_L050_FLANKER_T023_A03,0.0688,0.5688,11,0.0549361448522291,True
P01_L050,P01,flanker,P01_L050_FLANKER_T023_A04,-0.2979,0.2021,10,0.06634649475409164,True
P01_L050,P01,flanker,P01_L050_FLANKER_T024_A01,-0.2063,0.29369999999999996,10,0.06589887806894336,True
P01_L050,P01,flanker,P01_L050_FLANKER_T024_A02,0.1604,0.6604,10,0.03139916532345131,True
P01_L050,P01,flanker,P01_L050_FLANKER_T024_A03,-0.3896,0.1104,11,0.036108393184349816,True
P01_L050,P01,flanker,P01_L050_FLANKER_T024_A04,-0.0229,0.4771,10,0.0713325707558927,True
P01_L050,P01,flanker,P01_L050_FLANKER_T025_A01,-0.4354,0.06459999999999999,10,0.08371397912832945,True
P01_L050,P01,flanker,P01_L050_FLANKER_T025_A02,-0.3438,0.1562,10,0.06350353118511225,True
P01_L050,P01,flanker,P01_L050_FLANKER_T025_A03,0.0229,0.5229,10,0.06634652360963633,True
P01_L050,P01,flanker,P01_L050_FLANKER_T025_A04,0.2063,0.7063,10,0.03161242837369218,True
P01_L050,P01,flanker,P01_L050_FLANKER_T025_A05,0.1146,0.6146,10,0.029602500610168805,True
P01_L050,P01,flanker,P01_L050_FLANKER_T025_A06,-0.1604,0.3396,10,0.059064695609218704,True
P01_L050,P01,flanker,P01_L050_FLANKER_T025_A07,-0.0688,0.4312,10,0.06634652003479764,True
P01_L050,P01,flanker,P01_L050_FLANKER_T025_A08,-0.2521,0.2479,11,0.062128085117626804,True
P01_L050,P01,flanker,P01_L050_FLANKER_T026_A01,-0.4813,0.018699999999999994,10,0.08156615201525073,True
P01_L050,P01,flanker,P01_L050_FLANKER_T026_A02,-0.2063,0.29369999999999996,10,0.08156610430022072,True
P01_L050,P01,flanker,P01_L050_FLANKER_T026_A03,-0.3896,0.1104,10,0.1022967992003403,True
P01_L050,P01,flanker,P01_L050_FLANKER_T026_A04,0.0688,0.5688,10,0.06786188885238839,True
P01_L050,P01,flanker,P01_L050_FLANKER_T026_A05,-0.1146,0.3854,10,0.059506687741552024,True
P01_L050,P01,flanker,P01_L050_FLANKER_T026_A06,0.1604,0.6604,10,0.035604910781013695,True
P01_L050,P01,flanker,P01_L050_FLANKER_T026_A07,-0.2979,0.2021,10,0.06786185757152888,True
P01_L050,P01,flanker,P01_L050_FLANKER_T026_A08,-0.0229,0.4771,10,0.04349605574375422,True
P01_L200,P01,base,P01_L200_BASE_T000_A01,-0.1375,0.3625,10,0.1056276964803414,True
P01_L200,P01,base,P01_L200_BASE_T000_A02,0.1375,0.6375,10,0.18889825691040257,True
P01_L200,P01,base,P01_L200_BASE_T000_A03,-0.4125,0.08750000000000002,11,0.07733719760534498,True
P01_L200,P01,base,P01_L200_BASE_T001_A01,-0.275,0.22499999999999998,10,0.08939803944886457,True
P01_L200,P01,base,P01_L200_BASE_T001_A02,0.275,0.775,11,0.13644525408924085,True
P01_L200,P01,base,P01_L200_BASE_T001_A03,0.0,0.5,10,0.09824440192776267,True
P01_L200,P01,base,P01_L200_BASE_T002_A01,-0.1375,0.3625,10,0.1267061989031166,True
P01_L200,P01,base,P01_L200_BASE_T002_A02,0.1375,0.6375,10,0.18889825691040257,True
P01_L200,P01,base,P01_L200_BASE_T002_A03,0.275,0.775,10,0.2235466016349217,False
P01_L200,P01,base,P01_L200_BASE_T002_A04,-0.275,0.22499999999999998,10,0.06307511246487947,True
P01_L200,P01,base,P01_L200_BASE_T002_A05,0.0,0.5,10,0.23514093837050085,True
P01_L200,P01,base,P01_L200_BASE_T002_A06,-0.4125,0.08750000000000002,10,0.11784949220993682,True
P01_L200,P01,base,P01_L200_BASE_T003_A01,0.0344,0.5344,10,0.18635801378871622,True
P01_L200,P01,base,P01_L200_BASE_T003_A02,-0.1031,0.39690000000000003,10,0.14769570904287155,True
P01_L200,P01,base,P01_L200_BASE_T003_A03,0.1719,0.6718999999999999,10,0.06037238672102045,False
P01_L200,P01,base,P01_L200_BASE_T003_A04,-0.2406,0.25939999999999996,10,0.12585140596594094,True
P01_L200,P01,base,P01_L200_BASE_T003_A05,-0.3781,0.12190000000000001,11,0.0636045471675883,True
P01_L200,P01,base,P01_L200_BASE_T004_A01,-0.1719,0.3281,10,0.09340026875194428,True
P01_L200,P01,base,P01_L200_BASE_T004_A02,0.1031,0.6031,10,0.1056276964803414,True
P01_L200,P01,base,P01_L200_BASE_T004_A03,-0.4469,0.05309999999999998,11,0.12863765498058943,True
P01_L200,P01,base,P01_L200_BASE_T005_A01,-0.0344,0.4656,10,0.07617603427289053,True
P01_L200,P01,base,P01_L200_BASE_T005_A02,0.2406,0.7406,11,0.1960234633768498,True
P01_L200,P01,base,P01_L200_BASE_T005_A03,-0.3094,0.1906,11,0.09137717949888516,True
P01_L200,P01,base,P01_L200_BASE_T006_A01,-0.3094,0.1906,10,0.28053429510622935,True
P01_L200,P01,base,P01_L200_BASE_T006_A02,0.1031,0.6031,10,0.13358263912137905,True
P01_L200,P01,base,P01_L200_BASE_T006_A03,-0.1719,0.3281,10,0.13358263912137905,True
P01_L200,P01,base,P01_L200_BASE_T006_A04,-0.0344,0.4656,10,0.049497028200286224,True
P01_L200,P01,base,P01_L200_BASE_T007_A01,-0.3094,0.1906,10,0.32787870146256126,True
P01_L200,P01,base,P01_L200_BASE_T007_A02,-0.1719,0.3281,10,0.09341600735692912,True
P01_L200,P01,base,P01_L200_BASE_T007_A03,-0.0344,0.4656,10,0.09668549665893587,True
P01_L200,P01,base,P01_L200_BASE_T007_A04,0.1031,0.6031,11,0.08341522640376933,True
P01_L200,P01,base,P01_L200_BASE_T008_A01,-0.3094,0.1906,11,0.19778132468499554,True
P01_L200,P01,base,P01_L200_BASE_T008_A02,-0.0344,0.4656,10,0.08125192168623524,True
P01_L200,P01,base,P01_L200_BASE_T008_A03,0.1031,0.6031,10,0.09341600735692912,True
P01_L200,P01,base,P01_L200_BASE_T008_A04,-0.1719,0.3281,10,0.10827727487078186,True
P01_L200,P01,base,P01_L200_BASE_T009_A01,0.0344,0.5344,10,0.19973677545282442,True
P01_L200,P01,base,P01_L200_BASE_T009_A02,0.2406,0.7406,10,0.13358263912137905,True
P01_L200,P01,base,P01_L200_BASE_T009_A03,0.1719,0.6718999999999999,11,0.15925974531882273,True
P01_L200,P01,base,P01_L200_BASE_T009_A04,-0.1031,0.39690000000000003,10,0.15233862552926314,True
P01_L200,P01,base,P01_L200_BASE_T010_A01,0.2406,0.7406,10,0.09943026757455518,True
P01_L200,P01,base,P01_L200_BASE_T010_A02,-0.1031,0.39690000000000003,10,0.15233868788059937,True
P01_L200,P01,base,P01_L200_BASE_T010_A03,0.0344,0.5344,10,0.175145182163538,True
P01_L200,P01,base,P01_L200_BASE_T010_A04,0.1719,0.6718999999999999,10,0.15233862552926314,True
P01_L200,P01,base,P01_L200_BASE_T011_A01,-0.1031,0.39690000000000003,10,0.175145182163538,True
P01_L200,P01,base,P01_L200_BASE_T011_A02,0.0344,0.5344,10,0.17372808404079015,True
P01_L200,P01,base,P01_L200_BASE_T011_A03,0.1719,0.6718999999999999,10,0.17372808404079015,True
P01_L200,P01,base,P01_L200_BASE_T011_A04,0.2406,0.7406,10,0.13358263912137905,True
P01_L200,P01,base,P01_L200_BASE_T012_A01,-0.2406,0.25939999999999996,10,0.23151223042120891,True
P01_L200,P01,base,P01_L200_BASE_T012_A02,-0.4469,0.05309999999999998,11,0.15925969080791663,True
P01_L200,P01,base,P01_L200_BASE_T012_A03,-0.3781,0.12190000000000001,10,0.15233868788059937,True
P01_L200,P01,base,P01_L200_BASE_T013_A01,-0.3781,0.12190000000000001,10,0.06649822138546835,True
P01_L200,P01,base,P01_L200_BASE_T013_A02,-0.2406,0.25939999999999996,11,0.20339580968979323,True
P01_L200,P01,base,P01_L200_BASE_T013_A03,-0.4469,0.05309999999999998,10,0.3060202279438371,True
P01_L200,P01,base,P01_L200_BASE_T014_A01,-0.4469,0.05309999999999998,10,0.24400457578562998,True
P01_L200,P01,base,P01_L200_BASE_T014_A02,-0.2406,0.25939999999999996,10,0.23195407138136845,True
P01_L200,P01,base,P01_L200_BASE_T014_A03,-0.3781,0.12190000000000001,11,0.10479536440997955,True
P01_L200,P01,base,P01_L200_BASE_T015_A01,0.0688,0.5688,10,0.11891810044944214,True
P01_L200,P01,base,P01_L200_BASE_T015_A02,-0.0688,0.4312,10,0.21099296747015642,True
P01_L200,P01,base,P01_L200_BASE_T015_A03,-0.3438,0.1562,10,0.22531915793634544,True
P01_L200,P01,base,P01_L200_BASE_T015_A04,0.3438,0.8438,10,0.1674086723065471,True
P01_L200,P01,base,P01_L200_BASE_T015_A05,-0.2063,0.29369999999999996,10,0.1674086723065471,True
P01_L200,P01,base,P01_L200_BASE_T015_A06,0.2063,0.7063,10,0.18677893565769924,True
P01_L200,P01,base,P01_L200_BASE_T016_A01,0.0688,0.5688,10,0.10515208169723332,True
P01_L200,P01,base,P01_L200_BASE_T016_A02,-0.0688,0.4312,10,0.23926428059858826,True
P01_L200,P01,base,P01_L200_BASE_T016_A03,-0.3438,0.1562,10,0.19946095310003112,True
P01_L200,P01,base,P01_L200_BASE_T016_A04,0.3438,0.8438,10,0.12613566747548177,True
P01_L200,P01,base,P01_L200_BASE_T016_A05,-0.2063,0.29369999999999996,10,0.21099296747015642,True
P01_L200,P01,base,P01_L200_BASE_T016_A06,0.2063,0.7063,10,0.13267769941640864,True
P01_L200,P01,base,P01_L200_BASE_T017_A01,0.3438,0.8438,10,0.10821013389181995,True
P01_L200,P01,base,P01_L200_BASE_T017_A02,-0.3438,0.1562,10,0.1785738493229834,True
P01_L200,P01,base,P01_L200_BASE_T017_A03,0.2063,0.7063,10,0.1082101411938203,True
P01_L200,P01,base,P01_L200_BASE_T017_A04,-0.2063,0.29369999999999996,11,0.1964662328767572,True
P01_L200,P01,base,P01_L200_BASE_T017_A05,-0.0688,0.4312,11,0.22043881867405096,True
P01_L200,P01,base,P01_L200_BASE_T017_A06,0.0688,0.5688,11,0.08706786559342042,True
P01_L200,P01,base,P01_L200_BASE_T018_A01,-0.2063,0.29369999999999996,11,0.1949206911278361,True
P01_L200,P01,base,P01_L200_BASE_T018_A02,0.2063,0.7063,10,0.15915412631499457,True
P01_L200,P01,base,P01_L200_BASE_T018_A03,0.3438,0.8438,10,0.1426487441163718,True
P01_L200,P01,base,P01_L200_BASE_T018_A04,-0.3438,0.1562,11,0.22043881867405096,True
P01_L200,P01,base,P01_L200_BASE_T018_A05,-0.0688,0.4312,10,0.34103435105098184,True
P01_L200,P01,base,P01_L200_BASE_T018_A06,0.0688,0.5688,10,0.14802938574499996,True
P01_L200,P01,base,P01_L200_BASE_T019_A01,-0.4125,0.08750000000000002,10,0.1267061989031166,True
P01_L200,P01,base,P01_L200_BASE_T019_A02,0.1375,0.6375,11,0.1222949274119153,True
P01_L200,P01,base,P01_L200_BASE_T019_A03,-0.1375,0.3625,10,0.09611646444413773,True
P01_L200,P01,base,P01_L200_BASE_T020_A01,0.275,0.775,10,0.11784961489256676,True
P01_L200,P01,base,P01_L200_BASE_T020_A02,-0.275,0.22499999999999998,10,0.11784949220993682,True
P01_L200,P01,base,P01_L200_BASE_T020_A03,0.0,0.5,10,0.1745091040759534,True
P01_L200,P01,base,P01_L200_BASE_T021_A01,-0.275,0.22499999999999998,11,0.057008300161869925,True
P01_L200,P01,base,P01_L200_BASE_T021_A02,0.275,0.775,10,0.1707293500575259,True
P01_L200,P01,base,P01_L200_BASE_T021_A03,0.1375,0.6375,10,0.21075508241295368,True
P01_L200,P01,base,P01_L200_BASE_T021_A04,-0.1375,0.3625,10,0.1056276964803414,True
P01_L200,P01,base,P01_L200_BASE_T021_A05,0.0,0.5,11,0.1721623337476738,True
P01_L200,P01,base,P01_L200_BASE_T021_A06,-0.4125,0.08750000000000002,10,0.11784967228530162,True
P01_L200,P01,flanker,P01_L200_FLANKER_T000_A01,0.0,0.5,10,0.18889825691040257,True
P01_L200,P01,flanker,P01_L200_FLANKER_T000_A02,-0.1375,0.3625,10,0.11203879137566977,True
P01_L200,P01,flanker,P01_L200_FLANKER_T000_A03,0.1375,0.6375,10,0.18889825691040257,True
P01_L200,P01,flanker,P01_L200_FLANKER_T000_A04,-0.4125,0.08750000000000002,10,0.06589888336436632,True
P01_L200,P01,flanker,P01_L200_FLANKER_T000_A05,-0.275,0.22499999999999998,10,0.05577355918750871,True
P01_L200,P01,flanker,P01_L200_FLANKER_T000_A06,0.275,0.775,10,0.2093331764020492,True
P01_L200,P01,flanker,P01_L200_FLANKER_T001_A01,-0.4125,0.08750000000000002,10,0.09611646444413773,True
P01_L200,P01,flanker,P01_L200_FLANKER_T001_A02,0.1375,0.6375,10,0.21075508241295368,True
P01_L200,P01,flanker,P01_L200_FLANKER_T001_A03,-0.1375,0.3625,10,0.10562781916297229,True
P01_L200,P01,flanker,P01_L200_FLANKER_T001_A04,0.0,0.5,10,0.18889825691040257,True
P01_L200,P01,flanker,P01_L200_FLANKER_T001_A05,0.275,0.775,10,0.21075508241295368,True
P01_L200,P01,flanker,P01_L200_FLANKER_T001_A06,-0.275,0.22499999999999998,11,0.05700836739057739,True
P01_L200,P01,flanker,P01_L200_FLANKER_T002_A01,0.1031,0.6031,11,0.10961189885725983,True
P01_L200,P01,flanker,P01_L200_FLANKER_T002_A02,-0.0344,0.4656,10,0.11784967228530162,True
P01_L200,P01,flanker,P01_L200_FLANKER_T002_A03,-0.4469,0.05309999999999998,10,0.2351408366429558,True
P01_L200,P01,flanker,P01_L200_FLANKER_T002_A04,-0.1719,0.3281,10,0.1056276964803414,True
P01_L200,P01,flanker,P01_L200_FLANKER_T002_A05,-0.3094,0.1906,11,0.1364451541692181,True
P01_L200,P01,flanker,P01_L200_FLANKER_T002_A06,0.2406,0.7406,10,0.2759548762555661,True
P01_L200,P01,flanker,P01_L200_FLANKER_T003_A01,-0.1375,0.3625,10,0.09793189575195052,True
P01_L200,P01,flanker,P01_L200_FLANKER_T003_A02,0.0,0.5,9,0.07606073450202731,False
P01_L200,P01,flanker,P01_L200_FLANKER_T003_A03,0.275,0.775,11,0.17600141872445602,True
P01_L200,P01,flanker,P01_L200_FLANKER_T003_A04,-0.4125,0.08750000000000002,10,0.1284022096670339,True
P01_L200,P01,flanker,P01_L200_FLANKER_T004_A01,-0.1375,0.3625,10,0.07645361213742617,True
P01_L200,P01,flanker,P01_L200_FLANKER_T004_A02,0.0,0.5,9,0.10738064565823965,False
P01_L200,P01,flanker,P01_L200_FLANKER_T004_A03,-0.4125,0.08750000000000002,10,0.13358263912137905,True
P01_L200,P01,flanker,P01_L200_FLANKER_T004_A04,0.275,0.775,10,0.19973687192052017,True
P01_L200,P01,flanker,P01_L200_FLANKER_T005_A01,-0.275,0.22499999999999998,10,0.09510918938042255,True
P01_L200,P01,flanker,P01_L200_FLANKER_T005_A02,0.1375,0.6375,11,0.184595909368654,True
P01_L200,P01,flanker,P01_L200_FLANKER_T006_A01,0.1375,0.6375,11,0.13965163485976725,True
P01_L200,P01,flanker,P01_L200_FLANKER_T006_A02,-0.275,0.22499999999999998,10,0.1335827029383386,False
P01_L200,P01,flanker,P01_L200_FLANKER_T007_A01,-0.0344,0.4656,10,0.11928175390147955,True
P01_L200,P01,flanker,P01_L200_FLANKER_T007_A02,0.1031,0.6031,10,0.07195256047607643,True
P01_L200,P01,flanker,P01_L200_FLANKER_T007_A03,-0.3094,0.1906,10,0.2732586622485559,True
P01_L200,P01,flanker,P01_L200_FLANKER_T007_A04,-0.1719,0.3281,10,0.11524822174483476,True
P01_L200,P01,flanker,P01_L200_FLANKER_T008_A01,-0.3094,0.1906,10,0.19812076719182964,True
P01_L200,P01,flanker,P01_L200_FLANKER_T008_A02,-0.1719,0.3281,10,0.13358263912137905,True
P01_L200,P01,flanker,P01_L200_FLANKER_T008_A03,0.1031,0.6031,10,0.09510908428897334,True
P01_L200,P01,flanker,P01_L200_FLANKER_T008_A04,-0.0344,0.4656,10,0.15233862552926314,True
P01_L200,P01,flanker,P01_L200_FLANKER_T009_A01,-0.1031,0.39690000000000003,10,0.17372808404079015,True
P01_L200,P01,flanker,P01_L200_FLANKER_T009_A02,0.1719,0.6718999999999999,10,0.15233868788059937,True
P01_L200,P01,flanker,P01_L200_FLANKER_T009_A03,0.2406,0.7406,10,0.12369227424808915,True
P01_L200,P01,flanker,P01_L200_FLANKER_T009_A04,0.0344,0.5344,10,0.19973677545282442,True
P01_L200,P01,flanker,P01_L200_FLANKER_T010_A01,0.0344,0.5344,10,0.14220995437894296,True
P01_L200,P01,flanker,P01_L200_FLANKER_T010_A02,0.2406,0.7406,10,0.10291017133567563,True
P01_L200,P01,flanker,P01_L200_FLANKER_T010_A03,0.1719,0.6718999999999999,10,0.1360297854291071,True
P01_L200,P01,flanker,P01_L200_FLANKER_T010_A04,-0.1031,0.39690000000000003,10,0.17372808404079015,True
P01_L200,P01,flanker,P01_L200_FLANKER_T011_A01,0.0344,0.5344,10,0.13358263912137905,True
P01_L200,P01,flanker,P01_L200_FLANKER_T011_A02,-0.1031,0.39690000000000003,10,0.15233862552926314,True
P01_L200,P01,flanker,P01_L200_FLANKER_T011_A03,0.1719,0.6718999999999999,11,0.15925974531882273,True
P01_L200,P01,flanker,P01_L200_FLANKER_T012_A01,-0.3781,0.12190000000000001,10,0.10291017133567563,True
P01_L200,P01,flanker,P01_L200_FLANKER_T012_A02,-0.4469,0.05309999999999998,10,0.31992336231621976,True
P01_L200,P01,flanker,P01_L200_FLANKER_T012_A03,-0.2406,0.25939999999999996,10,0.1961435504845895,True
P01_L200,P01,flanker,P01_L200_FLANKER_T013_A01,-0.2406,0.25939999999999996,10,0.26401829955814493,True
P01_L200,P01,flanker,P01_L200_FLANKER_T013_A02,-0.4469,0.05309999999999998,10,0.21788240726059888,True
P01_L200,P01,flanker,P01_L200_FLANKER_T013_A03,-0.3781,0.12190000000000001,10,0.13358263912137905,True
P01_L200,P01,flanker,P01_L200_FLANKER_T014_A01,-0.2406,0.25939999999999996,11,0.15925974531882273,True
P01_L200,P01,flanker,P01_L200_FLANKER_T014_A02,-0.3781,0.12190000000000001,10,0.1360297854291071,True
P01_L200,P01,flanker,P01_L200_FLANKER_T015_A01,0.3438,0.8438,10,0.15004723160269232,True
P01_L200,P01,flanker,P01_L200_FLANKER_T015_A02,-0.3438,0.1562,10,0.2668259228950197,True
P01_L200,P01,flanker,P01_L200_FLANKER_T015_A03,0.2063,0.7063,11,0.08609103042958031,True
P01_L200,P01,flanker,P01_L200_FLANKER_T015_A04,-0.2063,0.29369999999999996,10,0.15164849094150135,True
P01_L200,P01,flanker,P01_L200_FLANKER_T015_A05,-0.0688,0.4312,11,0.21919870038664419,True
P01_L200,P01,flanker,P01_L200_FLANKER_T015_A06,0.0688,0.5688,10,0.08352527822889262,True
P01_L200,P01,flanker,P01_L200_FLANKER_T016_A01,-0.0688,0.4312,10,0.16740861491381306,True
P01_L200,P01,flanker,P01_L200_FLANKER_T016_A02,0.0688,0.5688,11,0.05969497352541355,False
P01_L200,P01,flanker,P01_L200_FLANKER_T016_A03,0.2063,0.7063,10,0.09568369295264709,True
P01_L200,P01,flanker,P01_L200_FLANKER_T016_A04,-0.2063,0.29369999999999996,10,0.1815005166281291,True
P01_L200,P01,flanker,P01_L200_FLANKER_T016_A05,-0.3438,0.1562,10,0.33591394805574015,True
P01_L200,P01,flanker,P01_L200_FLANKER_T016_A06,0.3438,0.8438,10,0.15004723160269232,True
P01_L200,P01,flanker,P01_L200_FLANKER_T017_A01,0.3438,0.8438,10,0.15004723160269232,True
P01_L200,P01,flanker,P01_L200_FLANKER_T017_A02,-0.3438,0.1562,10,0.1878356251431156,True
P01_L200,P01,flanker,P01_L200_FLANKER_T017_A03,0.2063,0.7063,11,0.06947329700788324,True
P01_L200,P01,flanker,P01_L200_FLANKER_T017_A04,-0.2063,0.29369999999999996,10,0.2098060771558537,True
P01_L200,P01,flanker,P01_L200_FLANKER_T017_A05,-0.0688,0.4312,10,0.23540631733635034,True
P01_L200,P01,flanker,P01_L200_FLANKER_T017_A06,0.0688,0.5688,11,0.09568369177616763,True
P01_L200,P01,flanker,P01_L200_FLANKER_T018_A01,0.3438,0.8438,10,0.126135677314101,True
P01_L200,P01,flanker,P01_L200_FLANKER_T018_A02,-0.3438,0.1562,10,0.2724256201049644,True
P01_L200,P01,flanker,P01_L200_FLANKER_T018_A03,0.2063,0.7063,10,0.11891810044944214,True
P01_L200,P01,flanker,P01_L200_FLANKER_T018_A04,-0.2063,0.29369999999999996,10,0.2534999457670574,True
P01_L200,P01,flanker,P01_L200_FLANKER_T018_A05,0.0688,0.5688,10,0.06604772976398361,True
P01_L200,P01,flanker,P01_L200_FLANKER_T018_A06,-0.0688,0.4312,10,0.1878356825358501,True
P01_L200,P01,flanker,P01_L200_FLANKER_T019_A01,-0.3438,0.1562,10,0.2144509105108934,True
P01_L200,P01,flanker,P01_L200_FLANKER_T019_A02,-0.2063,0.29369999999999996,11,0.16158012452737172,True
P01_L200,P01,flanker,P01_L200_FLANKER_T019_A03,0.0688,0.5688,10,0.09158363196347867,True
P01_L200,P01,flanker,P01_L200_FLANKER_T019_A04,-0.0688,0.4312,10,0.1878356251431156,True
P01_L200,P01,flanker,P01_L200_FLANKER_T020_A01,-0.3438,0.1562,10,0.299383578160618,True
P01_L200,P01,flanker,P01_L200_FLANKER_T020_A02,-0.0688,0.4312,10,0.2372727947655419,True
P01_L200,P01,flanker,P01_L200_FLANKER_T020_A03,0.0688,0.5688,10,0.09361122174894143,True
P01_L200,P01,flanker,P01_L200_FLANKER_T020_A04,-0.2063,0.29369999999999996,10,0.18677893565769924,True
P01_L200,P01,flanker,P01_L200_FLANKER_T021_A01,-0.4469,0.05309999999999998,10,0.2419792115451857,True
P01_L200,P01,flanker,P01_L200_FLANKER_T021_A02,0.1719,0.6718999999999999,10,0.09611646444413773,True
P01_L200,P01,flanker,P01_L200_FLANKER_T021_A03,-0.1719,0.3281,10,0.11784967228530162,True
P01_L200,P01,flanker,P01_L200_FLANKER_T021_A04,-0.1031,0.39690000000000003,10,0.21075508241295368,True
P01_L200,P01,flanker,P01_L200_FLANKER_T021_A05,0.1031,0.6031,10,0.08258822736559172,True
P01_L200,P01,flanker,P01_L200_FLANKER_T021_A06,-0.3781,0.12190000000000001,10,0.1004195682966485,True
P01_L200,P01,flanker,P01_L200_FLANKER_T021_A07,-0.2406,0.25939999999999996,10,0.2351408366429558,True
P01_L200,P01,flanker,P01_L200_FLANKER_T021_A08,0.2406,0.7406,10,0.2623482476053907,True
P01_L200,P01,flanker,P01_L200_FLANKER_T021_A09,-0.0344,0.4656,10,0.08687164519811978,True
P01_L200,P01,flanker,P01_L200_FLANKER_T021_A10,0.0344,0.5344,10,0.2351408366429558,False
P01_L200,P01,flanker,P01_L200_FLANKER_T021_A11,-0.3094,0.1906,11,0.10961207695180449,True
P02_L010,P02,base,P02_L010_BASE_T000_A01,0.2521,0.7521,10,0.062261582723019744,True
P02_L010,P02,base,P02_L010_BASE_T000_A02,0.0057,0.5057,10,0.029465892491397225,True
P02_L010,P02,base,P02_L010_BASE_T000_A03,-0.2349,0.2651,11,0.028440022572441454,True
P02_L010,P02,base,P02_L010_BASE_T000_A04,0.4927,0.9927,10,0.031204690236037544,True
P02_L010,P02,base,P02_L010_BASE_T001_A01,-0.3209,0.17909999999999998,10,0.0223521895031827,True
P02_L010,P02,base,P02_L010_BASE_T001_A02,0.1662,0.6662,11,0.022847043282300555,True
P02_L010,P02,base,P02_L010_BASE_T001_A03,-0.0745,0.4255,11,0.020202243770223585,True
P02_L010,P02,base,P02_L010_BASE_T001_A04,0.4125,0.9125,10,0.031204690236037544,True
P02_L010,P02,base,P02_L010_BASE_T002_A01,-0.0745,0.4255,10,0.03534594750283134,True
P02_L010,P02,base,P02_L010_BASE_T002_A02,0.1662,0.6662,10,0.03717915626317294,True
P02_L010,P02,base,P02_L010_BASE_T002_A03,-0.3209,0.17909999999999998,10,0.027178148733171568,True
P02_L010,P02,base,P02_L010_BASE_T002_A04,0.4125,0.9125,10,0.030322821366282296,True
P02_L010,P02,base,P02_L010_BASE_T003_A01,0.1662,0.6662,11,0.03458034721996029,True
P02_L010,P02,base,P02_L010_BASE_T003_A02,-0.0745,0.4255,10,0.027592405831110375,True
P02_L010,P02,base,P02_L010_BASE_T003_A03,-0.3209,0.17909999999999998,10,0.0340611750437395,True
P02_L010,P02,base,P02_L010_BASE_T003_A04,0.4125,0.9125,10,0.02456402617279441,True
P02_L010,P02,base,P02_L010_BASE_T004_A01,-0.0745,0.4255,10,0.03481527569430244,True
P02_L010,P02,base,P02_L010_BASE_T004_A02,0.1662,0.6662,11,0.022847043282300555,True
P02_L010,P02,base,P02_L010_BASE_T004_A03,-0.3209,0.17909999999999998,10,0.03910749896256196,True
P02_L010,P02,base,P02_L010_BASE_T004_A04,0.4125,0.9125,10,0.03481529444778521,True
P02_L010,P02,base,P02_L010_BASE_T005_A01,-0.4011,0.09889999999999999,10,0.02381332552394656,True
P02_L010,P02,base,P02_L010_BASE_T005_A02,0.3323,0.8323,10,0.03791228387392767,True
P02_L010,P02,base,P02_L010_BASE_T005_A03,0.0859,0.5859,11,0.02895477205679229,True
P02_L010,P02,base,P02_L010_BASE_T005_A04,-0.1547,0.3453,10,0.03473282901674082,True
P02_L010,P02,base,P02_L010_BASE_T006_A01,0.3323,0.8323,10,0.03875165110983328,True
P02_L010,P02,base,P02_L010_BASE_T006_A02,-0.4011,0.09889999999999999,11,0.036345448915053966,True
P02_L010,P02,base,P02_L010_BASE_T006_A03,-0.1547,0.3453,10,0.039014871384531795,True
P02_L010,P02,base,P02_L010_BASE_T006_A04,0.0859,0.5859,10,0.03987860329320338,True
P02_L010,P02,base,P02_L010_BASE_T007_A01,0.3323,0.8323,11,0.03257618376638542,True
P02_L010,P02,base,P02_L010_BASE_T007_A02,-0.4011,0.09889999999999999,10,0.03230499715642691,True
P02_L010,P02,base,P02_L010_BASE_T007_A03,0.0859,0.5859,10,0.022450715416114365,True
P02_L010,P02,base,P02_L010_BASE_T007_A04,-0.1547,0.3453,10,0.03302023859096077,True
P02_L010,P02,base,P02_L010_BASE_T008_A01,0.0859,0.5859,10,0.04076148268932435,True
P02_L010,P02,base,P02_L010_BASE_T008_A02,0.3323,0.8323,10,0.03302023859096077,True
P02_L010,P02,base,P02_L010_BASE_T008_A03,-0.1547,0.3453,10,0.03574291233838923,True
P02_L010,P02,base,P02_L010_BASE_T008_A04,-0.4011,0.09889999999999999,10,0.03473282901674082,True
P02_L010,P02,base,P02_L010_BASE_T009_A01,0.2521,0.7521,10,0.05492373816601149,True
P02_L010,P02,base,P02_L010_BASE_T009_A02,0.0057,0.5057,10,0.04856576659287705,True
P02_L010,P02,base,P02_L010_BASE_T009_A03,-0.2349,0.2651,11,0.02279293386108839,True
P02_L010,P02,base,P02_L010_BASE_T009_A04,0.4927,0.9927,10,0.017407648613269672,True
P02_L010,P02,base,P02_L010_BASE_T010_A01,0.0057,0.5057,10,0.039609576722744455,True
P02_L010,P02,base,P02_L010_BASE_T010_A02,-0.2349,0.2651,11,0.03118028926482684,True
P02_L010,P02,base,P02_L010_BASE_T010_A03,0.2521,0.7521,10,0.03574291233838923,True
P02_L010,P02,base,P02_L010_BASE_T010_A04,0.4927,0.9927,10,0.021816229141626245,True
P02_L010,P02,base,P02_L010_BASE_T011_A01,0.2521,0.7521,10,0.03481527569430244,True
P02_L010,P02,base,P02_L010_BASE_T011_A02,-0.2349,0.2651,11,0.032381729061242794,True
P02_L010,P02,base,P02_L010_BASE_T011_A03,0.0057,0.5057,10,0.01960016379341549,True
P02_L010,P02,base,P02_L010_BASE_T011_A04,0.4927,0.9927,10,0.01960016379341549,True
P02_L010,P02,flanker,P02_L010_FLANKER_T000_A01,-0.3209,0.17909999999999998,10,0.024070218306049624,True
P02_L010,P02,flanker,P02_L010_FLANKER_T000_A02,-0.0745,0.4255,10,0.03534598032694857,True
P02_L010,P02,flanker,P02_L010_FLANKER_T000_A03,0.4125,0.9125,11,0.02549058058854335,True
P02_L010,P02,flanker,P02_L010_FLANKER_T000_A04,0.1662,0.6662,10,0.04363247138765224,True
P02_L010,P02,flanker,P02_L010_FLANKER_T001_A01,0.4927,0.9927,10,0.018383152952015522,True
P02_L010,P02,flanker,P02_L010_FLANKER_T001_A02,0.0057,0.5057,10,0.024730901713143315,True
P02_L010,P02,flanker,P02_L010_FLANKER_T001_A03,0.2521,0.7521,11,0.03011826831502666,True
P02_L010,P02,flanker,P02_L010_FLANKER_T001_A04,-0.2349,0.2651,10,0.03481527569430244,True
P02_L010,P02,flanker,P02_L010_FLANKER_T002_A01,0.2521,0.7521,10,0.03910750164258877,True
P02_L010,P02,flanker,P02_L010_FLANKER_T002_A02,-0.2349,0.2651,10,0.03884367365059965,True
P02_L010,P02,flanker,P02_L010_FLANKER_T002_A03,0.4927,0.9927,10,0.013828983776535266,True
P02_L010,P02,flanker,P02_L010_FLANKER_T002_A04,0.0057,0.5057,11,0.020202243770223585,True
P02_L010,P02,flanker,P02_L010_FLANKER_T003_A01,0.0057,0.5057,10,0.031204690236037544,True
P02_L010,P02,flanker,P02_L010_FLANKER_T003_A02,0.4927,0.9927,10,0.017448984373796286,True
P02_L010,P02,flanker,P02_L010_FLANKER_T003_A03,-0.2349,0.2651,10,0.022504018808127406,True
P02_L010,P02,flanker,P02_L010_FLANKER_T003_A04,0.2521,0.7521,10,0.05009681713973474,True
P02_L010,P02,flanker,P02_L010_FLANKER_T004_A01,0.4927,0.9927,10,0.020034093163932797,True
P02_L010,P02,flanker,P02_L010_FLANKER_T004_A02,0.2521,0.7521,10,0.05009681713973474,True
P02_L010,P02,flanker,P02_L010_FLANKER_T004_A03,-0.2349,0.2651,11,0.02549061388040049,True
P02_L010,P02,flanker,P02_L010_FLANKER_T004_A04,0.0057,0.5057,10,0.025107874743729747,True
P02_L010,P02,flanker,P02_L010_FLANKER_T005_A01,0.3323,0.8323,10,0.02882770435808089,True
P02_L010,P02,flanker,P02_L010_FLANKER_T005_A02,-0.1547,0.3453,10,0.0340611750437395,True
P02_L010,P02,flanker,P02_L010_FLANKER_T005_A03,0.0859,0.5859,11,0.023389947698072688,True
P02_L010,P02,flanker,P02_L010_FLANKER_T005_A04,-0.4011,0.09889999999999999,10,0.04239938700223096,True
P02_L010,P02,flanker,P02_L010_FLANKER_T006_A01,-0.4011,0.09889999999999999,10,0.06226153836883157,True
P02_L010,P02,flanker,P02_L010_FLANKER_T006_A02,0.3323,0.8323,10,0.03481529444778521,True
P02_L010,P02,flanker,P02_L010_FLANKER_T006_A03,-0.1547,0.3453,10,0.03884362929641157,True
P02_L010,P02,flanker,P02_L010_FLANKER_T006_A04,0.0859,0.5859,10,0.03743172745929595,True
P02_L010,P02,flanker,P02_L010_FLANKER_T007_A01,0.0859,0.5859,10,0.03481529444778521,True
P02_L010,P02,flanker,P02_L010_FLANKER_T007_A02,-0.4011,0.09889999999999999,10,0.031204690236037544,True
P02_L010,P02,flanker,P02_L010_FLANKER_T007_A03,0.3323,0.8323,10,0.0442975647475016,True
P02_L010,P02,flanker,P02_L010_FLANKER_T007_A04,-0.1547,0.3453,10,0.031204690236037544,True
P02_L010,P02,flanker,P02_L010_FLANKER_T008_A01,0.0859,0.5859,10,0.03884364804989433,True
P02_L010,P02,flanker,P02_L010_FLANKER_T008_A02,-0.4011,0.09889999999999999,10,0.031680343197795,True
P02_L010,P02,flanker,P02_L010_FLANKER_T008_A03,-0.1547,0.3453,10,0.03481527569430244,True
P02_L010,P02,flanker,P02_L010_FLANKER_T008_A04,0.3323,0.8323,10,0.03481527569430244,True
P02_L010,P02,flanker,P02_L010_FLANKER_T009_A01,0.4125,0.9125,10,0.03481529444778521,True
P02_L010,P02,flanker,P02_L010_FLANKER_T009_A02,-0.0745,0.4255,10,0.024398323382603334,True
P02_L010,P02,flanker,P02_L010_FLANKER_T009_A03,0.1662,0.6662,10,0.04363251698450805,True
P02_L010,P02,flanker,P02_L010_FLANKER_T009_A04,-0.3209,0.17909999999999998,10,0.025107874743729747,True
P02_L010,P02,flanker,P02_L010_FLANKER_T010_A01,0.1662,0.6662,10,0.031204690236037544,True
P02_L010,P02,flanker,P02_L010_FLANKER_T010_A02,-0.3209,0.17909999999999998,10,0.022503999148722344,True
P02_L010,P02,flanker,P02_L010_FLANKER_T010_A03,0.4125,0.9125,10,0.03997331200310257,True
P02_L010,P02,flanker,P02_L010_FLANKER_T010_A04,-0.0745,0.4255,11,0.029023504382507774,True
P02_L010,P02,flanker,P02_L010_FLANKER_T011_A01,0.1662,0.6662,10,0.035345993967177046,True
P02_L010,P02,flanker,P02_L010_FLANKER_T011_A02,-0.3209,0.17909999999999998,10,0.024398320702576394,True
P02_L010,P02,flanker,P02_L010_FLANKER_T011_A03,-0.0745,0.4255,10,0.031204690236037544,True
P02_L010,P02,flanker,P02_L010_FLANKER_T011_A04,0.4125,0.9125,11,0.026231919691456863,True
P02_L026,P02,base,P02_L026_BASE_T000_A01,0.3782,0.8782,10,0.06301966175841107,True
P02_L026,P02,base,P02_L026_BASE_T000_A02,0.1375,0.6375,10,0.06301965143830347,True
P02_L026,P02,base,P02_L026_BASE_T000_A03,-0.338,0.16199999999999998,10,0.036728923381380674,True
P02_L026,P02,base,P02_L026_BASE_T000_A04,-0.1031,0.39690000000000003,10,0.047676031996943674,True
P02_L026,P02,base,P02_L026_BASE_T001_A01,0.1948,0.6948,10,0.041467859859081774,True
P02_L026,P02,base,P02_L026_BASE_T001_A02,-0.0401,0.4599,10,0.036362360435403605,True
P02_L026,P02,base,P02_L026_BASE_T001_A03,0.4354,0.9354,10,0.051586504448607275,True
P02_L026,P02,base,P02_L026_BASE_T001_A04,-0.2807,0.2193,10,0.06301972932359005,True
P02_L026,P02,base,P02_L026_BASE_T002_A01,-0.0401,0.4599,10,0.047290279437160423,True
P02_L026,P02,base,P02_L026_BASE_T002_A02,0.4354,0.9354,10,0.047676029287241524,True
P02_L026,P02,base,P02_L026_BASE_T002_A03,-0.2807,0.2193,10,0.036362360435403605,True
P02_L026,P02,base,P02_L026_BASE_T002_A04,0.1948,0.6948,11,0.05536608779793442,True
P02_L026,P02,base,P02_L026_BASE_T003_A01,-0.2807,0.2193,10,0.036362360435403605,True
P02_L026,P02,base,P02_L026_BASE_T003_A02,0.4354,0.9354,11,0.0433518738897033,True
P02_L026,P02,base,P02_L026_BASE_T003_A03,-0.0401,0.4599,10,0.04146790221557069,True
P02_L026,P02,base,P02_L026_BASE_T003_A04,0.1948,0.6948,10,0.05024862348723869,True
P02_L026,P02,base,P02_L026_BASE_T004_A01,0.1948,0.6948,10,0.059309450783077276,True
P02_L026,P02,base,P02_L026_BASE_T004_A02,-0.2807,0.2193,10,0.029524591812598817,True
P02_L026,P02,base,P02_L026_BASE_T004_A03,-0.0401,0.4599,10,0.036362360435403605,True
P02_L026,P02,base,P02_L026_BASE_T004_A04,0.4354,0.9354,11,0.03801439472860658,True
P02_L026,P02,base,P02_L026_BASE_T005_A01,0.0172,0.5172,10,0.02064298678137891,True
P02_L026,P02,base,P02_L026_BASE_T005_A02,0.4985,0.9984999999999999,10,0.02706576143911893,True
P02_L026,P02,base,P02_L026_BASE_T005_A03,-0.2235,0.27649999999999997,10,0.02064298678137891,True
P02_L026,P02,base,P02_L026_BASE_T005_A04,0.2578,0.7578,10,0.036362360435403605,True
P02_L026,P02,base,P02_L026_BASE_T006_A01,-0.2235,0.27649999999999997,10,0.023733395723159783,True
P02_L026,P02,base,P02_L026_BASE_T006_A02,0.2578,0.7578,10,0.036362360435403605,True
P02_L026,P02,base,P02_L026_BASE_T006_A03,0.4985,0.9984999999999999,10,0.018101408924231996,True
P02_L026,P02,base,P02_L026_BASE_T006_A04,0.0172,0.5172,10,0.025889511749660667,True
P02_L026,P02,base,P02_L026_BASE_T007_A01,0.2578,0.7578,10,0.02251833639054247,True
P02_L026,P02,base,P02_L026_BASE_T007_A02,-0.2235,0.27649999999999997,10,0.02081133288699516,True
P02_L026,P02,base,P02_L026_BASE_T007_A03,0.4985,0.9984999999999999,11,0.019783567453586545,True
P02_L026,P02,base,P02_L026_BASE_T007_A04,0.0172,0.5172,10,0.02064298678137891,True
P02_L026,P02,base,P02_L026_BASE_T008_A01,-0.2235,0.27649999999999997,11,0.018923777598581323,True
P02_L026,P02,base,P02_L026_BASE_T008_A02,0.2578,0.7578,10,0.027509075231624967,True
P02_L026,P02,base,P02_L026_BASE_T008_A03,0.0172,0.5172,11,0.013720319734449435,True
P02_L026,P02,base,P02_L026_BASE_T008_A04,0.4985,0.9984999999999999,10,0.036362360435403605,True
P02_L026,P02,base,P02_L026_BASE_T009_A01,-0.4011,0.09889999999999999,11,0.03801439472860658,True
P02_L026,P02,base,P02_L026_BASE_T009_A02,0.3151,0.8150999999999999,10,0.02081133288699516,True
P02_L026,P02,base,P02_L026_BASE_T009_A03,0.0802,0.5802,11,0.01659389971840022,True
P02_L026,P02,base,P02_L026_BASE_T009_A04,-0.1604,0.3396,10,0.02081133288699516,True
P02_L026,P02,base,P02_L026_BASE_T010_A01,0.3151,0.8150999999999999,10,0.023733395723159783,True
P02_L026,P02,base,P02_L026_BASE_T010_A02,-0.4011,0.09889999999999999,10,0.047676029287241524,True
P02_L026,P02,base,P02_L026_BASE_T010_A03,0.0802,0.5802,10,0.018583446517367472,True
P02_L026,P02,base,P02_L026_BASE_T010_A04,-0.1604,0.3396,10,0.01616353449557633,True
P02_L026,P02,base,P02_L026_BASE_T011_A01,0.0802,0.5802,10,0.02373343111172728,True
P02_L026,P02,base,P02_L026_BASE_T011_A02,-0.4011,0.09889999999999999,11,0.04335189758728954,True
P02_L026,P02,base,P02_L026_BASE_T011_A03,0.3151,0.8150999999999999,10,0.02081133288699516,True
P02_L026,P02,base,P02_L026_BASE_T011_A04,-0.1604,0.3396,10,0.02064300823313801,True
P02_L026,P02,base,P02_L026_BASE_T012_A01,0.0802,0.5802,10,0.01958612176320745,True
P02_L026,P02,base,P02_L026_BASE_T012_A02,-0.4011,0.09889999999999999,10,0.035776356732855764,True
P02_L026,P02,base,P02_L026_BASE_T012_A03,-0.1604,0.3396,10,0.036362360435403605,True
P02_L026,P02,base,P02_L026_BASE_T012_A04,0.3151,0.8150999999999999,10,0.02251833639054247,True
P02_L026,P02,base,P02_L026_BASE_T013_A01,-0.1031,0.39690000000000003,10,0.03974150810706112,True
P02_L026,P02,base,P02_L026_BASE_T013_A02,0.1375,0.6375,10,0.03194624198649045,True
P02_L026,P02,base,P02_L026_BASE_T013_A03,-0.338,0.16199999999999998,10,0.03367005393971787,True
P02_L026,P02,base,P02_L026_BASE_T013_A04,0.3782,0.8782,10,0.047290279437160423,True
P02_L026,P02,base,P02_L026_BASE_T014_A01,0.3782,0.8782,10,0.04146790221557069,True
P02_L026,P02,base,P02_L026_BASE_T014_A02,0.1375,0.6375,10,0.06200402330555717,True
P02_L026,P02,base,P02_L026_BASE_T014_A03,-0.338,0.16199999999999998,10,0.04146790221557069,True
P02_L026,P02,base,P02_L026_BASE_T014_A04,-0.1031,0.39690000000000003,10,0.047290279437160423,True
P02_L026,P02,base,P02_L026_BASE_T015_A01,-0.1031,0.39690000000000003,10,0.0348484853441801,True
P02_L026,P02,base,P02_L026_BASE_T015_A02,-0.338,0.16199999999999998,10,0.04146790221557069,True
P02_L026,P02,base,P02_L026_BASE_T015_A03,0.1375,0.6375,11,0.049438773288689175,True
P02_L026,P02,base,P02_L026_BASE_T015_A04,0.3782,0.8782,10,0.047290279437160423,True
P02_L026,P02,flanker,P02_L026_FLANKER_T000_A01,-0.338,0.16199999999999998,11,0.04335189758728954,True
P02_L026,P02,flanker,P02_L026_FLANKER_T000_A02,0.3782,0.8782,10,0.041467859859081774,True
P02_L026,P02,flanker,P02_L026_FLANKER_T000_A03,0.1375,0.6375,10,0.041467859859081774,True
P02_L026,P02,flanker,P02_L026_FLANKER_T000_A04,-0.1031,0.39690000000000003,10,0.04146792366732919,True
P02_L026,P02,flanker,P02_L026_FLANKER_T001_A01,0.1948,0.6948,10,0.04896523542084068,True
P02_L026,P02,flanker,P02_L026_FLANKER_T001_A02,0.4354,0.9354,10,0.04896523542084068,True
P02_L026,P02,flanker,P02_L026_FLANKER_T001_A03,-0.2807,0.2193,10,0.04040879273576295,True
P02_L026,P02,flanker,P02_L026_FLANKER_T001_A04,-0.0401,0.4599,10,0.04258923396327985,True
P02_L026,P02,flanker,P02_L026_FLANKER_T002_A01,0.1948,0.6948,10,0.04645837115841586,True
P02_L026,P02,flanker,P02_L026_FLANKER_T002_A02,0.4354,0.9354,10,0.059333482939086114,True
P02_L026,P02,flanker,P02_L026_FLANKER_T002_A03,-0.2807,0.2193,10,0.03543365640304195,True
P02_L026,P02,flanker,P02_L026_FLANKER_T002_A04,-0.0401,0.4599,10,0.04040879273576295,True
P02_L026,P02,flanker,P02_L026_FLANKER_T003_A01,-0.2807,0.2193,10,0.034580531775924656,True
P02_L026,P02,flanker,P02_L026_FLANKER_T003_A02,-0.0401,0.4599,10,0.046082473253127455,True
P02_L026,P02,flanker,P02_L026_FLANKER_T003_A03,0.1948,0.6948,10,0.05160740467901328,True
P02_L026,P02,flanker,P02_L026_FLANKER_T003_A04,0.4354,0.9354,10,0.05629577668684822,True
P02_L026,P02,flanker,P02_L026_FLANKER_T004_A01,0.1948,0.6948,10,0.05202834242772252,True
P02_L026,P02,flanker,P02_L026_FLANKER_T004_A02,0.4354,0.9354,10,0.052981443149617766,True
P02_L026,P02,flanker,P02_L026_FLANKER_T004_A03,-0.2807,0.2193,10,0.037345665505703694,True
P02_L026,P02,flanker,P02_L026_FLANKER_T004_A04,-0.0401,0.4599,11,0.03637709540599455,True
P02_L026,P02,flanker,P02_L026_FLANKER_T005_A01,0.2578,0.7578,10,0.02312724168405123,True
P02_L026,P02,flanker,P02_L026_FLANKER_T005_A02,0.4985,0.9984999999999999,10,0.019753870167928178,True
P02_L026,P02,flanker,P02_L026_FLANKER_T005_A03,-0.2235,0.27649999999999997,10,0.019753870167928178,True
P02_L026,P02,flanker,P02_L026_FLANKER_T005_A04,0.0172,0.5172,10,0.02457402206020284,True
P02_L026,P02,flanker,P02_L026_FLANKER_T006_A01,0.2578,0.7578,10,0.022527463516932123,True
P02_L026,P02,flanker,P02_L026_FLANKER_T006_A02,0.4985,0.9984999999999999,11,0.013588883324127604,True
P02_L026,P02,flanker,P02_L026_FLANKER_T006_A03,0.0172,0.5172,10,0.019753870167928178,True
P02_L026,P02,flanker,P02_L026_FLANKER_T006_A04,-0.2235,0.27649999999999997,10,0.02569048797816129,True
P02_L026,P02,flanker,P02_L026_FLANKER_T007_A01,0.4985,0.9984999999999999,10,0.03968186192446516,True
P02_L026,P02,flanker,P02_L026_FLANKER_T007_A02,0.0172,0.5172,10,0.019753870167928178,True
P02_L026,P02,flanker,P02_L026_FLANKER_T007_A03,-0.2235,0.27649999999999997,10,0.015218074646312292,True
P02_L026,P02,flanker,P02_L026_FLANKER_T007_A04,0.2578,0.7578,10,0.024375175853370904,True
P02_L026,P02,flanker,P02_L026_FLANKER_T008_A01,0.0172,0.5172,10,0.025900010059976202,True
P02_L026,P02,flanker,P02_L026_FLANKER_T008_A02,-0.2235,0.27649999999999997,10,0.01763909446066554,True
P02_L026,P02,flanker,P02_L026_FLANKER_T008_A03,0.2578,0.7578,10,0.022711207182565574,True
P02_L026,P02,flanker,P02_L026_FLANKER_T008_A04,0.4985,0.9984999999999999,11,0.018108741410776796,True
P02_L026,P02,flanker,P02_L026_FLANKER_T009_A01,0.3151,0.8150999999999999,10,0.036362360435403605,True
P02_L026,P02,flanker,P02_L026_FLANKER_T009_A02,0.0802,0.5802,10,0.020811358264263828,True
P02_L026,P02,flanker,P02_L026_FLANKER_T009_A03,-0.4011,0.09889999999999999,10,0.051586504448607275,True
P02_L026,P02,flanker,P02_L026_FLANKER_T009_A04,-0.1604,0.3396,10,0.02251833639054247,True
P02_L026,P02,flanker,P02_L026_FLANKER_T010_A01,0.0802,0.5802,10,0.02251833639054247,True
P02_L026,P02,flanker,P02_L026_FLANKER_T010_A02,-0.4011,0.09889999999999999,10,0.048549438108246766,True
P02_L026,P02,flanker,P02_L026_FLANKER_T010_A03,-0.1604,0.3396,10,0.02064295362329232,True
P02_L026,P02,flanker,P02_L026_FLANKER_T010_A04,0.3151,0.8150999999999999,10,0.021192590075968572,True
P02_L026,P02,flanker,P02_L026_FLANKER_T011_A01,-0.4011,0.09889999999999999,10,0.05158645461225613,True
P02_L026,P02,flanker,P02_L026_FLANKER_T011_A02,0.3151,0.8150999999999999,10,0.014817439993084706,True
P02_L026,P02,flanker,P02_L026_FLANKER_T011_A03,0.0802,0.5802,10,0.02976543889010089,True
P02_L026,P02,flanker,P02_L026_FLANKER_T011_A04,-0.1604,0.3396,10,0.02081133288699516,True
P02_L026,P02,flanker,P02_L026_FLANKER_T012_A01,0.3151,0.8150999999999999,10,0.036362360435403605,True
P02_L026,P02,flanker,P02_L026_FLANKER_T012_A02,-0.1604,0.3396,11,0.012577670738170328,True
P02_L026,P02,flanker,P02_L026_FLANKER_T012_A03,0.0802,0.5802,10,0.010635878139799378,True
P02_L026,P02,flanker,P02_L026_FLANKER_T012_A04,-0.4011,0.09889999999999999,10,0.04146790221557069,True
P02_L026,P02,flanker,P02_L026_FLANKER_T013_A01,-0.1031,0.39690000000000003,11,0.014433118823276194,True
P02_L026,P02,flanker,P02_L026_FLANKER_T013_A02,0.1375,0.6375,10,0.036362360435403605,True
P02_L026,P02,flanker,P02_L026_FLANKER_T013_A03,-0.338,0.16199999999999998,10,0.04146790221557069,True
P02_L026,P02,flanker,P02_L026_FLANKER_T013_A04,0.3782,0.8782,10,0.023733395723159783,True
P02_L026,P02,flanker,P02_L026_FLANKER_T014_A01,-0.338,0.16199999999999998,10,0.029524591812598817,True
P02_L026,P02,flanker,P02_L026_FLANKER_T014_A02,0.1375,0.6375,10,0.023733443912987897,True
P02_L026,P02,flanker,P02_L026_FLANKER_T014_A03,0.3782,0.8782,11,0.03801439472860658,True
P02_L026,P02,flanker,P02_L026_FLANKER_T014_A04,-0.1031,0.39690000000000003,10,0.04146790221557069,True
P02_L026,P02,flanker,P02_L026_FLANKER_T015_A01,-0.338,0.16199999999999998,11,0.03801439472860658,True
P02_L026,P02,flanker,P02_L026_FLANKER_T015_A02,-0.1031,0.39690000000000003,11,0.03333404804412782,True
P02_L026,P02,flanker,P02_L026_FLANKER_T015_A03,0.3782,0.8782,10,0.04146790221557069,True
P02_L026,P02,flanker,P02_L026_FLANKER_T015_A04,0.1375,0.6375,10,0.04523515261265101,True
P02_L049,P02,base,P02_L049_BASE_T000_A01,-0.1662,0.3338,10,0.03195917101347495,True
P02_L049,P02,base,P02_L049_BASE_T000_A02,0.4011,0.9011,10,0.06877267123620542,True
P02_L049,P02,base,P02_L049_BASE_T000_A03,0.212,0.712,10,0.05202834644682993,True
P02_L049,P02,base,P02_L049_BASE_T000_A04,0.0229,0.5229,10,0.021201170476140677,True
P02_L049,P02,base,P02_L049_BASE_T001_A01,0.0745,0.5745,10,0.02176566409023034,True
P02_L049,P02,base,P02_L049_BASE_T001_A02,0.4526,0.9526,10,0.02271119119076223,True
P02_L049,P02,base,P02_L049_BASE_T001_A03,-0.1146,0.3854,10,0.01893145269380868,True
P02_L049,P02,base,P02_L049_BASE_T001_A04,0.2636,0.7636000000000001,10,0.02252744327109203,True
P02_L049,P02,base,P02_L049_BASE_T002_A01,0.4526,0.9526,10,0.02271119119076223,True
P02_L049,P02,base,P02_L049_BASE_T002_A02,-0.1146,0.3854,10,0.016170058143209112,True
P02_L049,P02,base,P02_L049_BASE_T002_A03,0.0745,0.5745,11,0.026857711100134865,True
P02_L049,P02,base,P02_L049_BASE_T002_A04,0.2636,0.7636000000000001,10,0.03968185155234242,True
P02_L049,P02,base,P02_L049_BASE_T003_A01,0.2636,0.7636000000000001,10,0.023127249650720022,True
P02_L049,P02,base,P02_L049_BASE_T003_A02,0.0745,0.5745,10,0.019753858650415197,True
P02_L049,P02,base,P02_L049_BASE_T003_A03,-0.1146,0.3854,10,0.01763908090016972,True
P02_L049,P02,base,P02_L049_BASE_T003_A04,0.4526,0.9526,11,0.025482613546772614,True
P02_L049,P02,base,P02_L049_BASE_T004_A01,0.4526,0.9526,11,0.016039224800056266,True
P02_L049,P02,base,P02_L049_BASE_T004_A02,0.2636,0.7636000000000001,10,0.03543364948628696,True
P02_L049,P02,base,P02_L049_BASE_T004_A03,0.0745,0.5745,10,0.020115739675364817,True
P02_L049,P02,base,P02_L049_BASE_T004_A04,-0.1146,0.3854,10,0.02252744327109203,True
P02_L049,P02,base,P02_L049_BASE_T005_A01,-0.0688,0.4312,11,0.02158956789668271,True
P02_L049,P02,base,P02_L049_BASE_T005_A02,0.1203,0.6203,10,0.05026899341431641,True
P02_L049,P02,base,P02_L049_BASE_T005_A03,-0.2578,0.24220000000000003,10,0.059333543473902184,True
P02_L049,P02,base,P02_L049_BASE_T005_A04,0.4985,0.9984999999999999,10,0.03002035894580909,True
P02_L049,P02,base,P02_L049_BASE_T005_A05,0.3094,0.8094,10,0.028770533568162147,True
P02_L049,P02,base,P02_L049_BASE_T006_A01,-0.2578,0.24220000000000003,11,0.03637709273734868,True
P02_L049,P02,base,P02_L049_BASE_T006_A02,0.3094,0.8094,11,0.020651321485392164,True
P02_L049,P02,base,P02_L049_BASE_T006_A03,-0.0688,0.4312,10,0.03968185155234242,True
P02_L049,P02,base,P02_L049_BASE_T006_A04,0.1203,0.6203,10,0.029536554842345308,True
P02_L049,P02,base,P02_L049_BASE_T006_A05,0.4985,0.9984999999999999,10,0.03543364948628696,True
P02_L049,P02,base,P02_L049_BASE_T007_A01,0.4985,0.9984999999999999,10,0.029536554842345308,True
P02_L049,P02,base,P02_L049_BASE_T007_A02,0.1203,0.6203,10,0.05298144524826901,True
P02_L049,P02,base,P02_L049_BASE_T007_A03,-0.0688,0.4312,10,0.05160741024450899,True
P02_L049,P02,base,P02_L049_BASE_T007_A04,0.3094,0.8094,11,0.026374471008304333,True
P02_L049,P02,base,P02_L049_BASE_T008_A01,0.1203,0.6203,10,0.059333543473902184,True
P02_L049,P02,base,P02_L049_BASE_T008_A02,-0.0688,0.4312,11,0.030077653975553238,True
P02_L049,P02,base,P02_L049_BASE_T008_A03,0.3094,0.8094,11,0.015496870367585885,True
P02_L049,P02,base,P02_L049_BASE_T008_A04,0.4985,0.9984999999999999,10,0.030570313490309982,True
P02_L049,P02,base,P02_L049_BASE_T009_A01,-0.4011,0.09889999999999999,10,0.0370434835912421,True
P02_L049,P02,base,P02_L049_BASE_T009_A02,-0.2578,0.24220000000000003,10,0.04525348353309591,True
P02_L049,P02,base,P02_L049_BASE_T009_A03,-0.3037,0.19629999999999997,10,0.02252744327109203,True
P02_L049,P02,base,P02_L049_BASE_T009_A04,-0.3552,0.14479999999999998,11,0.018108727643123504,True
P02_L049,P02,base,P02_L049_BASE_T010_A01,-0.3552,0.14479999999999998,11,0.020651321485392164,True
P02_L049,P02,base,P02_L049_BASE_T010_A02,-0.2578,0.24220000000000003,10,0.034235441585103665,True
P02_L049,P02,base,P02_L049_BASE_T010_A03,-0.3037,0.19629999999999997,11,0.02312724504115881,True
P02_L049,P02,base,P02_L049_BASE_T011_A01,-0.3037,0.19629999999999997,10,0.030077661509318954,True
P02_L049,P02,base,P02_L049_BASE_T011_A02,-0.3552,0.14479999999999998,10,0.02252744327109203,True
P02_L049,P02,base,P02_L049_BASE_T012_A01,-0.3037,0.19629999999999997,11,0.0212011812442656,True
P02_L049,P02,base,P02_L049_BASE_T012_A02,-0.3552,0.14479999999999998,10,0.02252744327109203,True
P02_L049,P02,base,P02_L049_BASE_T013_A01,0.1662,0.6662,10,0.10366971234611078,True
P02_L049,P02,base,P02_L049_BASE_T013_A02,-0.0229,0.4771,10,0.052028307692648844,True
P02_L049,P02,base,P02_L049_BASE_T013_A03,-0.4011,0.09889999999999999,11,0.04570971687435217,True
P02_L049,P02,base,P02_L049_BASE_T013_A04,-0.212,0.28800000000000003,10,0.04525351125685756,True
P02_L049,P02,base,P02_L049_BASE_T013_A05,0.3552,0.8552,10,0.06472379983568861,True
P02_L049,P02,base,P02_L049_BASE_T014_A01,-0.0229,0.4771,11,0.04008186123719354,True
P02_L049,P02,base,P02_L049_BASE_T014_A02,0.1662,0.6662,11,0.05298147332830721,True
P02_L049,P02,base,P02_L049_BASE_T014_A03,-0.212,0.28800000000000003,10,0.03734564848754757,True
P02_L049,P02,base,P02_L049_BASE_T014_A04,-0.4011,0.09889999999999999,10,0.057327141864434425,True
P02_L049,P02,base,P02_L049_BASE_T014_A05,0.3552,0.8552,10,0.05160743521294927,True
P02_L049,P02,base,P02_L049_BASE_T015_A01,0.3552,0.8552,10,0.0771649797494729,True
P02_L049,P02,base,P02_L049_BASE_T015_A02,-0.4011,0.09889999999999999,10,0.06141011409505189,True
P02_L049,P02,base,P02_L049_BASE_T015_A03,-0.0229,0.4771,10,0.05298145579465141,True
P02_L049,P02,base,P02_L049_BASE_T015_A04,0.1662,0.6662,10,0.04525351125685756,True
P02_L049,P02,base,P02_L049_BASE_T015_A05,-0.212,0.28800000000000003,10,0.03704349045448363,True
P02_L049,P02,base,P02_L049_BASE_T016_A01,0.1662,0.6662,10,0.055840325429895955,True
P02_L049,P02,base,P02_L049_BASE_T016_A02,-0.0229,0.4771,10,0.04525348353309591,True
P02_L049,P02,base,P02_L049_BASE_T016_A03,0.3552,0.8552,10,0.0909058654138665,True
P02_L049,P02,base,P02_L049_BASE_T016_A04,-0.212,0.28800000000000003,10,0.04856908470701869,True
P02_L049,P02,base,P02_L049_BASE_T017_A01,0.212,0.712,10,0.05933348769357536,True
P02_L049,P02,base,P02_L049_BASE_T017_A02,-0.1662,0.3338,10,0.02252744327109203,True
P02_L049,P02,base,P02_L049_BASE_T017_A03,0.4011,0.9011,10,0.05629580046440613,True
P02_L049,P02,base,P02_L049_BASE_T017_A04,0.0229,0.5229,11,0.011915822421533825,True
P02_L049,P02,base,P02_L049_BASE_T018_A01,0.4011,0.9011,10,0.043723187420737136,True
P02_L049,P02,base,P02_L049_BASE_T018_A02,0.212,0.712,10,0.04525348353309591,True
P02_L049,P02,base,P02_L049_BASE_T018_A03,-0.1662,0.3338,11,0.03486261999096141,True
P02_L049,P02,base,P02_L049_BASE_T018_A04,0.0229,0.5229,10,0.019753858650415197,True
P02_L049,P02,base,P02_L049_BASE_T019_A01,0.212,0.712,10,0.04856909668761643,True
P02_L049,P02,base,P02_L049_BASE_T019_A02,0.0229,0.5229,10,0.019753858650415197,True
P02_L049,P02,base,P02_L049_BASE_T019_A03,-0.1662,0.3338,11,0.020651321485392164,True
P02_L049,P02,base,P02_L049_BASE_T019_A04,0.4011,0.9011,10,0.06766437041086451,True
P02_L049,P02,flanker,P02_L049_FLANKER_T000_A01,0.4011,0.9011,10,0.056295834109460645,True
P02_L049,P02,flanker,P02_L049_FLANKER_T000_A02,-0.1662,0.3338,10,0.02252744327109203,True
P02_L049,P02,flanker,P02_L049_FLANKER_T000_A03,0.0229,0.5229,10,0.017042580696592754,True
P02_L049,P02,flanker,P02_L049_FLANKER_T000_A04,-0.3552,0.14479999999999998,10,0.015218056452011623,True
P02_L049,P02,flanker,P02_L049_FLANKER_T000_A05,0.212,0.712,11,0.03281011496989442,True
P02_L049,P02,flanker,P02_L049_FLANKER_T001_A01,0.4526,0.9526,10,0.02417794128295172,True
P02_L049,P02,flanker,P02_L049_FLANKER_T001_A02,0.2636,0.7636000000000001,10,0.030570313490309982,True
P02_L049,P02,flanker,P02_L049_FLANKER_T001_A03,-0.1146,0.3854,10,0.019753858650415197,True
P02_L049,P02,flanker,P02_L049_FLANKER_T001_A04,-0.3037,0.19629999999999997,10,0.019753858650415197,True
P02_L049,P02,flanker,P02_L049_FLANKER_T001_A05,0.0745,0.5745,10,0.034235441585103665,True
P02_L049,P02,flanker,P02_L049_FLANKER_T002_A01,0.4526,0.9526,10,0.032219872227112145,True
P02_L049,P02,flanker,P02_L049_FLANKER_T002_A02,0.2636,0.7636000000000001,10,0.040408798709597044,True
P02_L049,P02,flanker,P02_L049_FLANKER_T002_A03,0.0745,0.5745,10,0.019753858650415197,True
P02_L049,P02,flanker,P02_L049_FLANKER_T002_A04,-0.3037,0.19629999999999997,10,0.019753858650415197,True
P02_L049,P02,flanker,P02_L049_FLANKER_T002_A05,-0.1146,0.3854,10,0.020115739675364817,True
P02_L049,P02,flanker,P02_L049_FLANKER_T003_A01,-0.2578,0.24220000000000003,10,0.03904236105247451,True
P02_L049,P02,flanker,P02_L049_FLANKER_T003_A02,0.1203,0.6203,10,0.04452418972409252,True
P02_L049,P02,flanker,P02_L049_FLANKER_T003_A03,0.3094,0.8094,11,0.01749634909413883,True
P02_L049,P02,flanker,P02_L049_FLANKER_T003_A04,-0.0688,0.4312,10,0.03543364948628696,True
P02_L049,P02,flanker,P02_L049_FLANKER_T003_A05,0.4985,0.9984999999999999,10,0.018590863707960214,True
P02_L049,P02,flanker,P02_L049_FLANKER_T004_A01,-0.2578,0.24220000000000003,10,0.03968185155234242,True
P02_L049,P02,flanker,P02_L049_FLANKER_T004_A02,0.4985,0.9984999999999999,11,0.018108727643123504,True
P02_L049,P02,flanker,P02_L049_FLANKER_T004_A03,-0.0688,0.4312,10,0.05160741024450899,True
P02_L049,P02,flanker,P02_L049_FLANKER_T004_A04,0.3094,0.8094,10,0.025900007304281738,True
P02_L049,P02,flanker,P02_L049_FLANKER_T004_A05,0.1203,0.6203,10,0.056295834109460645,True
P02_L049,P02,flanker,P02_L049_FLANKER_T005_A01,0.4985,0.9984999999999999,10,0.02271119119076223,True
P02_L049,P02,flanker,P02_L049_FLANKER_T005_A02,0.1203,0.6203,10,0.03704349045448363,True
P02_L049,P02,flanker,P02_L049_FLANKER_T005_A03,0.3094,0.8094,10,0.02271119119076223,True
P02_L049,P02,flanker,P02_L049_FLANKER_T005_A04,-0.0688,0.4312,10,0.040408798709597044,True
P02_L049,P02,flanker,P02_L049_FLANKER_T005_A05,-0.2578,0.24220000000000003,11,0.023550913353975265,True
P02_L049,P02,flanker,P02_L049_FLANKER_T006_A01,0.4985,0.9984999999999999,10,0.02569049414526267,True
P02_L049,P02,flanker,P02_L049_FLANKER_T006_A02,-0.0688,0.4312,11,0.03550127460874159,True
P02_L049,P02,flanker,P02_L049_FLANKER_T006_A03,0.3094,0.8094,10,0.03514696860149081,True
P02_L049,P02,flanker,P02_L049_FLANKER_T006_A04,0.1203,0.6203,10,0.04258928057014197,True
P02_L049,P02,flanker,P02_L049_FLANKER_T006_A05,-0.2578,0.24220000000000003,10,0.05160741024450899,True
P02_L049,P02,flanker,P02_L049_FLANKER_T007_A01,0.0745,0.5745,10,0.019753858650415197,True
P02_L049,P02,flanker,P02_L049_FLANKER_T007_A02,0.4526,0.9526,11,0.018108727643123504,True
P02_L049,P02,flanker,P02_L049_FLANKER_T007_A03,0.2636,0.7636000000000001,10,0.03968185155234242,True
P02_L049,P02,flanker,P02_L049_FLANKER_T007_A04,-0.3037,0.19629999999999997,11,0.020651321485392164,True
P02_L049,P02,flanker,P02_L049_FLANKER_T007_A05,-0.1146,0.3854,10,0.023315887217870333,True
P02_L049,P02,flanker,P02_L049_FLANKER_T008_A01,-0.1146,0.3854,11,0.026374471008304333,True
P02_L049,P02,flanker,P02_L049_FLANKER_T008_A02,0.0745,0.5745,10,0.019753858650415197,True
P02_L049,P02,flanker,P02_L049_FLANKER_T008_A03,0.2636,0.7636000000000001,10,0.025900007304281738,True
P02_L049,P02,flanker,P02_L049_FLANKER_T008_A04,0.4526,0.9526,10,0.019753858650415197,True
P02_L049,P02,flanker,P02_L049_FLANKER_T008_A05,-0.3037,0.19629999999999997,10,0.019753858650415197,True
P02_L049,P02,flanker,P02_L049_FLANKER_T009_A01,-0.0229,0.4771,10,0.034235472716539955,True
P02_L049,P02,flanker,P02_L049_FLANKER_T009_A02,0.3552,0.8552,10,0.04525348353309591,True
P02_L049,P02,flanker,P02_L049_FLANKER_T009_A03,-0.4011,0.09889999999999999,11,0.03637709273734868,True
P02_L049,P02,flanker,P02_L049_FLANKER_T009_A04,-0.212,0.28800000000000003,10,0.02590003684175762,True
P02_L049,P02,flanker,P02_L049_FLANKER_T009_A05,0.1662,0.6662,10,0.04525351125685756,True
P02_L049,P02,flanker,P02_L049_FLANKER_T010_A01,-0.4011,0.09889999999999999,10,0.04525351125685756,True
P02_L049,P02,flanker,P02_L049_FLANKER_T010_A02,0.1662,0.6662,11,0.04148473090602556,True
P02_L049,P02,flanker,P02_L049_FLANKER_T010_A03,0.3552,0.8552,10,0.05629580046440613,True
P02_L049,P02,flanker,P02_L049_FLANKER_T010_A04,-0.0229,0.4771,10,0.05341365272126077,True
P02_L049,P02,flanker,P02_L049_FLANKER_T010_A05,-0.212,0.28800000000000003,11,0.04148473090602556,True
P02_L049,P02,flanker,P02_L049_FLANKER_T011_A01,-0.4011,0.09889999999999999,10,0.05160741024450899,True
P02_L049,P02,flanker,P02_L049_FLANKER_T011_A02,0.1662,0.6662,11,0.05395208594718384,True
P02_L049,P02,flanker,P02_L049_FLANKER_T011_A03,-0.212,0.28800000000000003,10,0.04008187053340583,True
P02_L049,P02,flanker,P02_L049_FLANKER_T011_A04,-0.0229,0.4771,10,0.05483575133808426,True
P02_L049,P02,flanker,P02_L049_FLANKER_T011_A05,0.3552,0.8552,10,0.07441354131300863,True
P02_L049,P02,flanker,P02_L049_FLANKER_T012_A01,-0.212,0.28800000000000003,10,0.05629580046440613,True
P02_L049,P02,flanker,P02_L049_FLANKER_T012_A02,0.3552,0.8552,10,0.05629580046440613,True
P02_L049,P02,flanker,P02_L049_FLANKER_T012_A03,0.1662,0.6662,10,0.059333516372217836,True
P02_L049,P02,flanker,P02_L049_FLANKER_T012_A04,-0.0229,0.4771,10,0.06877265922427704,True
P02_L049,P02,flanker,P02_L049_FLANKER_T012_A05,-0.4011,0.09889999999999999,10,0.038029779477632246,True
P02_L049,P02,flanker,P02_L049_FLANKER_T013_A01,0.4011,0.9011,10,0.056295834109460645,True
P02_L049,P02,flanker,P02_L049_FLANKER_T013_A02,0.0229,0.5229,10,0.02252744327109203,True
P02_L049,P02,flanker,P02_L049_FLANKER_T013_A03,-0.3552,0.14479999999999998,10,0.02252744327109203,True
P02_L049,P02,flanker,P02_L049_FLANKER_T013_A04,-0.1662,0.3338,10,0.02437517935717111,True
P02_L049,P02,flanker,P02_L049_FLANKER_T013_A05,0.212,0.712,10,0.06766437041086451,True
P02_L049,P02,flanker,P02_L049_FLANKER_T014_A01,-0.3552,0.14479999999999998,10,0.02252744327109203,True
P02_L049,P02,flanker,P02_L049_FLANKER_T014_A02,0.0229,0.5229,11,0.01497281533851511,True
P02_L049,P02,flanker,P02_L049_FLANKER_T014_A03,0.4011,0.9011,10,0.05160741024450899,True
P02_L049,P02,flanker,P02_L049_FLANKER_T014_A04,-0.1662,0.3338,10,0.018590863707960214,True
P02_L049,P02,flanker,P02_L049_FLANKER_T014_A05,0.212,0.712,10,0.05160741024450899,True
P02_L049,P02,flanker,P02_L049_FLANKER_T015_A01,-0.1662,0.3338,10,0.020115739675364817,True
P02_L049,P02,flanker,P02_L049_FLANKER_T015_A02,0.4011,0.9011,10,0.029536554842345308,True
P02_L049,P02,flanker,P02_L049_FLANKER_T015_A03,0.0229,0.5229,10,0.012893158089901501,True
P02_L049,P02,flanker,P02_L049_FLANKER_T015_A04,-0.3552,0.14479999999999998,11,0.013588897164473666,True
P02_L049,P02,flanker,P02_L049_FLANKER_T015_A05,0.212,0.712,10,0.05160736094433349,True
P02_L100,P02,base,P02_L100_BASE_T000_A01,0.4011,0.9011,10,0.09090582932003076,True
P02_L100,P02,base,P02_L100_BASE_T000_A02,-0.3552,0.14479999999999998,10,0.0520283136453255,True
P02_L100,P02,base,P02_L100_BASE_T000_A03,0.212,0.712,10,0.10366974121870853,True
P02_L100,P02,base,P02_L100_BASE_T000_A04,0.0229,0.5229,10,0.06091321249228526,True
P02_L100,P02,base,P02_L100_BASE_T000_A05,-0.1662,0.3338,11,0.047309507421423966,True
P02_L100,P02,base,P02_L100_BASE_T001_A01,0.4526,0.9526,10,0.05629578069393223,True
P02_L100,P02,base,P02_L100_BASE_T001_A02,0.2636,0.7636000000000001,10,0.052981421808227486,True
P02_L100,P02,base,P02_L100_BASE_T001_A03,-0.1146,0.3854,10,0.046082451726345425,True
P02_L100,P02,base,P02_L100_BASE_T001_A04,-0.3037,0.19629999999999997,10,0.059333441422541704,True
P02_L100,P02,base,P02_L100_BASE_T001_A05,0.0745,0.5745,10,0.035433675422982966,True
P02_L100,P02,base,P02_L100_BASE_T002_A01,-0.3037,0.19629999999999997,10,0.039681877909640055,True
P02_L100,P02,base,P02_L100_BASE_T002_A02,0.2636,0.7636000000000001,10,0.04525349573300749,True
P02_L100,P02,base,P02_L100_BASE_T002_A03,0.0745,0.5745,10,0.04525342630842334,True
P02_L100,P02,base,P02_L100_BASE_T002_A04,-0.1146,0.3854,11,0.03674376631030023,True
P02_L100,P02,base,P02_L100_BASE_T002_A05,0.4526,0.9526,10,0.04645838820114684,True
P02_L100,P02,base,P02_L100_BASE_T003_A01,0.2636,0.7636000000000001,10,0.04525342630842334,True
P02_L100,P02,base,P02_L100_BASE_T003_A02,0.0745,0.5745,10,0.040408751461248914,True
P02_L100,P02,base,P02_L100_BASE_T003_A03,-0.3037,0.19629999999999997,10,0.039681877909640055,True
P02_L100,P02,base,P02_L100_BASE_T003_A04,-0.1146,0.3854,10,0.04008180965643985,True
P02_L100,P02,base,P02_L100_BASE_T003_A05,0.4526,0.9526,10,0.03904231590089301,True
P02_L100,P02,base,P02_L100_BASE_T004_A01,-0.3037,0.19629999999999997,10,0.0520283136453255,True
P02_L100,P02,base,P02_L100_BASE_T004_A02,-0.1146,0.3854,10,0.046082451726345425,True
P02_L100,P02,base,P02_L100_BASE_T004_A03,0.2636,0.7636000000000001,10,0.04525342630842334,True
P02_L100,P02,base,P02_L100_BASE_T004_A04,0.4526,0.9526,10,0.0516073797168132,True
P02_L100,P02,base,P02_L100_BASE_T004_A05,0.0745,0.5745,10,0.0425892060977438,True
P02_L100,P02,base,P02_L100_BASE_T005_A01,-0.0688,0.4312,11,0.05212772054696883,True
P02_L100,P02,base,P02_L100_BASE_T005_A02,0.4985,0.9984999999999999,10,0.059333441422541704,True
P02_L100,P02,base,P02_L100_BASE_T005_A03,-0.2578,0.24220000000000003,10,0.08944082000099102,True
P02_L100,P02,base,P02_L100_BASE_T005_A04,0.3094,0.8094,10,0.039681877909640055,True
P02_L100,P02,base,P02_L100_BASE_T005_A05,0.1203,0.6203,10,0.08486170876359471,True
P02_L100,P02,base,P02_L100_BASE_T006_A01,0.3094,0.8094,10,0.04525342630842334,True
P02_L100,P02,base,P02_L100_BASE_T006_A02,0.1203,0.6203,10,0.09090582932003076,True
P02_L100,P02,base,P02_L100_BASE_T006_A03,-0.0688,0.4312,10,0.09090582932003076,True
P02_L100,P02,base,P02_L100_BASE_T006_A04,0.4985,0.9984999999999999,11,0.047309410252544246,True
P02_L100,P02,base,P02_L100_BASE_T006_A05,-0.2578,0.24220000000000003,10,0.09090582932003076,True
P02_L100,P02,base,P02_L100_BASE_T007_A01,-0.0688,0.4312,10,0.08117377586790923,True
P02_L100,P02,base,P02_L100_BASE_T007_A02,0.1203,0.6203,10,0.09090582932003076,True
P02_L100,P02,base,P02_L100_BASE_T007_A03,-0.2578,0.24220000000000003,10,0.07003252785376674,True
P02_L100,P02,base,P02_L100_BASE_T007_A04,0.3094,0.8094,10,0.04114904467070182,True
P02_L100,P02,base,P02_L100_BASE_T007_A05,0.4985,0.9984999999999999,10,0.05885348234838744,True
P02_L100,P02,base,P02_L100_BASE_T008_A01,-0.2578,0.24220000000000003,10,0.09090582932003076,True
P02_L100,P02,base,P02_L100_BASE_T008_A02,0.3094,0.8094,10,0.0520283136453255,True
P02_L100,P02,base,P02_L100_BASE_T008_A03,0.1203,0.6203,10,0.09090582932003076,True
P02_L100,P02,base,P02_L100_BASE_T008_A04,-0.0688,0.4312,10,0.09090582932003076,True
P02_L100,P02,base,P02_L100_BASE_T008_A05,0.4985,0.9984999999999999,11,0.045709589273876444,True
P02_L100,P02,base,P02_L100_BASE_T009_A01,-0.212,0.28800000000000003,10,0.07842879976245584,True
P02_L100,P02,base,P02_L100_BASE_T009_A02,0.1662,0.6662,10,0.06766438832601365,True
P02_L100,P02,base,P02_L100_BASE_T009_A03,-0.0229,0.4771,10,0.05885344923806393,True
P02_L100,P02,base,P02_L100_BASE_T009_A04,-0.4011,0.09889999999999999,11,0.05538862320070742,True
P02_L100,P02,base,P02_L100_BASE_T009_A05,0.3552,0.8552,10,0.11918997958216355,True
P02_L100,P02,base,P02_L100_BASE_T010_A01,0.3552,0.8552,10,0.09090582932003076,True
P02_L100,P02,base,P02_L100_BASE_T010_A02,0.1662,0.6662,10,0.09257123575788712,True
P02_L100,P02,base,P02_L100_BASE_T010_A03,-0.212,0.28800000000000003,10,0.0676643502956393,True
P02_L100,P02,base,P02_L100_BASE_T010_A04,-0.4011,0.09889999999999999,10,0.08117377586790923,True
P02_L100,P02,base,P02_L100_BASE_T010_A05,-0.0229,0.4771,10,0.09090582932003076,True
P02_L100,P02,base,P02_L100_BASE_T011_A01,-0.4011,0.09889999999999999,10,0.10366962466360144,True
P02_L100,P02,base,P02_L100_BASE_T011_A02,0.1662,0.6662,10,0.09756634337335106,True
P02_L100,P02,base,P02_L100_BASE_T011_A03,-0.0229,0.4771,10,0.0520283136453255,True
P02_L100,P02,base,P02_L100_BASE_T011_A04,0.3552,0.8552,10,0.10366974121870853,True
P02_L100,P02,base,P02_L100_BASE_T011_A05,-0.212,0.28800000000000003,10,0.05933351443980976,True
P02_L100,P02,base,P02_L100_BASE_T012_A01,-0.4011,0.09889999999999999,10,0.09090582932003076,True
P02_L100,P02,base,P02_L100_BASE_T012_A02,-0.212,0.28800000000000003,10,0.05933351443980976,True
P02_L100,P02,base,P02_L100_BASE_T012_A03,0.1662,0.6662,10,0.10366974121870853,True
P02_L100,P02,base,P02_L100_BASE_T012_A04,0.3552,0.8552,10,0.06472377078953302,True
P02_L100,P02,base,P02_L100_BASE_T012_A05,-0.0229,0.4771,10,0.10366962466360144,True
P02_L100,P02,base,P02_L100_BASE_T013_A01,-0.3552,0.14479999999999998,10,0.03841315922083088,True
P02_L100,P02,base,P02_L100_BASE_T013_A02,0.4011,0.9011,10,0.10366974121870853,True
P02_L100,P02,base,P02_L100_BASE_T013_A03,0.0229,0.5229,10,0.039681877909640055,True
P02_L100,P02,base,P02_L100_BASE_T013_A04,-0.1662,0.3338,10,0.039681877909640055,True
P02_L100,P02,base,P02_L100_BASE_T013_A05,0.212,0.712,11,0.10837972255561872,True
P02_L100,P02,base,P02_L100_BASE_T014_A01,0.4011,0.9011,10,0.11919001343017,True
P02_L100,P02,base,P02_L100_BASE_T014_A02,-0.3552,0.14479999999999998,10,0.05629578069393223,True
P02_L100,P02,base,P02_L100_BASE_T014_A03,-0.1662,0.3338,10,0.04525345941874622,True
P02_L100,P02,base,P02_L100_BASE_T014_A04,0.212,0.712,10,0.10366974121870853,True
P02_L100,P02,base,P02_L100_BASE_T014_A05,0.0229,0.5229,10,0.055840254229045524,True
P02_L100,P02,base,P02_L100_BASE_T015_A01,-0.1662,0.3338,10,0.0425892060977438,True
P02_L100,P02,base,P02_L100_BASE_T015_A02,0.0229,0.5229,10,0.042589266520501025,True
P02_L100,P02,base,P02_L100_BASE_T015_A03,0.212,0.712,10,0.11822573802799824,True
P02_L100,P02,base,P02_L100_BASE_T015_A04,0.4011,0.9011,10,0.08712123494322348,True
P02_L100,P02,base,P02_L100_BASE_T015_A05,-0.3552,0.14479999999999998,10,0.0425892060977438,True
P02_L100,P02,flanker,P02_L100_FLANKER_T000_A01,0.4011,0.9011,11,0.04570968130161831,True
P02_L100,P02,flanker,P02_L100_FLANKER_T000_A02,0.212,0.712,10,0.05255282978609274,True
P02_L100,P02,flanker,P02_L100_FLANKER_T000_A03,-0.3552,0.14479999999999998,10,0.039681877909640055,True
P02_L100,P02,flanker,P02_L100_FLANKER_T000_A04,0.0229,0.5229,11,0.02502417955084222,True
P02_L100,P02,flanker,P02_L100_FLANKER_T000_A05,-0.1662,0.3338,10,0.04525345941874622,True
P02_L100,P02,flanker,P02_L100_FLANKER_T001_A01,-0.3037,0.19629999999999997,10,0.03486258389393714,True
P02_L100,P02,flanker,P02_L100_FLANKER_T001_A02,0.4526,0.9526,11,0.04945880710664739,True
P02_L100,P02,flanker,P02_L100_FLANKER_T001_A03,0.0745,0.5745,10,0.03734570136852233,True
P02_L100,P02,flanker,P02_L100_FLANKER_T001_A04,0.2636,0.7636000000000001,10,0.06877264818717442,True
P02_L100,P02,flanker,P02_L100_FLANKER_T001_A05,-0.1146,0.3854,11,0.02729757014789504,True
P02_L100,P02,flanker,P02_L100_FLANKER_T002_A01,-0.3037,0.19629999999999997,10,0.04525342630842334,True
P02_L100,P02,flanker,P02_L100_FLANKER_T002_A02,-0.1146,0.3854,10,0.052028357450479935,True
P02_L100,P02,flanker,P02_L100_FLANKER_T002_A03,0.4526,0.9526,10,0.04525342630842334,True
P02_L100,P02,flanker,P02_L100_FLANKER_T002_A04,0.2636,0.7636000000000001,11,0.04008182972651699,True
P02_L100,P02,flanker,P02_L100_FLANKER_T002_A05,0.0745,0.5745,11,0.03550124622569791,True
P02_L100,P02,flanker,P02_L100_FLANKER_T003_A01,-0.3037,0.19629999999999997,10,0.030570287642914383,True
P02_L100,P02,flanker,P02_L100_FLANKER_T003_A02,0.4526,0.9526,10,0.059333441422541704,True
P02_L100,P02,flanker,P02_L100_FLANKER_T003_A03,0.0745,0.5745,10,0.034862624883508476,True
P02_L100,P02,flanker,P02_L100_FLANKER_T003_A04,-0.1146,0.3854,10,0.07986552220071849,True
P02_L100,P02,flanker,P02_L100_FLANKER_T003_A05,0.2636,0.7636000000000001,10,0.03486262446981426,True
P02_L100,P02,flanker,P02_L100_FLANKER_T004_A01,0.0745,0.5745,10,0.04525342630842334,True
P02_L100,P02,flanker,P02_L100_FLANKER_T004_A02,-0.3037,0.19629999999999997,10,0.04525345941874622,True
P02_L100,P02,flanker,P02_L100_FLANKER_T004_A03,-0.1146,0.3854,10,0.040408751461248914,True
P02_L100,P02,flanker,P02_L100_FLANKER_T004_A04,0.2636,0.7636000000000001,10,0.051607343797021754,True
P02_L100,P02,flanker,P02_L100_FLANKER_T004_A05,0.4526,0.9526,10,0.039681877909640055,True
P02_L100,P02,flanker,P02_L100_FLANKER_T005_A01,-0.2578,0.24220000000000003,10,0.05885348234838744,True
P02_L100,P02,flanker,P02_L100_FLANKER_T005_A02,0.3094,0.8094,10,0.051607343797021754,True
P02_L100,P02,flanker,P02_L100_FLANKER_T005_A03,0.4985,0.9984999999999999,11,0.04336942515993926,True
P02_L100,P02,flanker,P02_L100_FLANKER_T005_A04,-0.0688,0.4312,10,0.07716494283418325,True
P02_L100,P02,flanker,P02_L100_FLANKER_T005_A05,0.1203,0.6203,10,0.09756634337335106,True
P02_L100,P02,flanker,P02_L100_FLANKER_T006_A01,0.1203,0.6203,10,0.1182256686034135,True
P02_L100,P02,flanker,P02_L100_FLANKER_T006_A02,0.3094,0.8094,11,0.041484683064570975,True
P02_L100,P02,flanker,P02_L100_FLANKER_T006_A03,-0.0688,0.4312,10,0.09090582932003076,True
P02_L100,P02,flanker,P02_L100_FLANKER_T006_A04,0.4985,0.9984999999999999,11,0.04148465423704032,True
P02_L100,P02,flanker,P02_L100_FLANKER_T006_A05,-0.2578,0.24220000000000003,10,0.09090582932003076,True
P02_L100,P02,flanker,P02_L100_FLANKER_T007_A01,-0.0688,0.4312,11,0.05395211374844702,True
P02_L100,P02,flanker,P02_L100_FLANKER_T007_A02,0.1203,0.6203,10,0.09090582932003076,True
P02_L100,P02,flanker,P02_L100_FLANKER_T007_A03,0.3094,0.8094,10,0.04525342630842334,True
P02_L100,P02,flanker,P02_L100_FLANKER_T007_A04,-0.2578,0.24220000000000003,10,0.07842879976245584,True
P02_L100,P02,flanker,P02_L100_FLANKER_T007_A05,0.4985,0.9984999999999999,10,0.04525342630842334,True
P02_L100,P02,flanker,P02_L100_FLANKER_T008_A01,0.1203,0.6203,10,0.09257123575788712,True
P02_L100,P02,flanker,P02_L100_FLANKER_T008_A02,-0.2578,0.24220000000000003,10,0.09090582932003076,True
P02_L100,P02,flanker,P02_L100_FLANKER_T008_A03,0.3094,0.8094,10,0.052981421808227486,True
P02_L100,P02,flanker,P02_L100_FLANKER_T008_A04,0.4985,0.9984999999999999,10,0.05732704218287693,True
P02_L100,P02,flanker,P02_L100_FLANKER_T008_A05,-0.0688,0.4312,10,0.04645836146164087,True
P02_L100,P02,flanker,P02_L100_FLANKER_T009_A01,-0.4011,0.09889999999999999,10,0.06590950540164368,True
P02_L100,P02,flanker,P02_L100_FLANKER_T009_A02,0.1662,0.6662,10,0.09090582932003076,True
P02_L100,P02,flanker,P02_L100_FLANKER_T009_A03,0.3552,0.8552,10,0.1348254975465811,True
P02_L100,P02,flanker,P02_L100_FLANKER_T009_A04,-0.212,0.28800000000000003,10,0.10366974121870853,True
P02_L100,P02,flanker,P02_L100_FLANKER_T009_A05,-0.0229,0.4771,10,0.07986552220071849,True
P02_L100,P02,flanker,P02_L100_FLANKER_T010_A01,-0.4011,0.09889999999999999,10,0.09090582932003076,True
P02_L100,P02,flanker,P02_L100_FLANKER_T010_A02,0.3552,0.8552,10,0.07986562903131689,True
P02_L100,P02,flanker,P02_L100_FLANKER_T010_A03,-0.212,0.28800000000000003,10,0.08117377586790923,True
P02_L100,P02,flanker,P02_L100_FLANKER_T010_A04,0.1662,0.6662,10,0.09090582932003076,True
P02_L100,P02,flanker,P02_L100_FLANKER_T010_A05,-0.0229,0.4771,11,0.06253513900676504,True
P02_L100,P02,flanker,P02_L100_FLANKER_T011_A01,0.1662,0.6662,10,0.10366974121870853,True
P02_L100,P02,flanker,P02_L100_FLANKER_T011_A02,-0.0229,0.4771,10,0.052028357450479935,True
P02_L100,P02,flanker,P02_L100_FLANKER_T011_A03,0.3552,0.8552,10,0.06946593111876402,True
P02_L100,P02,flanker,P02_L100_FLANKER_T011_A04,-0.212,0.28800000000000003,10,0.08117377586790923,True
P02_L100,P02,flanker,P02_L100_FLANKER_T011_A05,-0.4011,0.09889999999999999,10,0.0841751405888225,True
P02_L100,P02,flanker,P02_L100_FLANKER_T012_A01,-0.212,0.28800000000000003,10,0.07381141075708943,True
P02_L100,P02,flanker,P02_L100_FLANKER_T012_A02,-0.0229,0.4771,10,0.09090582932003076,True
P02_L100,P02,flanker,P02_L100_FLANKER_T012_A03,-0.4011,0.09889999999999999,10,0.0520283136453255,True
P02_L100,P02,flanker,P02_L100_FLANKER_T012_A04,0.1662,0.6662,10,0.09090582932003076,True
P02_L100,P02,flanker,P02_L100_FLANKER_T012_A05,0.3552,0.8552,10,0.09090582932003076,True
P02_L100,P02,flanker,P02_L100_FLANKER_T013_A01,0.212,0.712,10,0.13482542486267166,True
P02_L100,P02,flanker,P02_L100_FLANKER_T013_A02,0.4011,0.9011,10,0.08051704241544727,True
P02_L100,P02,flanker,P02_L100_FLANKER_T013_A03,-0.3552,0.14479999999999998,10,0.0516073797168132,True
P02_L100,P02,flanker,P02_L100_FLANKER_T013_A04,0.0229,0.5229,10,0.04525349573300749,True
P02_L100,P02,flanker,P02_L100_FLANKER_T013_A05,-0.1662,0.3338,11,0.03144404541806643,True
P02_L100,P02,flanker,P02_L100_FLANKER_T014_A01,0.0229,0.5229,10,0.040408751461248914,True
P02_L100,P02,flanker,P02_L100_FLANKER_T014_A02,-0.3552,0.14479999999999998,11,0.03195918558809809,True
P02_L100,P02,flanker,P02_L100_FLANKER_T014_A03,-0.1662,0.3338,10,0.05026889393538176,True
P02_L100,P02,flanker,P02_L100_FLANKER_T014_A04,0.212,0.712,10,0.07842888811897843,True
P02_L100,P02,flanker,P02_L100_FLANKER_T014_A05,0.4011,0.9011,10,0.10283099129869572,True
P02_L100,P02,flanker,P02_L100_FLANKER_T015_A01,-0.3552,0.14479999999999998,10,0.035433675422982966,True
P02_L100,P02,flanker,P02_L100_FLANKER_T015_A02,0.212,0.712,10,0.10366974121870853,True
P02_L100,P02,flanker,P02_L100_FLANKER_T015_A03,0.0229,0.5229,10,0.04190296519250645,True
P02_L100,P02,flanker,P02_L100_FLANKER_T015_A04,-0.1662,0.3338,10,0.040081838628964354,True
P02_L100,P02,flanker,P02_L100_FLANKER_T015_A05,0.4011,0.9011,10,0.06420010906398073,True
P03_L010,P03,base,P03_L010_BASE_T000_A01,-0.1031,0.39690000000000003,10,0.045253462847699266,True
P03_L010,P03,base,P03_L010_BASE_T000_A02,-0.338,0.16199999999999998,10,0.05202831899107683,True
P03_L010,P03,base,P03_L010_BASE_T000_A03,0.1375,0.6375,10,0.04040878175998518,True
P03_L010,P03,base,P03_L010_BASE_T000_A04,0.3782,0.8782,10,0.030570300242547154,True
P03_L010,P03,base,P03_L010_BASE_T001_A01,0.1948,0.6948,10,0.04040878175998518,True
P03_L010,P03,base,P03_L010_BASE_T001_A02,-0.2807,0.2193,10,0.04040878175998518,True
P03_L010,P03,base,P03_L010_BASE_T001_A03,0.4354,0.9354,10,0.046458348137724655,True
P03_L010,P03,base,P03_L010_BASE_T001_A04,-0.0401,0.4599,10,0.06877266217782155,True
P03_L010,P03,base,P03_L010_BASE_T002_A01,-0.0401,0.4599,10,0.03195918201248962,True
P03_L010,P03,base,P03_L010_BASE_T002_A02,0.1948,0.6948,10,0.037043474574495416,True
P03_L010,P03,base,P03_L010_BASE_T002_A03,-0.2807,0.2193,10,0.045253462847699266,True
P03_L010,P03,base,P03_L010_BASE_T002_A04,0.4354,0.9354,10,0.040408771082781715,True
P03_L010,P03,base,P03_L010_BASE_T003_A01,0.1948,0.6948,11,0.027297553876201048,True
P03_L010,P03,base,P03_L010_BASE_T003_A02,-0.0401,0.4599,10,0.03968184288767213,True
P03_L010,P03,base,P03_L010_BASE_T003_A03,0.4354,0.9354,10,0.04040878175998518,True
P03_L010,P03,base,P03_L010_BASE_T003_A04,-0.2807,0.2193,10,0.022527414167511004,True
P03_L010,P03,base,P03_L010_BASE_T004_A01,-0.2807,0.2193,10,0.04407981682379334,True
P03_L010,P03,base,P03_L010_BASE_T004_A02,0.4354,0.9354,10,0.05202831899107683,True
P03_L010,P03,base,P03_L010_BASE_T004_A03,-0.0401,0.4599,10,0.045253462847699266,True
P03_L010,P03,base,P03_L010_BASE_T004_A04,0.1948,0.6948,11,0.023550909118526513,True
P03_L010,P03,base,P03_L010_BASE_T005_A01,-0.0401,0.4599,10,0.05885337949077298,True
P03_L010,P03,base,P03_L010_BASE_T005_A02,0.4354,0.9354,10,0.04608249426299101,True
P03_L010,P03,base,P03_L010_BASE_T005_A03,0.1948,0.6948,10,0.045253462847699266,True
P03_L010,P03,base,P03_L010_BASE_T005_A04,-0.2807,0.2193,10,0.05160740048771393,True
P03_L010,P03,base,P03_L010_BASE_T006_A01,0.0172,0.5172,10,0.015218090238422754,True
P03_L010,P03,base,P03_L010_BASE_T006_A02,0.4985,0.9984999999999999,10,0.019753862113211906,True
P03_L010,P03,base,P03_L010_BASE_T006_A03,-0.2235,0.27649999999999997,10,0.019753862113211906,True
P03_L010,P03,base,P03_L010_BASE_T006_A04,0.2578,0.7578,11,0.014972819352634285,True
P03_L010,P03,base,P03_L010_BASE_T007_A01,-0.2235,0.27649999999999997,10,0.02589999677521126,True
P03_L010,P03,base,P03_L010_BASE_T007_A02,0.0172,0.5172,11,0.00813071578933677,True
P03_L010,P03,base,P03_L010_BASE_T007_A03,0.4985,0.9984999999999999,10,0.017354800924219645,True
P03_L010,P03,base,P03_L010_BASE_T007_A04,0.2578,0.7578,10,0.022527451518823485,True
P03_L010,P03,base,P03_L010_BASE_T008_A01,0.4985,0.9984999999999999,10,0.01859086945473481,True
P03_L010,P03,base,P03_L010_BASE_T008_A02,-0.2235,0.27649999999999997,10,0.019753862113211906,True
P03_L010,P03,base,P03_L010_BASE_T008_A03,0.0172,0.5172,10,0.017042611550770654,True
P03_L010,P03,base,P03_L010_BASE_T008_A04,0.2578,0.7578,10,0.019753862113211906,True
P03_L010,P03,base,P03_L010_BASE_T009_A01,0.0172,0.5172,10,0.020115746617136814,True
P03_L010,P03,base,P03_L010_BASE_T009_A02,0.4985,0.9984999999999999,10,0.005159352482547995,True
P03_L010,P03,base,P03_L010_BASE_T009_A03,0.2578,0.7578,10,0.010923438468546456,True
P03_L010,P03,base,P03_L010_BASE_T009_A04,-0.2235,0.27649999999999997,10,0.020115746617136814,True
P03_L010,P03,base,P03_L010_BASE_T010_A01,-0.4011,0.09889999999999999,10,0.03885535444226134,True
P03_L010,P03,base,P03_L010_BASE_T010_A02,-0.1604,0.3396,10,0.017099306409766778,True
P03_L010,P03,base,P03_L010_BASE_T010_A03,0.0802,0.5802,10,0.018652749227224832,True
P03_L010,P03,base,P03_L010_BASE_T010_A04,0.3151,0.8150999999999999,10,0.03174552522738112,True
P03_L010,P03,base,P03_L010_BASE_T011_A01,0.0802,0.5802,11,0.01914934776262796,True
P03_L010,P03,base,P03_L010_BASE_T011_A02,-0.1604,0.3396,11,0.014138203450035991,True
P03_L010,P03,base,P03_L010_BASE_T011_A03,-0.4011,0.09889999999999999,10,0.055018151040273376,True
P03_L010,P03,base,P03_L010_BASE_T011_A04,0.3151,0.8150999999999999,10,0.015803085294322946,True
P03_L010,P03,base,P03_L010_BASE_T012_A01,0.3151,0.8150999999999999,10,0.022711196440692527,True
P03_L010,P03,base,P03_L010_BASE_T012_A02,-0.4011,0.09889999999999999,11,0.021201186905698045,True
P03_L010,P03,base,P03_L010_BASE_T012_A03,-0.1604,0.3396,10,0.022711196440692527,True
P03_L010,P03,base,P03_L010_BASE_T012_A04,0.0802,0.5802,10,0.017042611550770654,True
P03_L010,P03,base,P03_L010_BASE_T013_A01,-0.1604,0.3396,10,0.02589999677521126,True
P03_L010,P03,base,P03_L010_BASE_T013_A02,0.3151,0.8150999999999999,10,0.019753862113211906,True
P03_L010,P03,base,P03_L010_BASE_T013_A03,-0.4011,0.09889999999999999,11,0.025024163494164912,True
P03_L010,P03,base,P03_L010_BASE_T013_A04,0.0802,0.5802,10,0.0256904478020088,True
P03_L010,P03,base,P03_L010_BASE_T014_A01,0.1375,0.6375,10,0.05202831899107683,True
P03_L010,P03,base,P03_L010_BASE_T014_A02,0.3782,0.8782,10,0.03968184288767213,True
P03_L010,P03,base,P03_L010_BASE_T014_A03,-0.338,0.16199999999999998,10,0.045253462847699266,True
P03_L010,P03,base,P03_L010_BASE_T014_A04,-0.1031,0.39690000000000003,10,0.04040878175998518,True
P03_L010,P03,base,P03_L010_BASE_T015_A01,0.1375,0.6375,10,0.03423542814333278,True
P03_L010,P03,base,P03_L010_BASE_T015_A02,-0.338,0.16199999999999998,10,0.04525344404430589,True
P03_L010,P03,base,P03_L010_BASE_T015_A03,-0.1031,0.39690000000000003,11,0.022754505611728846,True
P03_L010,P03,base,P03_L010_BASE_T015_A04,0.3782,0.8782,10,0.03968184288767213,True
P03_L010,P03,base,P03_L010_BASE_T016_A01,-0.338,0.16199999999999998,10,0.03968184288767213,True
P03_L010,P03,base,P03_L010_BASE_T016_A02,-0.1031,0.39690000000000003,10,0.03968184288767213,True
P03_L010,P03,base,P03_L010_BASE_T016_A03,0.1375,0.6375,10,0.03968184288767213,True
P03_L010,P03,base,P03_L010_BASE_T016_A04,0.3782,0.8782,10,0.03968184288767213,True
P03_L010,P03,flanker,P03_L010_FLANKER_T000_A01,-0.338,0.16199999999999998,10,0.04040878175998518,True
P03_L010,P03,flanker,P03_L010_FLANKER_T000_A02,-0.1031,0.39690000000000003,10,0.03221986149836073,True
P03_L010,P03,flanker,P03_L010_FLANKER_T000_A03,0.1375,0.6375,10,0.03221986445309841,True
P03_L010,P03,flanker,P03_L010_FLANKER_T000_A04,0.3782,0.8782,10,0.02294011819931886,True
P03_L010,P03,flanker,P03_L010_FLANKER_T001_A01,-0.2807,0.2193,10,0.03968184288767213,True
P03_L010,P03,flanker,P03_L010_FLANKER_T001_A02,0.1948,0.6948,10,0.056295777967240855,True
P03_L010,P03,flanker,P03_L010_FLANKER_T001_A03,0.4354,0.9354,10,0.042589221892156866,True
P03_L010,P03,flanker,P03_L010_FLANKER_T001_A04,-0.0401,0.4599,11,0.036377079376536815,True
P03_L010,P03,flanker,P03_L010_FLANKER_T002_A01,-0.0401,0.4599,10,0.03368368986579897,True
P03_L010,P03,flanker,P03_L010_FLANKER_T002_A02,-0.2807,0.2193,10,0.042589221892156866,True
P03_L010,P03,flanker,P03_L010_FLANKER_T002_A03,0.4354,0.9354,10,0.04114906565553137,True
P03_L010,P03,flanker,P03_L010_FLANKER_T002_A04,0.1948,0.6948,10,0.03968184288767213,True
P03_L010,P03,flanker,P03_L010_FLANKER_T003_A01,0.1948,0.6948,10,0.04608248358578634,True
P03_L010,P03,flanker,P03_L010_FLANKER_T003_A02,0.4354,0.9354,10,0.037345643371548304,True
P03_L010,P03,flanker,P03_L010_FLANKER_T003_A03,-0.2807,0.2193,10,0.045253462847699266,True
P03_L010,P03,flanker,P03_L010_FLANKER_T003_A04,-0.0401,0.4599,10,0.04525344404430589,True
P03_L010,P03,flanker,P03_L010_FLANKER_T004_A01,0.4354,0.9354,11,0.029060521725950875,True
P03_L010,P03,flanker,P03_L010_FLANKER_T004_A02,0.1948,0.6948,10,0.02589999677521126,True
P03_L010,P03,flanker,P03_L010_FLANKER_T004_A03,-0.0401,0.4599,10,0.05160740048771393,True
P03_L010,P03,flanker,P03_L010_FLANKER_T004_A04,-0.2807,0.2193,11,0.022570423597776678,True
P03_L010,P03,flanker,P03_L010_FLANKER_T005_A01,-0.2235,0.27649999999999997,11,0.01633305917455717,True
P03_L010,P03,flanker,P03_L010_FLANKER_T005_A02,0.4985,0.9984999999999999,10,0.02120118565702828,True
P03_L010,P03,flanker,P03_L010_FLANKER_T005_A03,0.2578,0.7578,10,0.02457400611866004,True
P03_L010,P03,flanker,P03_L010_FLANKER_T005_A04,0.0172,0.5172,10,0.014823388069864215,True
P03_L010,P03,flanker,P03_L010_FLANKER_T006_A01,-0.2235,0.27649999999999997,10,0.0295365241534624,True
P03_L010,P03,flanker,P03_L010_FLANKER_T006_A02,0.4985,0.9984999999999999,10,0.016170059643371478,True
P03_L010,P03,flanker,P03_L010_FLANKER_T006_A03,0.0172,0.5172,11,0.026374465931904987,True
P03_L010,P03,flanker,P03_L010_FLANKER_T006_A04,0.2578,0.7578,10,0.019753862113211906,True
P03_L010,P03,flanker,P03_L010_FLANKER_T007_A01,0.4985,0.9984999999999999,10,0.019753862113211906,True
P03_L010,P03,flanker,P03_L010_FLANKER_T007_A02,0.0172,0.5172,10,0.011305755415495186,True
P03_L010,P03,flanker,P03_L010_FLANKER_T007_A03,-0.2235,0.27649999999999997,10,0.022711196440692527,True
P03_L010,P03,flanker,P03_L010_FLANKER_T007_A04,0.2578,0.7578,11,0.013588896432927844,True
P03_L010,P03,flanker,P03_L010_FLANKER_T008_A01,0.2578,0.7578,10,0.015218090238422754,True
P03_L010,P03,flanker,P03_L010_FLANKER_T008_A02,-0.2235,0.27649999999999997,10,0.022711196440692527,True
P03_L010,P03,flanker,P03_L010_FLANKER_T008_A03,0.4985,0.9984999999999999,10,0.017639083045792012,True
P03_L010,P03,flanker,P03_L010_FLANKER_T008_A04,0.0172,0.5172,10,0.014944315113818404,True
P03_L010,P03,flanker,P03_L010_FLANKER_T009_A01,-0.4011,0.09889999999999999,10,0.040408771082781715,True
P03_L010,P03,flanker,P03_L010_FLANKER_T009_A02,0.3151,0.8150999999999999,11,0.013588896432927844,True
P03_L010,P03,flanker,P03_L010_FLANKER_T009_A03,0.0802,0.5802,10,0.019753862113211906,True
P03_L010,P03,flanker,P03_L010_FLANKER_T009_A04,-0.1604,0.3396,10,0.017181616145560623,True
P03_L010,P03,flanker,P03_L010_FLANKER_T010_A01,-0.4011,0.09889999999999999,10,0.03248268718987207,True
P03_L010,P03,flanker,P03_L010_FLANKER_T010_A02,0.0802,0.5802,10,0.013950687620136275,True
P03_L010,P03,flanker,P03_L010_FLANKER_T010_A03,-0.1604,0.3396,10,0.018778265907820127,True
P03_L010,P03,flanker,P03_L010_FLANKER_T010_A04,0.3151,0.8150999999999999,10,0.019753862113211906,True
P03_L010,P03,flanker,P03_L010_FLANKER_T011_A01,-0.1604,0.3396,10,0.019753862113211906,True
P03_L010,P03,flanker,P03_L010_FLANKER_T011_A02,-0.4011,0.09889999999999999,10,0.05202831899107683,True
P03_L010,P03,flanker,P03_L010_FLANKER_T011_A03,0.3151,0.8150999999999999,10,0.013236448016973977,True
P03_L010,P03,flanker,P03_L010_FLANKER_T011_A04,0.0802,0.5802,10,0.019435488290597023,True
P03_L010,P03,flanker,P03_L010_FLANKER_T012_A01,-0.4011,0.09889999999999999,10,0.03002035197346584,True
P03_L010,P03,flanker,P03_L010_FLANKER_T012_A02,-0.1604,0.3396,10,0.014206252451234611,True
P03_L010,P03,flanker,P03_L010_FLANKER_T012_A03,0.3151,0.8150999999999999,10,0.014944315113818404,True
P03_L010,P03,flanker,P03_L010_FLANKER_T012_A04,0.0802,0.5802,10,0.012233071340969104,True
P03_L010,P03,flanker,P03_L010_FLANKER_T013_A01,-0.338,0.16199999999999998,10,0.045253462847699266,True
P03_L010,P03,flanker,P03_L010_FLANKER_T013_A02,-0.1031,0.39690000000000003,11,0.027297549166708873,True
P03_L010,P03,flanker,P03_L010_FLANKER_T013_A03,0.1375,0.6375,10,0.029536545750958525,True
P03_L010,P03,flanker,P03_L010_FLANKER_T013_A04,0.3782,0.8782,10,0.039360783996400084,True
P03_L010,P03,flanker,P03_L010_FLANKER_T014_A01,0.3782,0.8782,10,0.035433641252899134,True
P03_L010,P03,flanker,P03_L010_FLANKER_T014_A02,-0.1031,0.39690000000000003,10,0.029536564973283344,True
P03_L010,P03,flanker,P03_L010_FLANKER_T014_A03,-0.338,0.16199999999999998,10,0.03968184288767213,True
P03_L010,P03,flanker,P03_L010_FLANKER_T014_A04,0.1375,0.6375,11,0.03550125042995924,True
P03_L010,P03,flanker,P03_L010_FLANKER_T015_A01,0.1375,0.6375,10,0.03968184288767213,True
P03_L010,P03,flanker,P03_L010_FLANKER_T015_A02,-0.338,0.16199999999999998,10,0.05160738168432055,True
P03_L010,P03,flanker,P03_L010_FLANKER_T015_A03,0.3782,0.8782,10,0.039360779142847746,True
P03_L010,P03,flanker,P03_L010_FLANKER_T015_A04,-0.1031,0.39690000000000003,10,0.048569026789105865,True
P03_L049,P03,base,P03_L049_BASE_T000_A01,0.1375,0.6375,10,0.026640366123819176,True
P03_L049,P03,base,P03_L049_BASE_T000_A02,-0.1031,0.39690000000000003,10,0.0351470028585221,True
P03_L049,P03,base,P03_L049_BASE_T000_A03,-0.338,0.16199999999999998,10,0.008196977405813625,True
P03_L049,P03,base,P03_L049_BASE_T000_A04,0.3782,0.8782,10,0.0909058654138665,True
P03_L049,P03,base,P03_L049_BASE_T001_A01,-0.0401,0.4599,10,0.059333484539658955,True
P03_L049,P03,base,P03_L049_BASE_T001_A02,0.1948,0.6948,10,0.041149061987198636,True
P03_L049,P03,base,P03_L049_BASE_T001_A03,-0.2807,0.2193,10,0.08783183816307899,True
P03_L049,P03,base,P03_L049_BASE_T001_A04,0.4354,0.9354,11,0.038726470062381176,True
P03_L049,P03,base,P03_L049_BASE_T002_A01,0.1948,0.6948,10,0.0448873335516182,True
P03_L049,P03,base,P03_L049_BASE_T002_A02,0.4354,0.9354,10,0.05170598892400643,True
P03_L049,P03,base,P03_L049_BASE_T002_A03,-0.2807,0.2193,10,0.07381147453166016,True
P03_L049,P03,base,P03_L049_BASE_T002_A04,-0.0401,0.4599,10,0.02374302330565136,True
P03_L049,P03,base,P03_L049_BASE_T003_A01,0.4354,0.9354,10,0.10366977590839072,True
P03_L049,P03,base,P03_L049_BASE_T003_A02,0.1948,0.6948,11,0.05395204246959706,True
P03_L049,P03,base,P03_L049_BASE_T003_A03,-0.2807,0.2193,10,0.060420456482524115,True
P03_L049,P03,base,P03_L049_BASE_T003_A04,-0.0401,0.4599,10,0.05160743521294927,True
P03_L049,P03,base,P03_L049_BASE_T004_A01,0.1948,0.6948,10,0.09756639915038429,True
P03_L049,P03,base,P03_L049_BASE_T004_A02,0.4354,0.9354,10,0.06091329073462554,True
P03_L049,P03,base,P03_L049_BASE_T004_A03,-0.2807,0.2193,11,0.06253510511126159,True
P03_L049,P03,base,P03_L049_BASE_T004_A04,-0.0401,0.4599,11,0.03608276850654063,True
P03_L049,P03,base,P03_L049_BASE_T005_A01,0.4985,0.9984999999999999,10,0.029297522042844252,True
P03_L049,P03,base,P03_L049_BASE_T005_A02,0.0172,0.5172,10,0.0425892393469429,True
P03_L049,P03,base,P03_L049_BASE_T005_A03,-0.2235,0.27649999999999997,10,0.03543364948628696,True
P03_L049,P03,base,P03_L049_BASE_T005_A04,0.2578,0.7578,10,0.030570322739782135,True
P03_L049,P03,base,P03_L049_BASE_T006_A01,0.0172,0.5172,10,0.040408798709597044,True
P03_L049,P03,base,P03_L049_BASE_T006_A02,0.2578,0.7578,10,0.03734564848754757,True
P03_L049,P03,base,P03_L049_BASE_T006_A03,-0.2235,0.27649999999999997,10,0.03968185155234242,True
P03_L049,P03,base,P03_L049_BASE_T006_A04,0.4985,0.9984999999999999,10,0.03543364948628696,True
P03_L049,P03,base,P03_L049_BASE_T007_A01,0.0172,0.5172,10,0.03968185155234242,True
P03_L049,P03,base,P03_L049_BASE_T007_A02,-0.2235,0.27649999999999997,11,0.023936679469264685,True
P03_L049,P03,base,P03_L049_BASE_T007_A03,0.2578,0.7578,11,0.020651321485392164,True
P03_L049,P03,base,P03_L049_BASE_T007_A04,0.4985,0.9984999999999999,11,0.018108727643123504,True
P03_L049,P03,base,P03_L049_BASE_T008_A01,0.0172,0.5172,11,0.031130354217404628,True
P03_L049,P03,base,P03_L049_BASE_T008_A02,0.4985,0.9984999999999999,10,0.03221990346357536,True
P03_L049,P03,base,P03_L049_BASE_T008_A03,0.2578,0.7578,10,0.034235441585103665,True
P03_L049,P03,base,P03_L049_BASE_T008_A04,-0.2235,0.27649999999999997,10,0.04525351125685756,True
P03_L049,P03,base,P03_L049_BASE_T009_A01,0.0802,0.5802,11,0.016600604484112984,True
P03_L049,P03,base,P03_L049_BASE_T009_A02,0.3151,0.8150999999999999,10,0.03002035894580909,True
P03_L049,P03,base,P03_L049_BASE_T009_A03,-0.1604,0.3396,10,0.025690455551422978,True
P03_L049,P03,base,P03_L049_BASE_T009_A04,-0.4011,0.09889999999999999,10,0.05933348769357536,True
P03_L049,P03,base,P03_L049_BASE_T010_A01,0.3151,0.8150999999999999,11,0.023550913353975265,True
P03_L049,P03,base,P03_L049_BASE_T010_A02,-0.1604,0.3396,10,0.04525348353309591,True
P03_L049,P03,base,P03_L049_BASE_T010_A03,-0.4011,0.09889999999999999,11,0.054835761491839476,True
P03_L049,P03,base,P03_L049_BASE_T010_A04,0.0802,0.5802,10,0.034235441585103665,True
P03_L049,P03,base,P03_L049_BASE_T011_A01,0.3151,0.8150999999999999,10,0.03002035894580909,True
P03_L049,P03,base,P03_L049_BASE_T011_A02,-0.1604,0.3396,11,0.026374471008304333,True
P03_L049,P03,base,P03_L049_BASE_T011_A03,0.0802,0.5802,10,0.01749637230958659,True
P03_L049,P03,base,P03_L049_BASE_T011_A04,-0.4011,0.09889999999999999,10,0.07003257315112259,True
P03_L049,P03,base,P03_L049_BASE_T012_A01,0.0802,0.5802,10,0.019753858650415197,True
P03_L049,P03,base,P03_L049_BASE_T012_A02,-0.4011,0.09889999999999999,11,0.05118985489362587,True
P03_L049,P03,base,P03_L049_BASE_T012_A03,-0.1604,0.3396,10,0.025900007304281738,True
P03_L049,P03,base,P03_L049_BASE_T012_A04,0.3151,0.8150999999999999,10,0.04525351125685756,True
P03_L049,P03,base,P03_L049_BASE_T013_A01,-0.1031,0.39690000000000003,10,0.06877267123620542,True
P03_L049,P03,base,P03_L049_BASE_T013_A02,0.3782,0.8782,11,0.04730946876906523,True
P03_L049,P03,base,P03_L049_BASE_T013_A03,-0.338,0.16199999999999998,10,0.08117380261491267,True
P03_L049,P03,base,P03_L049_BASE_T013_A04,0.1375,0.6375,10,0.05933348769357536,True
P03_L049,P03,base,P03_L049_BASE_T014_A01,-0.338,0.16199999999999998,10,0.08555393321129008,True
P03_L049,P03,base,P03_L049_BASE_T014_A02,-0.1031,0.39690000000000003,10,0.04525348353309591,True
P03_L049,P03,base,P03_L049_BASE_T014_A03,0.3782,0.8782,11,0.054835761491839476,True
P03_L049,P03,base,P03_L049_BASE_T014_A04,0.1375,0.6375,10,0.08555393321129008,True
P03_L049,P03,base,P03_L049_BASE_T015_A01,-0.338,0.16199999999999998,10,0.05160743521294927,True
P03_L049,P03,base,P03_L049_BASE_T015_A02,0.3782,0.8782,11,0.0414847091672321,True
P03_L049,P03,base,P03_L049_BASE_T015_A03,-0.1031,0.39690000000000003,11,0.06253510511126159,True
P03_L049,P03,base,P03_L049_BASE_T015_A04,0.1375,0.6375,11,0.06890397156278953,True
P03_L049,P03,flanker,P03_L049_FLANKER_T000_A01,0.3782,0.8782,11,0.0414847091672321,True
P03_L049,P03,flanker,P03_L049_FLANKER_T000_A02,-0.338,0.16199999999999998,10,0.09090584044542614,True
P03_L049,P03,flanker,P03_L049_FLANKER_T000_A03,-0.1031,0.39690000000000003,10,0.06877267123620542,True
P03_L049,P03,flanker,P03_L049_FLANKER_T000_A04,0.1375,0.6375,10,0.0909058654138665,True
P03_L049,P03,flanker,P03_L049_FLANKER_T001_A01,-0.2807,0.2193,10,0.06711692927958052,True
P03_L049,P03,flanker,P03_L049_FLANKER_T001_A02,0.1948,0.6948,10,0.04896524038926543,True
P03_L049,P03,flanker,P03_L049_FLANKER_T001_A03,0.4354,0.9354,10,0.08555393321129008,True
P03_L049,P03,flanker,P03_L049_FLANKER_T001_A04,-0.0401,0.4599,10,0.07842888353851639,True
P03_L049,P03,flanker,P03_L049_FLANKER_T002_A01,-0.0401,0.4599,11,0.04008186123719354,True
P03_L049,P03,flanker,P03_L049_FLANKER_T002_A02,0.1948,0.6948,10,0.05341362063333839,True
P03_L049,P03,flanker,P03_L049_FLANKER_T002_A03,-0.2807,0.2193,10,0.06877267123620542,True
P03_L049,P03,flanker,P03_L049_FLANKER_T002_A04,0.4354,0.9354,11,0.054835761491839476,True
P03_L049,P03,flanker,P03_L049_FLANKER_T003_A01,-0.0401,0.4599,11,0.06253515142127972,True
P03_L049,P03,flanker,P03_L049_FLANKER_T003_A02,0.4354,0.9354,10,0.11919002123245238,True
P03_L049,P03,flanker,P03_L049_FLANKER_T003_A03,0.1948,0.6948,10,0.11422781161876223,True
P03_L049,P03,flanker,P03_L049_FLANKER_T003_A04,-0.2807,0.2193,10,0.10366977590839072,True
P03_L049,P03,flanker,P03_L049_FLANKER_T004_A01,-0.2807,0.2193,10,0.040408798709597044,True
P03_L049,P03,flanker,P03_L049_FLANKER_T004_A02,0.1948,0.6948,10,0.08944090668026619,True
P03_L049,P03,flanker,P03_L049_FLANKER_T004_A03,0.4354,0.9354,10,0.06877267123620542,True
P03_L049,P03,flanker,P03_L049_FLANKER_T004_A04,-0.0401,0.4599,11,0.03644649383823683,True
P03_L049,P03,flanker,P03_L049_FLANKER_T005_A01,0.0172,0.5172,11,0.04148473090602556,True
P03_L049,P03,flanker,P03_L049_FLANKER_T005_A02,-0.2235,0.27649999999999997,10,0.03968185155234242,True
P03_L049,P03,flanker,P03_L049_FLANKER_T005_A03,0.4985,0.9984999999999999,10,0.05160741024450899,True
P03_L049,P03,flanker,P03_L049_FLANKER_T005_A04,0.2578,0.7578,10,0.034235472716539955,True
P03_L049,P03,flanker,P03_L049_FLANKER_T006_A01,0.4985,0.9984999999999999,10,0.029536554842345308,True
P03_L049,P03,flanker,P03_L049_FLANKER_T006_A02,0.2578,0.7578,10,0.03248269345428144,True
P03_L049,P03,flanker,P03_L049_FLANKER_T006_A03,-0.2235,0.27649999999999997,11,0.02355095538636254,True
P03_L049,P03,flanker,P03_L049_FLANKER_T006_A04,0.0172,0.5172,10,0.03968185155234242,True
P03_L049,P03,flanker,P03_L049_FLANKER_T007_A01,-0.2235,0.27649999999999997,10,0.04525351125685756,True
P03_L049,P03,flanker,P03_L049_FLANKER_T007_A02,0.0172,0.5172,10,0.0313842302422984,True
P03_L049,P03,flanker,P03_L049_FLANKER_T007_A03,0.4985,0.9984999999999999,10,0.04525348353309591,True
P03_L049,P03,flanker,P03_L049_FLANKER_T007_A04,0.2578,0.7578,11,0.018108727643123504,True
P03_L049,P03,flanker,P03_L049_FLANKER_T008_A01,-0.2235,0.27649999999999997,11,0.03637709273734868,True
P03_L049,P03,flanker,P03_L049_FLANKER_T008_A02,0.4985,0.9984999999999999,10,0.034235441585103665,True
P03_L049,P03,flanker,P03_L049_FLANKER_T008_A03,0.2578,0.7578,11,0.031130354217404628,True
P03_L049,P03,flanker,P03_L049_FLANKER_T008_A04,0.0172,0.5172,11,0.022983872273788862,True
P03_L049,P03,flanker,P03_L049_FLANKER_T009_A01,-0.4011,0.09889999999999999,10,0.07639478181411753,True
P03_L049,P03,flanker,P03_L049_FLANKER_T009_A02,0.3151,0.8150999999999999,10,0.03002035894580909,True
P03_L049,P03,flanker,P03_L049_FLANKER_T009_A03,0.0802,0.5802,10,0.03904236105247451,True
P03_L049,P03,flanker,P03_L049_FLANKER_T009_A04,-0.1604,0.3396,10,0.03543364948628696,True
P03_L049,P03,flanker,P03_L049_FLANKER_T010_A01,0.0802,0.5802,10,0.019753858650415197,True
P03_L049,P03,flanker,P03_L049_FLANKER_T010_A02,-0.1604,0.3396,10,0.01763908090016972,True
P03_L049,P03,flanker,P03_L049_FLANKER_T010_A03,0.3151,0.8150999999999999,10,0.029536554842345308,True
P03_L049,P03,flanker,P03_L049_FLANKER_T010_A04,-0.4011,0.09889999999999999,10,0.06877265922427704,True
P03_L049,P03,flanker,P03_L049_FLANKER_T011_A01,0.0802,0.5802,10,0.02802436830502783,True
P03_L049,P03,flanker,P03_L049_FLANKER_T011_A02,0.3151,0.8150999999999999,10,0.02569049414526267,True
P03_L049,P03,flanker,P03_L049_FLANKER_T011_A03,-0.1604,0.3396,10,0.04525351125685756,True
P03_L049,P03,flanker,P03_L049_FLANKER_T011_A04,-0.4011,0.09889999999999999,10,0.09257126220265074,True
P03_L049,P03,flanker,P03_L049_FLANKER_T012_A01,0.3782,0.8782,10,0.07003254003120093,True
P03_L049,P03,flanker,P03_L049_FLANKER_T012_A02,-0.338,0.16199999999999998,10,0.10366977590839072,True
P03_L049,P03,flanker,P03_L049_FLANKER_T012_A03,-0.1031,0.39690000000000003,10,0.06877267123620542,True
P03_L049,P03,flanker,P03_L049_FLANKER_T012_A04,0.1375,0.6375,10,0.07441354131300863,True
P03_L049,P03,flanker,P03_L049_FLANKER_T013_A01,0.0802,0.5802,10,0.034235472716539955,True
P03_L049,P03,flanker,P03_L049_FLANKER_T013_A02,0.3151,0.8150999999999999,11,0.02462087075536901,True
P03_L049,P03,flanker,P03_L049_FLANKER_T013_A03,-0.1604,0.3396,10,0.021201170476140677,True
P03_L049,P03,flanker,P03_L049_FLANKER_T013_A04,-0.4011,0.09889999999999999,10,0.05933348769357536,True
P03_L049,P03,flanker,P03_L049_FLANKER_T014_A01,-0.1031,0.39690000000000003,10,0.09257119934751044,True
P03_L049,P03,flanker,P03_L049_FLANKER_T014_A02,0.3782,0.8782,10,0.06766437041086451,True
P03_L049,P03,flanker,P03_L049_FLANKER_T014_A03,0.1375,0.6375,10,0.05026897222611628,True
P03_L049,P03,flanker,P03_L049_FLANKER_T014_A04,-0.338,0.16199999999999998,10,0.0689041763440691,True
P03_L049,P03,flanker,P03_L049_FLANKER_T015_A01,-0.338,0.16199999999999998,10,0.06877265922427704,True
P03_L049,P03,flanker,P03_L049_FLANKER_T015_A02,-0.1031,0.39690000000000003,10,0.05202834644682993,True
P03_L049,P03,flanker,P03_L049_FLANKER_T015_A03,0.3782,0.8782,10,0.06877267123620542,True
P03_L049,P03,flanker,P03_L049_FLANKER_T015_A04,0.1375,0.6375,11,0.04570965078181494,True
P03_L100,P03,base,P03_L100_BASE_T000_A01,0.212,0.712,10,0.11919005678179921,True
P03_L100,P03,base,P03_L100_BASE_T000_A02,-0.3552,0.14479999999999998,10,0.0520283136453255,True
P03_L100,P03,base,P03_L100_BASE_T000_A03,0.0229,0.5229,10,0.06766425973496472,True
P03_L100,P03,base,P03_L100_BASE_T000_A04,-0.1662,0.3338,11,0.05395199777929407,True
P03_L100,P03,base,P03_L100_BASE_T000_A05,0.4011,0.9011,10,0.10366974121870853,True
P03_L100,P03,base,P03_L100_BASE_T001_A01,-0.1146,0.3854,10,0.08117377586790923,True
P03_L100,P03,base,P03_L100_BASE_T001_A02,0.0745,0.5745,10,0.07842888811897843,True
P03_L100,P03,base,P03_L100_BASE_T001_A03,-0.3037,0.19629999999999997,10,0.05933351443980976,True
P03_L100,P03,base,P03_L100_BASE_T001_A04,0.2636,0.7636000000000001,11,0.04730944682925269,True
P03_L100,P03,base,P03_L100_BASE_T001_A05,0.4526,0.9526,10,0.05629578069393223,True
P03_L100,P03,base,P03_L100_BASE_T002_A01,-0.1146,0.3854,10,0.09090582932003076,True
P03_L100,P03,base,P03_L100_BASE_T002_A02,0.2636,0.7636000000000001,10,0.09090582932003076,True
P03_L100,P03,base,P03_L100_BASE_T002_A03,0.4526,0.9526,11,0.04336942515993926,True
P03_L100,P03,base,P03_L100_BASE_T002_A04,-0.3037,0.19629999999999997,10,0.06877270355328113,True
P03_L100,P03,base,P03_L100_BASE_T002_A05,0.0745,0.5745,10,0.040408751461248914,True
P03_L100,P03,base,P03_L100_BASE_T003_A01,0.0745,0.5745,10,0.04683733873041354,True
P03_L100,P03,base,P03_L100_BASE_T003_A02,-0.1146,0.3854,11,0.054835748338971986,True
P03_L100,P03,base,P03_L100_BASE_T003_A03,0.2636,0.7636000000000001,10,0.06472377078953302,True
P03_L100,P03,base,P03_L100_BASE_T003_A04,0.4526,0.9526,10,0.05439207257523213,True
P03_L100,P03,base,P03_L100_BASE_T003_A05,-0.3037,0.19629999999999997,10,0.059333441422541704,True
P03_L100,P03,base,P03_L100_BASE_T004_A01,-0.1146,0.3854,10,0.06091321848022459,True
P03_L100,P03,base,P03_L100_BASE_T004_A02,0.0745,0.5745,10,0.059333441422541704,True
P03_L100,P03,base,P03_L100_BASE_T004_A03,0.2636,0.7636000000000001,11,0.050268970183544,True
P03_L100,P03,base,P03_L100_BASE_T004_A04,0.4526,0.9526,10,0.10366962466360144,True
P03_L100,P03,base,P03_L100_BASE_T004_A05,-0.3037,0.19629999999999997,10,0.05933351443980976,True
P03_L100,P03,base,P03_L100_BASE_T005_A01,0.4985,0.9984999999999999,10,0.07654066553958061,True
P03_L100,P03,base,P03_L100_BASE_T005_A02,0.3094,0.8094,10,0.06877264818717442,True
P03_L100,P03,base,P03_L100_BASE_T005_A03,0.1203,0.6203,10,0.12039151803583485,True
P03_L100,P03,base,P03_L100_BASE_T005_A04,-0.2578,0.24220000000000003,10,0.09677700241964925,True
P03_L100,P03,base,P03_L100_BASE_T005_A05,-0.0688,0.4312,11,0.12359702804874788,True
P03_L100,P03,base,P03_L100_BASE_T006_A01,0.4985,0.9984999999999999,11,0.04730944682925269,True
P03_L100,P03,base,P03_L100_BASE_T006_A02,-0.0688,0.4312,10,0.1182256686034135,True
P03_L100,P03,base,P03_L100_BASE_T006_A03,0.1203,0.6203,10,0.10366974121870853,True
P03_L100,P03,base,P03_L100_BASE_T006_A04,0.3094,0.8094,10,0.06821624581694659,True
P03_L100,P03,base,P03_L100_BASE_T006_A05,-0.2578,0.24220000000000003,10,0.07842888811897843,True
P03_L100,P03,base,P03_L100_BASE_T007_A01,0.3094,0.8094,10,0.04525345941874622,True
P03_L100,P03,base,P03_L100_BASE_T007_A02,0.4985,0.9984999999999999,10,0.051607343797021754,True
P03_L100,P03,base,P03_L100_BASE_T007_A03,-0.0688,0.4312,10,0.10366974121870853,True
P03_L100,P03,base,P03_L100_BASE_T007_A04,0.1203,0.6203,10,0.10366974121870853,True
P03_L100,P03,base,P03_L100_BASE_T007_A05,-0.2578,0.24220000000000003,10,0.11919005678179921,True
P03_L100,P03,base,P03_L100_BASE_T008_A01,-0.2578,0.24220000000000003,10,0.10366974121870853,True
P03_L100,P03,base,P03_L100_BASE_T008_A02,0.4985,0.9984999999999999,10,0.05933351443980976,True
P03_L100,P03,base,P03_L100_BASE_T008_A03,0.1203,0.6203,10,0.09090582932003076,True
P03_L100,P03,base,P03_L100_BASE_T008_A04,0.3094,0.8094,10,0.0520283136453255,True
P03_L100,P03,base,P03_L100_BASE_T008_A05,-0.0688,0.4312,10,0.10366974121870853,True
P03_L100,P03,base,P03_L100_BASE_T009_A01,-0.0229,0.4771,10,0.10366974121870853,True
P03_L100,P03,base,P03_L100_BASE_T009_A02,-0.4011,0.09889999999999999,10,0.08486170876359471,True
P03_L100,P03,base,P03_L100_BASE_T009_A03,0.1662,0.6662,10,0.10016408662462595,True
P03_L100,P03,base,P03_L100_BASE_T009_A04,-0.212,0.28800000000000003,10,0.10471483817436146,True
P03_L100,P03,base,P03_L100_BASE_T009_A05,0.3552,0.8552,11,0.10837972255561872,True
P03_L100,P03,base,P03_L100_BASE_T010_A01,-0.4011,0.09889999999999999,10,0.13592517897171238,True
P03_L100,P03,base,P03_L100_BASE_T010_A02,-0.0229,0.4771,10,0.0918222923144829,True
P03_L100,P03,base,P03_L100_BASE_T010_A03,0.1662,0.6662,11,0.12359702804874788,True
P03_L100,P03,base,P03_L100_BASE_T010_A04,-0.212,0.28800000000000003,10,0.1348254975465811,True
P03_L100,P03,base,P03_L100_BASE_T010_A05,0.3552,0.8552,10,0.1182256686034135,True
P03_L100,P03,base,P03_L100_BASE_T011_A01,-0.212,0.28800000000000003,10,0.1182256686034135,True
P03_L100,P03,base,P03_L100_BASE_T011_A02,-0.4011,0.09889999999999999,10,0.12359702804874788,True
P03_L100,P03,base,P03_L100_BASE_T011_A03,-0.0229,0.4771,11,0.10471483290021334,True
P03_L100,P03,base,P03_L100_BASE_T011_A04,0.1662,0.6662,10,0.10366974121870853,True
P03_L100,P03,base,P03_L100_BASE_T011_A05,0.3552,0.8552,10,0.10366974121870853,True
P03_L100,P03,base,P03_L100_BASE_T012_A01,-0.0229,0.4771,10,0.1550101086177315,True
P03_L100,P03,base,P03_L100_BASE_T012_A02,0.1662,0.6662,10,0.10643000278226544,True
P03_L100,P03,base,P03_L100_BASE_T012_A03,-0.4011,0.09889999999999999,10,0.1575491364806032,True
P03_L100,P03,base,P03_L100_BASE_T012_A04,-0.212,0.28800000000000003,10,0.21206838792642926,True
P03_L100,P03,base,P03_L100_BASE_T012_A05,0.3552,0.8552,11,0.09503597473396212,True
P03_L100,P03,base,P03_L100_BASE_T013_A01,0.0229,0.5229,10,0.051607343797021754,True
P03_L100,P03,base,P03_L100_BASE_T013_A02,-0.1662,0.3338,10,0.1072980262193196,True
P03_L100,P03,base,P03_L100_BASE_T013_A03,-0.3552,0.14479999999999998,10,0.07639480208179217,True
P03_L100,P03,base,P03_L100_BASE_T013_A04,0.4011,0.9011,10,0.14068239182193268,True
P03_L100,P03,base,P03_L100_BASE_T013_A05,0.212,0.712,10,0.10366974121870853,True
P03_L100,P03,base,P03_L100_BASE_T014_A01,-0.1662,0.3338,10,0.06877264818717442,True
P03_L100,P03,base,P03_L100_BASE_T014_A02,-0.3552,0.14479999999999998,11,0.07131547740509345,True
P03_L100,P03,base,P03_L100_BASE_T014_A03,0.4011,0.9011,10,0.10366974121870853,True
P03_L100,P03,base,P03_L100_BASE_T014_A04,0.0229,0.5229,10,0.09090582932003076,True
P03_L100,P03,base,P03_L100_BASE_T014_A05,0.212,0.712,10,0.10556890770886998,True
P03_L100,P03,base,P03_L100_BASE_T015_A01,0.4011,0.9011,10,0.10366974121870853,True
P03_L100,P03,base,P03_L100_BASE_T015_A02,-0.1662,0.3338,10,0.04645836146164087,True
P03_L100,P03,base,P03_L100_BASE_T015_A03,0.212,0.712,10,0.10366974121870853,True
P03_L100,P03,base,P03_L100_BASE_T015_A04,0.0229,0.5229,10,0.0516073797168132,True
P03_L100,P03,base,P03_L100_BASE_T015_A05,-0.3552,0.14479999999999998,10,0.07842888811897843,True
P03_L100,P03,flanker,P03_L100_FLANKER_T000_A01,-0.1662,0.3338,10,0.0493646792045203,True
P03_L100,P03,flanker,P03_L100_FLANKER_T000_A02,0.212,0.712,10,0.10366974121870853,True
P03_L100,P03,flanker,P03_L100_FLANKER_T000_A03,0.4011,0.9011,11,0.09935363805702438,True
P03_L100,P03,flanker,P03_L100_FLANKER_T000_A04,-0.3552,0.14479999999999998,10,0.0520283136453255,True
P03_L100,P03,flanker,P03_L100_FLANKER_T000_A05,0.0229,0.5229,10,0.06766425973496472,True
P03_L100,P03,flanker,P03_L100_FLANKER_T001_A01,-0.3037,0.19629999999999997,10,0.0520283136453255,True
P03_L100,P03,flanker,P03_L100_FLANKER_T001_A02,-0.1146,0.3854,10,0.0520283136453255,True
P03_L100,P03,flanker,P03_L100_FLANKER_T001_A03,0.0745,0.5745,11,0.06253505905974674,True
P03_L100,P03,flanker,P03_L100_FLANKER_T001_A04,0.4526,0.9526,10,0.04008180965643985,True
P03_L100,P03,flanker,P03_L100_FLANKER_T001_A05,0.2636,0.7636000000000001,10,0.03221986222512224,True
P03_L100,P03,flanker,P03_L100_FLANKER_T002_A01,0.4526,0.9526,10,0.04525345941874622,True
P03_L100,P03,flanker,P03_L100_FLANKER_T002_A02,-0.3037,0.19629999999999997,10,0.0520283136453255,True
P03_L100,P03,flanker,P03_L100_FLANKER_T002_A03,0.0745,0.5745,10,0.051607343797021754,True
P03_L100,P03,flanker,P03_L100_FLANKER_T002_A04,-0.1146,0.3854,10,0.04525349573300749,True
P03_L100,P03,flanker,P03_L100_FLANKER_T002_A05,0.2636,0.7636000000000001,11,0.047309410252544246,True
P03_L100,P03,flanker,P03_L100_FLANKER_T003_A01,-0.1146,0.3854,10,0.04525342630842334,True
P03_L100,P03,flanker,P03_L100_FLANKER_T003_A02,0.4526,0.9526,10,0.059333441422541704,True
P03_L100,P03,flanker,P03_L100_FLANKER_T003_A03,0.0745,0.5745,10,0.056295724408094154,True
P03_L100,P03,flanker,P03_L100_FLANKER_T003_A04,-0.3037,0.19629999999999997,11,0.047309410252544246,True
P03_L100,P03,flanker,P03_L100_FLANKER_T003_A05,0.2636,0.7636000000000001,10,0.051607343797021754,True
P03_L100,P03,flanker,P03_L100_FLANKER_T004_A01,-0.1146,0.3854,10,0.06877264818717442,True
P03_L100,P03,flanker,P03_L100_FLANKER_T004_A02,0.2636,0.7636000000000001,10,0.05026894736541366,True
P03_L100,P03,flanker,P03_L100_FLANKER_T004_A03,0.4526,0.9526,10,0.051607343797021754,True
P03_L100,P03,flanker,P03_L100_FLANKER_T004_A04,-0.3037,0.19629999999999997,10,0.0520283136453255,True
P03_L100,P03,flanker,P03_L100_FLANKER_T004_A05,0.0745,0.5745,10,0.04525345941874622,True
P03_L100,P03,flanker,P03_L100_FLANKER_T005_A01,0.3094,0.8094,10,0.05885352192197433,True
P03_L100,P03,flanker,P03_L100_FLANKER_T005_A02,-0.0688,0.4312,10,0.10366974121870853,True
P03_L100,P03,flanker,P03_L100_FLANKER_T005_A03,0.4985,0.9984999999999999,10,0.0520283136453255,True
P03_L100,P03,flanker,P03_L100_FLANKER_T005_A04,-0.2578,0.24220000000000003,10,0.08051704524078389,True
P03_L100,P03,flanker,P03_L100_FLANKER_T005_A05,0.1203,0.6203,10,0.1213735480783417,True
P03_L100,P03,flanker,P03_L100_FLANKER_T006_A01,-0.0688,0.4312,10,0.10366974121870853,True
P03_L100,P03,flanker,P03_L100_FLANKER_T006_A02,0.3094,0.8094,10,0.05298148276205134,True
P03_L100,P03,flanker,P03_L100_FLANKER_T006_A03,0.1203,0.6203,10,0.07003257472870218,True
P03_L100,P03,flanker,P03_L100_FLANKER_T006_A04,0.4985,0.9984999999999999,10,0.052028357450479935,True
P03_L100,P03,flanker,P03_L100_FLANKER_T006_A05,-0.2578,0.24220000000000003,10,0.09257123575788712,True
P03_L100,P03,flanker,P03_L100_FLANKER_T007_A01,0.4985,0.9984999999999999,10,0.055840254229045524,True
P03_L100,P03,flanker,P03_L100_FLANKER_T007_A02,0.1203,0.6203,11,0.06042042744568425,True
P03_L100,P03,flanker,P03_L100_FLANKER_T007_A03,-0.2578,0.24220000000000003,11,0.05395205351789439,True
P03_L100,P03,flanker,P03_L100_FLANKER_T007_A04,0.3094,0.8094,11,0.041484683064570975,True
P03_L100,P03,flanker,P03_L100_FLANKER_T007_A05,-0.0688,0.4312,10,0.11919005678179921,True
P03_L100,P03,flanker,P03_L100_FLANKER_T008_A01,-0.0688,0.4312,10,0.0901704153819906,True
P03_L100,P03,flanker,P03_L100_FLANKER_T008_A02,0.1203,0.6203,10,0.11822573802799824,True
P03_L100,P03,flanker,P03_L100_FLANKER_T008_A03,0.3094,0.8094,10,0.04525342630842334,True
P03_L100,P03,flanker,P03_L100_FLANKER_T008_A04,-0.2578,0.24220000000000003,10,0.10366974121870853,True
P03_L100,P03,flanker,P03_L100_FLANKER_T008_A05,0.4985,0.9984999999999999,10,0.06711680519048818,True
P03_L100,P03,flanker,P03_L100_FLANKER_T009_A01,-0.4011,0.09889999999999999,10,0.07842888811897843,True
P03_L100,P03,flanker,P03_L100_FLANKER_T009_A02,0.1662,0.6662,10,0.09426708036963746,True
P03_L100,P03,flanker,P03_L100_FLANKER_T009_A03,-0.0229,0.4771,10,0.11822573802799824,True
P03_L100,P03,flanker,P03_L100_FLANKER_T009_A04,0.3552,0.8552,10,0.11726910123773882,True
P03_L100,P03,flanker,P03_L100_FLANKER_T009_A05,-0.212,0.28800000000000003,10,0.11822573802799824,True
P03_L100,P03,flanker,P03_L100_FLANKER_T010_A01,-0.0229,0.4771,10,0.11918997958216355,True
P03_L100,P03,flanker,P03_L100_FLANKER_T010_A02,0.3552,0.8552,10,0.10366974121870853,True
P03_L100,P03,flanker,P03_L100_FLANKER_T010_A03,-0.212,0.28800000000000003,10,0.10366962466360144,True
P03_L100,P03,flanker,P03_L100_FLANKER_T010_A04,0.1662,0.6662,11,0.09503591450340956,True
P03_L100,P03,flanker,P03_L100_FLANKER_T010_A05,-0.4011,0.09889999999999999,10,0.08117377586790923,True
P03_L100,P03,flanker,P03_L100_FLANKER_T011_A01,-0.4011,0.09889999999999999,10,0.09090591445346737,True
P03_L100,P03,flanker,P03_L100_FLANKER_T011_A02,-0.0229,0.4771,10,0.11308778450489883,True
P03_L100,P03,flanker,P03_L100_FLANKER_T011_A03,-0.212,0.28800000000000003,10,0.10366974121870853,True
P03_L100,P03,flanker,P03_L100_FLANKER_T011_A04,0.1662,0.6662,10,0.10366974121870853,True
P03_L100,P03,flanker,P03_L100_FLANKER_T011_A05,0.3552,0.8552,10,0.10366974121870853,True
P03_L100,P03,flanker,P03_L100_FLANKER_T012_A01,-0.0229,0.4771,10,0.08486170876359471,True
P03_L100,P03,flanker,P03_L100_FLANKER_T012_A02,0.3552,0.8552,10,0.13592521650331646,True
P03_L100,P03,flanker,P03_L100_FLANKER_T012_A03,-0.212,0.28800000000000003,10,0.10366974121870853,True
P03_L100,P03,flanker,P03_L100_FLANKER_T012_A04,-0.4011,0.09889999999999999,10,0.08486170876359471,True
P03_L100,P03,flanker,P03_L100_FLANKER_T012_A05,0.1662,0.6662,10,0.13592509663741345,True
P03_L100,P03,flanker,P03_L100_FLANKER_T013_A01,-0.1662,0.3338,10,0.02977749294040484,True
P03_L100,P03,flanker,P03_L100_FLANKER_T013_A02,0.4011,0.9011,10,0.11919009690335654,True
P03_L100,P03,flanker,P03_L100_FLANKER_T013_A03,-0.3552,0.14479999999999998,10,0.0516073797168132,True
P03_L100,P03,flanker,P03_L100_FLANKER_T013_A04,0.212,0.712,10,0.07003257199336123,True
P03_L100,P03,flanker,P03_L100_FLANKER_T013_A05,0.0229,0.5229,10,0.0419028690197867,True
P03_L100,P03,flanker,P03_L100_FLANKER_T014_A01,0.212,0.712,10,0.10366974121870853,True
P03_L100,P03,flanker,P03_L100_FLANKER_T014_A02,0.0229,0.5229,10,0.04525345941874622,True
P03_L100,P03,flanker,P03_L100_FLANKER_T014_A03,-0.3552,0.14479999999999998,10,0.09090582932003076,True
P03_L100,P03,flanker,P03_L100_FLANKER_T014_A04,0.4011,0.9011,10,0.1482735765380608,True
P03_L100,P03,flanker,P03_L100_FLANKER_T014_A05,-0.1662,0.3338,11,0.036743810675059066,True
P03_L100,P03,flanker,P03_L100_FLANKER_T015_A01,0.212,0.712,10,0.1575491364806032,True
P03_L100,P03,flanker,P03_L100_FLANKER_T015_A02,-0.3552,0.14479999999999998,10,0.06877264818717442,True
P03_L100,P03,flanker,P03_L100_FLANKER_T015_A03,0.0229,0.5229,10,0.052981421808227486,True
P03_L100,P03,flanker,P03_L100_FLANKER_T015_A04,-0.1662,0.3338,10,0.051607343797021754,True
P03_L100,P03,flanker,P03_L100_FLANKER_T015_A05,0.4011,0.9011,10,0.10366974121870853,True
P03_L200,P03,base,P03_L200_BASE_T000_A01,-0.1662,0.3338,10,0.10366973293066446,True
P03_L200,P03,base,P03_L200_BASE_T000_A02,0.4011,0.9011,10,0.11919009965726289,True
P03_L200,P03,base,P03_L200_BASE_T000_A03,-0.3552,0.14479999999999998,10,0.11822574190083344,True
P03_L200,P03,base,P03_L200_BASE_T000_A04,0.212,0.712,10,0.18595876538180656,True
P03_L200,P03,base,P03_L200_BASE_T000_A05,0.0229,0.5229,10,0.1036697904051879,True
P03_L200,P03,base,P03_L200_BASE_T001_A01,0.0745,0.5745,10,0.11919009965726289,True
P03_L200,P03,base,P03_L200_BASE_T001_A02,0.2636,0.7636000000000001,10,0.09756640850834199,True
P03_L200,P03,base,P03_L200_BASE_T001_A03,0.4526,0.9526,10,0.10366973293066446,True
P03_L200,P03,base,P03_L200_BASE_T001_A04,-0.3037,0.19629999999999997,10,0.10366973293066446,True
P03_L200,P03,base,P03_L200_BASE_T001_A05,-0.1146,0.3854,11,0.06042044334154441,True
P03_L200,P03,base,P03_L200_BASE_T002_A01,0.0745,0.5745,11,0.06042044334154441,True
P03_L200,P03,base,P03_L200_BASE_T002_A02,-0.1146,0.3854,10,0.09090587286144251,True
P03_L200,P03,base,P03_L200_BASE_T002_A03,0.4526,0.9526,10,0.09426717455203039,True
P03_L200,P03,base,P03_L200_BASE_T002_A04,-0.3037,0.19629999999999997,10,0.15754936500869066,True
P03_L200,P03,base,P03_L200_BASE_T002_A05,0.2636,0.7636000000000001,10,0.08117389876504688,True
P03_L200,P03,base,P03_L200_BASE_T003_A01,0.4526,0.9526,10,0.09756640850834199,True
P03_L200,P03,base,P03_L200_BASE_T003_A02,0.0745,0.5745,10,0.09257120154415077,True
P03_L200,P03,base,P03_L200_BASE_T003_A03,-0.1146,0.3854,11,0.07131551640200495,True
P03_L200,P03,base,P03_L200_BASE_T003_A04,0.2636,0.7636000000000001,10,0.10366984787971138,True
P03_L200,P03,base,P03_L200_BASE_T003_A05,-0.3037,0.19629999999999997,10,0.11919009965726289,True
P03_L200,P03,base,P03_L200_BASE_T004_A01,0.4526,0.9526,10,0.10366973293066446,True
P03_L200,P03,base,P03_L200_BASE_T004_A02,-0.3037,0.19629999999999997,10,0.10366973293066446,True
P03_L200,P03,base,P03_L200_BASE_T004_A03,-0.1146,0.3854,10,0.1182257993753569,True
P03_L200,P03,base,P03_L200_BASE_T004_A04,0.2636,0.7636000000000001,10,0.05341360860310257,True
P03_L200,P03,base,P03_L200_BASE_T004_A05,0.0745,0.5745,11,0.08333509732598086,True
P03_L200,P03,base,P03_L200_BASE_T005_A01,0.4985,0.9984999999999999,10,0.10366973293066446,True
P03_L200,P03,base,P03_L200_BASE_T005_A02,0.1203,0.6203,10,0.17501053210962247,True
P03_L200,P03,base,P03_L200_BASE_T005_A03,-0.0688,0.4312,10,0.13592522811910585,True
P03_L200,P03,base,P03_L200_BASE_T005_A04,-0.2578,0.24220000000000003,10,0.13592522811910585,True
P03_L200,P03,base,P03_L200_BASE_T005_A05,0.3094,0.8094,11,0.07131551640200495,True
P03_L200,P03,base,P03_L200_BASE_T006_A01,0.1203,0.6203,11,0.2177150143344,True
P03_L200,P03,base,P03_L200_BASE_T006_A02,0.3094,0.8094,10,0.11822592554365327,True
P03_L200,P03,base,P03_L200_BASE_T006_A03,-0.2578,0.24220000000000003,11,0.18631369973238124,True
P03_L200,P03,base,P03_L200_BASE_T006_A04,0.4985,0.9984999999999999,10,0.1959928137950314,True
P03_L200,P03,base,P03_L200_BASE_T006_A05,-0.0688,0.4312,10,0.17501053210962247,True
P03_L200,P03,base,P03_L200_BASE_T007_A01,-0.0688,0.4312,10,0.27304867060459903,True
P03_L200,P03,base,P03_L200_BASE_T007_A02,0.1203,0.6203,10,0.22170328088091265,True
P03_L200,P03,base,P03_L200_BASE_T007_A03,0.4985,0.9984999999999999,10,0.07842885855691561,True
P03_L200,P03,base,P03_L200_BASE_T007_A04,-0.2578,0.24220000000000003,10,0.23749368780181032,True
P03_L200,P03,base,P03_L200_BASE_T007_A05,0.3094,0.8094,10,0.09257120154415077,True
P03_L200,P03,base,P03_L200_BASE_T008_A01,-0.2578,0.24220000000000003,10,0.23749368780181032,True
P03_L200,P03,base,P03_L200_BASE_T008_A02,0.3094,0.8094,10,0.11822586172669311,True
P03_L200,P03,base,P03_L200_BASE_T008_A03,0.4985,0.9984999999999999,10,0.10366984787971138,True
P03_L200,P03,base,P03_L200_BASE_T008_A04,0.1203,0.6203,11,0.1633744610269569,True
P03_L200,P03,base,P03_L200_BASE_T008_A05,-0.0688,0.4312,11,0.21771486421367592,True
P03_L200,P03,base,P03_L200_BASE_T009_A01,-0.212,0.28800000000000003,10,0.208253375881209,True
P03_L200,P03,base,P03_L200_BASE_T009_A02,0.1662,0.6662,10,0.2458057562088001,True
P03_L200,P03,base,P03_L200_BASE_T009_A03,0.3552,0.8552,10,0.23749368780181032,True
P03_L200,P03,base,P03_L200_BASE_T009_A04,-0.0229,0.4771,11,0.12137373217216803,True
P03_L200,P03,base,P03_L200_BASE_T009_A05,-0.4011,0.09889999999999999,10,0.27304867060459903,True
P03_L200,P03,base,P03_L200_BASE_T010_A01,-0.0229,0.4771,10,0.13592522811910585,True
P03_L200,P03,base,P03_L200_BASE_T010_A02,0.3552,0.8552,10,0.1959928137950314,True
P03_L200,P03,base,P03_L200_BASE_T010_A03,-0.4011,0.09889999999999999,10,0.36092420806040587,True
P03_L200,P03,base,P03_L200_BASE_T010_A04,-0.212,0.28800000000000003,11,0.21771491425391745,True
P03_L200,P03,base,P03_L200_BASE_T010_A05,0.1662,0.6662,10,0.23749368780181032,True
P03_L200,P03,base,P03_L200_BASE_T011_A01,-0.4011,0.09889999999999999,10,0.20825343891728532,True
P03_L200,P03,base,P03_L200_BASE_T011_A02,-0.212,0.28800000000000003,10,0.1406825337009616,True
P03_L200,P03,base,P03_L200_BASE_T011_A03,-0.0229,0.4771,10,0.23749324514327913,True
P03_L200,P03,base,P03_L200_BASE_T011_A04,0.1662,0.6662,10,0.15627448115808748,True
P03_L200,P03,base,P03_L200_BASE_T011_A05,0.3552,0.8552,10,0.208253375881209,True
P03_L200,P03,base,P03_L200_BASE_T012_A01,-0.4011,0.09889999999999999,10,0.1796702069127487,True
P03_L200,P03,base,P03_L200_BASE_T012_A02,0.3552,0.8552,10,0.23749368780181032,True
P03_L200,P03,base,P03_L200_BASE_T012_A03,-0.0229,0.4771,10,0.23749324514327913,True
P03_L200,P03,base,P03_L200_BASE_T012_A04,-0.212,0.28800000000000003,11,0.1497683733936256,True
P03_L200,P03,base,P03_L200_BASE_T012_A05,0.1662,0.6662,10,0.1359250144430739,True
P03_L200,P03,base,P03_L200_BASE_T013_A01,-0.3552,0.14479999999999998,10,0.11822556538133427,True
P03_L200,P03,base,P03_L200_BASE_T013_A02,-0.1662,0.3338,10,0.10366973293066446,True
P03_L200,P03,base,P03_L200_BASE_T013_A03,0.4011,0.9011,10,0.1859585094804657,True
P03_L200,P03,base,P03_L200_BASE_T013_A04,0.212,0.712,10,0.23749368780181032,True
P03_L200,P03,base,P03_L200_BASE_T013_A05,0.0229,0.5229,10,0.10366973293066446,True
P03_L200,P03,base,P03_L200_BASE_T014_A01,0.4011,0.9011,10,0.23749368780181032,True
P03_L200,P03,base,P03_L200_BASE_T014_A02,-0.3552,0.14479999999999998,10,0.10366984787971138,True
P03_L200,P03,base,P03_L200_BASE_T014_A03,0.0229,0.5229,10,0.09017044489315779,True
P03_L200,P03,base,P03_L200_BASE_T014_A04,-0.1662,0.3338,10,0.0925714058380931,True
P03_L200,P03,base,P03_L200_BASE_T014_A05,0.212,0.712,10,0.24184458283254778,True
P03_L200,P03,base,P03_L200_BASE_T015_A01,-0.1662,0.3338,10,0.09854994933507967,True
P03_L200,P03,base,P03_L200_BASE_T015_A02,0.0229,0.5229,10,0.07639482271864302,True
P03_L200,P03,base,P03_L200_BASE_T015_A03,-0.3552,0.14479999999999998,10,0.09090598146805196,True
P03_L200,P03,base,P03_L200_BASE_T015_A04,0.212,0.712,10,0.23749368780181032,True
P03_L200,P03,base,P03_L200_BASE_T015_A05,0.4011,0.9011,10,0.22351160343513282,True
P03_L200,P03,flanker,P03_L200_FLANKER_T000_A01,-0.1662,0.3338,10,0.11515954535794128,True
P03_L200,P03,flanker,P03_L200_FLANKER_T000_A02,0.0229,0.5229,10,0.11919017656219111,True
P03_L200,P03,flanker,P03_L200_FLANKER_T000_A03,-0.3552,0.14479999999999998,10,0.13592536212602047,True
P03_L200,P03,flanker,P03_L200_FLANKER_T000_A04,0.212,0.712,11,0.21771486421367592,True
P03_L200,P03,flanker,P03_L200_FLANKER_T000_A05,0.4011,0.9011,10,0.23749368780181032,True
P03_L200,P03,flanker,P03_L200_FLANKER_T001_A01,0.2636,0.7636000000000001,11,0.14325971659622133,True
P03_L200,P03,flanker,P03_L200_FLANKER_T001_A02,-0.3037,0.19629999999999997,10,0.10366973293066446,True
P03_L200,P03,flanker,P03_L200_FLANKER_T001_A03,0.4526,0.9526,10,0.10366984787971138,True
P03_L200,P03,flanker,P03_L200_FLANKER_T001_A04,-0.1146,0.3854,10,0.09257120154415077,True
P03_L200,P03,flanker,P03_L200_FLANKER_T001_A05,0.0745,0.5745,10,0.09756630305847,True
P03_L200,P03,flanker,P03_L200_FLANKER_T002_A01,0.2636,0.7636000000000001,10,0.2730486641038932,True
P03_L200,P03,flanker,P03_L200_FLANKER_T002_A02,0.4526,0.9526,11,0.07131556802480885,True
P03_L200,P03,flanker,P03_L200_FLANKER_T002_A03,-0.3037,0.19629999999999997,10,0.10366973293066446,True
P03_L200,P03,flanker,P03_L200_FLANKER_T002_A04,-0.1146,0.3854,11,0.0625352435500523,True
P03_L200,P03,flanker,P03_L200_FLANKER_T002_A05,0.0745,0.5745,10,0.10366973293066446,True
P03_L200,P03,flanker,P03_L200_FLANKER_T003_A01,-0.1146,0.3854,10,0.15754920945006062,True
P03_L200,P03,flanker,P03_L200_FLANKER_T003_A02,0.0745,0.5745,11,0.05395215391686856,True
P03_L200,P03,flanker,P03_L200_FLANKER_T003_A03,0.2636,0.7636000000000001,10,0.09090598146805196,True
P03_L200,P03,flanker,P03_L200_FLANKER_T003_A04,0.4526,0.9526,10,0.1182257993753569,True
P03_L200,P03,flanker,P03_L200_FLANKER_T003_A05,-0.3037,0.19629999999999997,10,0.1036697904051879,True
P03_L200,P03,flanker,P03_L200_FLANKER_T004_A01,0.0745,0.5745,10,0.13592543177098818,True
P03_L200,P03,flanker,P03_L200_FLANKER_T004_A02,0.2636,0.7636000000000001,10,0.07986569980204725,True
P03_L200,P03,flanker,P03_L200_FLANKER_T004_A03,-0.1146,0.3854,10,0.11919024171139041,True
P03_L200,P03,flanker,P03_L200_FLANKER_T004_A04,-0.3037,0.19629999999999997,11,0.14325997889168193,True
P03_L200,P03,flanker,P03_L200_FLANKER_T004_A05,0.4526,0.9526,10,0.12137353540271019,True
P03_L200,P03,flanker,P03_L200_FLANKER_T005_A01,0.3094,0.8094,10,0.1182257993753569,True
P03_L200,P03,flanker,P03_L200_FLANKER_T005_A02,0.1203,0.6203,10,0.23749368780181032,True
P03_L200,P03,flanker,P03_L200_FLANKER_T005_A03,0.4985,0.9984999999999999,10,0.10366973293066446,True
P03_L200,P03,flanker,P03_L200_FLANKER_T005_A04,-0.2578,0.24220000000000003,11,0.14325971659622133,True
P03_L200,P03,flanker,P03_L200_FLANKER_T005_A05,-0.0688,0.4312,10,0.23749368780181032,True
P03_L200,P03,flanker,P03_L200_FLANKER_T006_A01,0.3094,0.8094,10,0.09090598146805196,True
P03_L200,P03,flanker,P03_L200_FLANKER_T006_A02,-0.0688,0.4312,10,0.10556885259894418,True
P03_L200,P03,flanker,P03_L200_FLANKER_T006_A03,0.4985,0.9984999999999999,10,0.12137353540271019,True
P03_L200,P03,flanker,P03_L200_FLANKER_T006_A04,0.1203,0.6203,10,0.16043552076616863,True
P03_L200,P03,flanker,P03_L200_FLANKER_T006_A05,-0.2578,0.24220000000000003,10,0.29305419101855545,True
P03_L200,P03,flanker,P03_L200_FLANKER_T007_A01,-0.2578,0.24220000000000003,10,0.2379468833663538,True
P03_L200,P03,flanker,P03_L200_FLANKER_T007_A02,0.1203,0.6203,10,0.16909240075463786,True
P03_L200,P03,flanker,P03_L200_FLANKER_T007_A03,0.4985,0.9984999999999999,10,0.10366973293066446,True
P03_L200,P03,flanker,P03_L200_FLANKER_T007_A04,0.3094,0.8094,10,0.10366973293066446,True
P03_L200,P03,flanker,P03_L200_FLANKER_T007_A05,-0.0688,0.4312,10,0.17967042038475267,True
P03_L200,P03,flanker,P03_L200_FLANKER_T008_A01,-0.0688,0.4312,10,0.18595858239696847,True
P03_L200,P03,flanker,P03_L200_FLANKER_T008_A02,0.4985,0.9984999999999999,10,0.11308799150699081,True
P03_L200,P03,flanker,P03_L200_FLANKER_T008_A03,-0.2578,0.24220000000000003,10,0.18445399440337826,True
P03_L200,P03,flanker,P03_L200_FLANKER_T008_A04,0.1203,0.6203,10,0.17967014325386232,True
P03_L200,P03,flanker,P03_L200_FLANKER_T008_A05,0.3094,0.8094,10,0.09756640850834199,True
P03_L200,P03,flanker,P03_L200_FLANKER_T009_A01,0.1662,0.6662,10,0.2954446067421593,True
P03_L200,P03,flanker,P03_L200_FLANKER_T009_A02,-0.212,0.28800000000000003,11,0.19283422057454486,True
P03_L200,P03,flanker,P03_L200_FLANKER_T009_A03,-0.0229,0.4771,11,0.28314448572375417,True
P03_L200,P03,flanker,P03_L200_FLANKER_T009_A04,0.3552,0.8552,10,0.47708089641600676,True
P03_L200,P03,flanker,P03_L200_FLANKER_T009_A05,-0.4011,0.09889999999999999,10,0.27304901631060685,True
P03_L200,P03,flanker,P03_L200_FLANKER_T010_A01,0.1662,0.6662,10,0.23749368780181032,True
P03_L200,P03,flanker,P03_L200_FLANKER_T010_A02,-0.4011,0.09889999999999999,10,0.27083955317728087,True
P03_L200,P03,flanker,P03_L200_FLANKER_T010_A03,-0.0229,0.4771,10,0.27304867060459903,True
P03_L200,P03,flanker,P03_L200_FLANKER_T010_A04,-0.212,0.28800000000000003,10,0.3113866589110511,True
P03_L200,P03,flanker,P03_L200_FLANKER_T010_A05,0.3552,0.8552,11,0.12259703325548121,True
P03_L200,P03,flanker,P03_L200_FLANKER_T011_A01,0.1662,0.6662,10,0.23749368780181032,True
P03_L200,P03,flanker,P03_L200_FLANKER_T011_A02,-0.4011,0.09889999999999999,10,0.23749368780181032,True
P03_L200,P03,flanker,P03_L200_FLANKER_T011_A03,0.3552,0.8552,10,0.22946269222213928,True
P03_L200,P03,flanker,P03_L200_FLANKER_T011_A04,-0.212,0.28800000000000003,10,0.24381704411264946,True
P03_L200,P03,flanker,P03_L200_FLANKER_T011_A05,-0.0229,0.4771,11,0.21771486421367592,True
P03_L200,P03,flanker,P03_L200_FLANKER_T012_A01,-0.0229,0.4771,10,0.22351160343513282,True
P03_L200,P03,flanker,P03_L200_FLANKER_T012_A02,-0.212,0.28800000000000003,10,0.3113866589110511,True
P03_L200,P03,flanker,P03_L200_FLANKER_T012_A03,-0.4011,0.09889999999999999,10,0.35510770380642426,True
P03_L200,P03,flanker,P03_L200_FLANKER_T012_A04,0.3552,0.8552,10,0.2374939856127924,True
P03_L200,P03,flanker,P03_L200_FLANKER_T012_A05,0.1662,0.6662,10,0.23749359896316077,True
P03_L200,P03,flanker,P03_L200_FLANKER_T013_A01,-0.1662,0.3338,10,0.06946594342002754,True
P03_L200,P03,flanker,P03_L200_FLANKER_T013_A02,0.4011,0.9011,11,0.21771486421367592,True
P03_L200,P03,flanker,P03_L200_FLANKER_T013_A03,0.212,0.712,10,0.208253375881209,True
P03_L200,P03,flanker,P03_L200_FLANKER_T013_A04,-0.3552,0.14479999999999998,11,0.09935386854068157,True
P03_L200,P03,flanker,P03_L200_FLANKER_T013_A05,0.0229,0.5229,10,0.12792279512117696,True
P03_L200,P03,flanker,P03_L200_FLANKER_T014_A01,-0.3552,0.14479999999999998,10,0.09257120154415077,True
P03_L200,P03,flanker,P03_L200_FLANKER_T014_A02,0.212,0.712,10,0.20489715176326823,True
P03_L200,P03,flanker,P03_L200_FLANKER_T014_A03,0.0229,0.5229,10,0.09090598146805196,True
P03_L200,P03,flanker,P03_L200_FLANKER_T014_A04,-0.1662,0.3338,10,0.11822574190083344,True
P03_L200,P03,flanker,P03_L200_FLANKER_T014_A05,0.4011,0.9011,10,0.27083955317728087,True
P03_L200,P03,flanker,P03_L200_FLANKER_T015_A01,0.212,0.712,11,0.14325971659622133,True
P03_L200,P03,flanker,P03_L200_FLANKER_T015_A02,-0.1662,0.3338,10,0.12039175552279244,True
P03_L200,P03,flanker,P03_L200_FLANKER_T015_A03,0.4011,0.9011,10,0.23749368780181032,True
P03_L200,P03,flanker,P03_L200_FLANKER_T015_A04,0.0229,0.5229,10,0.07003261033822693,True
P03_L200,P03,flanker,P03_L200_FLANKER_T015_A05,-0.3552,0.14479999999999998,10,0.10366973293066446,True
P04_L010,P04,base,P04_L010_BASE_T000_A01,0.0802,0.5802,10,0.02294011819931886,True
P04_L010,P04,base,P04_L010_BASE_T000_A02,-0.1604,0.3396,10,0.019753862113211906,True
P04_L010,P04,base,P04_L010_BASE_T000_A03,0.3151,0.8150999999999999,10,0.02589999677521126,True
P04_L010,P04,base,P04_L010_BASE_T000_A04,-0.4011,0.09889999999999999,10,0.05160738168432055,True
P04_L010,P04,base,P04_L010_BASE_T001_A01,-0.2807,0.2193,11,0.027297549166708873,True
P04_L010,P04,base,P04_L010_BASE_T001_A02,0.1948,0.6948,10,0.03968184288767213,True
P04_L010,P04,base,P04_L010_BASE_T001_A03,0.4354,0.9354,10,0.045253462847699266,True
P04_L010,P04,base,P04_L010_BASE_T001_A04,-0.0401,0.4599,10,0.042589221892156866,True
P04_L010,P04,base,P04_L010_BASE_T002_A01,-0.0401,0.4599,10,0.054392118814175834,True
P04_L010,P04,base,P04_L010_BASE_T002_A02,-0.2807,0.2193,10,0.030570297439083533,True
P04_L010,P04,base,P04_L010_BASE_T002_A03,0.4354,0.9354,10,0.045253462847699266,True
P04_L010,P04,base,P04_L010_BASE_T002_A04,0.1948,0.6948,11,0.019952962591073688,True
P04_L010,P04,base,P04_L010_BASE_T003_A01,-0.2807,0.2193,10,0.045253462847699266,True
P04_L010,P04,base,P04_L010_BASE_T003_A02,0.1948,0.6948,11,0.025024163494164912,True
P04_L010,P04,base,P04_L010_BASE_T003_A03,-0.0401,0.4599,10,0.03423542814333278,True
P04_L010,P04,base,P04_L010_BASE_T003_A04,0.4354,0.9354,10,0.04525344404430589,True
P04_L010,P04,base,P04_L010_BASE_T004_A01,0.1948,0.6948,10,0.06877266217782155,True
P04_L010,P04,base,P04_L010_BASE_T004_A02,-0.2807,0.2193,10,0.03968184288767213,True
P04_L010,P04,base,P04_L010_BASE_T004_A03,0.4354,0.9354,10,0.056295777967240855,True
P04_L010,P04,base,P04_L010_BASE_T004_A04,-0.0401,0.4599,11,0.03062861701825463,True
P04_L010,P04,base,P04_L010_BASE_T005_A01,0.1375,0.6375,10,0.03968184288767213,True
P04_L010,P04,base,P04_L010_BASE_T005_A02,-0.1031,0.39690000000000003,10,0.04040878175998518,True
P04_L010,P04,base,P04_L010_BASE_T005_A03,0.3782,0.8782,10,0.045253462847699266,True
P04_L010,P04,base,P04_L010_BASE_T005_A04,-0.338,0.16199999999999998,10,0.04936462486835567,True
P04_L010,P04,base,P04_L010_BASE_T006_A01,0.1375,0.6375,11,0.030077632780178262,True
P04_L010,P04,base,P04_L010_BASE_T006_A02,0.3782,0.8782,10,0.03968184288767213,True
P04_L010,P04,base,P04_L010_BASE_T006_A03,-0.338,0.16199999999999998,10,0.0520283225538342,True
P04_L010,P04,base,P04_L010_BASE_T006_A04,-0.1031,0.39690000000000003,10,0.03968184288767213,True
P04_L010,P04,base,P04_L010_BASE_T007_A01,-0.338,0.16199999999999998,10,0.04040878175998518,True
P04_L010,P04,base,P04_L010_BASE_T007_A02,0.3782,0.8782,10,0.05202831899107683,True
P04_L010,P04,base,P04_L010_BASE_T007_A03,-0.1031,0.39690000000000003,10,0.053413573473399596,True
P04_L010,P04,base,P04_L010_BASE_T007_A04,0.1375,0.6375,10,0.029536545750958525,True
P04_L010,P04,base,P04_L010_BASE_T008_A01,-0.338,0.16199999999999998,10,0.05686327953850074,True
P04_L010,P04,base,P04_L010_BASE_T008_A02,-0.1031,0.39690000000000003,10,0.045253462847699266,True
P04_L010,P04,base,P04_L010_BASE_T008_A03,0.3782,0.8782,10,0.045253462847699266,True
P04_L010,P04,base,P04_L010_BASE_T008_A04,0.1375,0.6375,10,0.02877050484161226,True
P04_L010,P04,base,P04_L010_BASE_T009_A01,0.3151,0.8150999999999999,10,0.02589999677521126,True
P04_L010,P04,base,P04_L010_BASE_T009_A02,0.0802,0.5802,10,0.022527414167511004,True
P04_L010,P04,base,P04_L010_BASE_T009_A03,-0.4011,0.09889999999999999,10,0.045253462847699266,True
P04_L010,P04,base,P04_L010_BASE_T009_A04,-0.1604,0.3396,11,0.020651297069516777,True
P04_L010,P04,base,P04_L010_BASE_T010_A01,-0.4011,0.09889999999999999,10,0.05160738168432055,True
P04_L010,P04,base,P04_L010_BASE_T010_A02,-0.1604,0.3396,11,0.017496358217228836,True
P04_L010,P04,base,P04_L010_BASE_T010_A03,0.3151,0.8150999999999999,11,0.018108732469676005,True
P04_L010,P04,base,P04_L010_BASE_T010_A04,0.0802,0.5802,10,0.022527414167511004,True
P04_L010,P04,base,P04_L010_BASE_T011_A01,-0.2235,0.27649999999999997,10,0.01844044722821039,True
P04_L010,P04,base,P04_L010_BASE_T011_A02,0.4985,0.9984999999999999,10,0.022527414167511004,True
P04_L010,P04,base,P04_L010_BASE_T011_A03,0.2578,0.7578,10,0.017639083045792012,True
P04_L010,P04,base,P04_L010_BASE_T011_A04,0.0172,0.5172,10,0.013344416613741071,True
P04_L010,P04,base,P04_L010_BASE_T012_A01,0.2578,0.7578,10,0.01859086945473481,True
P04_L010,P04,base,P04_L010_BASE_T012_A02,-0.2235,0.27649999999999997,10,0.022711196440692527,True
P04_L010,P04,base,P04_L010_BASE_T012_A03,0.0172,0.5172,10,0.0170425808231496,True
P04_L010,P04,base,P04_L010_BASE_T012_A04,0.4985,0.9984999999999999,10,0.017639083045792012,True
P04_L010,P04,base,P04_L010_BASE_T013_A01,0.2578,0.7578,10,0.02589999677521126,True
P04_L010,P04,base,P04_L010_BASE_T013_A02,-0.2235,0.27649999999999997,10,0.02457400611866004,True
P04_L010,P04,base,P04_L010_BASE_T013_A03,0.4985,0.9984999999999999,10,0.016170059643371478,True
P04_L010,P04,base,P04_L010_BASE_T013_A04,0.0172,0.5172,10,0.02637446633661235,True
P04_L010,P04,base,P04_L010_BASE_T014_A01,0.0172,0.5172,10,0.017321754955709704,True
P04_L010,P04,base,P04_L010_BASE_T014_A02,0.4985,0.9984999999999999,11,0.01587917500122474,True
P04_L010,P04,base,P04_L010_BASE_T014_A03,0.2578,0.7578,11,0.018108732469676005,True
P04_L010,P04,base,P04_L010_BASE_T014_A04,-0.2235,0.27649999999999997,11,0.018108732469676005,True
P04_L010,P04,base,P04_L010_BASE_T015_A01,-0.4011,0.09889999999999999,10,0.045253462847699266,True
P04_L010,P04,base,P04_L010_BASE_T015_A02,-0.1604,0.3396,11,0.018108732469676005,True
P04_L010,P04,base,P04_L010_BASE_T015_A03,0.0802,0.5802,10,0.014064477023969468,True
P04_L010,P04,base,P04_L010_BASE_T015_A04,0.3151,0.8150999999999999,10,0.02457400611866004,True
P04_L010,P04,flanker,P04_L010_FLANKER_T000_A01,-0.1031,0.39690000000000003,10,0.04452417523624168,True
P04_L010,P04,flanker,P04_L010_FLANKER_T000_A02,0.3782,0.8782,10,0.07003250266693756,True
P04_L010,P04,flanker,P04_L010_FLANKER_T000_A03,0.1375,0.6375,10,0.043723177295310084,True
P04_L010,P04,flanker,P04_L010_FLANKER_T000_A04,-0.338,0.16199999999999998,10,0.026806494188658922,True
P04_L010,P04,flanker,P04_L010_FLANKER_T001_A01,-0.2807,0.2193,10,0.04525344404430589,True
P04_L010,P04,flanker,P04_L010_FLANKER_T001_A02,0.1948,0.6948,10,0.030570300242547154,True
P04_L010,P04,flanker,P04_L010_FLANKER_T001_A03,0.4354,0.9354,10,0.03221986445309841,True
P04_L010,P04,flanker,P04_L010_FLANKER_T001_A04,-0.0401,0.4599,11,0.025024163494164912,True
P04_L010,P04,flanker,P04_L010_FLANKER_T002_A01,0.4354,0.9354,10,0.05202831899107683,True
P04_L010,P04,flanker,P04_L010_FLANKER_T002_A02,-0.0401,0.4599,11,0.034862609603451285,True
P04_L010,P04,flanker,P04_L010_FLANKER_T002_A03,0.1948,0.6948,11,0.030570303595290244,True
P04_L010,P04,flanker,P04_L010_FLANKER_T002_A04,-0.2807,0.2193,10,0.05160740048771393,True
P04_L010,P04,flanker,P04_L010_FLANKER_T003_A01,0.4985,0.9984999999999999,10,0.019753862113211906,True
P04_L010,P04,flanker,P04_L010_FLANKER_T003_A02,0.0172,0.5172,11,0.012685383964110397,True
P04_L010,P04,flanker,P04_L010_FLANKER_T003_A03,-0.2235,0.27649999999999997,10,0.03002035197346584,True
P04_L010,P04,flanker,P04_L010_FLANKER_T003_A04,0.2578,0.7578,10,0.017639083045792012,True
P04_L010,P04,flanker,P04_L010_FLANKER_T004_A01,0.4985,0.9984999999999999,10,0.019753862113211906,True
P04_L010,P04,flanker,P04_L010_FLANKER_T004_A02,0.2578,0.7578,10,0.019753862113211906,True
P04_L010,P04,flanker,P04_L010_FLANKER_T004_A03,0.0172,0.5172,10,0.016170058224378316,True
P04_L010,P04,flanker,P04_L010_FLANKER_T004_A04,-0.2235,0.27649999999999997,11,0.011723776851945191,True
P04_L010,P04,flanker,P04_L010_FLANKER_T005_A01,0.4985,0.9984999999999999,10,0.019753862113211906,True
P04_L010,P04,flanker,P04_L010_FLANKER_T005_A02,0.0172,0.5172,10,0.017321754955709704,True
P04_L010,P04,flanker,P04_L010_FLANKER_T005_A03,0.2578,0.7578,10,0.017321754955709704,True
P04_L010,P04,flanker,P04_L010_FLANKER_T005_A04,-0.2235,0.27649999999999997,11,0.018108732469676005,True
P04_L010,P04,flanker,P04_L010_FLANKER_T006_A01,0.4985,0.9984999999999999,10,0.017321754955709704,True
P04_L010,P04,flanker,P04_L010_FLANKER_T006_A02,-0.2235,0.27649999999999997,10,0.01546734430192503,True
P04_L010,P04,flanker,P04_L010_FLANKER_T006_A03,0.2578,0.7578,10,0.019753862113211906,True
P04_L010,P04,flanker,P04_L010_FLANKER_T006_A04,0.0172,0.5172,11,0.011915823779183833,True
P04_L010,P04,flanker,P04_L010_FLANKER_T007_A01,0.4354,0.9354,10,0.0593334817337162,True
P04_L010,P04,flanker,P04_L010_FLANKER_T007_A02,0.1948,0.6948,10,0.045253462847699266,True
P04_L010,P04,flanker,P04_L010_FLANKER_T007_A03,-0.2807,0.2193,10,0.03002035197346584,True
P04_L010,P04,flanker,P04_L010_FLANKER_T007_A04,-0.0401,0.4599,10,0.03032296556804406,True
P04_L010,P04,flanker,P04_L010_FLANKER_T008_A01,0.4354,0.9354,10,0.03221986149836073,True
P04_L010,P04,flanker,P04_L010_FLANKER_T008_A02,-0.2807,0.2193,10,0.03334755193415469,True
P04_L010,P04,flanker,P04_L010_FLANKER_T008_A03,0.1948,0.6948,10,0.03968184288767213,True
P04_L010,P04,flanker,P04_L010_FLANKER_T008_A04,-0.0401,0.4599,10,0.03968184288767213,True
P04_L010,P04,flanker,P04_L010_FLANKER_T009_A01,0.0802,0.5802,10,0.022527414167511004,True
P04_L010,P04,flanker,P04_L010_FLANKER_T009_A02,-0.4011,0.09889999999999999,10,0.031640232768933386,True
P04_L010,P04,flanker,P04_L010_FLANKER_T009_A03,-0.1604,0.3396,10,0.024177948820623386,True
P04_L010,P04,flanker,P04_L010_FLANKER_T009_A04,0.3151,0.8150999999999999,10,0.01630194576356759,True
P04_L010,P04,flanker,P04_L010_FLANKER_T010_A01,-0.4011,0.09889999999999999,10,0.035433641252899134,True
P04_L010,P04,flanker,P04_L010_FLANKER_T010_A02,0.3151,0.8150999999999999,10,0.022527414167511004,True
P04_L010,P04,flanker,P04_L010_FLANKER_T010_A03,-0.1604,0.3396,10,0.021374093115055202,True
P04_L010,P04,flanker,P04_L010_FLANKER_T010_A04,0.0802,0.5802,10,0.011012544206478063,True
P04_L010,P04,flanker,P04_L010_FLANKER_T011_A01,-0.1604,0.3396,10,0.021548436371754156,True
P04_L010,P04,flanker,P04_L010_FLANKER_T011_A02,-0.4011,0.09889999999999999,10,0.04525344404430589,True
P04_L010,P04,flanker,P04_L010_FLANKER_T011_A03,0.0802,0.5802,10,0.011701447544344207,True
P04_L010,P04,flanker,P04_L010_FLANKER_T011_A04,0.3151,0.8150999999999999,11,0.018108732469676005,True
P04_L010,P04,flanker,P04_L010_FLANKER_T012_A01,0.0802,0.5802,10,0.012233071340969104,True
P04_L010,P04,flanker,P04_L010_FLANKER_T012_A02,-0.1604,0.3396,10,0.017321754955709704,True
P04_L010,P04,flanker,P04_L010_FLANKER_T012_A03,-0.4011,0.09889999999999999,11,0.04148468700916459,True
P04_L010,P04,flanker,P04_L010_FLANKER_T012_A04,0.3151,0.8150999999999999,10,0.02120114876851939,True
P04_L010,P04,flanker,P04_L010_FLANKER_T013_A01,-0.338,0.16199999999999998,10,0.03968184288767213,True
P04_L010,P04,flanker,P04_L010_FLANKER_T013_A02,0.1375,0.6375,11,0.036377079376536815,True
P04_L010,P04,flanker,P04_L010_FLANKER_T013_A03,-0.1031,0.39690000000000003,10,0.045253462847699266,True
P04_L010,P04,flanker,P04_L010_FLANKER_T013_A04,0.3782,0.8782,10,0.045253462847699266,True
P04_L010,P04,flanker,P04_L010_FLANKER_T014_A01,-0.338,0.16199999999999998,10,0.03002035197346584,True
P04_L010,P04,flanker,P04_L010_FLANKER_T014_A02,0.3782,0.8782,11,0.03334753597687359,True
P04_L010,P04,flanker,P04_L010_FLANKER_T014_A03,0.1375,0.6375,10,0.028252960210874062,True
P04_L010,P04,flanker,P04_L010_FLANKER_T014_A04,-0.1031,0.39690000000000003,10,0.045253462847699266,True
P04_L010,P04,flanker,P04_L010_FLANKER_T015_A01,-0.338,0.16199999999999998,10,0.045253462847699266,True
P04_L010,P04,flanker,P04_L010_FLANKER_T015_A02,-0.1031,0.39690000000000003,10,0.051607423185622295,True
P04_L010,P04,flanker,P04_L010_FLANKER_T015_A03,0.1375,0.6375,10,0.03904234310680835,True
P04_L010,P04,flanker,P04_L010_FLANKER_T015_A04,0.3782,0.8782,11,0.04148468700916459,True
P04_L049,P04,base,P04_L049_BASE_T000_A01,0.1375,0.6375,10,0.05160741024450899,True
P04_L049,P04,base,P04_L049_BASE_T000_A02,-0.1031,0.39690000000000003,11,0.05395206420839048,True
P04_L049,P04,base,P04_L049_BASE_T000_A03,0.3782,0.8782,11,0.06253515142127972,True
P04_L049,P04,base,P04_L049_BASE_T000_A04,-0.338,0.16199999999999998,10,0.059333516372217836,True
P04_L049,P04,base,P04_L049_BASE_T001_A01,-0.0401,0.4599,10,0.05341362063333839,True
P04_L049,P04,base,P04_L049_BASE_T001_A02,0.4354,0.9354,11,0.04008186123719354,True
P04_L049,P04,base,P04_L049_BASE_T001_A03,0.1948,0.6948,11,0.04190295260905469,True
P04_L049,P04,base,P04_L049_BASE_T001_A04,-0.2807,0.2193,10,0.05202834644682993,True
P04_L049,P04,base,P04_L049_BASE_T002_A01,-0.0401,0.4599,10,0.04525351125685756,True
P04_L049,P04,base,P04_L049_BASE_T002_A02,-0.2807,0.2193,10,0.05298144524826901,True
P04_L049,P04,base,P04_L049_BASE_T002_A03,0.4354,0.9354,10,0.036082783762806867,True
P04_L049,P04,base,P04_L049_BASE_T002_A04,0.1948,0.6948,12,0.058853443473716176,True
P04_L049,P04,base,P04_L049_BASE_T003_A01,-0.2807,0.2193,11,0.04730946876906523,True
P04_L049,P04,base,P04_L049_BASE_T003_A02,0.4354,0.9354,10,0.040408798709597044,True
P04_L049,P04,base,P04_L049_BASE_T003_A03,-0.0401,0.4599,10,0.042244724524913395,True
P04_L049,P04,base,P04_L049_BASE_T003_A04,0.1948,0.6948,10,0.07842891119360597,True
P04_L049,P04,base,P04_L049_BASE_T004_A01,0.1948,0.6948,11,0.0414847091672321,True
P04_L049,P04,base,P04_L049_BASE_T004_A02,0.4354,0.9354,10,0.05202834644682993,True
P04_L049,P04,base,P04_L049_BASE_T004_A03,-0.0401,0.4599,10,0.04525348353309591,True
P04_L049,P04,base,P04_L049_BASE_T004_A04,-0.2807,0.2193,11,0.047309447030271866,True
P04_L049,P04,base,P04_L049_BASE_T005_A01,0.0172,0.5172,10,0.01735481626998363,True
P04_L049,P04,base,P04_L049_BASE_T005_A02,-0.2235,0.27649999999999997,10,0.023127249650720022,True
P04_L049,P04,base,P04_L049_BASE_T005_A03,0.4985,0.9984999999999999,10,0.034235472716539955,True
P04_L049,P04,base,P04_L049_BASE_T005_A04,0.2578,0.7578,10,0.022940039680510636,True
P04_L049,P04,base,P04_L049_BASE_T006_A01,0.2578,0.7578,10,0.019753858650415197,True
P04_L049,P04,base,P04_L049_BASE_T006_A02,-0.2235,0.27649999999999997,10,0.025690455551422978,True
P04_L049,P04,base,P04_L049_BASE_T006_A03,0.0172,0.5172,11,0.012058847711743398,True
P04_L049,P04,base,P04_L049_BASE_T006_A04,0.4985,0.9984999999999999,10,0.019085849041679367,True
P04_L049,P04,base,P04_L049_BASE_T007_A01,0.0172,0.5172,10,0.02252744327109203,True
P04_L049,P04,base,P04_L049_BASE_T007_A02,0.2578,0.7578,10,0.019753858650415197,True
P04_L049,P04,base,P04_L049_BASE_T007_A03,0.4985,0.9984999999999999,10,0.040408798709597044,True
P04_L049,P04,base,P04_L049_BASE_T007_A04,-0.2235,0.27649999999999997,11,0.03637709273734868,True
P04_L049,P04,base,P04_L049_BASE_T008_A01,0.0172,0.5172,10,0.02271119119076223,True
P04_L049,P04,base,P04_L049_BASE_T008_A02,0.4985,0.9984999999999999,10,0.03968185155234242,True
P04_L049,P04,base,P04_L049_BASE_T008_A03,-0.2235,0.27649999999999997,10,0.029536554842345308,True
P04_L049,P04,base,P04_L049_BASE_T008_A04,0.2578,0.7578,11,0.030077653975553238,True
P04_L049,P04,base,P04_L049_BASE_T009_A01,-0.1604,0.3396,10,0.029536554842345308,True
P04_L049,P04,base,P04_L049_BASE_T009_A02,-0.4011,0.09889999999999999,10,0.07441354131300863,True
P04_L049,P04,base,P04_L049_BASE_T009_A03,0.0802,0.5802,10,0.023315887217870333,True
P04_L049,P04,base,P04_L049_BASE_T009_A04,0.3151,0.8150999999999999,10,0.03543364948628696,True
P04_L049,P04,base,P04_L049_BASE_T010_A01,0.3151,0.8150999999999999,10,0.038029779477632246,True
P04_L049,P04,base,P04_L049_BASE_T010_A02,-0.1604,0.3396,10,0.02900520620428371,True
P04_L049,P04,base,P04_L049_BASE_T010_A03,-0.4011,0.09889999999999999,11,0.0414847091672321,True
P04_L049,P04,base,P04_L049_BASE_T010_A04,0.0802,0.5802,10,0.025900007304281738,True
P04_L049,P04,base,P04_L049_BASE_T011_A01,-0.4011,0.09889999999999999,11,0.05395199093349764,True
P04_L049,P04,base,P04_L049_BASE_T011_A02,-0.1604,0.3396,10,0.03704349045448363,True
P04_L049,P04,base,P04_L049_BASE_T011_A03,0.3151,0.8150999999999999,10,0.019753858650415197,True
P04_L049,P04,base,P04_L049_BASE_T011_A04,0.0802,0.5802,10,0.03968185155234242,True
P04_L049,P04,base,P04_L049_BASE_T012_A01,-0.1604,0.3396,11,0.028770531760719618,True
P04_L049,P04,base,P04_L049_BASE_T012_A02,-0.4011,0.09889999999999999,10,0.06766431099390906,True
P04_L049,P04,base,P04_L049_BASE_T012_A03,0.0802,0.5802,10,0.036446492102834724,True
P04_L049,P04,base,P04_L049_BASE_T012_A04,0.3151,0.8150999999999999,10,0.03968185155234242,True
P04_L049,P04,base,P04_L049_BASE_T013_A01,0.3782,0.8782,10,0.07381147453166016,True
P04_L049,P04,base,P04_L049_BASE_T013_A02,0.1375,0.6375,10,0.06472379983568861,True
P04_L049,P04,base,P04_L049_BASE_T013_A03,-0.1031,0.39690000000000003,11,0.03254469384139945,True
P04_L049,P04,base,P04_L049_BASE_T013_A04,-0.338,0.16199999999999998,10,0.06141013116169165,True
P04_L049,P04,base,P04_L049_BASE_T014_A01,-0.1031,0.39690000000000003,10,0.04525348353309591,True
P04_L049,P04,base,P04_L049_BASE_T014_A02,-0.338,0.16199999999999998,10,0.06141011409505189,True
P04_L049,P04,base,P04_L049_BASE_T014_A03,0.1375,0.6375,10,0.04896524038926543,True
P04_L049,P04,base,P04_L049_BASE_T014_A04,0.3782,0.8782,11,0.06537624487188626,True
P04_L049,P04,base,P04_L049_BASE_T015_A01,0.3782,0.8782,10,0.04896524038926543,True
P04_L049,P04,base,P04_L049_BASE_T015_A02,0.1375,0.6375,10,0.04896524038926543,True
P04_L049,P04,base,P04_L049_BASE_T015_A03,-0.338,0.16199999999999998,11,0.04570965078181494,True
P04_L049,P04,base,P04_L049_BASE_T015_A04,-0.1031,0.39690000000000003,10,0.03704349045448363,True
P04_L049,P04,flanker,P04_L049_FLANKER_T000_A01,0.3782,0.8782,10,0.07381147453166016,True
P04_L049,P04,flanker,P04_L049_FLANKER_T000_A02,-0.338,0.16199999999999998,10,0.06877267123620542,True
P04_L049,P04,flanker,P04_L049_FLANKER_T000_A03,-0.1031,0.39690000000000003,10,0.05933348769357536,True
P04_L049,P04,flanker,P04_L049_FLANKER_T000_A04,0.1375,0.6375,11,0.04008186123719354,True
P04_L049,P04,flanker,P04_L049_FLANKER_T001_A01,-0.2807,0.2193,10,0.08555393321129008,True
P04_L049,P04,flanker,P04_L049_FLANKER_T001_A02,0.1948,0.6948,10,0.07842885771125775,True
P04_L049,P04,flanker,P04_L049_FLANKER_T001_A03,-0.0401,0.4599,11,0.05395204246959706,True
P04_L049,P04,flanker,P04_L049_FLANKER_T001_A04,0.4354,0.9354,10,0.06766440066646515,True
P04_L049,P04,flanker,P04_L049_FLANKER_T002_A01,0.1948,0.6948,10,0.06877267123620542,True
P04_L049,P04,flanker,P04_L049_FLANKER_T002_A02,0.4354,0.9354,10,0.06472379983568861,True
P04_L049,P04,flanker,P04_L049_FLANKER_T002_A03,-0.0401,0.4599,10,0.06537624360142892,True
P04_L049,P04,flanker,P04_L049_FLANKER_T002_A04,-0.2807,0.2193,11,0.05395204246959706,True
P04_L049,P04,flanker,P04_L049_FLANKER_T003_A01,-0.0401,0.4599,10,0.04525348353309591,True
P04_L049,P04,flanker,P04_L049_FLANKER_T003_A02,0.4354,0.9354,11,0.037794139825180956,True
P04_L049,P04,flanker,P04_L049_FLANKER_T003_A03,0.1948,0.6948,11,0.05837737306034609,True
P04_L049,P04,flanker,P04_L049_FLANKER_T003_A04,-0.2807,0.2193,10,0.06472379983568861,True
P04_L049,P04,flanker,P04_L049_FLANKER_T004_A01,-0.2807,0.2193,11,0.054835761491839476,True
P04_L049,P04,flanker,P04_L049_FLANKER_T004_A02,-0.0401,0.4599,10,0.05202834644682993,True
P04_L049,P04,flanker,P04_L049_FLANKER_T004_A03,0.4354,0.9354,11,0.038029790798694216,True
P04_L049,P04,flanker,P04_L049_FLANKER_T004_A04,0.1948,0.6948,10,0.0909058654138665,True
P04_L049,P04,flanker,P04_L049_FLANKER_T005_A01,0.0172,0.5172,10,0.013950679258624863,True
P04_L049,P04,flanker,P04_L049_FLANKER_T005_A02,0.4985,0.9984999999999999,10,0.03975759152509516,True
P04_L049,P04,flanker,P04_L049_FLANKER_T005_A03,0.2578,0.7578,10,0.03002035894580909,True
P04_L049,P04,flanker,P04_L049_FLANKER_T005_A04,-0.2235,0.27649999999999997,10,0.025690455551422978,True
P04_L049,P04,flanker,P04_L049_FLANKER_T006_A01,-0.2235,0.27649999999999997,10,0.02271119119076223,True
P04_L049,P04,flanker,P04_L049_FLANKER_T006_A02,0.4985,0.9984999999999999,10,0.03543364948628696,True
P04_L049,P04,flanker,P04_L049_FLANKER_T006_A03,0.2578,0.7578,10,0.04525348353309591,True
P04_L049,P04,flanker,P04_L049_FLANKER_T006_A04,0.0172,0.5172,10,0.016466289187890903,True
P04_L049,P04,flanker,P04_L049_FLANKER_T007_A01,-0.2235,0.27649999999999997,10,0.03968185155234242,True
P04_L049,P04,flanker,P04_L049_FLANKER_T007_A02,0.4985,0.9984999999999999,10,0.034235472716539955,True
P04_L049,P04,flanker,P04_L049_FLANKER_T007_A03,0.0172,0.5172,10,0.019753858650415197,True
P04_L049,P04,flanker,P04_L049_FLANKER_T007_A04,0.2578,0.7578,10,0.04525348353309591,True
P04_L049,P04,flanker,P04_L049_FLANKER_T008_A01,-0.2235,0.27649999999999997,10,0.0425892393469429,True
P04_L049,P04,flanker,P04_L049_FLANKER_T008_A02,0.4985,0.9984999999999999,10,0.030570348513884085,True
P04_L049,P04,flanker,P04_L049_FLANKER_T008_A03,0.0172,0.5172,11,0.023550913353975265,True
P04_L049,P04,flanker,P04_L049_FLANKER_T008_A04,0.2578,0.7578,10,0.025690455551422978,True
P04_L049,P04,flanker,P04_L049_FLANKER_T009_A01,-0.1604,0.3396,10,0.03968185155234242,True
P04_L049,P04,flanker,P04_L049_FLANKER_T009_A02,-0.4011,0.09889999999999999,12,0.0771649797494729,True
P04_L049,P04,flanker,P04_L049_FLANKER_T009_A03,0.0802,0.5802,10,0.01289317983635796,True
P04_L049,P04,flanker,P04_L049_FLANKER_T009_A04,0.3151,0.8150999999999999,10,0.029536554842345308,True
P04_L049,P04,flanker,P04_L049_FLANKER_T010_A01,0.0802,0.5802,10,0.014703518932749795,True
P04_L049,P04,flanker,P04_L049_FLANKER_T010_A02,-0.1604,0.3396,10,0.02457400552307941,True
P04_L049,P04,flanker,P04_L049_FLANKER_T010_A03,0.3151,0.8150999999999999,10,0.013129369114452422,True
P04_L049,P04,flanker,P04_L049_FLANKER_T010_A04,-0.4011,0.09889999999999999,10,0.058853443473716176,True
P04_L049,P04,flanker,P04_L049_FLANKER_T011_A01,0.0802,0.5802,10,0.01959404039508361,True
P04_L049,P04,flanker,P04_L049_FLANKER_T011_A02,-0.1604,0.3396,10,0.026806487874518257,True
P04_L049,P04,flanker,P04_L049_FLANKER_T011_A03,-0.4011,0.09889999999999999,10,0.07716491837943798,True
P04_L049,P04,flanker,P04_L049_FLANKER_T011_A04,0.3151,0.8150999999999999,10,0.026589606514072595,True
P04_L049,P04,flanker,P04_L049_FLANKER_T012_A01,0.3151,0.8150999999999999,10,0.025900016840966263,True
P04_L049,P04,flanker,P04_L049_FLANKER_T012_A02,-0.4011,0.09889999999999999,10,0.07639483589976294,True
P04_L049,P04,flanker,P04_L049_FLANKER_T012_A03,-0.1604,0.3396,10,0.01289317983635796,True
P04_L049,P04,flanker,P04_L049_FLANKER_T012_A04,0.0802,0.5802,12,0.02252744327109203,True
P04_L049,P04,flanker,P04_L049_FLANKER_T013_A01,-0.1031,0.39690000000000003,10,0.08555393321129008,True
P04_L049,P04,flanker,P04_L049_FLANKER_T013_A02,0.1375,0.6375,10,0.04896524038926543,True
P04_L049,P04,flanker,P04_L049_FLANKER_T013_A03,0.3782,0.8782,11,0.0414847091672321,True
P04_L049,P04,flanker,P04_L049_FLANKER_T013_A04,-0.338,0.16199999999999998,11,0.06890391791068048,True
P04_L049,P04,flanker,P04_L049_FLANKER_T014_A01,0.3782,0.8782,11,0.0414847091672321,True
P04_L049,P04,flanker,P04_L049_FLANKER_T014_A02,-0.338,0.16199999999999998,11,0.0239823581167602,True
P04_L049,P04,flanker,P04_L049_FLANKER_T014_A03,-0.1031,0.39690000000000003,10,0.07842885771125775,True
P04_L049,P04,flanker,P04_L049_FLANKER_T014_A04,0.1375,0.6375,10,0.05779469995041774,True
P04_L049,P04,flanker,P04_L049_FLANKER_T015_A01,0.1375,0.6375,10,0.05202834644682993,True
P04_L049,P04,flanker,P04_L049_FLANKER_T015_A02,-0.1031,0.39690000000000003,10,0.07842885771125775,True
P04_L049,P04,flanker,P04_L049_FLANKER_T015_A03,0.3782,0.8782,10,0.048176106394316104,True
P04_L049,P04,flanker,P04_L049_FLANKER_T015_A04,-0.338,0.16199999999999998,10,0.0811737884369858,True
P04_L100,P04,base,P04_L100_BASE_T000_A01,0.4011,0.9011,10,0.10366974121870853,True
P04_L100,P04,base,P04_L100_BASE_T000_A02,0.212,0.712,10,0.08051698795173676,True
P04_L100,P04,base,P04_L100_BASE_T000_A03,-0.1662,0.3338,10,0.028253003008124576,True
P04_L100,P04,base,P04_L100_BASE_T000_A04,0.0229,0.5229,12,0.027572727559203793,True
P04_L100,P04,base,P04_L100_BASE_T000_A05,-0.3552,0.14479999999999998,10,0.06420006592837083,True
P04_L100,P04,base,P04_L100_BASE_T001_A01,-0.3037,0.19629999999999997,10,0.04525345941874622,True
P04_L100,P04,base,P04_L100_BASE_T001_A02,0.4526,0.9526,10,0.06253507021976513,True
P04_L100,P04,base,P04_L100_BASE_T001_A03,-0.1146,0.3854,10,0.055840254229045524,True
P04_L100,P04,base,P04_L100_BASE_T001_A04,0.0745,0.5745,10,0.03674373653474681,True
P04_L100,P04,base,P04_L100_BASE_T001_A05,0.2636,0.7636000000000001,10,0.056295724408094154,True
P04_L100,P04,base,P04_L100_BASE_T002_A01,0.2636,0.7636000000000001,10,0.044887368459224794,True
P04_L100,P04,base,P04_L100_BASE_T002_A02,0.4526,0.9526,10,0.059333441422541704,True
P04_L100,P04,base,P04_L100_BASE_T002_A03,-0.1146,0.3854,11,0.04048595030995988,True
P04_L100,P04,base,P04_L100_BASE_T002_A04,0.0745,0.5745,10,0.03802981352627205,True
P04_L100,P04,base,P04_L100_BASE_T002_A05,-0.3037,0.19629999999999997,10,0.0425892060977438,True
P04_L100,P04,base,P04_L100_BASE_T003_A01,0.2636,0.7636000000000001,11,0.036082779867584035,True
P04_L100,P04,base,P04_L100_BASE_T003_A02,0.4526,0.9526,10,0.0614101116160445,True
P04_L100,P04,base,P04_L100_BASE_T003_A03,-0.3037,0.19629999999999997,10,0.0425892060977438,True
P04_L100,P04,base,P04_L100_BASE_T003_A04,-0.1146,0.3854,10,0.0614101116160445,True
P04_L100,P04,base,P04_L100_BASE_T003_A05,0.0745,0.5745,11,0.04645841261587714,True
P04_L100,P04,base,P04_L100_BASE_T004_A01,0.2636,0.7636000000000001,10,0.052981421808227486,True
P04_L100,P04,base,P04_L100_BASE_T004_A02,-0.1146,0.3854,12,0.05697165934187986,True
P04_L100,P04,base,P04_L100_BASE_T004_A03,-0.3037,0.19629999999999997,10,0.07003258895227818,True
P04_L100,P04,base,P04_L100_BASE_T004_A04,0.0745,0.5745,11,0.0287704994856716,True
P04_L100,P04,base,P04_L100_BASE_T004_A05,0.4526,0.9526,10,0.0520283136453255,True
P04_L100,P04,base,P04_L100_BASE_T005_A01,-0.0688,0.4312,10,0.11822573802799824,True
P04_L100,P04,base,P04_L100_BASE_T005_A02,-0.2578,0.24220000000000003,10,0.11822577394778974,True
P04_L100,P04,base,P04_L100_BASE_T005_A03,0.4985,0.9984999999999999,10,0.05160741648093165,True
P04_L100,P04,base,P04_L100_BASE_T005_A04,0.3094,0.8094,10,0.05933351443980976,True
P04_L100,P04,base,P04_L100_BASE_T005_A05,0.1203,0.6203,10,0.09090591445346737,True
P04_L100,P04,base,P04_L100_BASE_T006_A01,0.4985,0.9984999999999999,10,0.051607343797021754,True
P04_L100,P04,base,P04_L100_BASE_T006_A02,0.3094,0.8094,10,0.02355092177733122,True
P04_L100,P04,base,P04_L100_BASE_T006_A03,-0.2578,0.24220000000000003,10,0.07842888811897843,True
P04_L100,P04,base,P04_L100_BASE_T006_A04,-0.0688,0.4312,10,0.07986562903131689,True
P04_L100,P04,base,P04_L100_BASE_T006_A05,0.1203,0.6203,10,0.07639480208179217,True
P04_L100,P04,base,P04_L100_BASE_T007_A01,-0.0688,0.4312,10,0.1348254975465811,True
P04_L100,P04,base,P04_L100_BASE_T007_A02,0.4985,0.9984999999999999,10,0.04525345941874622,True
P04_L100,P04,base,P04_L100_BASE_T007_A03,-0.2578,0.24220000000000003,10,0.10366974121870853,True
P04_L100,P04,base,P04_L100_BASE_T007_A04,0.1203,0.6203,11,0.06253513900676504,True
P04_L100,P04,base,P04_L100_BASE_T007_A05,0.3094,0.8094,10,0.05629578069393223,True
P04_L100,P04,base,P04_L100_BASE_T008_A01,-0.0688,0.4312,10,0.07986567461543917,True
P04_L100,P04,base,P04_L100_BASE_T008_A02,-0.2578,0.24220000000000003,10,0.19283418423986212,True
P04_L100,P04,base,P04_L100_BASE_T008_A03,0.1203,0.6203,10,0.07003248490146895,True
P04_L100,P04,base,P04_L100_BASE_T008_A04,0.4985,0.9984999999999999,10,0.06877270355328113,True
P04_L100,P04,base,P04_L100_BASE_T008_A05,0.3094,0.8094,10,0.0370434632344972,True
P04_L100,P04,base,P04_L100_BASE_T009_A01,-0.0229,0.4771,10,0.09257123575788712,True
P04_L100,P04,base,P04_L100_BASE_T009_A02,0.1662,0.6662,10,0.08555388906328826,True
P04_L100,P04,base,P04_L100_BASE_T009_A03,-0.4011,0.09889999999999999,10,0.13592521650331646,True
P04_L100,P04,base,P04_L100_BASE_T009_A04,-0.212,0.28800000000000003,10,0.06766438832601365,True
P04_L100,P04,base,P04_L100_BASE_T009_A05,0.3552,0.8552,10,0.11822558796809778,True
P04_L100,P04,base,P04_L100_BASE_T010_A01,-0.212,0.28800000000000003,10,0.07986565499694631,True
P04_L100,P04,base,P04_L100_BASE_T010_A02,-0.0229,0.4771,10,0.05202832986334678,True
P04_L100,P04,base,P04_L100_BASE_T010_A03,0.1662,0.6662,10,0.1182256686034135,True
P04_L100,P04,base,P04_L100_BASE_T010_A04,-0.4011,0.09889999999999999,10,0.10366974121870853,True
P04_L100,P04,base,P04_L100_BASE_T010_A05,0.3552,0.8552,11,0.08266088075993101,True
P04_L100,P04,base,P04_L100_BASE_T011_A01,-0.4011,0.09889999999999999,10,0.06877270355328113,True
P04_L100,P04,base,P04_L100_BASE_T011_A02,-0.212,0.28800000000000003,10,0.10926373938829674,True
P04_L100,P04,base,P04_L100_BASE_T011_A03,0.3552,0.8552,10,0.1482735765380608,True
P04_L100,P04,base,P04_L100_BASE_T011_A04,0.1662,0.6662,10,0.09090582932003076,True
P04_L100,P04,base,P04_L100_BASE_T011_A05,-0.0229,0.4771,10,0.07003257472870218,True
P04_L100,P04,base,P04_L100_BASE_T012_A01,-0.212,0.28800000000000003,10,0.09756634337335106,True
P04_L100,P04,base,P04_L100_BASE_T012_A02,-0.0229,0.4771,10,0.09107925491128559,True
P04_L100,P04,base,P04_L100_BASE_T012_A03,-0.4011,0.09889999999999999,10,0.11217292403700578,True
P04_L100,P04,base,P04_L100_BASE_T012_A04,0.1662,0.6662,10,0.11918997958216355,True
P04_L100,P04,base,P04_L100_BASE_T012_A05,0.3552,0.8552,10,0.09090591445346737,True
P04_L100,P04,base,P04_L100_BASE_T013_A01,0.4011,0.9011,11,0.07131547740509345,True
P04_L100,P04,base,P04_L100_BASE_T013_A02,0.0229,0.5229,10,0.03002038171220136,True
P04_L100,P04,base,P04_L100_BASE_T013_A03,0.212,0.712,10,0.09090582932003076,True
P04_L100,P04,base,P04_L100_BASE_T013_A04,-0.1662,0.3338,10,0.04525342630842334,True
P04_L100,P04,base,P04_L100_BASE_T013_A05,-0.3552,0.14479999999999998,12,0.05885344923806393,True
P04_L100,P04,base,P04_L100_BASE_T014_A01,-0.1662,0.3338,10,0.044887312406876656,True
P04_L100,P04,base,P04_L100_BASE_T014_A02,-0.3552,0.14479999999999998,11,0.041902900625122336,True
P04_L100,P04,base,P04_L100_BASE_T014_A03,0.0229,0.5229,11,0.016333176227190712,True
P04_L100,P04,base,P04_L100_BASE_T014_A04,0.4011,0.9011,10,0.05933351443980976,True
P04_L100,P04,base,P04_L100_BASE_T014_A05,0.212,0.712,10,0.09090582932003076,True
P04_L100,P04,base,P04_L100_BASE_T015_A01,-0.3552,0.14479999999999998,11,0.030878492370921592,True
P04_L100,P04,base,P04_L100_BASE_T015_A02,0.0229,0.5229,10,0.042589266520501025,True
P04_L100,P04,base,P04_L100_BASE_T015_A03,-0.1662,0.3338,10,0.04525342630842334,True
P04_L100,P04,base,P04_L100_BASE_T015_A04,0.212,0.712,10,0.1182256686034135,True
P04_L100,P04,base,P04_L100_BASE_T015_A05,0.4011,0.9011,10,0.1036697743290317,True
P04_L100,P04,flanker,P04_L100_FLANKER_T000_A01,0.212,0.712,11,0.07131547740509345,True
P04_L100,P04,flanker,P04_L100_FLANKER_T000_A02,0.0229,0.5229,10,0.040408797206032424,True
P04_L100,P04,flanker,P04_L100_FLANKER_T000_A03,-0.3552,0.14479999999999998,11,0.055388513149780105,True
P04_L100,P04,flanker,P04_L100_FLANKER_T000_A04,0.4011,0.9011,10,0.07842888811897843,True
P04_L100,P04,flanker,P04_L100_FLANKER_T000_A05,-0.1662,0.3338,10,0.0520283136453255,True
P04_L100,P04,flanker,P04_L100_FLANKER_T001_A01,-0.1146,0.3854,10,0.03943589533644509,True
P04_L100,P04,flanker,P04_L100_FLANKER_T001_A02,0.4526,0.9526,10,0.06877264818717442,True
P04_L100,P04,flanker,P04_L100_FLANKER_T001_A03,0.0745,0.5745,10,0.0419028690197867,True
P04_L100,P04,flanker,P04_L100_FLANKER_T001_A04,-0.3037,0.19629999999999997,11,0.04730947565678351,True
P04_L100,P04,flanker,P04_L100_FLANKER_T001_A05,0.2636,0.7636000000000001,10,0.051607343797021754,True
P04_L100,P04,flanker,P04_L100_FLANKER_T002_A01,-0.1146,0.3854,10,0.04525342630842334,True
P04_L100,P04,flanker,P04_L100_FLANKER_T002_A02,-0.3037,0.19629999999999997,10,0.04730947444735108,True
P04_L100,P04,flanker,P04_L100_FLANKER_T002_A03,0.4526,0.9526,10,0.04525345941874622,True
P04_L100,P04,flanker,P04_L100_FLANKER_T002_A04,0.2636,0.7636000000000001,11,0.052981489683196464,True
P04_L100,P04,flanker,P04_L100_FLANKER_T002_A05,0.0745,0.5745,10,0.03423545898441663,True
P04_L100,P04,flanker,P04_L100_FLANKER_T003_A01,0.0745,0.5745,11,0.017962211039536827,True
P04_L100,P04,flanker,P04_L100_FLANKER_T003_A02,-0.3037,0.19629999999999997,10,0.0520283136453255,True
P04_L100,P04,flanker,P04_L100_FLANKER_T003_A03,0.2636,0.7636000000000001,10,0.030570282706382984,True
P04_L100,P04,flanker,P04_L100_FLANKER_T003_A04,-0.1146,0.3854,11,0.030628803874812205,True
P04_L100,P04,flanker,P04_L100_FLANKER_T003_A05,0.4526,0.9526,10,0.04336939044153661,True
P04_L100,P04,flanker,P04_L100_FLANKER_T004_A01,0.2636,0.7636000000000001,10,0.034235402112891694,True
P04_L100,P04,flanker,P04_L100_FLANKER_T004_A02,0.0745,0.5745,10,0.025899981645348607,True
P04_L100,P04,flanker,P04_L100_FLANKER_T004_A03,-0.1146,0.3854,10,0.039681877909640055,True
P04_L100,P04,flanker,P04_L100_FLANKER_T004_A04,-0.3037,0.19629999999999997,10,0.04258921297510751,True
P04_L100,P04,flanker,P04_L100_FLANKER_T004_A05,0.4526,0.9526,10,0.07716523787283595,True
P04_L100,P04,flanker,P04_L100_FLANKER_T005_A01,0.4985,0.9984999999999999,10,0.04645836146164087,True
P04_L100,P04,flanker,P04_L100_FLANKER_T005_A02,0.1203,0.6203,10,0.07003257199336123,True
P04_L100,P04,flanker,P04_L100_FLANKER_T005_A03,-0.2578,0.24220000000000003,11,0.06042046239593202,True
P04_L100,P04,flanker,P04_L100_FLANKER_T005_A04,0.3094,0.8094,10,0.035433675422982966,True
P04_L100,P04,flanker,P04_L100_FLANKER_T005_A05,-0.0688,0.4312,10,0.08117377586790923,True
P04_L100,P04,flanker,P04_L100_FLANKER_T006_A01,0.1203,0.6203,11,0.07016624490872843,True
P04_L100,P04,flanker,P04_L100_FLANKER_T006_A02,-0.2578,0.24220000000000003,11,0.06590942814635396,True
P04_L100,P04,flanker,P04_L100_FLANKER_T006_A03,0.3094,0.8094,10,0.04224461578944833,True
P04_L100,P04,flanker,P04_L100_FLANKER_T006_A04,0.4985,0.9984999999999999,10,0.039681877909640055,True
P04_L100,P04,flanker,P04_L100_FLANKER_T006_A05,-0.0688,0.4312,10,0.057327127222062145,True
P04_L100,P04,flanker,P04_L100_FLANKER_T007_A01,-0.2578,0.24220000000000003,10,0.06946597479944766,True
P04_L100,P04,flanker,P04_L100_FLANKER_T007_A02,0.3094,0.8094,10,0.059333441422541704,True
P04_L100,P04,flanker,P04_L100_FLANKER_T007_A03,0.4985,0.9984999999999999,10,0.046082451726345425,True
P04_L100,P04,flanker,P04_L100_FLANKER_T007_A04,0.1203,0.6203,10,0.1223635350847409,True
P04_L100,P04,flanker,P04_L100_FLANKER_T007_A05,-0.0688,0.4312,10,0.07639480208179217,True
P04_L100,P04,flanker,P04_L100_FLANKER_T008_A01,-0.2578,0.24220000000000003,10,0.1009810202609752,True
P04_L100,P04,flanker,P04_L100_FLANKER_T008_A02,0.1203,0.6203,10,0.09090591445346737,True
P04_L100,P04,flanker,P04_L100_FLANKER_T008_A03,0.3094,0.8094,10,0.059333441422541704,True
P04_L100,P04,flanker,P04_L100_FLANKER_T008_A04,0.4985,0.9984999999999999,10,0.050775619003950584,True
P04_L100,P04,flanker,P04_L100_FLANKER_T008_A05,-0.0688,0.4312,10,0.07986562903131689,True
P04_L100,P04,flanker,P04_L100_FLANKER_T009_A01,-0.4011,0.09889999999999999,10,0.05933351443980976,True
P04_L100,P04,flanker,P04_L100_FLANKER_T009_A02,-0.212,0.28800000000000003,10,0.05584034971950806,True
P04_L100,P04,flanker,P04_L100_FLANKER_T009_A03,-0.0229,0.4771,10,0.051189879188862586,True
P04_L100,P04,flanker,P04_L100_FLANKER_T009_A04,0.3552,0.8552,10,0.1182256686034135,True
P04_L100,P04,flanker,P04_L100_FLANKER_T009_A05,0.1662,0.6662,10,0.11217285623159677,True
P04_L100,P04,flanker,P04_L100_FLANKER_T010_A01,-0.0229,0.4771,10,0.07189712801015541,True
P04_L100,P04,flanker,P04_L100_FLANKER_T010_A02,0.1662,0.6662,10,0.09090582932003076,True
P04_L100,P04,flanker,P04_L100_FLANKER_T010_A03,-0.4011,0.09889999999999999,10,0.11126520955493935,True
P04_L100,P04,flanker,P04_L100_FLANKER_T010_A04,-0.212,0.28800000000000003,10,0.06590951771592404,True
P04_L100,P04,flanker,P04_L100_FLANKER_T010_A05,0.3552,0.8552,11,0.08132870927332277,True
P04_L100,P04,flanker,P04_L100_FLANKER_T011_A01,-0.4011,0.09889999999999999,10,0.09090582932003076,True
P04_L100,P04,flanker,P04_L100_FLANKER_T011_A02,0.1662,0.6662,10,0.09257123575788712,True
P04_L100,P04,flanker,P04_L100_FLANKER_T011_A03,-0.0229,0.4771,10,0.08712123494322348,True
P04_L100,P04,flanker,P04_L100_FLANKER_T011_A04,0.3552,0.8552,10,0.1182256686034135,True
P04_L100,P04,flanker,P04_L100_FLANKER_T011_A05,-0.212,0.28800000000000003,10,0.06877264818717442,True
P04_L100,P04,flanker,P04_L100_FLANKER_T012_A01,-0.0229,0.4771,10,0.10556890770886998,True
P04_L100,P04,flanker,P04_L100_FLANKER_T012_A02,0.1662,0.6662,11,0.059446741917217216,True
P04_L100,P04,flanker,P04_L100_FLANKER_T012_A03,-0.4011,0.09889999999999999,10,0.10366974121870853,True
P04_L100,P04,flanker,P04_L100_FLANKER_T012_A04,0.3552,0.8552,11,0.10837972255561872,True
P04_L100,P04,flanker,P04_L100_FLANKER_T012_A05,-0.212,0.28800000000000003,10,0.11919009690335654,True
P04_L100,P04,flanker,P04_L100_FLANKER_T013_A01,0.0229,0.5229,10,0.03904231590089301,True
P04_L100,P04,flanker,P04_L100_FLANKER_T013_A02,-0.1662,0.3338,10,0.051607343797021754,True
P04_L100,P04,flanker,P04_L100_FLANKER_T013_A03,0.4011,0.9011,10,0.10366962466360144,True
P04_L100,P04,flanker,P04_L100_FLANKER_T013_A04,0.212,0.712,10,0.10556890770886998,True
P04_L100,P04,flanker,P04_L100_FLANKER_T013_A05,-0.3552,0.14479999999999998,10,0.09090582932003076,True
P04_L100,P04,flanker,P04_L100_FLANKER_T014_A01,-0.1662,0.3338,10,0.0425892060977438,True
P04_L100,P04,flanker,P04_L100_FLANKER_T014_A02,-0.3552,0.14479999999999998,10,0.09090582932003076,True
P04_L100,P04,flanker,P04_L100_FLANKER_T014_A03,0.4011,0.9011,10,0.11822573802799824,True
P04_L100,P04,flanker,P04_L100_FLANKER_T014_A04,0.0229,0.5229,11,0.04148471482921105,True
P04_L100,P04,flanker,P04_L100_FLANKER_T014_A05,0.212,0.712,10,0.061410092267154506,True
P04_L100,P04,flanker,P04_L100_FLANKER_T015_A01,0.212,0.712,10,0.11822573802799824,True
P04_L100,P04,flanker,P04_L100_FLANKER_T015_A02,0.4011,0.9011,10,0.1575491364806032,True
P04_L100,P04,flanker,P04_L100_FLANKER_T015_A03,-0.3552,0.14479999999999998,10,0.06877264818717442,True
P04_L100,P04,flanker,P04_L100_FLANKER_T015_A04,-0.1662,0.3338,10,0.0520283136453255,True
P04_L100,P04,flanker,P04_L100_FLANKER_T015_A05,0.0229,0.5229,10,0.04525342630842334,True
P04_L200,P04,base,P04_L200_BASE_T000_A01,0.212,0.712,11,0.15222152954589016,True
P04_L200,P04,base,P04_L200_BASE_T000_A02,-0.3552,0.14479999999999998,11,0.06253510815952984,True
P04_L200,P04,base,P04_L200_BASE_T000_A03,0.0229,0.5229,10,0.048569068297344545,True
P04_L200,P04,base,P04_L200_BASE_T000_A04,0.4011,0.9011,10,0.13592522085914652,True
P04_L200,P04,base,P04_L200_BASE_T000_A05,-0.1662,0.3338,10,0.0694659349202762,True
P04_L200,P04,base,P04_L200_BASE_T001_A01,0.0745,0.5745,11,0.060420504009900906,True
P04_L200,P04,base,P04_L200_BASE_T001_A02,-0.1146,0.3854,10,0.10366973293066446,True
P04_L200,P04,base,P04_L200_BASE_T001_A03,0.2636,0.7636000000000001,10,0.05885344549225408,True
P04_L200,P04,base,P04_L200_BASE_T001_A04,0.4526,0.9526,10,0.08266082820979216,True
P04_L200,P04,base,P04_L200_BASE_T001_A05,-0.3037,0.19629999999999997,10,0.10750258863338971,True
P04_L200,P04,base,P04_L200_BASE_T002_A01,0.0745,0.5745,10,0.07455556658367082,True
P04_L200,P04,base,P04_L200_BASE_T002_A02,-0.1146,0.3854,10,0.07842885855691561,True
P04_L200,P04,base,P04_L200_BASE_T002_A03,-0.3037,0.19629999999999997,10,0.0614101132544492,True
P04_L200,P04,base,P04_L200_BASE_T002_A04,0.2636,0.7636000000000001,11,0.0813287420461844,True
P04_L200,P04,base,P04_L200_BASE_T002_A05,0.4526,0.9526,10,0.12039138376086046,True
P04_L200,P04,base,P04_L200_BASE_T003_A01,-0.1146,0.3854,11,0.06042044334154441,True
P04_L200,P04,base,P04_L200_BASE_T003_A02,0.2636,0.7636000000000001,10,0.09090587286144251,True
P04_L200,P04,base,P04_L200_BASE_T003_A03,0.0745,0.5745,10,0.02569044681219722,True
P04_L200,P04,base,P04_L200_BASE_T003_A04,-0.3037,0.19629999999999997,10,0.05933348190025503,True
P04_L200,P04,base,P04_L200_BASE_T003_A05,0.4526,0.9526,10,0.09756630305847,True
P04_L200,P04,base,P04_L200_BASE_T004_A01,-0.3037,0.19629999999999997,10,0.10366973293066446,True
P04_L200,P04,base,P04_L200_BASE_T004_A02,0.2636,0.7636000000000001,10,0.07842885855691561,True
P04_L200,P04,base,P04_L200_BASE_T004_A03,0.0745,0.5745,11,0.047309544287443384,True
P04_L200,P04,base,P04_L200_BASE_T004_A04,-0.1146,0.3854,10,0.10366973293066446,True
P04_L200,P04,base,P04_L200_BASE_T004_A05,0.4526,0.9526,10,0.07073859421048301,True
P04_L200,P04,base,P04_L200_BASE_T005_A01,-0.0688,0.4312,10,0.1182257993753569,True
P04_L200,P04,base,P04_L200_BASE_T005_A02,0.4985,0.9984999999999999,10,0.11919009965726289,True
P04_L200,P04,base,P04_L200_BASE_T005_A03,0.1203,0.6203,10,0.16043533408810606,True
P04_L200,P04,base,P04_L200_BASE_T005_A04,-0.2578,0.24220000000000003,10,0.1604353426217307,True
P04_L200,P04,base,P04_L200_BASE_T005_A05,0.3094,0.8094,11,0.060420504009900906,True
P04_L200,P04,base,P04_L200_BASE_T006_A01,-0.0688,0.4312,10,0.16909239172317275,True
P04_L200,P04,base,P04_L200_BASE_T006_A02,0.4985,0.9984999999999999,11,0.062147573392458605,True
P04_L200,P04,base,P04_L200_BASE_T006_A03,-0.2578,0.24220000000000003,10,0.208253375881209,True
P04_L200,P04,base,P04_L200_BASE_T006_A04,0.1203,0.6203,10,0.15754914579117504,True
P04_L200,P04,base,P04_L200_BASE_T006_A05,0.3094,0.8094,10,0.067116915400911,True
P04_L200,P04,base,P04_L200_BASE_T007_A01,0.1203,0.6203,10,0.13592522085914652,True
P04_L200,P04,base,P04_L200_BASE_T007_A02,0.4985,0.9984999999999999,11,0.087121211348213,True
P04_L200,P04,base,P04_L200_BASE_T007_A03,-0.0688,0.4312,10,0.15375596961262186,True
P04_L200,P04,base,P04_L200_BASE_T007_A04,-0.2578,0.24220000000000003,11,0.10837973636929193,True
P04_L200,P04,base,P04_L200_BASE_T007_A05,0.3094,0.8094,10,0.07003260176914956,True
P04_L200,P04,base,P04_L200_BASE_T008_A01,0.3094,0.8094,10,0.07381154546010286,True
P04_L200,P04,base,P04_L200_BASE_T008_A02,-0.0688,0.4312,11,0.14325971659622133,True
P04_L200,P04,base,P04_L200_BASE_T008_A03,0.1203,0.6203,10,0.23749359896316077,True
P04_L200,P04,base,P04_L200_BASE_T008_A04,0.4985,0.9984999999999999,10,0.10556897340036488,True
P04_L200,P04,base,P04_L200_BASE_T008_A05,-0.2578,0.24220000000000003,10,0.208253375881209,True
P04_L200,P04,base,P04_L200_BASE_T009_A01,0.3552,0.8552,11,0.2177147764406193,True
P04_L200,P04,base,P04_L200_BASE_T009_A02,0.1662,0.6662,10,0.13592522811910585,True
P04_L200,P04,base,P04_L200_BASE_T009_A03,-0.4011,0.09889999999999999,10,0.208253375881209,True
P04_L200,P04,base,P04_L200_BASE_T009_A04,-0.0229,0.4771,11,0.12137373217216803,True
P04_L200,P04,base,P04_L200_BASE_T009_A05,-0.212,0.28800000000000003,10,0.1256217115707237,True
P04_L200,P04,base,P04_L200_BASE_T010_A01,-0.4011,0.09889999999999999,10,0.18296165456571592,True
P04_L200,P04,base,P04_L200_BASE_T010_A02,-0.0229,0.4771,10,0.20825364904741792,True
P04_L200,P04,base,P04_L200_BASE_T010_A03,0.3552,0.8552,11,0.1225971351555827,True
P04_L200,P04,base,P04_L200_BASE_T010_A04,0.1662,0.6662,10,0.13954435131667767,True
P04_L200,P04,base,P04_L200_BASE_T010_A05,-0.212,0.28800000000000003,10,0.16909239172317275,True
P04_L200,P04,base,P04_L200_BASE_T011_A01,-0.4011,0.09889999999999999,10,0.30886742221743285,True
P04_L200,P04,base,P04_L200_BASE_T011_A02,0.1662,0.6662,10,0.15375596961262186,True
P04_L200,P04,base,P04_L200_BASE_T011_A03,-0.0229,0.4771,11,0.21035269895999598,True
P04_L200,P04,base,P04_L200_BASE_T011_A04,-0.212,0.28800000000000003,10,0.23749359896316077,True
P04_L200,P04,base,P04_L200_BASE_T011_A05,0.3552,0.8552,10,0.20489723827403408,True
P04_L200,P04,base,P04_L200_BASE_T012_A01,0.3552,0.8552,10,0.1591373438919094,True
P04_L200,P04,base,P04_L200_BASE_T012_A02,0.1662,0.6662,10,0.07003253409991662,True
P04_L200,P04,base,P04_L200_BASE_T012_A03,-0.4011,0.09889999999999999,10,0.3551075754064262,True
P04_L200,P04,base,P04_L200_BASE_T012_A04,-0.0229,0.4771,10,0.19599305654720392,True
P04_L200,P04,base,P04_L200_BASE_T012_A05,-0.212,0.28800000000000003,10,0.23749368780181032,True
P04_L200,P04,base,P04_L200_BASE_T013_A01,0.212,0.712,12,0.12586124824965614,True
P04_L200,P04,base,P04_L200_BASE_T013_A02,0.0229,0.5229,10,0.07986579467166328,True
P04_L200,P04,base,P04_L200_BASE_T013_A03,-0.3552,0.14479999999999998,10,0.15754936500869066,True
P04_L200,P04,base,P04_L200_BASE_T013_A04,0.4011,0.9011,10,0.1578499848347126,True
P04_L200,P04,base,P04_L200_BASE_T013_A05,-0.1662,0.3338,10,0.11822574190083344,True
P04_L200,P04,base,P04_L200_BASE_T014_A01,-0.3552,0.14479999999999998,10,0.09257120154415077,True
P04_L200,P04,base,P04_L200_BASE_T014_A02,-0.1662,0.3338,10,0.08555391997999959,True
P04_L200,P04,base,P04_L200_BASE_T014_A03,0.4011,0.9011,10,0.20825364904741792,True
P04_L200,P04,base,P04_L200_BASE_T014_A04,0.0229,0.5229,10,0.0910794471798021,True
P04_L200,P04,base,P04_L200_BASE_T014_A05,0.212,0.712,10,0.15754936500869066,True
P04_L200,P04,base,P04_L200_BASE_T015_A01,0.4011,0.9011,10,0.22351160343513282,True
P04_L200,P04,base,P04_L200_BASE_T015_A02,0.212,0.712,10,0.1406824664813013,True
P04_L200,P04,base,P04_L200_BASE_T015_A03,-0.1662,0.3338,10,0.11822574190083344,True
P04_L200,P04,base,P04_L200_BASE_T015_A04,-0.3552,0.14479999999999998,10,0.14827371987857613,True
P04_L200,P04,base,P04_L200_BASE_T015_A05,0.0229,0.5229,10,0.06368067778371658,True
P04_L200,P04,flanker,P04_L200_FLANKER_T000_A01,-0.3552,0.14479999999999998,10,0.08486172210995657,True
P04_L200,P04,flanker,P04_L200_FLANKER_T000_A02,-0.1662,0.3338,10,0.10366984787971138,True
P04_L200,P04,flanker,P04_L200_FLANKER_T000_A03,0.212,0.712,10,0.23749368780181032,True
P04_L200,P04,flanker,P04_L200_FLANKER_T000_A04,0.0229,0.5229,10,0.059333540655285934,True
P04_L200,P04,flanker,P04_L200_FLANKER_T000_A05,0.4011,0.9011,11,0.2177152707779646,True
P04_L200,P04,flanker,P04_L200_FLANKER_T001_A01,-0.3552,0.14479999999999998,10,0.09756632396599103,True
P04_L200,P04,flanker,P04_L200_FLANKER_T001_A02,0.0229,0.5229,10,0.061410219194919256,True
P04_L200,P04,flanker,P04_L200_FLANKER_T001_A03,-0.1662,0.3338,10,0.09090598146805196,True
P04_L200,P04,flanker,P04_L200_FLANKER_T001_A04,0.4011,0.9011,10,0.18445426302842216,True
P04_L200,P04,flanker,P04_L200_FLANKER_T001_A05,0.212,0.712,10,0.18595876538180656,True
P04_L200,P04,flanker,P04_L200_FLANKER_T002_A01,0.0745,0.5745,10,0.051607381800846744,True
P04_L200,P04,flanker,P04_L200_FLANKER_T002_A02,0.2636,0.7636000000000001,10,0.03975763292596718,True
P04_L200,P04,flanker,P04_L200_FLANKER_T002_A03,-0.3037,0.19629999999999997,10,0.0700326727944403,True
P04_L200,P04,flanker,P04_L200_FLANKER_T002_A04,-0.1146,0.3854,10,0.0925714058380931,True
P04_L200,P04,flanker,P04_L200_FLANKER_T002_A05,0.4526,0.9526,10,0.08555393833523818,True
P04_L200,P04,flanker,P04_L200_FLANKER_T003_A01,0.0745,0.5745,10,0.0855540171218822,True
P04_L200,P04,flanker,P04_L200_FLANKER_T003_A02,0.4526,0.9526,10,0.11919017656219111,True
P04_L200,P04,flanker,P04_L200_FLANKER_T003_A03,-0.3037,0.19629999999999997,10,0.06946608177273078,True
P04_L200,P04,flanker,P04_L200_FLANKER_T003_A04,0.2636,0.7636000000000001,10,0.08117380002358779,True
P04_L200,P04,flanker,P04_L200_FLANKER_T003_A05,-0.1146,0.3854,10,0.09756630305847,True
P04_L200,P04,flanker,P04_L200_FLANKER_T004_A01,0.0745,0.5745,10,0.09107942716790533,True
P04_L200,P04,flanker,P04_L200_FLANKER_T004_A02,0.4526,0.9526,10,0.12039175552279244,True
P04_L200,P04,flanker,P04_L200_FLANKER_T004_A03,-0.1146,0.3854,10,0.09756640850834199,True
P04_L200,P04,flanker,P04_L200_FLANKER_T004_A04,0.2636,0.7636000000000001,10,0.06711704078832409,True
P04_L200,P04,flanker,P04_L200_FLANKER_T004_A05,-0.3037,0.19629999999999997,10,0.09257130213048183,True
P04_L200,P04,flanker,P04_L200_FLANKER_T005_A01,0.4526,0.9526,10,0.08117389876504688,True
P04_L200,P04,flanker,P04_L200_FLANKER_T005_A02,0.0745,0.5745,10,0.060913258585616255,True
P04_L200,P04,flanker,P04_L200_FLANKER_T005_A03,-0.3037,0.19629999999999997,10,0.1036699669246876,True
P04_L200,P04,flanker,P04_L200_FLANKER_T005_A04,0.2636,0.7636000000000001,10,0.1036697904051879,True
P04_L200,P04,flanker,P04_L200_FLANKER_T005_A05,-0.1146,0.3854,11,0.07639480936570119,True
P04_L200,P04,flanker,P04_L200_FLANKER_T006_A01,0.4985,0.9984999999999999,10,0.1036699669246876,True
P04_L200,P04,flanker,P04_L200_FLANKER_T006_A02,0.3094,0.8094,10,0.08944086767009549,True
P04_L200,P04,flanker,P04_L200_FLANKER_T006_A03,-0.0688,0.4312,10,0.09257130213048183,True
P04_L200,P04,flanker,P04_L200_FLANKER_T006_A04,0.1203,0.6203,10,0.15754914579117504,True
P04_L200,P04,flanker,P04_L200_FLANKER_T006_A05,-0.2578,0.24220000000000003,10,0.15754920945006062,True
P04_L200,P04,flanker,P04_L200_FLANKER_T007_A01,-0.0688,0.4312,10,0.1384154163283496,True
P04_L200,P04,flanker,P04_L200_FLANKER_T007_A02,0.1203,0.6203,10,0.18595876538180656,True
P04_L200,P04,flanker,P04_L200_FLANKER_T007_A03,0.4985,0.9984999999999999,10,0.13592536212602047,True
P04_L200,P04,flanker,P04_L200_FLANKER_T007_A04,0.3094,0.8094,10,0.07842903216920276,True
P04_L200,P04,flanker,P04_L200_FLANKER_T007_A05,-0.2578,0.24220000000000003,10,0.21595358154430253,True
P04_L200,P04,flanker,P04_L200_FLANKER_T008_A01,-0.0688,0.4312,10,0.13373479154684548,True
P04_L200,P04,flanker,P04_L200_FLANKER_T008_A02,-0.2578,0.24220000000000003,10,0.2120684522178167,True
P04_L200,P04,flanker,P04_L200_FLANKER_T008_A03,0.4985,0.9984999999999999,10,0.13592536212602047,True
P04_L200,P04,flanker,P04_L200_FLANKER_T008_A04,0.1203,0.6203,10,0.24184476581738618,True
P04_L200,P04,flanker,P04_L200_FLANKER_T008_A05,0.3094,0.8094,10,0.05933361030025311,True
P04_L200,P04,flanker,P04_L200_FLANKER_T009_A01,-0.0688,0.4312,11,0.1151596302728613,True
P04_L200,P04,flanker,P04_L200_FLANKER_T009_A02,0.4985,0.9984999999999999,10,0.11515954535794128,True
P04_L200,P04,flanker,P04_L200_FLANKER_T009_A03,0.1203,0.6203,10,0.1470742712288378,True
P04_L200,P04,flanker,P04_L200_FLANKER_T009_A04,0.3094,0.8094,10,0.05202832932045233,True
P04_L200,P04,flanker,P04_L200_FLANKER_T009_A05,-0.2578,0.24220000000000003,10,0.208253375881209,True
P04_L200,P04,flanker,P04_L200_FLANKER_T010_A01,-0.212,0.28800000000000003,10,0.11919009965726289,True
P04_L200,P04,flanker,P04_L200_FLANKER_T010_A02,-0.4011,0.09889999999999999,10,0.1395442068492572,True
P04_L200,P04,flanker,P04_L200_FLANKER_T010_A03,0.1662,0.6662,10,0.18595876538180656,True
P04_L200,P04,flanker,P04_L200_FLANKER_T010_A04,-0.0229,0.4771,10,0.2048972659241324,True
P04_L200,P04,flanker,P04_L200_FLANKER_T010_A05,0.3552,0.8552,10,0.11126555785565004,True
P04_L200,P04,flanker,P04_L200_FLANKER_T011_A01,-0.4011,0.09889999999999999,10,0.1859585094804657,True
P04_L200,P04,flanker,P04_L200_FLANKER_T011_A02,-0.212,0.28800000000000003,12,0.08728760159992706,True
P04_L200,P04,flanker,P04_L200_FLANKER_T011_A03,0.3552,0.8552,10,0.15754914579117504,True
P04_L200,P04,flanker,P04_L200_FLANKER_T011_A04,0.1662,0.6662,10,0.11822586172669311,True
P04_L200,P04,flanker,P04_L200_FLANKER_T011_A05,-0.0229,0.4771,10,0.12039144721419294,True
P04_L200,P04,flanker,P04_L200_FLANKER_T012_A01,0.3552,0.8552,10,0.1406825337009616,True
P04_L200,P04,flanker,P04_L200_FLANKER_T012_A02,-0.212,0.28800000000000003,10,0.11919004054233509,True
P04_L200,P04,flanker,P04_L200_FLANKER_T012_A03,-0.4011,0.09889999999999999,10,0.1660506817092982,True
P04_L200,P04,flanker,P04_L200_FLANKER_T012_A04,-0.0229,0.4771,10,0.14707412724477384,True
P04_L200,P04,flanker,P04_L200_FLANKER_T012_A05,0.1662,0.6662,10,0.09756630305847,True
P04_L200,P04,flanker,P04_L200_FLANKER_T013_A01,0.3552,0.8552,10,0.13841537421778896,True
P04_L200,P04,flanker,P04_L200_FLANKER_T013_A02,-0.4011,0.09889999999999999,11,0.0950361246235881,True
P04_L200,P04,flanker,P04_L200_FLANKER_T013_A03,-0.212,0.28800000000000003,11,0.13841548812360457,True
P04_L200,P04,flanker,P04_L200_FLANKER_T013_A04,-0.0229,0.4771,10,0.20825364904741792,True
P04_L200,P04,flanker,P04_L200_FLANKER_T013_A05,0.1662,0.6662,10,0.2803189114485031,True
P04_L200,P04,flanker,P04_L200_FLANKER_T014_A01,-0.0229,0.4771,10,0.14068254227004212,True
P04_L200,P04,flanker,P04_L200_FLANKER_T014_A02,0.3552,0.8552,10,0.11126543764032297,True
P04_L200,P04,flanker,P04_L200_FLANKER_T014_A03,-0.212,0.28800000000000003,10,0.17501066670434462,True
P04_L200,P04,flanker,P04_L200_FLANKER_T014_A04,-0.4011,0.09889999999999999,10,0.14976842713796412,True
P04_L200,P04,flanker,P04_L200_FLANKER_T014_A05,0.1662,0.6662,10,0.15754914579117504,True
P04_L200,P04,flanker,P04_L200_FLANKER_T015_A01,0.0229,0.5229,11,0.03281010784650146,True
P04_L200,P04,flanker,P04_L200_FLANKER_T015_A02,0.212,0.712,10,0.208253375881209,True
P04_L200,P04,flanker,P04_L200_FLANKER_T015_A03,-0.1662,0.3338,10,0.08555393833523818,True
P04_L200,P04,flanker,P04_L200_FLANKER_T015_A04,0.4011,0.9011,10,0.2374939856127924,True
P04_L200,P04,flanker,P04_L200_FLANKER_T015_A05,-0.3552,0.14479999999999998,10,0.10366984787971138,True
P04_L200,P04,flanker,P04_L200_FLANKER_T016_A01,-0.3552,0.14479999999999998,10,0.08117380002358779,True
P04_L200,P04,flanker,P04_L200_FLANKER_T016_A02,0.0229,0.5229,10,0.05629579607389309,True
P04_L200,P04,flanker,P04_L200_FLANKER_T016_A03,0.4011,0.9011,11,0.1432598401463449,True
P04_L200,P04,flanker,P04_L200_FLANKER_T016_A04,-0.1662,0.3338,10,0.09090587286144251,True
P04_L200,P04,flanker,P04_L200_FLANKER_T016_A05,0.212,0.712,10,0.1690925586644961,True
