condition_id,experiment,staircase_id,source_id,source_staircase_id,probe_position_deg,trials_recorded,trials_used,distinct_signed_positions,detected_reversals,final_five_geometric_threshold
P01_L010,base,P01_L010_BASE_T000_A01,P01_L010_BASE_T000,1.0,-0.3209,43,43,1,10,0.018847271224639153
P01_L010,base,P01_L010_BASE_T000_A02,P01_L010_BASE_T000,2.0,-0.424,44,44,1,10,0.022608330027154743
P01_L010,base,P01_L010_BASE_T000_A03,P01_L010_BASE_T000,3.0,-0.1089,33,33,1,10,0.023780908218862473
P01_L010,base,P01_L010_BASE_T000_A04,P01_L010_BASE_T000,6.0,0.1089,53,53,1,11,0.03025784863758182
P01_L010,base,P01_L010_BASE_T000_A05,P01_L010_BASE_T000,4.0,0.0,38,38,1,10,0.02653251966814406
P01_L010,base,P01_L010_BASE_T000_A06,P01_L010_BASE_T000,5.0,-0.212,36,36,1,10,0.023780908218862473
P01_L010,base,P01_L010_BASE_T001_A01,P01_L010_BASE_T001,1.0,0.3209,53,53,1,11,0.02451139674906054
P01_L010,base,P01_L010_BASE_T001_A02,P01_L010_BASE_T001,2.0,0.3724,34,34,1,10,0.023780908218862473
P01_L010,base,P01_L010_BASE_T001_A03,P01_L010_BASE_T001,3.0,0.2693,49,49,1,10,0.018593823668790428
P01_L010,base,P01_L010_BASE_T001_A04,P01_L010_BASE_T001,4.0,-0.4011,45,45,1,10,0.04510951628773357
P01_L010,base,P01_L010_BASE_T002_A01,P01_L010_BASE_T002,1.0,0.3724,42,42,1,10,0.022608330027154743
P01_L010,base,P01_L010_BASE_T002_A02,P01_L010_BASE_T002,2.0,-0.4011,46,46,1,10,0.0431765753958481
P01_L010,base,P01_L010_BASE_T002_A03,P01_L010_BASE_T002,3.0,0.3209,46,46,1,10,0.05293936207118498
P01_L010,base,P01_L010_BASE_T002_A04,P01_L010_BASE_T002,4.0,0.2693,37,37,1,10,0.013297745004192122
P01_L010,base,P01_L010_BASE_T003_A01,P01_L010_BASE_T003,1.0,0.3724,41,41,1,10,0.018504258577655176
P01_L010,base,P01_L010_BASE_T003_A02,P01_L010_BASE_T003,2.0,-0.4011,44,44,1,10,0.03831347158449156
P01_L010,base,P01_L010_BASE_T003_A03,P01_L010_BASE_T003,3.0,0.3209,54,54,1,10,0.04182072262791025
P01_L010,base,P01_L010_BASE_T003_A04,P01_L010_BASE_T003,4.0,0.2693,56,56,1,11,0.012411986877337966
P01_L010,base,P01_L010_BASE_T004_A01,P01_L010_BASE_T004,1.0,0.2693,37,37,1,10,0.014989980911601275
P01_L010,base,P01_L010_BASE_T004_A02,P01_L010_BASE_T004,2.0,0.3724,48,48,1,10,0.027215782236997273
P01_L010,base,P01_L010_BASE_T004_A03,P01_L010_BASE_T004,3.0,-0.4011,46,46,1,10,0.042390768332591915
P01_L010,base,P01_L010_BASE_T004_A04,P01_L010_BASE_T004,4.0,0.3209,42,42,1,11,0.01785999401600929
P01_L010,base,P01_L010_BASE_T005_A01,P01_L010_BASE_T005,1.0,-0.3724,44,44,1,10,0.045109512231349645
P01_L010,base,P01_L010_BASE_T005_A02,P01_L010_BASE_T005,2.0,0.0516,68,68,1,10,0.02060527814453922
P01_L010,base,P01_L010_BASE_T005_A03,P01_L010_BASE_T005,3.0,-0.0516,45,45,1,10,0.04817240009447378
P01_L010,base,P01_L010_BASE_T005_A04,P01_L010_BASE_T005,4.0,0.1604,60,60,1,11,0.014960928689778752
P01_L010,base,P01_L010_BASE_T005_A05,P01_L010_BASE_T005,6.0,-0.1604,46,46,1,10,0.04195637736188175
P01_L010,base,P01_L010_BASE_T005_A06,P01_L010_BASE_T005,5.0,-0.2693,45,45,1,10,0.033252016814495224
P01_L010,base,P01_L010_BASE_T006_A01,P01_L010_BASE_T006,1.0,-0.3724,57,57,1,10,0.030257849198571524
P01_L010,base,P01_L010_BASE_T006_A02,P01_L010_BASE_T006,2.0,0.0516,48,48,1,10,0.012642083346986008
P01_L010,base,P01_L010_BASE_T006_A03,P01_L010_BASE_T006,3.0,-0.0516,41,41,1,10,0.045109512231349645
P01_L010,base,P01_L010_BASE_T006_A04,P01_L010_BASE_T006,4.0,0.1604,60,60,1,11,0.01691954062631799
P01_L010,base,P01_L010_BASE_T006_A05,P01_L010_BASE_T006,6.0,-0.1604,46,46,1,11,0.027533297988140408
P01_L010,base,P01_L010_BASE_T006_A06,P01_L010_BASE_T006,5.0,-0.2693,35,35,1,10,0.04744911674087757
P01_L010,base,P01_L010_BASE_T007_A01,P01_L010_BASE_T007,1.0,0.1604,49,49,1,10,0.013592162342685414
P01_L010,base,P01_L010_BASE_T007_A02,P01_L010_BASE_T007,6.0,-0.1604,46,46,1,11,0.024677900903352232
P01_L010,base,P01_L010_BASE_T007_A03,P01_L010_BASE_T007,2.0,0.0516,42,42,1,10,0.018847271224639153
P01_L010,base,P01_L010_BASE_T007_A04,P01_L010_BASE_T007,4.0,-0.0516,45,45,1,10,0.035750994512877866
P01_L010,base,P01_L010_BASE_T007_A05,P01_L010_BASE_T007,3.0,-0.2693,41,41,1,10,0.029803565707967203
P01_L010,base,P01_L010_BASE_T007_A06,P01_L010_BASE_T007,5.0,-0.3724,37,37,1,10,0.04744911674087757
P01_L010,base,P01_L010_BASE_T008_A01,P01_L010_BASE_T008,1.0,-0.1604,60,60,1,10,0.03709947262440682
P01_L010,base,P01_L010_BASE_T008_A02,P01_L010_BASE_T008,4.0,0.1604,44,44,1,10,0.021027991887835565
P01_L010,base,P01_L010_BASE_T008_A03,P01_L010_BASE_T008,2.0,-0.0516,49,49,1,11,0.03025784863758182
P01_L010,base,P01_L010_BASE_T008_A04,P01_L010_BASE_T008,5.0,0.0516,43,43,1,10,0.016665513697522658
P01_L010,base,P01_L010_BASE_T008_A05,P01_L010_BASE_T008,3.0,-0.3724,47,47,1,10,0.028334009508238552
P01_L010,base,P01_L010_BASE_T008_A06,P01_L010_BASE_T008,6.0,-0.2693,48,48,1,10,0.03325205739999529
P01_L010,base,P01_L010_BASE_T009_A01,P01_L010_BASE_T009,1.0,0.0,42,42,1,10,0.017917960745638235
P01_L010,base,P01_L010_BASE_T009_A02,P01_L010_BASE_T009,2.0,-0.3209,41,41,1,10,0.018847271224639153
P01_L010,base,P01_L010_BASE_T009_A03,P01_L010_BASE_T009,3.0,-0.212,40,40,1,10,0.01715017332507051
P01_L010,base,P01_L010_BASE_T009_A04,P01_L010_BASE_T009,4.0,-0.1089,41,41,1,10,0.018847271224639153
P01_L010,base,P01_L010_BASE_T009_A05,P01_L010_BASE_T009,6.0,0.1089,37,37,1,10,0.04744913549436037
P01_L010,base,P01_L010_BASE_T009_A06,P01_L010_BASE_T009,5.0,-0.424,49,49,1,10,0.013592162342685414
P01_L010,base,P01_L010_BASE_T010_A01,P01_L010_BASE_T010,1.0,0.0,49,49,1,10,0.021028030169661753
P01_L010,base,P01_L010_BASE_T010_A02,P01_L010_BASE_T010,2.0,-0.424,71,71,1,11,0.013915139122738562
P01_L010,base,P01_L010_BASE_T010_A03,P01_L010_BASE_T010,3.0,-0.3209,39,39,1,10,0.01715017332507051
P01_L010,base,P01_L010_BASE_T010_A04,P01_L010_BASE_T010,4.0,-0.1089,57,57,1,10,0.012018731370471556
P01_L010,base,P01_L010_BASE_T010_A05,P01_L010_BASE_T010,5.0,0.1089,40,40,1,10,0.04744911674087757
P01_L010,base,P01_L010_BASE_T010_A06,P01_L010_BASE_T010,6.0,-0.212,55,55,1,10,0.019134571633085542
P01_L010,base,P01_L010_BASE_T011_A01,P01_L010_BASE_T011,1.0,-0.212,39,39,1,10,0.023780908218862473
P01_L010,base,P01_L010_BASE_T011_A02,P01_L010_BASE_T011,2.0,0.1089,39,39,1,10,0.04744911674087757
P01_L010,base,P01_L010_BASE_T011_A03,P01_L010_BASE_T011,3.0,-0.1089,39,39,1,10,0.014937176526394149
P01_L010,base,P01_L010_BASE_T011_A04,P01_L010_BASE_T011,4.0,-0.3209,48,48,1,10,0.021028011028749086
P01_L010,base,P01_L010_BASE_T011_A05,P01_L010_BASE_T011,5.0,-0.424,61,61,1,10,0.02215381720840309
P01_L010,base,P01_L010_BASE_T011_A06,P01_L010_BASE_T011,6.0,0.0,61,61,1,10,0.02693693568930292
P01_L010,flanker,P01_L010_FLANKER_T000_A01,P01_L010_FLANKER_T000,1.0,0.0,41,41,1,10,0.021027991887835565
P01_L010,flanker,P01_L010_FLANKER_T000_A02,P01_L010_FLANKER_T000,2.0,-0.424,48,48,1,11,0.022952933048361455
P01_L010,flanker,P01_L010_FLANKER_T000_A03,P01_L010_FLANKER_T000,3.0,0.1089,46,46,1,10,0.03182717477188986
P01_L010,flanker,P01_L010_FLANKER_T000_A04,P01_L010_FLANKER_T000,5.0,-0.1089,34,34,1,10,0.023780908218862473
P01_L010,flanker,P01_L010_FLANKER_T000_A05,P01_L010_FLANKER_T000,4.0,-0.212,37,37,1,10,0.023780908218862473
P01_L010,flanker,P01_L010_FLANKER_T000_A06,P01_L010_FLANKER_T000,6.0,-0.3209,43,43,1,10,0.013297745004192122
P01_L010,flanker,P01_L010_FLANKER_T001_A01,P01_L010_FLANKER_T001,1.0,0.3209,38,38,1,10,0.04744911674087757
P01_L010,flanker,P01_L010_FLANKER_T001_A02,P01_L010_FLANKER_T001,2.0,-0.4011,48,48,1,11,0.0337588920691308
P01_L010,flanker,P01_L010_FLANKER_T001_A03,P01_L010_FLANKER_T001,3.0,0.2693,50,50,1,11,0.01741160272931841
P01_L010,flanker,P01_L010_FLANKER_T001_A04,P01_L010_FLANKER_T001,4.0,0.3724,45,45,1,11,0.01379935121012909
P01_L010,flanker,P01_L010_FLANKER_T002_A01,P01_L010_FLANKER_T002,1.0,0.2693,52,52,1,10,0.01999119000550058
P01_L010,flanker,P01_L010_FLANKER_T002_A02,P01_L010_FLANKER_T002,2.0,0.3724,39,39,1,10,0.026532500914661084
P01_L010,flanker,P01_L010_FLANKER_T002_A03,P01_L010_FLANKER_T002,3.0,-0.4011,58,58,1,11,0.032804824806437365
P01_L010,flanker,P01_L010_FLANKER_T002_A04,P01_L010_FLANKER_T002,4.0,0.3209,38,38,1,10,0.04744911674087757
P01_L010,flanker,P01_L010_FLANKER_T003_A01,P01_L010_FLANKER_T003,1.0,-0.4011,59,59,1,10,0.046659616851584144
P01_L010,flanker,P01_L010_FLANKER_T003_A02,P01_L010_FLANKER_T003,2.0,0.3209,46,46,1,10,0.04303695186188735
P01_L010,flanker,P01_L010_FLANKER_T003_A03,P01_L010_FLANKER_T003,3.0,0.2693,65,65,1,10,0.013754701617284364
P01_L010,flanker,P01_L010_FLANKER_T003_A04,P01_L010_FLANKER_T003,4.0,0.3724,46,46,1,10,0.023034124021387232
P01_L010,flanker,P01_L010_FLANKER_T004_A01,P01_L010_FLANKER_T004,1.0,-0.4011,56,56,1,10,0.05276808998683198
P01_L010,flanker,P01_L010_FLANKER_T004_A02,P01_L010_FLANKER_T004,2.0,0.3724,36,36,1,10,0.021245729354590008
P01_L010,flanker,P01_L010_FLANKER_T004_A03,P01_L010_FLANKER_T004,3.0,0.2693,62,62,1,10,0.010737451675686932
P01_L010,flanker,P01_L010_FLANKER_T004_A04,P01_L010_FLANKER_T004,4.0,0.3209,37,37,1,10,0.04867111405838559
P01_L010,flanker,P01_L010_FLANKER_T005_A01,P01_L010_FLANKER_T005,1.0,-0.0516,50,50,1,10,0.033252016814495224
P01_L010,flanker,P01_L010_FLANKER_T005_A02,P01_L010_FLANKER_T005,5.0,0.0516,40,40,1,10,0.018847271224639153
P01_L010,flanker,P01_L010_FLANKER_T005_A03,P01_L010_FLANKER_T005,2.0,-0.2693,41,41,1,10,0.02980356302794058
P01_L010,flanker,P01_L010_FLANKER_T005_A04,P01_L010_FLANKER_T005,3.0,-0.1604,40,40,1,10,0.04744911674087757
P01_L010,flanker,P01_L010_FLANKER_T005_A05,P01_L010_FLANKER_T005,6.0,0.1604,51,51,1,10,0.026532538421626936
P01_L010,flanker,P01_L010_FLANKER_T005_A06,P01_L010_FLANKER_T005,4.0,-0.3724,55,55,1,10,0.045797161027519684
P01_L010,flanker,P01_L010_FLANKER_T006_A01,P01_L010_FLANKER_T006,1.0,-0.1604,35,35,1,10,0.04744911674087757
P01_L010,flanker,P01_L010_FLANKER_T006_A02,P01_L010_FLANKER_T006,4.0,0.1604,59,59,1,10,0.014417124417538753
P01_L010,flanker,P01_L010_FLANKER_T006_A03,P01_L010_FLANKER_T006,2.0,-0.3724,43,43,1,10,0.03575099129804049
P01_L010,flanker,P01_L010_FLANKER_T006_A04,P01_L010_FLANKER_T006,3.0,-0.2693,60,60,1,10,0.03253180721952658
P01_L010,flanker,P01_L010_FLANKER_T006_A05,P01_L010_FLANKER_T006,5.0,0.0516,47,47,1,11,0.01379935121012909
P01_L010,flanker,P01_L010_FLANKER_T006_A06,P01_L010_FLANKER_T006,6.0,-0.0516,36,36,1,10,0.04744911674087757
P01_L010,flanker,P01_L010_FLANKER_T007_A01,P01_L010_FLANKER_T007,1.0,0.0516,47,47,1,10,0.016665484373375825
P01_L010,flanker,P01_L010_FLANKER_T007_A02,P01_L010_FLANKER_T007,5.0,-0.0516,42,42,1,10,0.03575099129804049
P01_L010,flanker,P01_L010_FLANKER_T007_A03,P01_L010_FLANKER_T007,2.0,0.1604,48,48,1,10,0.016665513697522658
P01_L010,flanker,P01_L010_FLANKER_T007_A04,P01_L010_FLANKER_T007,4.0,-0.1604,56,56,1,10,0.03817842828049972
P01_L010,flanker,P01_L010_FLANKER_T007_A05,P01_L010_FLANKER_T007,3.0,-0.2693,56,56,1,10,0.026936968513419663
P01_L010,flanker,P01_L010_FLANKER_T007_A06,P01_L010_FLANKER_T007,6.0,-0.3724,54,54,1,10,0.03575099129804049
P01_L010,flanker,P01_L010_FLANKER_T008_A01,P01_L010_FLANKER_T008,1.0,-0.1604,53,53,1,11,0.028961314049551802
P01_L010,flanker,P01_L010_FLANKER_T008_A02,P01_L010_FLANKER_T008,5.0,0.1604,62,62,1,10,0.020745244306908644
P01_L010,flanker,P01_L010_FLANKER_T008_A03,P01_L010_FLANKER_T008,2.0,-0.0516,37,37,1,10,0.04744911674087757
P01_L010,flanker,P01_L010_FLANKER_T008_A04,P01_L010_FLANKER_T008,3.0,0.0516,56,56,1,10,0.015164868985651213
P01_L010,flanker,P01_L010_FLANKER_T008_A05,P01_L010_FLANKER_T008,4.0,-0.3724,43,43,1,10,0.059064715786262996
P01_L010,flanker,P01_L010_FLANKER_T008_A06,P01_L010_FLANKER_T008,6.0,-0.2693,48,48,1,10,0.0241433865563906
P01_L010,flanker,P01_L010_FLANKER_T009_A01,P01_L010_FLANKER_T009,1.0,-0.424,66,66,1,11,0.01755774676104157
P01_L010,flanker,P01_L010_FLANKER_T009_A02,P01_L010_FLANKER_T009,2.0,-0.1089,41,41,1,10,0.021639562713610398
P01_L010,flanker,P01_L010_FLANKER_T009_A03,P01_L010_FLANKER_T009,5.0,0.1089,49,49,1,10,0.039887626292640414
P01_L010,flanker,P01_L010_FLANKER_T009_A04,P01_L010_FLANKER_T009,3.0,-0.3209,54,54,1,10,0.017797072851063533
P01_L010,flanker,P01_L010_FLANKER_T009_A05,P01_L010_FLANKER_T009,4.0,0.0,38,38,1,10,0.023780908218862473
P01_L010,flanker,P01_L010_FLANKER_T009_A06,P01_L010_FLANKER_T009,6.0,-0.212,45,45,1,10,0.017150173578604672
P01_L010,flanker,P01_L010_FLANKER_T010_A01,P01_L010_FLANKER_T010,1.0,0.0,49,49,1,10,0.021028030169661753
P01_L010,flanker,P01_L010_FLANKER_T010_A02,P01_L010_FLANKER_T010,2.0,-0.1089,31,31,1,10,0.023780908218862473
P01_L010,flanker,P01_L010_FLANKER_T010_A03,P01_L010_FLANKER_T010,5.0,0.1089,49,49,1,11,0.03025784863758182
P01_L010,flanker,P01_L010_FLANKER_T010_A04,P01_L010_FLANKER_T010,3.0,-0.3209,56,56,1,10,0.02346106529248967
P01_L010,flanker,P01_L010_FLANKER_T010_A05,P01_L010_FLANKER_T010,4.0,-0.212,49,49,1,10,0.024143408546343396
P01_L010,flanker,P01_L010_FLANKER_T010_A06,P01_L010_FLANKER_T010,6.0,-0.424,42,42,1,10,0.026532500914661084
P01_L010,flanker,P01_L010_FLANKER_T011_A01,P01_L010_FLANKER_T011,1.0,0.1089,42,42,1,10,0.03760522491215641
P01_L010,flanker,P01_L010_FLANKER_T011_A02,P01_L010_FLANKER_T011,4.0,-0.1089,51,51,1,11,0.0169195217722421
P01_L010,flanker,P01_L010_FLANKER_T011_A03,P01_L010_FLANKER_T011,2.0,0.0,43,43,1,10,0.02653247531395564
P01_L010,flanker,P01_L010_FLANKER_T011_A04,P01_L010_FLANKER_T011,3.0,-0.424,57,57,1,10,0.022952924530429464
P01_L010,flanker,P01_L010_FLANKER_T011_A05,P01_L010_FLANKER_T011,5.0,-0.212,38,38,1,10,0.02653251966814406
P01_L010,flanker,P01_L010_FLANKER_T011_A06,P01_L010_FLANKER_T011,6.0,-0.3209,41,41,1,11,0.015605891054484278
P01_L020,base,P01_L020_BASE_T000_A01,P01_L020_BASE_T000,1.0,0.2464,33,33,1,10,0.0572497130113388
P01_L020,base,P01_L020_BASE_T000_A02,P01_L020_BASE_T000,2.0,-0.1547,43,43,1,10,0.02849922365369299
P01_L020,base,P01_L020_BASE_T000_A03,P01_L020_BASE_T000,3.0,0.0458,59,59,1,10,0.056326973292493636
P01_L020,base,P01_L020_BASE_T000_A04,P01_L020_BASE_T000,4.0,-0.3552,43,43,1,10,0.02849922365369299
P01_L020,base,P01_L020_BASE_T001_A01,P01_L020_BASE_T001,1.0,-0.3552,50,50,1,10,0.030587329329540287
P01_L020,base,P01_L020_BASE_T001_A02,P01_L020_BASE_T001,2.0,0.0458,47,47,1,11,0.0166098535522219
P01_L020,base,P01_L020_BASE_T001_A03,P01_L020_BASE_T001,3.0,-0.1547,41,41,1,10,0.022315006318209058
P01_L020,base,P01_L020_BASE_T001_A04,P01_L020_BASE_T001,4.0,0.2464,33,33,1,10,0.05724969046807253
P01_L020,base,P01_L020_BASE_T002_A01,P01_L020_BASE_T002,1.0,-0.2865,30,30,1,10,0.024990391008287025
P01_L020,base,P01_L020_BASE_T002_A02,P01_L020_BASE_T002,2.0,0.3151,54,54,1,11,0.014831650739024078
P01_L020,base,P01_L020_BASE_T002_A03,P01_L020_BASE_T002,3.0,0.1146,55,55,1,10,0.014564812854155567
P01_L020,base,P01_L020_BASE_T002_A04,P01_L020_BASE_T002,4.0,-0.0859,46,46,1,10,0.06528796451225195
P01_L020,base,P01_L020_BASE_T003_A01,P01_L020_BASE_T003,1.0,-0.2865,47,47,1,10,0.019252229240803637
P01_L020,base,P01_L020_BASE_T003_A02,P01_L020_BASE_T003,2.0,0.1146,49,49,1,10,0.023328860262498197
P01_L020,base,P01_L020_BASE_T003_A03,P01_L020_BASE_T003,3.0,-0.0859,52,52,1,10,0.04410430986956804
P01_L020,base,P01_L020_BASE_T003_A04,P01_L020_BASE_T003,4.0,0.3151,52,52,1,10,0.025448199720327944
P01_L020,base,P01_L020_BASE_T004_A01,P01_L020_BASE_T004,1.0,-0.2865,38,38,1,10,0.016881901493797036
P01_L020,base,P01_L020_BASE_T004_A02,P01_L020_BASE_T004,2.0,0.1146,59,59,1,10,0.023949968530552472
P01_L020,base,P01_L020_BASE_T004_A03,P01_L020_BASE_T004,3.0,-0.0859,33,33,1,10,0.0572497130113388
P01_L020,base,P01_L020_BASE_T004_A04,P01_L020_BASE_T004,4.0,0.3151,51,51,1,10,0.032500761227298884
P01_L020,base,P01_L020_BASE_T005_A01,P01_L020_BASE_T005,1.0,-0.0172,57,57,1,10,0.023140116229879486
P01_L020,base,P01_L020_BASE_T005_A02,P01_L020_BASE_T005,2.0,0.1776,41,41,1,10,0.01890588496617864
P01_L020,base,P01_L020_BASE_T005_A03,P01_L020_BASE_T005,3.0,-0.4183,46,46,1,10,0.049392056574159064
P01_L020,base,P01_L020_BASE_T005_A04,P01_L020_BASE_T005,4.0,-0.2177,41,41,1,10,0.029258056431992197
P01_L020,base,P01_L020_BASE_T006_A01,P01_L020_BASE_T006,1.0,-0.0172,42,42,1,10,0.02682140604079284
P01_L020,base,P01_L020_BASE_T006_A02,P01_L020_BASE_T006,2.0,0.1776,40,40,1,10,0.028499178532777735
P01_L020,base,P01_L020_BASE_T006_A03,P01_L020_BASE_T006,3.0,-0.4183,48,48,1,10,0.049392056574159064
P01_L020,base,P01_L020_BASE_T006_A04,P01_L020_BASE_T006,4.0,-0.2177,34,34,1,11,0.034533874074582034
P01_L020,base,P01_L020_BASE_T007_A01,P01_L020_BASE_T007,1.0,-0.3552,42,42,1,10,0.021001262123511576
P01_L020,base,P01_L020_BASE_T007_A02,P01_L020_BASE_T007,2.0,0.0458,43,43,1,10,0.030836780138880582
P01_L020,base,P01_L020_BASE_T007_A03,P01_L020_BASE_T007,3.0,-0.1547,48,48,1,10,0.02849922365369299
P01_L020,base,P01_L020_BASE_T007_A04,P01_L020_BASE_T007,4.0,0.2464,46,46,1,10,0.056327041462983646
P01_L020,base,P01_L020_BASE_T008_A01,P01_L020_BASE_T008,1.0,-0.0859,40,40,1,10,0.06528798907885075
P01_L020,base,P01_L020_BASE_T008_A02,P01_L020_BASE_T008,2.0,0.3151,41,41,1,10,0.017792845404390873
P01_L020,base,P01_L020_BASE_T008_A03,P01_L020_BASE_T008,3.0,0.1146,48,48,1,10,0.018601222367837834
P01_L020,base,P01_L020_BASE_T008_A04,P01_L020_BASE_T008,4.0,-0.2865,48,48,1,10,0.018601222367837834
P01_L020,base,P01_L020_BASE_T009_A01,P01_L020_BASE_T009,1.0,-0.0172,40,40,1,10,0.014302810156686005
P01_L020,base,P01_L020_BASE_T009_A02,P01_L020_BASE_T009,2.0,0.1776,43,43,1,10,0.021560435023405322
P01_L020,base,P01_L020_BASE_T009_A03,P01_L020_BASE_T009,3.0,-0.4183,58,58,1,11,0.017972206055823867
P01_L020,base,P01_L020_BASE_T009_A04,P01_L020_BASE_T009,4.0,-0.2177,43,43,1,11,0.025242336585488044
P01_L020,base,P01_L020_BASE_T010_A01,P01_L020_BASE_T010,1.0,-0.0172,50,50,1,11,0.015759445130223926
P01_L020,base,P01_L020_BASE_T010_A02,P01_L020_BASE_T010,2.0,-0.4183,34,34,1,10,0.05724969046807253
P01_L020,base,P01_L020_BASE_T010_A03,P01_L020_BASE_T010,3.0,0.1776,45,45,1,10,0.017792845404390873
P01_L020,base,P01_L020_BASE_T010_A04,P01_L020_BASE_T010,4.0,-0.2177,36,36,1,11,0.05248185033270821
P01_L020,base,P01_L020_BASE_T011_A01,P01_L020_BASE_T011,1.0,0.2464,45,45,1,10,0.05829851812996668
P01_L020,base,P01_L020_BASE_T011_A02,P01_L020_BASE_T011,2.0,-0.1547,33,33,1,10,0.024990391008287025
P01_L020,base,P01_L020_BASE_T011_A03,P01_L020_BASE_T011,3.0,-0.3552,46,46,1,10,0.02156041225740713
P01_L020,base,P01_L020_BASE_T011_A04,P01_L020_BASE_T011,4.0,0.0458,59,59,1,10,0.035166494683071835
P01_L020,flanker,P01_L020_FLANKER_T000_A01,P01_L020_FLANKER_T000,1.0,-0.4183,39,39,1,10,0.06528798907885075
P01_L020,flanker,P01_L020_FLANKER_T000_A02,P01_L020_FLANKER_T000,2.0,0.1776,47,47,1,10,0.02156041225740713
P01_L020,flanker,P01_L020_FLANKER_T000_A03,P01_L020_FLANKER_T000,3.0,-0.2177,30,30,1,11,0.05248187005164794
P01_L020,flanker,P01_L020_FLANKER_T000_A04,P01_L020_FLANKER_T000,4.0,-0.0172,35,35,1,11,0.02290915409448139
P01_L020,flanker,P01_L020_FLANKER_T001_A01,P01_L020_FLANKER_T001,1.0,0.0458,42,42,1,10,0.05112074688198476
P01_L020,flanker,P01_L020_FLANKER_T001_A02,P01_L020_FLANKER_T001,2.0,-0.3552,41,41,1,11,0.026125764648927862
P01_L020,flanker,P01_L020_FLANKER_T001_A03,P01_L020_FLANKER_T001,3.0,0.2464,32,32,1,10,0.0572497130113388
P01_L020,flanker,P01_L020_FLANKER_T001_A04,P01_L020_FLANKER_T001,4.0,-0.1547,52,52,1,10,0.02458767434207567
P01_L020,flanker,P01_L020_FLANKER_T002_A01,P01_L020_FLANKER_T002,1.0,0.2464,35,35,1,10,0.05724969046807253
P01_L020,flanker,P01_L020_FLANKER_T002_A02,P01_L020_FLANKER_T002,2.0,0.0458,37,37,1,10,0.05724969046807253
P01_L020,flanker,P01_L020_FLANKER_T002_A03,P01_L020_FLANKER_T002,3.0,-0.1547,48,48,1,10,0.025448199720327944
P01_L020,flanker,P01_L020_FLANKER_T002_A04,P01_L020_FLANKER_T002,4.0,-0.3552,39,39,1,10,0.02849922365369299
P01_L020,flanker,P01_L020_FLANKER_T003_A01,P01_L020_FLANKER_T003,1.0,-0.2865,40,40,1,10,0.01890588496617864
P01_L020,flanker,P01_L020_FLANKER_T003_A02,P01_L020_FLANKER_T003,2.0,0.1146,50,50,1,11,0.019604937305468022
P01_L020,flanker,P01_L020_FLANKER_T003_A03,P01_L020_FLANKER_T003,3.0,-0.0859,37,37,1,10,0.043310909111814844
P01_L020,flanker,P01_L020_FLANKER_T003_A04,P01_L020_FLANKER_T003,4.0,0.3151,36,36,1,10,0.024990391008287025
P01_L020,flanker,P01_L020_FLANKER_T004_A01,P01_L020_FLANKER_T004,1.0,0.1146,40,40,1,10,0.023519136526128866
P01_L020,flanker,P01_L020_FLANKER_T004_A02,P01_L020_FLANKER_T004,2.0,-0.2865,45,45,1,10,0.016881882799634637
P01_L020,flanker,P01_L020_FLANKER_T004_A03,P01_L020_FLANKER_T004,3.0,0.3151,38,38,1,10,0.023519136526128866
P01_L020,flanker,P01_L020_FLANKER_T004_A04,P01_L020_FLANKER_T004,4.0,-0.0859,59,59,1,11,0.031147666916315972
P01_L020,flanker,P01_L020_FLANKER_T005_A01,P01_L020_FLANKER_T005,1.0,0.1146,43,43,1,10,0.021001262123511576
P01_L020,flanker,P01_L020_FLANKER_T005_A02,P01_L020_FLANKER_T005,2.0,-0.2865,36,36,1,10,0.024990391008287025
P01_L020,flanker,P01_L020_FLANKER_T005_A03,P01_L020_FLANKER_T005,3.0,-0.0859,33,33,1,10,0.0572497130113388
P01_L020,flanker,P01_L020_FLANKER_T005_A04,P01_L020_FLANKER_T005,4.0,0.3151,53,53,1,10,0.019252225898920314
P01_L020,flanker,P01_L020_FLANKER_T006_A01,P01_L020_FLANKER_T006,1.0,0.0458,40,40,1,10,0.043310909111814844
P01_L020,flanker,P01_L020_FLANKER_T006_A02,P01_L020_FLANKER_T006,2.0,-0.1547,38,38,1,10,0.01890588496617864
P01_L020,flanker,P01_L020_FLANKER_T006_A03,P01_L020_FLANKER_T006,3.0,0.2464,35,35,1,10,0.03276585091249496
P01_L020,flanker,P01_L020_FLANKER_T006_A04,P01_L020_FLANKER_T006,4.0,-0.3552,44,44,1,10,0.02849922365369299
P01_L020,flanker,P01_L020_FLANKER_T007_A01,P01_L020_FLANKER_T007,1.0,0.1776,41,41,1,10,0.021560379391776602
P01_L020,flanker,P01_L020_FLANKER_T007_A02,P01_L020_FLANKER_T007,2.0,-0.0172,45,45,1,10,0.013460740782986471
P01_L020,flanker,P01_L020_FLANKER_T007_A03,P01_L020_FLANKER_T007,3.0,-0.2177,37,37,1,11,0.05248185033270821
P01_L020,flanker,P01_L020_FLANKER_T007_A04,P01_L020_FLANKER_T007,4.0,-0.4183,30,30,1,10,0.0572497130113388
P01_L020,flanker,P01_L020_FLANKER_T008_A01,P01_L020_FLANKER_T008,1.0,0.3151,44,44,1,10,0.025448225797079893
P01_L020,flanker,P01_L020_FLANKER_T008_A02,P01_L020_FLANKER_T008,2.0,0.1146,34,34,1,10,0.024990391008287025
P01_L020,flanker,P01_L020_FLANKER_T008_A03,P01_L020_FLANKER_T008,3.0,-0.2865,36,36,1,10,0.024990391008287025
P01_L020,flanker,P01_L020_FLANKER_T008_A04,P01_L020_FLANKER_T008,4.0,-0.0859,39,39,1,10,0.053879237604912214
P01_L020,flanker,P01_L020_FLANKER_T009_A01,P01_L020_FLANKER_T009,1.0,0.0458,45,45,1,10,0.03736637844745705
P01_L020,flanker,P01_L020_FLANKER_T009_A02,P01_L020_FLANKER_T009,2.0,-0.1547,37,37,1,10,0.01890588496617864
P01_L020,flanker,P01_L020_FLANKER_T009_A03,P01_L020_FLANKER_T009,3.0,0.2464,45,45,1,10,0.04410436215858273
P01_L020,flanker,P01_L020_FLANKER_T009_A04,P01_L020_FLANKER_T009,4.0,-0.3552,50,50,1,10,0.02156041225740713
P01_L020,flanker,P01_L020_FLANKER_T010_A01,P01_L020_FLANKER_T010,1.0,-0.4183,39,39,1,10,0.04939207955142769
P01_L020,flanker,P01_L020_FLANKER_T010_A02,P01_L020_FLANKER_T010,2.0,-0.2177,48,48,1,11,0.03397735423644107
P01_L020,flanker,P01_L020_FLANKER_T010_A03,P01_L020_FLANKER_T010,3.0,-0.0172,35,35,1,10,0.024990391008287025
P01_L020,flanker,P01_L020_FLANKER_T010_A04,P01_L020_FLANKER_T010,4.0,0.1776,33,33,1,10,0.024990391008287025
P01_L020,flanker,P01_L020_FLANKER_T011_A01,P01_L020_FLANKER_T011,1.0,-0.2177,60,60,1,11,0.03488192738020812
P01_L020,flanker,P01_L020_FLANKER_T011_A02,P01_L020_FLANKER_T011,2.0,-0.0172,36,36,1,11,0.011404323193089004
P01_L020,flanker,P01_L020_FLANKER_T011_A03,P01_L020_FLANKER_T011,3.0,0.1776,45,45,1,10,0.016881882799634637
P01_L020,flanker,P01_L020_FLANKER_T011_A04,P01_L020_FLANKER_T011,4.0,-0.4183,45,45,1,10,0.049392046685797365
P01_L025,base,P01_L025_BASE_T000_A01,P01_L025_BASE_T000,1.0,0.2063,41,41,1,10,0.027893752784624627
P01_L025,base,P01_L025_BASE_T000_A02,P01_L025_BASE_T000,2.0,-0.1662,42,42,1,10,0.018354549652468386
P01_L025,base,P01_L025_BASE_T000_A03,P01_L025_BASE_T000,3.0,0.0172,42,42,1,11,0.03724255455020111
P01_L025,base,P01_L025_BASE_T000_A04,P01_L025_BASE_T000,4.0,-0.3552,36,36,1,10,0.04095728768694009
P01_L025,base,P01_L025_BASE_T001_A01,P01_L025_BASE_T001,1.0,0.1432,33,33,1,10,0.031237980300391165
P01_L025,base,P01_L025_BASE_T001_A02,P01_L025_BASE_T001,2.0,-0.4183,38,38,1,10,0.040957290381461786
P01_L025,base,P01_L025_BASE_T001_A03,P01_L025_BASE_T001,3.0,-0.2292,35,35,1,10,0.031237980300391165
P01_L025,base,P01_L025_BASE_T001_A04,P01_L025_BASE_T001,4.0,-0.0401,42,42,1,11,0.04170760371850498
P01_L025,base,P01_L025_BASE_T002_A01,P01_L025_BASE_T002,1.0,0.1432,57,57,1,10,0.023251562207613454
P01_L025,base,P01_L025_BASE_T002_A02,P01_L025_BASE_T002,2.0,-0.2292,32,32,1,10,0.031237980300391165
P01_L025,base,P01_L025_BASE_T002_A03,P01_L025_BASE_T002,3.0,-0.0401,38,38,1,10,0.03562404292308104
P01_L025,base,P01_L025_BASE_T002_A04,P01_L025_BASE_T002,4.0,-0.4183,44,44,1,10,0.05095129461410565
P01_L025,base,P01_L025_BASE_T003_A01,P01_L025_BASE_T003,1.0,-0.2292,45,45,1,10,0.025363869302937103
P01_L025,base,P01_L025_BASE_T003_A02,P01_L025_BASE_T003,2.0,-0.0401,72,72,1,10,0.040703334373530756
P01_L025,base,P01_L025_BASE_T003_A03,P01_L025_BASE_T003,3.0,0.1432,42,42,1,10,0.03562404292308104
P01_L025,base,P01_L025_BASE_T003_A04,P01_L025_BASE_T003,4.0,-0.4183,56,56,1,11,0.0484349935762517
P01_L025,base,P01_L025_BASE_T004_A01,P01_L025_BASE_T004,1.0,0.1432,48,48,1,10,0.01820603925070538
P01_L025,base,P01_L025_BASE_T004_A02,P01_L025_BASE_T004,2.0,-0.4183,47,47,1,10,0.07040883415105206
P01_L025,base,P01_L025_BASE_T004_A03,P01_L025_BASE_T004,3.0,-0.2292,33,33,1,10,0.031237980300391165
P01_L025,base,P01_L025_BASE_T004_A04,P01_L025_BASE_T004,4.0,-0.0401,60,60,1,11,0.0410355007093994
P01_L025,base,P01_L025_BASE_T005_A01,P01_L025_BASE_T005,1.0,-0.2005,45,45,1,10,0.019753834672467108
P01_L025,base,P01_L025_BASE_T005_A02,P01_L025_BASE_T005,2.0,-0.4412,50,50,1,10,0.02137410647556086
P01_L025,base,P01_L025_BASE_T005_A03,P01_L025_BASE_T005,3.0,-0.3896,54,54,1,10,0.039042336841929946
P01_L025,base,P01_L025_BASE_T005_A04,P01_L025_BASE_T005,4.0,-0.3266,46,46,1,10,0.030020360334291528
P01_L025,base,P01_L025_BASE_T006_A01,P01_L025_BASE_T006,1.0,-0.2005,52,52,1,11,0.020651320664427045
P01_L025,base,P01_L025_BASE_T006_A02,P01_L025_BASE_T006,2.0,-0.3266,52,52,1,10,0.02590000945313806
P01_L025,base,P01_L025_BASE_T006_A03,P01_L025_BASE_T006,3.0,-0.4412,40,40,1,10,0.030020370596581067
P01_L025,base,P01_L025_BASE_T006_A04,P01_L025_BASE_T006,4.0,-0.3896,44,44,1,10,0.05202835387755385
P01_L025,base,P01_L025_BASE_T007_A01,P01_L025_BASE_T007,1.0,-0.3896,36,36,1,10,0.04525346860980796
P01_L025,base,P01_L025_BASE_T007_A02,P01_L025_BASE_T007,2.0,-0.2005,43,43,1,10,0.022711192398576108
P01_L025,base,P01_L025_BASE_T007_A03,P01_L025_BASE_T007,3.0,-0.4412,64,64,1,10,0.03368370273192378
P01_L025,base,P01_L025_BASE_T007_A04,P01_L025_BASE_T007,4.0,-0.3266,35,35,1,10,0.03968187125943066
P01_L025,base,P01_L025_BASE_T008_A01,P01_L025_BASE_T008,1.0,-0.3266,38,38,1,10,0.030020370596581067
P01_L025,base,P01_L025_BASE_T008_A02,P01_L025_BASE_T008,2.0,-0.4412,38,38,1,10,0.030020370596581067
P01_L025,base,P01_L025_BASE_T008_A03,P01_L025_BASE_T008,3.0,-0.2005,49,49,1,11,0.01749636674813249
P01_L025,base,P01_L025_BASE_T008_A04,P01_L025_BASE_T008,4.0,-0.3896,42,42,1,10,0.05202835387755385
P01_L025,base,P01_L025_BASE_T009_A01,P01_L025_BASE_T009,1.0,-0.4813,51,51,1,10,0.07287313638475028
P01_L025,base,P01_L025_BASE_T009_A02,P01_L025_BASE_T009,2.0,-0.1031,56,56,1,11,0.020762306335892083
P01_L025,base,P01_L025_BASE_T009_A03,P01_L025_BASE_T009,3.0,0.0802,45,45,1,11,0.032657218886300424
P01_L025,base,P01_L025_BASE_T009_A04,P01_L025_BASE_T009,4.0,-0.2922,38,38,1,10,0.023632351494753484
P01_L025,base,P01_L025_BASE_T010_A01,P01_L025_BASE_T010,1.0,-0.1031,48,48,1,10,0.04670801598566794
P01_L025,base,P01_L025_BASE_T010_A02,P01_L025_BASE_T010,2.0,-0.4813,34,34,1,10,0.0715621397492295
P01_L025,base,P01_L025_BASE_T010_A03,P01_L025_BASE_T010,3.0,-0.2922,42,42,1,10,0.027893752784624627
P01_L025,base,P01_L025_BASE_T010_A04,P01_L025_BASE_T010,4.0,0.0802,55,55,1,11,0.047563707018085793
P01_L025,base,P01_L025_BASE_T011_A01,P01_L025_BASE_T011,1.0,-0.1031,46,46,1,10,0.04670801598566794
P01_L025,base,P01_L025_BASE_T011_A02,P01_L025_BASE_T011,2.0,-0.2922,45,45,1,11,0.01625695939381474
P01_L025,base,P01_L025_BASE_T011_A03,P01_L025_BASE_T011,3.0,0.0802,45,45,1,10,0.05095129461410565
P01_L025,base,P01_L025_BASE_T011_A04,P01_L025_BASE_T011,4.0,-0.4813,41,41,1,10,0.04670801598566794
P01_L025,base,P01_L025_BASE_T012_A01,P01_L025_BASE_T012,1.0,-0.1031,33,33,1,10,0.03562404292308104
P01_L025,base,P01_L025_BASE_T012_A02,P01_L025_BASE_T012,2.0,-0.2922,51,51,1,10,0.01820603925070538
P01_L025,base,P01_L025_BASE_T012_A03,P01_L025_BASE_T012,3.0,-0.4813,55,55,1,11,0.027947008551093673
P01_L025,base,P01_L025_BASE_T012_A04,P01_L025_BASE_T012,4.0,0.0802,34,34,1,10,0.054138642214829905
P01_L025,base,P01_L025_BASE_T013_A01,P01_L025_BASE_T013,1.0,0.0172,56,56,1,10,0.029937498359291242
P01_L025,base,P01_L025_BASE_T013_A02,P01_L025_BASE_T013,2.0,0.2063,39,39,1,10,0.023632351494753484
P01_L025,base,P01_L025_BASE_T013_A03,P01_L025_BASE_T013,3.0,-0.1662,36,36,1,10,0.023632351494753484
P01_L025,base,P01_L025_BASE_T013_A04,P01_L025_BASE_T013,4.0,-0.3552,47,47,1,11,0.03724257312255965
P01_L025,base,P01_L025_BASE_T014_A01,P01_L025_BASE_T014,1.0,0.0172,49,49,1,11,0.03724255455020111
P01_L025,base,P01_L025_BASE_T014_A02,P01_L025_BASE_T014,2.0,-0.3552,31,31,1,10,0.0715621397492295
P01_L025,base,P01_L025_BASE_T014_A03,P01_L025_BASE_T014,3.0,0.2063,48,48,1,10,0.013885694844939069
P01_L025,base,P01_L025_BASE_T014_A04,P01_L025_BASE_T014,4.0,-0.1662,43,43,1,10,0.02224102835317534
P01_L025,base,P01_L025_BASE_T015_A01,P01_L025_BASE_T015,1.0,-0.3552,42,42,1,10,0.04834273232921146
P01_L025,base,P01_L025_BASE_T015_A02,P01_L025_BASE_T015,2.0,-0.1662,50,50,1,10,0.0182060077943945
P01_L025,base,P01_L025_BASE_T015_A03,P01_L025_BASE_T015,3.0,0.0172,43,43,1,10,0.054138586041077026
P01_L025,base,P01_L025_BASE_T015_A04,P01_L025_BASE_T015,4.0,0.2063,51,51,1,11,0.021488932120784635
P01_L025,flanker,P01_L025_FLANKER_T000_A01,P01_L025_FLANKER_T000,1.0,0.0172,45,45,1,11,0.018108725219174202
P01_L025,flanker,P01_L025_FLANKER_T000_A02,P01_L025_FLANKER_T000,2.0,-0.3552,49,49,1,10,0.01704259685744779
P01_L025,flanker,P01_L025_FLANKER_T000_A03,P01_L025_FLANKER_T000,3.0,-0.2005,44,44,1,10,0.045253489941388454
P01_L025,flanker,P01_L025_FLANKER_T001_A01,P01_L025_FLANKER_T001,1.0,-0.2922,42,42,1,10,0.045253489941388454
P01_L025,flanker,P01_L025_FLANKER_T001_A02,P01_L025_FLANKER_T001,2.0,-0.4183,46,46,1,10,0.05202835387755385
P01_L025,flanker,P01_L025_FLANKER_T001_A03,P01_L025_FLANKER_T001,3.0,-0.1031,48,48,1,10,0.04040880612070142
P01_L025,flanker,P01_L025_FLANKER_T001_A04,P01_L025_FLANKER_T001,4.0,0.1432,45,45,1,10,0.045253489941388454
P01_L025,flanker,P01_L025_FLANKER_T002_A01,P01_L025_FLANKER_T002,1.0,-0.4412,57,57,1,10,0.04856908092817815
P01_L025,flanker,P01_L025_FLANKER_T002_A02,P01_L025_FLANKER_T002,2.0,-0.1662,54,54,1,10,0.03221987680301228
P01_L025,flanker,P01_L025_FLANKER_T002_A03,P01_L025_FLANKER_T002,3.0,0.0802,62,62,1,10,0.03281012987985066
P01_L025,flanker,P01_L025_FLANKER_T002_A04,P01_L025_FLANKER_T002,4.0,-0.3266,70,70,1,10,0.027572696500802053
P01_L025,flanker,P01_L025_FLANKER_T003_A01,P01_L025_FLANKER_T003,1.0,-0.0401,50,50,1,11,0.06253514839672471
P01_L025,flanker,P01_L025_FLANKER_T003_A02,P01_L025_FLANKER_T003,2.0,0.2063,40,40,1,10,0.030020370596581067
P01_L025,flanker,P01_L025_FLANKER_T003_A03,P01_L025_FLANKER_T003,3.0,-0.2292,37,37,1,10,0.04525346860980796
P01_L025,flanker,P01_L025_FLANKER_T003_A04,P01_L025_FLANKER_T003,4.0,-0.3896,46,46,1,10,0.051607384249352566
P01_L025,flanker,P01_L025_FLANKER_T004_A01,P01_L025_FLANKER_T004,1.0,-0.2292,55,55,1,10,0.03486258216554757
P01_L025,flanker,P01_L025_FLANKER_T004_A02,P01_L025_FLANKER_T004,2.0,0.2063,55,55,1,10,0.039042336841929946
P01_L025,flanker,P01_L025_FLANKER_T004_A03,P01_L025_FLANKER_T004,3.0,-0.3896,51,51,1,11,0.047309463328927555
P01_L025,flanker,P01_L025_FLANKER_T004_A04,P01_L025_FLANKER_T004,4.0,-0.0401,42,42,1,10,0.05202835387755385
P01_L025,flanker,P01_L025_FLANKER_T005_A01,P01_L025_FLANKER_T005,1.0,0.1432,37,37,1,10,0.03968187125943066
P01_L025,flanker,P01_L025_FLANKER_T005_A02,P01_L025_FLANKER_T005,2.0,-0.1031,62,62,1,10,0.030322965650458448
P01_L025,flanker,P01_L025_FLANKER_T005_A03,P01_L025_FLANKER_T005,3.0,-0.2922,44,44,1,10,0.045253489941388454
P01_L025,flanker,P01_L025_FLANKER_T006_A01,P01_L025_FLANKER_T006,1.0,-0.1662,37,37,1,10,0.01975385600404768
P01_L025,flanker,P01_L025_FLANKER_T006_A02,P01_L025_FLANKER_T006,2.0,0.0802,51,51,1,10,0.028024367130878497
P01_L025,flanker,P01_L025_FLANKER_T006_A03,P01_L025_FLANKER_T006,3.0,-0.3266,40,40,1,10,0.035433663410947266
P01_L025,flanker,P01_L025_FLANKER_T007_A01,P01_L025_FLANKER_T007,1.0,-0.3552,50,50,1,11,0.020651320664427045
P01_L025,flanker,P01_L025_FLANKER_T007_A02,P01_L025_FLANKER_T007,2.0,-0.2005,39,39,1,10,0.03968187125943066
P01_L025,flanker,P01_L025_FLANKER_T007_A03,P01_L025_FLANKER_T007,3.0,0.0172,38,38,1,10,0.01975385600404768
P01_L025,flanker,P01_L025_FLANKER_T008_A01,P01_L025_FLANKER_T008,1.0,0.0172,52,52,1,10,0.025690455436886035
P01_L025,flanker,P01_L025_FLANKER_T008_A02,P01_L025_FLANKER_T008,2.0,-0.2005,35,35,1,10,0.03968187125943066
P01_L025,flanker,P01_L025_FLANKER_T008_A03,P01_L025_FLANKER_T008,3.0,-0.3552,59,59,1,10,0.029536553520846803
P01_L025,flanker,P01_L025_FLANKER_T009_A01,P01_L025_FLANKER_T009,1.0,-0.3552,41,41,1,11,0.018108725219174202
P01_L025,flanker,P01_L025_FLANKER_T009_A02,P01_L025_FLANKER_T009,2.0,-0.2005,40,40,1,10,0.045253489941388454
P01_L025,flanker,P01_L025_FLANKER_T009_A03,P01_L025_FLANKER_T009,3.0,-0.4813,48,48,1,10,0.03734564227722217
P01_L025,flanker,P01_L025_FLANKER_T009_A04,P01_L025_FLANKER_T009,4.0,0.0172,55,55,1,11,0.02637447495683167
P01_L025,flanker,P01_L025_FLANKER_T010_A01,P01_L025_FLANKER_T010,1.0,-0.3266,41,41,1,10,0.030020370596581067
P01_L025,flanker,P01_L025_FLANKER_T010_A02,P01_L025_FLANKER_T010,2.0,0.0802,52,52,1,11,0.05026900389307894
P01_L025,flanker,P01_L025_FLANKER_T010_A03,P01_L025_FLANKER_T010,3.0,-0.1662,48,48,1,10,0.01859087863479522
P01_L025,flanker,P01_L025_FLANKER_T010_A04,P01_L025_FLANKER_T010,4.0,-0.4412,39,39,1,11,0.05483576109649389
P01_L025,flanker,P01_L025_FLANKER_T011_A01,P01_L025_FLANKER_T011,1.0,-0.2922,47,47,1,10,0.05160740558093316
P01_L025,flanker,P01_L025_FLANKER_T011_A02,P01_L025_FLANKER_T011,2.0,0.1432,46,46,1,10,0.07842890969147069
P01_L025,flanker,P01_L025_FLANKER_T011_A03,P01_L025_FLANKER_T011,3.0,-0.4183,44,44,1,11,0.041484708714518245
P01_L025,flanker,P01_L025_FLANKER_T011_A04,P01_L025_FLANKER_T011,4.0,-0.1031,49,49,1,10,0.04896524440093299
P01_L025,flanker,P01_L025_FLANKER_T012_A01,P01_L025_FLANKER_T012,1.0,-0.2292,51,51,1,10,0.03936080981492425
P01_L025,flanker,P01_L025_FLANKER_T012_A02,P01_L025_FLANKER_T012,2.0,-0.0401,39,39,1,10,0.05202835387755385
P01_L025,flanker,P01_L025_FLANKER_T012_A03,P01_L025_FLANKER_T012,3.0,-0.3896,36,36,1,10,0.03968187125943066
P01_L025,flanker,P01_L025_FLANKER_T012_A04,P01_L025_FLANKER_T012,4.0,0.2063,44,44,1,11,0.018108725219174202
P01_L025,flanker,P01_L025_FLANKER_T013_A01,P01_L025_FLANKER_T013,1.0,0.2063,43,43,1,10,0.022527440996922297
P01_L025,flanker,P01_L025_FLANKER_T013_A02,P01_L025_FLANKER_T013,2.0,-0.3896,43,43,1,10,0.05202835387755385
P01_L025,flanker,P01_L025_FLANKER_T013_A03,P01_L025_FLANKER_T013,3.0,-0.2292,44,44,1,10,0.045253489941388454
P01_L025,flanker,P01_L025_FLANKER_T013_A04,P01_L025_FLANKER_T013,4.0,-0.0401,40,40,1,10,0.05202835387755385
P01_L025,flanker,P01_L025_FLANKER_T014_A01,P01_L025_FLANKER_T014,1.0,-0.1031,50,50,1,10,0.051607384249352566
P01_L025,flanker,P01_L025_FLANKER_T014_A02,P01_L025_FLANKER_T014,2.0,-0.4183,54,54,1,10,0.04040880612070142
P01_L025,flanker,P01_L025_FLANKER_T014_A03,P01_L025_FLANKER_T014,3.0,0.1432,45,45,1,10,0.045253489941388454
P01_L025,flanker,P01_L025_FLANKER_T014_A04,P01_L025_FLANKER_T014,4.0,-0.2922,39,39,1,10,0.045253489941388454
P01_L025,flanker,P01_L025_FLANKER_T015_A01,P01_L025_FLANKER_T015,1.0,-0.3266,39,39,1,10,0.022711192398576108
P01_L025,flanker,P01_L025_FLANKER_T015_A02,P01_L025_FLANKER_T015,2.0,-0.4412,50,50,1,11,0.047309444756569036
P01_L025,flanker,P01_L025_FLANKER_T015_A03,P01_L025_FLANKER_T015,3.0,0.0802,51,51,1,10,0.046082475700788446
P01_L025,flanker,P01_L025_FLANKER_T015_A04,P01_L025_FLANKER_T015,4.0,-0.1662,49,49,1,10,0.014823395265899623
P01_L050,base,P01_L050_BASE_T000_A01,P01_L050_BASE_T000,1.0,-0.4813,49,49,1,10,0.07152368867591827
P01_L050,base,P01_L050_BASE_T000_A02,P01_L050_BASE_T000,2.0,0.0229,42,42,1,10,0.059506687741552024
P01_L050,base,P01_L050_BASE_T000_A03,P01_L050_BASE_T000,3.0,-0.3896,40,40,1,10,0.05749446448547593
P01_L050,base,P01_L050_BASE_T000_A04,P01_L050_BASE_T000,4.0,0.1146,47,47,1,10,0.02165260292315697
P01_L050,base,P01_L050_BASE_T001_A01,P01_L050_BASE_T001,1.0,-0.1604,66,66,1,11,0.03790442271878623
P01_L050,base,P01_L050_BASE_T001_A02,P01_L050_BASE_T001,2.0,-0.2521,38,38,1,10,0.059506687741552024
P01_L050,base,P01_L050_BASE_T001_A03,P01_L050_BASE_T001,3.0,-0.0688,43,43,1,10,0.06271764598723181
P01_L050,base,P01_L050_BASE_T002_A01,P01_L050_BASE_T002,1.0,-0.2063,43,43,1,11,0.0696687341383089
P01_L050,base,P01_L050_BASE_T002_A02,P01_L050_BASE_T002,2.0,-0.1146,46,46,1,10,0.05749446448547593
P01_L050,base,P01_L050_BASE_T003_A01,P01_L050_BASE_T003,1.0,-0.2979,47,47,1,11,0.03883951003863282
P01_L050,base,P01_L050_BASE_T003_A02,P01_L050_BASE_T003,2.0,0.2063,37,37,1,10,0.0381407998332747
P01_L050,base,P01_L050_BASE_T003_A03,P01_L050_BASE_T003,3.0,-0.0229,31,31,1,10,0.06664103730989286
P01_L050,base,P01_L050_BASE_T004_A01,P01_L050_BASE_T004,1.0,-0.4813,35,35,1,10,0.06664103730989286
P01_L050,base,P01_L050_BASE_T004_A02,P01_L050_BASE_T004,2.0,-0.2979,38,38,1,11,0.04019886915637135
P01_L050,base,P01_L050_BASE_T004_A03,P01_L050_BASE_T004,3.0,-0.1146,37,37,1,10,0.059506687741552024
P01_L050,base,P01_L050_BASE_T004_A04,P01_L050_BASE_T004,4.0,0.0688,34,34,1,10,0.07599795618766741
P01_L050,base,P01_L050_BASE_T005_A01,P01_L050_BASE_T005,1.0,-0.0229,60,60,1,11,0.043579080055657214
P01_L050,base,P01_L050_BASE_T005_A02,P01_L050_BASE_T005,2.0,-0.2063,36,36,1,10,0.07599795618766741
P01_L050,base,P01_L050_BASE_T005_A03,P01_L050_BASE_T005,3.0,0.1604,36,36,1,10,0.03317427874306053
P01_L050,base,P01_L050_BASE_T005_A04,P01_L050_BASE_T005,4.0,-0.3896,48,48,1,10,0.06786185757152888
P01_L050,base,P01_L050_BASE_T006_A01,P01_L050_BASE_T006,1.0,-0.4354,45,45,1,11,0.06731283908380269
P01_L050,base,P01_L050_BASE_T006_A02,P01_L050_BASE_T006,2.0,-0.0688,31,31,1,10,0.06664103730989286
P01_L050,base,P01_L050_BASE_T006_A03,P01_L050_BASE_T006,3.0,0.1146,38,38,1,10,0.03317427874306053
P01_L050,base,P01_L050_BASE_T006_A04,P01_L050_BASE_T006,4.0,-0.2521,44,44,1,11,0.0458430969497476
P01_L050,base,P01_L050_BASE_T007_A01,P01_L050_BASE_T007,1.0,0.2063,37,37,1,10,0.0381407998332747
P01_L050,base,P01_L050_BASE_T007_A02,P01_L050_BASE_T007,2.0,-0.3438,45,45,1,10,0.05133929605680312
P01_L050,base,P01_L050_BASE_T007_A03,P01_L050_BASE_T007,3.0,0.0229,52,52,1,11,0.052279804302860194
P01_L050,base,P01_L050_BASE_T007_A04,P01_L050_BASE_T007,4.0,-0.1604,41,41,1,10,0.07599798123824061
P01_L050,base,P01_L050_BASE_T008_A01,P01_L050_BASE_T008,1.0,-0.0,74,74,1,11,0.0242947950218861
P01_L050,base,P01_L050_BASE_T008_A02,P01_L050_BASE_T008,2.0,-0.0917,35,35,1,10,0.03317427874306053
P01_L050,base,P01_L050_BASE_T008_A03,P01_L050_BASE_T008,3.0,-0.4584,43,43,1,10,0.037832224930084264
P01_L050,base,P01_L050_BASE_T008_A04,P01_L050_BASE_T008,4.0,-0.3667,36,36,1,11,0.03041150116978112
P01_L050,base,P01_L050_BASE_T008_A05,P01_L050_BASE_T008,5.0,-0.1833,37,37,1,10,0.03317433062943993
P01_L050,base,P01_L050_BASE_T008_A06,P01_L050_BASE_T008,6.0,-0.275,60,60,1,10,0.038213635375917585
P01_L050,base,P01_L050_BASE_T009_A01,P01_L050_BASE_T009,1.0,-0.2292,50,50,1,11,0.033508725995413845
P01_L050,base,P01_L050_BASE_T009_A02,P01_L050_BASE_T009,2.0,-0.4125,41,41,1,10,0.06664103730989286
P01_L050,base,P01_L050_BASE_T009_A03,P01_L050_BASE_T009,3.0,-0.0458,42,42,1,11,0.029383120840035807
P01_L050,base,P01_L050_BASE_T010_A01,P01_L050_BASE_T010,1.0,-0.1375,47,47,1,11,0.03468152712201531
P01_L050,base,P01_L050_BASE_T010_A02,P01_L050_BASE_T010,2.0,-0.3209,44,44,1,10,0.037832254870626726
P01_L050,base,P01_L050_BASE_T010_A03,P01_L050_BASE_T010,3.0,0.0458,35,35,1,10,0.03317427874306053
P01_L050,base,P01_L050_BASE_T011_A01,P01_L050_BASE_T011,1.0,-0.0458,48,48,1,10,0.03378204758171496
P01_L050,base,P01_L050_BASE_T011_A02,P01_L050_BASE_T011,2.0,-0.1833,46,46,1,10,0.02241041647329719
P01_L050,base,P01_L050_BASE_T011_A03,P01_L050_BASE_T011,3.0,-0.3209,37,37,1,10,0.0381407998332747
P01_L050,base,P01_L050_BASE_T011_A04,P01_L050_BASE_T011,4.0,-0.4584,40,40,1,10,0.03317427874306053
P01_L050,base,P01_L050_BASE_T012_A01,P01_L050_BASE_T012,1.0,-0.1375,39,39,1,10,0.03317427874306053
P01_L050,base,P01_L050_BASE_T012_A02,P01_L050_BASE_T012,2.0,-0.0,47,47,1,11,0.03468152712201531
P01_L050,base,P01_L050_BASE_T012_A03,P01_L050_BASE_T012,3.0,-0.4125,43,43,1,10,0.03317427874306053
P01_L050,base,P01_L050_BASE_T012_A04,P01_L050_BASE_T012,4.0,-0.275,50,50,1,10,0.02862107738991378
P01_L050,base,P01_L050_BASE_T013_A01,P01_L050_BASE_T013,1.0,-0.2292,47,47,1,10,0.025097206229678756
P01_L050,base,P01_L050_BASE_T013_A02,P01_L050_BASE_T013,2.0,0.0458,34,34,1,10,0.03317427874306053
P01_L050,base,P01_L050_BASE_T013_A03,P01_L050_BASE_T013,3.0,-0.3667,49,49,1,11,0.03468150336314999
P01_L050,base,P01_L050_BASE_T013_A04,P01_L050_BASE_T013,4.0,-0.0917,35,35,1,10,0.03317427874306053
P01_L050,base,P01_L050_BASE_T014_A01,P01_L050_BASE_T014,1.0,-0.3209,45,45,1,11,0.03468150336314999
P01_L050,base,P01_L050_BASE_T014_A02,P01_L050_BASE_T014,2.0,-0.0458,39,39,1,10,0.03317427874306053
P01_L050,base,P01_L050_BASE_T014_A03,P01_L050_BASE_T014,3.0,-0.4584,52,52,1,10,0.043144151841318354
P01_L050,base,P01_L050_BASE_T014_A04,P01_L050_BASE_T014,4.0,-0.1833,38,38,1,10,0.03317427874306053
P01_L050,base,P01_L050_BASE_T015_A01,P01_L050_BASE_T015,1.0,-0.0,40,40,1,10,0.0381407998332747
P01_L050,base,P01_L050_BASE_T015_A02,P01_L050_BASE_T015,2.0,-0.1375,38,38,1,11,0.030411473496613314
P01_L050,base,P01_L050_BASE_T015_A03,P01_L050_BASE_T015,3.0,-0.4125,41,41,1,10,0.037832254870626726
P01_L050,base,P01_L050_BASE_T015_A04,P01_L050_BASE_T015,4.0,-0.275,43,43,1,10,0.031221173355115723
P01_L050,base,P01_L050_BASE_T016_A01,P01_L050_BASE_T016,1.0,-0.3667,44,44,1,10,0.04349601686209256
P01_L050,base,P01_L050_BASE_T016_A02,P01_L050_BASE_T016,2.0,-0.0917,57,57,1,10,0.04093523312726108
P01_L050,base,P01_L050_BASE_T016_A03,P01_L050_BASE_T016,3.0,-0.2292,50,50,1,10,0.02555702546322645
P01_L050,base,P01_L050_BASE_T016_A04,P01_L050_BASE_T016,4.0,0.0458,45,45,1,11,0.027878749997659564
P01_L050,base,P01_L050_BASE_T017_A01,P01_L050_BASE_T017,1.0,-0.2292,42,42,1,10,0.03317427874306053
P01_L050,base,P01_L050_BASE_T017_A02,P01_L050_BASE_T017,2.0,0.0458,49,49,1,10,0.05749446448547593
P01_L050,base,P01_L050_BASE_T017_A03,P01_L050_BASE_T017,3.0,-0.3667,48,48,1,11,0.029383120840035807
P01_L050,base,P01_L050_BASE_T017_A04,P01_L050_BASE_T017,4.0,-0.0917,46,46,1,10,0.037832224930084264
P01_L050,base,P01_L050_BASE_T018_A01,P01_L050_BASE_T018,1.0,-0.0,49,49,1,10,0.04314417931592376
P01_L050,base,P01_L050_BASE_T018_A02,P01_L050_BASE_T018,2.0,-0.275,45,45,1,10,0.031221173355115723
P01_L050,base,P01_L050_BASE_T018_A03,P01_L050_BASE_T018,3.0,-0.4125,48,48,1,10,0.037832254870626726
P01_L050,base,P01_L050_BASE_T018_A04,P01_L050_BASE_T018,4.0,-0.1375,51,51,1,10,0.03560491858591832
P01_L050,base,P01_L050_BASE_T019_A01,P01_L050_BASE_T019,1.0,-0.3209,72,72,1,11,0.016545901069715225
P01_L050,base,P01_L050_BASE_T019_A02,P01_L050_BASE_T019,2.0,-0.4584,39,39,1,10,0.05041569679370731
P01_L050,base,P01_L050_BASE_T019_A03,P01_L050_BASE_T019,3.0,-0.0458,40,40,1,11,0.030411525202239196
P01_L050,base,P01_L050_BASE_T019_A04,P01_L050_BASE_T019,4.0,-0.1833,35,35,1,10,0.03317433062943993
P01_L050,base,P01_L050_BASE_T020_A01,P01_L050_BASE_T020,1.0,-0.1146,52,52,1,10,0.052227307816090376
P01_L050,base,P01_L050_BASE_T020_A02,P01_L050_BASE_T020,2.0,-0.2979,58,58,1,11,0.038760382284503576
P01_L050,base,P01_L050_BASE_T020_A03,P01_L050_BASE_T020,3.0,-0.4813,36,36,1,10,0.05946589131974575
P01_L050,base,P01_L050_BASE_T020_A04,P01_L050_BASE_T020,4.0,0.0688,41,41,1,10,0.05293926804904917
P01_L050,base,P01_L050_BASE_T021_A01,P01_L050_BASE_T021,1.0,-0.3896,35,35,1,10,0.09467339541743051
P01_L050,base,P01_L050_BASE_T021_A02,P01_L050_BASE_T021,2.0,0.1604,41,41,1,10,0.02960247559524313
P01_L050,base,P01_L050_BASE_T021_A03,P01_L050_BASE_T021,3.0,-0.0229,55,55,1,11,0.05109613950258729
P01_L050,base,P01_L050_BASE_T021_A04,P01_L050_BASE_T021,4.0,-0.2063,43,43,1,10,0.06634649475409164
P01_L050,base,P01_L050_BASE_T022_A01,P01_L050_BASE_T022,1.0,-0.3438,37,37,1,10,0.07503224667872678
P01_L050,base,P01_L050_BASE_T022_A02,P01_L050_BASE_T022,2.0,0.0229,36,36,1,10,0.09467339541743051
P01_L050,base,P01_L050_BASE_T022_A03,P01_L050_BASE_T022,3.0,0.2063,39,39,1,10,0.05293929306397457
P01_L050,base,P01_L050_BASE_T022_A04,P01_L050_BASE_T022,4.0,-0.4354,52,52,1,10,0.10041952104557743
P01_L050,base,P01_L050_BASE_T022_A05,P01_L050_BASE_T022,5.0,0.1146,72,72,1,11,0.02349841740358104
P01_L050,base,P01_L050_BASE_T022_A06,P01_L050_BASE_T022,6.0,-0.0688,50,50,1,11,0.06129259721562224
P01_L050,base,P01_L050_BASE_T022_A07,P01_L050_BASE_T022,7.0,-0.2521,59,59,1,10,0.07904935421343827
P01_L050,base,P01_L050_BASE_T022_A08,P01_L050_BASE_T022,8.0,-0.1604,50,50,1,10,0.045797102932830895
P01_L050,base,P01_L050_BASE_T023_A01,P01_L050_BASE_T023,1.0,-0.3896,41,41,1,10,0.06634652003479764
P01_L050,base,P01_L050_BASE_T023_A02,P01_L050_BASE_T023,2.0,-0.4813,47,47,1,11,0.0693167276035564
P01_L050,base,P01_L050_BASE_T023_A03,P01_L050_BASE_T023,3.0,0.0688,46,46,1,10,0.059064720624144196
P01_L050,base,P01_L050_BASE_T023_A04,P01_L050_BASE_T023,4.0,-0.2979,57,57,1,10,0.0693167738943936
P01_L050,base,P01_L050_BASE_T023_A05,P01_L050_BASE_T023,5.0,-0.1146,47,47,1,10,0.09000526139376311
P01_L050,base,P01_L050_BASE_T023_A06,P01_L050_BASE_T023,6.0,-0.0229,44,44,1,10,0.06634652003479764
P01_L050,base,P01_L050_BASE_T023_A07,P01_L050_BASE_T023,7.0,0.1604,57,57,1,10,0.04139218873686653
P01_L050,base,P01_L050_BASE_T023_A08,P01_L050_BASE_T023,8.0,-0.2063,45,45,1,10,0.08371397912832945
P01_L050,base,P01_L050_BASE_T024_A01,P01_L050_BASE_T024,1.0,0.1146,47,47,1,11,0.030719107825174646
P01_L050,base,P01_L050_BASE_T024_A02,P01_L050_BASE_T024,2.0,-0.4354,50,50,1,10,0.08371399171505152
P01_L050,base,P01_L050_BASE_T024_A03,P01_L050_BASE_T024,3.0,-0.0688,48,48,1,10,0.059064720624144196
P01_L050,base,P01_L050_BASE_T024_A04,P01_L050_BASE_T024,4.0,-0.2521,63,63,1,11,0.054565494608847596
P01_L050,base,P01_L050_BASE_T025_A01,P01_L050_BASE_T025,1.0,0.0229,50,50,1,10,0.07085135505762362
P01_L050,base,P01_L050_BASE_T025_A02,P01_L050_BASE_T025,2.0,-0.3438,35,35,1,10,0.07503224667872678
P01_L050,base,P01_L050_BASE_T025_A03,P01_L050_BASE_T025,3.0,-0.1604,67,67,1,10,0.08203113192316172
P01_L050,base,P01_L050_BASE_T025_A04,P01_L050_BASE_T025,4.0,0.2063,56,56,1,10,0.033758920757674275
P01_L050,base,P01_L050_BASE_T026_A01,P01_L050_BASE_T026,1.0,-0.3438,47,47,1,10,0.0388394658073078
P01_L050,base,P01_L050_BASE_T026_A02,P01_L050_BASE_T026,2.0,0.0688,29,29,1,10,0.06664103730989286
P01_L050,base,P01_L050_BASE_T026_A03,P01_L050_BASE_T026,3.0,-0.4354,47,47,1,10,0.06386661546257527
P01_L050,base,P01_L050_BASE_T026_A04,P01_L050_BASE_T026,4.0,0.1604,50,50,1,11,0.01933454815901729
P01_L050,flanker,P01_L050_FLANKER_T000_A01,P01_L050_FLANKER_T000,1.0,-0.2521,37,37,1,10,0.07599795618766741
P01_L050,flanker,P01_L050_FLANKER_T000_A02,P01_L050_FLANKER_T000,2.0,-0.4354,39,39,1,10,0.07802140429530859
P01_L050,flanker,P01_L050_FLANKER_T000_A03,P01_L050_FLANKER_T000,3.0,-0.0688,43,43,1,10,0.06786190307695232
P01_L050,flanker,P01_L050_FLANKER_T000_A04,P01_L050_FLANKER_T000,4.0,0.1146,52,52,1,11,0.022820965841323686
P01_L050,flanker,P01_L050_FLANKER_T001_A01,P01_L050_FLANKER_T001,1.0,-0.1604,51,51,1,10,0.07739024877887035
P01_L050,flanker,P01_L050_FLANKER_T001_A02,P01_L050_FLANKER_T001,2.0,0.0229,30,30,1,10,0.06664103730989286
P01_L050,flanker,P01_L050_FLANKER_T001_A03,P01_L050_FLANKER_T001,3.0,-0.3438,41,41,1,10,0.07599795618766741
P01_L050,flanker,P01_L050_FLANKER_T001_A04,P01_L050_FLANKER_T001,4.0,0.2063,51,51,1,10,0.0356049288419112
P01_L050,flanker,P01_L050_FLANKER_T002_A01,P01_L050_FLANKER_T002,1.0,-0.4813,52,52,1,10,0.04429284917963221
P01_L050,flanker,P01_L050_FLANKER_T002_A02,P01_L050_FLANKER_T002,2.0,-0.1146,36,36,1,10,0.04501837344783072
P01_L050,flanker,P01_L050_FLANKER_T002_A03,P01_L050_FLANKER_T002,3.0,0.0688,43,43,1,10,0.057494452434035455
P01_L050,flanker,P01_L050_FLANKER_T002_A04,P01_L050_FLANKER_T002,4.0,-0.2979,52,52,1,11,0.04202522629454739
P01_L050,flanker,P01_L050_FLANKER_T003_A01,P01_L050_FLANKER_T003,1.0,-0.2063,38,38,1,10,0.07599792901150923
P01_L050,flanker,P01_L050_FLANKER_T003_A02,P01_L050_FLANKER_T003,2.0,-0.0229,40,40,1,10,0.07599795618766741
P01_L050,flanker,P01_L050_FLANKER_T003_A03,P01_L050_FLANKER_T003,3.0,-0.3896,42,42,1,10,0.07599795618766741
P01_L050,flanker,P01_L050_FLANKER_T003_A04,P01_L050_FLANKER_T003,4.0,0.1604,49,49,1,11,0.03468152712201531
P01_L050,flanker,P01_L050_FLANKER_T004_A01,P01_L050_FLANKER_T004,1.0,-0.4354,36,36,1,10,0.08737554881190202
P01_L050,flanker,P01_L050_FLANKER_T004_A02,P01_L050_FLANKER_T004,2.0,-0.2521,47,47,1,10,0.057494452434035455
P01_L050,flanker,P01_L050_FLANKER_T004_A03,P01_L050_FLANKER_T004,3.0,0.1146,44,44,1,10,0.037832224930084264
P01_L050,flanker,P01_L050_FLANKER_T004_A04,P01_L050_FLANKER_T004,4.0,-0.0688,53,53,1,11,0.07945075689772194
P01_L050,flanker,P01_L050_FLANKER_T005_A01,P01_L050_FLANKER_T005,1.0,-0.1604,46,46,1,10,0.06786190307695232
P01_L050,flanker,P01_L050_FLANKER_T005_A02,P01_L050_FLANKER_T005,2.0,0.2063,40,40,1,10,0.05041569679370731
P01_L050,flanker,P01_L050_FLANKER_T005_A03,P01_L050_FLANKER_T005,3.0,0.0229,36,36,1,10,0.07599795618766741
P01_L050,flanker,P01_L050_FLANKER_T005_A04,P01_L050_FLANKER_T005,4.0,-0.3438,56,56,1,10,0.04831677383875274
P01_L050,flanker,P01_L050_FLANKER_T006_A01,P01_L050_FLANKER_T006,1.0,-0.0917,47,47,1,11,0.03468150336314999
P01_L050,flanker,P01_L050_FLANKER_T006_A02,P01_L050_FLANKER_T006,2.0,-0.4584,36,36,1,10,0.05041569679370731
P01_L050,flanker,P01_L050_FLANKER_T006_A03,P01_L050_FLANKER_T006,3.0,-0.275,39,39,1,10,0.03317427874306053
P01_L050,flanker,P01_L050_FLANKER_T007_A01,P01_L050_FLANKER_T007,1.0,-0.0,47,47,1,11,0.029383068695424574
P01_L050,flanker,P01_L050_FLANKER_T007_A02,P01_L050_FLANKER_T007,2.0,-0.3667,44,44,1,10,0.037832224930084264
P01_L050,flanker,P01_L050_FLANKER_T007_A03,P01_L050_FLANKER_T007,3.0,-0.1833,44,44,1,11,0.03041150116978112
P01_L050,flanker,P01_L050_FLANKER_T008_A01,P01_L050_FLANKER_T008,1.0,-0.2292,44,44,1,10,0.0381407998332747
P01_L050,flanker,P01_L050_FLANKER_T008_A02,P01_L050_FLANKER_T008,2.0,-0.0458,42,42,1,10,0.037832254870626726
P01_L050,flanker,P01_L050_FLANKER_T008_A03,P01_L050_FLANKER_T008,3.0,-0.4125,48,48,1,11,0.03468152712201531
P01_L050,flanker,P01_L050_FLANKER_T009_A01,P01_L050_FLANKER_T009,1.0,-0.0458,51,51,1,11,0.03468152712201531
P01_L050,flanker,P01_L050_FLANKER_T009_A02,P01_L050_FLANKER_T009,2.0,-0.2292,54,54,1,10,0.043144151841318354
P01_L050,flanker,P01_L050_FLANKER_T009_A03,P01_L050_FLANKER_T009,3.0,-0.4125,42,42,1,10,0.047447544107264414
P01_L050,flanker,P01_L050_FLANKER_T010_A01,P01_L050_FLANKER_T010,1.0,0.0458,47,47,1,10,0.031221173355115723
P01_L050,flanker,P01_L050_FLANKER_T010_A02,P01_L050_FLANKER_T010,2.0,-0.3209,38,38,1,10,0.0381407998332747
P01_L050,flanker,P01_L050_FLANKER_T010_A03,P01_L050_FLANKER_T010,3.0,-0.1375,61,61,1,11,0.029679307352864753
P01_L050,flanker,P01_L050_FLANKER_T011_A01,P01_L050_FLANKER_T011,1.0,-0.3209,45,45,1,10,0.02962274960533302
P01_L050,flanker,P01_L050_FLANKER_T011_A02,P01_L050_FLANKER_T011,2.0,-0.0458,53,53,1,10,0.03378206427472106
P01_L050,flanker,P01_L050_FLANKER_T011_A03,P01_L050_FLANKER_T011,3.0,-0.4584,59,59,1,11,0.02914539697051919
P01_L050,flanker,P01_L050_FLANKER_T011_A04,P01_L050_FLANKER_T011,4.0,-0.1833,45,45,1,10,0.037832254870626726
P01_L050,flanker,P01_L050_FLANKER_T012_A01,P01_L050_FLANKER_T012,1.0,-0.3209,48,48,1,10,0.037832224930084264
P01_L050,flanker,P01_L050_FLANKER_T012_A02,P01_L050_FLANKER_T012,2.0,-0.0458,38,38,1,10,0.03317427874306053
P01_L050,flanker,P01_L050_FLANKER_T012_A03,P01_L050_FLANKER_T012,3.0,-0.4584,46,46,1,10,0.047447544107264414
P01_L050,flanker,P01_L050_FLANKER_T012_A04,P01_L050_FLANKER_T012,4.0,-0.1833,47,47,1,11,0.03468150336314999
P01_L050,flanker,P01_L050_FLANKER_T013_A01,P01_L050_FLANKER_T013,1.0,-0.275,46,46,1,10,0.027878797614546074
P01_L050,flanker,P01_L050_FLANKER_T013_A02,P01_L050_FLANKER_T013,2.0,-0.4125,56,56,1,10,0.04960326191162291
P01_L050,flanker,P01_L050_FLANKER_T013_A03,P01_L050_FLANKER_T013,3.0,-0.0,44,44,1,10,0.028854518705841624
P01_L050,flanker,P01_L050_FLANKER_T013_A04,P01_L050_FLANKER_T013,4.0,-0.1375,44,44,1,10,0.037832224930084264
P01_L050,flanker,P01_L050_FLANKER_T014_A01,P01_L050_FLANKER_T014,1.0,-0.3667,42,42,1,10,0.04349605574375422
P01_L050,flanker,P01_L050_FLANKER_T014_A02,P01_L050_FLANKER_T014,2.0,0.0458,51,51,1,10,0.032639686214011046
P01_L050,flanker,P01_L050_FLANKER_T014_A03,P01_L050_FLANKER_T014,3.0,-0.0917,36,36,1,10,0.03317427874306053
P01_L050,flanker,P01_L050_FLANKER_T014_A04,P01_L050_FLANKER_T014,4.0,-0.2292,56,56,1,10,0.04960326191162291
P01_L050,flanker,P01_L050_FLANKER_T015_A01,P01_L050_FLANKER_T015,1.0,-0.0458,43,43,1,10,0.037832224930084264
P01_L050,flanker,P01_L050_FLANKER_T015_A02,P01_L050_FLANKER_T015,2.0,-0.1833,54,54,1,10,0.038839496036951374
P01_L050,flanker,P01_L050_FLANKER_T015_A03,P01_L050_FLANKER_T015,3.0,-0.3209,46,46,1,10,0.02165260292315697
P01_L050,flanker,P01_L050_FLANKER_T015_A04,P01_L050_FLANKER_T015,4.0,-0.4584,46,46,1,11,0.03468150336314999
P01_L050,flanker,P01_L050_FLANKER_T016_A01,P01_L050_FLANKER_T016,1.0,-0.4125,35,35,1,10,0.03317427874306053
P01_L050,flanker,P01_L050_FLANKER_T016_A02,P01_L050_FLANKER_T016,2.0,-0.1375,45,45,1,10,0.027155755906652156
P01_L050,flanker,P01_L050_FLANKER_T016_A03,P01_L050_FLANKER_T016,3.0,-0.275,56,56,1,10,0.049201903388847154
P01_L050,flanker,P01_L050_FLANKER_T016_A04,P01_L050_FLANKER_T016,4.0,-0.0,43,43,1,10,0.031221173355115723
P01_L050,flanker,P01_L050_FLANKER_T017_A01,P01_L050_FLANKER_T017,1.0,-0.3667,59,59,1,10,0.02555702546322645
P01_L050,flanker,P01_L050_FLANKER_T017_A02,P01_L050_FLANKER_T017,2.0,-0.2292,47,47,1,10,0.02862107738991378
P01_L050,flanker,P01_L050_FLANKER_T017_A03,P01_L050_FLANKER_T017,3.0,0.0458,46,46,1,10,0.025097206229678756
P01_L050,flanker,P01_L050_FLANKER_T017_A04,P01_L050_FLANKER_T017,4.0,-0.0917,52,52,1,10,0.04349608696053851
P01_L050,flanker,P01_L050_FLANKER_T018_A01,P01_L050_FLANKER_T018,1.0,-0.275,62,62,1,10,0.02469275948837969
P01_L050,flanker,P01_L050_FLANKER_T018_A02,P01_L050_FLANKER_T018,2.0,-0.0,44,44,1,10,0.037832254870626726
P01_L050,flanker,P01_L050_FLANKER_T018_A03,P01_L050_FLANKER_T018,3.0,-0.1375,51,51,1,11,0.03468150336314999
P01_L050,flanker,P01_L050_FLANKER_T019_A01,P01_L050_FLANKER_T019,1.0,-0.0917,46,46,1,11,0.03468150336314999
P01_L050,flanker,P01_L050_FLANKER_T019_A02,P01_L050_FLANKER_T019,2.0,-0.3667,37,37,1,10,0.0381407998332747
P01_L050,flanker,P01_L050_FLANKER_T019_A03,P01_L050_FLANKER_T019,3.0,0.0458,40,40,1,10,0.037832254870626726
P01_L050,flanker,P01_L050_FLANKER_T020_A01,P01_L050_FLANKER_T020,1.0,0.0688,41,41,1,10,0.059064695609218704
P01_L050,flanker,P01_L050_FLANKER_T020_A02,P01_L050_FLANKER_T020,2.0,-0.0229,50,50,1,10,0.06589887806894336
P01_L050,flanker,P01_L050_FLANKER_T020_A03,P01_L050_FLANKER_T020,3.0,0.1604,54,54,1,10,0.04139215988132161
P01_L050,flanker,P01_L050_FLANKER_T020_A04,P01_L050_FLANKER_T020,4.0,-0.2979,48,48,1,10,0.06589887806894336
P01_L050,flanker,P01_L050_FLANKER_T020_A05,P01_L050_FLANKER_T020,5.0,-0.2063,40,40,1,10,0.06634649475409164
P01_L050,flanker,P01_L050_FLANKER_T020_A06,P01_L050_FLANKER_T020,6.0,-0.3896,50,50,1,10,0.06589887806894336
P01_L050,flanker,P01_L050_FLANKER_T020_A07,P01_L050_FLANKER_T020,7.0,-0.1146,51,51,1,10,0.06589887806894336
P01_L050,flanker,P01_L050_FLANKER_T020_A08,P01_L050_FLANKER_T020,8.0,-0.4813,56,56,1,10,0.05456550020132635
P01_L050,flanker,P01_L050_FLANKER_T021_A01,P01_L050_FLANKER_T021,1.0,-0.2521,42,42,1,10,0.059064720624144196
P01_L050,flanker,P01_L050_FLANKER_T021_A02,P01_L050_FLANKER_T021,2.0,-0.4354,34,34,1,10,0.09467339541743051
P01_L050,flanker,P01_L050_FLANKER_T021_A03,P01_L050_FLANKER_T021,3.0,0.1146,69,69,1,10,0.03308019944528369
P01_L050,flanker,P01_L050_FLANKER_T021_A04,P01_L050_FLANKER_T021,4.0,-0.0688,41,41,1,10,0.1056277875458913
P01_L050,flanker,P01_L050_FLANKER_T022_A01,P01_L050_FLANKER_T022,1.0,0.0229,35,35,1,10,0.05946589131974575
P01_L050,flanker,P01_L050_FLANKER_T022_A02,P01_L050_FLANKER_T022,2.0,0.2063,49,49,1,10,0.037099539380678635
P01_L050,flanker,P01_L050_FLANKER_T022_A03,P01_L050_FLANKER_T022,3.0,-0.3438,46,46,1,11,0.05338363752613749
P01_L050,flanker,P01_L050_FLANKER_T022_A04,P01_L050_FLANKER_T022,4.0,-0.1604,52,52,1,11,0.05493612307689512
P01_L050,flanker,P01_L050_FLANKER_T023_A01,P01_L050_FLANKER_T023,1.0,-0.4813,65,65,1,10,0.08258820493786728
P01_L050,flanker,P01_L050_FLANKER_T023_A02,P01_L050_FLANKER_T023,2.0,-0.1146,46,46,1,10,0.059064720624144196
P01_L050,flanker,P01_L050_FLANKER_T023_A03,P01_L050_FLANKER_T023,3.0,0.0688,52,52,1,11,0.0549361448522291
P01_L050,flanker,P01_L050_FLANKER_T023_A04,P01_L050_FLANKER_T023,4.0,-0.2979,48,48,1,10,0.06634649475409164
P01_L050,flanker,P01_L050_FLANKER_T024_A01,P01_L050_FLANKER_T024,1.0,-0.2063,50,50,1,10,0.06589887806894336
P01_L050,flanker,P01_L050_FLANKER_T024_A02,P01_L050_FLANKER_T024,2.0,0.1604,54,54,1,10,0.03139916532345131
P01_L050,flanker,P01_L050_FLANKER_T024_A03,P01_L050_FLANKER_T024,3.0,-0.3896,80,80,1,11,0.036108393184349816
P01_L050,flanker,P01_L050_FLANKER_T024_A04,P01_L050_FLANKER_T024,4.0,-0.0229,45,45,1,10,0.0713325707558927
P01_L050,flanker,P01_L050_FLANKER_T025_A01,P01_L050_FLANKER_T025,1.0,-0.4354,41,41,1,10,0.08371397912832945
P01_L050,flanker,P01_L050_FLANKER_T025_A02,P01_L050_FLANKER_T025,2.0,-0.3438,45,45,1,10,0.06350353118511225
P01_L050,flanker,P01_L050_FLANKER_T025_A03,P01_L050_FLANKER_T025,3.0,0.0229,43,43,1,10,0.06634652360963633
P01_L050,flanker,P01_L050_FLANKER_T025_A04,P01_L050_FLANKER_T025,4.0,0.2063,49,49,1,10,0.03161242837369218
P01_L050,flanker,P01_L050_FLANKER_T025_A05,P01_L050_FLANKER_T025,5.0,0.1146,41,41,1,10,0.029602500610168805
P01_L050,flanker,P01_L050_FLANKER_T025_A06,P01_L050_FLANKER_T025,6.0,-0.1604,41,41,1,10,0.059064695609218704
P01_L050,flanker,P01_L050_FLANKER_T025_A07,P01_L050_FLANKER_T025,7.0,-0.0688,42,42,1,10,0.06634652003479764
P01_L050,flanker,P01_L050_FLANKER_T025_A08,P01_L050_FLANKER_T025,8.0,-0.2521,43,43,1,11,0.062128085117626804
P01_L050,flanker,P01_L050_FLANKER_T026_A01,P01_L050_FLANKER_T026,1.0,-0.4813,52,52,1,10,0.08156615201525073
P01_L050,flanker,P01_L050_FLANKER_T026_A02,P01_L050_FLANKER_T026,2.0,-0.2063,48,48,1,10,0.08156610430022072
P01_L050,flanker,P01_L050_FLANKER_T026_A03,P01_L050_FLANKER_T026,3.0,-0.3896,52,52,1,10,0.1022967992003403
P01_L050,flanker,P01_L050_FLANKER_T026_A04,P01_L050_FLANKER_T026,4.0,0.0688,43,43,1,10,0.06786188885238839
P01_L050,flanker,P01_L050_FLANKER_T026_A05,P01_L050_FLANKER_T026,5.0,-0.1146,40,40,1,10,0.059506687741552024
P01_L050,flanker,P01_L050_FLANKER_T026_A06,P01_L050_FLANKER_T026,6.0,0.1604,55,55,1,10,0.035604910781013695
P01_L050,flanker,P01_L050_FLANKER_T026_A07,P01_L050_FLANKER_T026,7.0,-0.2979,49,49,1,10,0.06786185757152888
P01_L050,flanker,P01_L050_FLANKER_T026_A08,P01_L050_FLANKER_T026,8.0,-0.0229,40,40,1,10,0.04349605574375422
P01_L200,base,P01_L200_BASE_T000_A01,P01_L200_BASE_T000,1.0,-0.1375,37,37,1,10,0.1056276964803414
P01_L200,base,P01_L200_BASE_T000_A02,P01_L200_BASE_T000,2.0,0.1375,38,38,1,10,0.18889825691040257
P01_L200,base,P01_L200_BASE_T000_A03,P01_L200_BASE_T000,3.0,-0.4125,51,51,1,11,0.07733719760534498
P01_L200,base,P01_L200_BASE_T001_A01,P01_L200_BASE_T001,1.0,-0.275,40,40,1,10,0.08939803944886457
P01_L200,base,P01_L200_BASE_T001_A02,P01_L200_BASE_T001,3.0,0.275,61,61,1,11,0.13644525408924085
P01_L200,base,P01_L200_BASE_T001_A03,P01_L200_BASE_T001,2.0,0.0,47,47,1,10,0.09824440192776267
P01_L200,base,P01_L200_BASE_T002_A01,P01_L200_BASE_T002,1.0,-0.1375,43,43,1,10,0.1267061989031166
P01_L200,base,P01_L200_BASE_T002_A02,P01_L200_BASE_T002,5.0,0.1375,35,35,1,10,0.18889825691040257
P01_L200,base,P01_L200_BASE_T002_A03,P01_L200_BASE_T002,2.0,0.275,48,48,1,10,0.2235466016349217
P01_L200,base,P01_L200_BASE_T002_A04,P01_L200_BASE_T002,3.0,-0.275,46,46,1,10,0.06307511246487947
P01_L200,base,P01_L200_BASE_T002_A05,P01_L200_BASE_T002,4.0,0.0,42,42,1,10,0.23514093837050085
P01_L200,base,P01_L200_BASE_T002_A06,P01_L200_BASE_T002,6.0,-0.4125,51,51,1,10,0.11784949220993682
P01_L200,base,P01_L200_BASE_T003_A01,P01_L200_BASE_T003,1.0,0.0344,48,48,1,10,0.18635801378871622
P01_L200,base,P01_L200_BASE_T003_A02,P01_L200_BASE_T003,2.0,-0.1031,45,45,1,10,0.14769570904287155
P01_L200,base,P01_L200_BASE_T003_A03,P01_L200_BASE_T003,3.0,0.1719,46,46,1,10,0.06037238672102045
P01_L200,base,P01_L200_BASE_T003_A04,P01_L200_BASE_T003,4.0,-0.2406,46,46,1,10,0.12585140596594094
P01_L200,base,P01_L200_BASE_T003_A05,P01_L200_BASE_T003,5.0,-0.3781,63,63,1,11,0.0636045471675883
P01_L200,base,P01_L200_BASE_T004_A01,P01_L200_BASE_T004,1.0,-0.1719,47,47,1,10,0.09340026875194428
P01_L200,base,P01_L200_BASE_T004_A02,P01_L200_BASE_T004,2.0,0.1031,39,39,1,10,0.1056276964803414
P01_L200,base,P01_L200_BASE_T004_A03,P01_L200_BASE_T004,3.0,-0.4469,56,56,1,11,0.12863765498058943
P01_L200,base,P01_L200_BASE_T005_A01,P01_L200_BASE_T005,1.0,-0.0344,43,43,1,10,0.07617603427289053
P01_L200,base,P01_L200_BASE_T005_A02,P01_L200_BASE_T005,2.0,0.2406,39,39,1,11,0.1960234633768498
P01_L200,base,P01_L200_BASE_T005_A03,P01_L200_BASE_T005,3.0,-0.3094,46,46,1,11,0.09137717949888516
P01_L200,base,P01_L200_BASE_T006_A01,P01_L200_BASE_T006,1.0,-0.3094,33,33,1,10,0.28053429510622935
P01_L200,base,P01_L200_BASE_T006_A02,P01_L200_BASE_T006,2.0,0.1031,39,39,1,10,0.13358263912137905
P01_L200,base,P01_L200_BASE_T006_A03,P01_L200_BASE_T006,3.0,-0.1719,39,39,1,10,0.13358263912137905
P01_L200,base,P01_L200_BASE_T006_A04,P01_L200_BASE_T006,4.0,-0.0344,63,63,1,10,0.049497028200286224
P01_L200,base,P01_L200_BASE_T007_A01,P01_L200_BASE_T007,1.0,-0.3094,34,34,1,10,0.32787870146256126
P01_L200,base,P01_L200_BASE_T007_A02,P01_L200_BASE_T007,2.0,-0.1719,44,44,1,10,0.09341600735692912
P01_L200,base,P01_L200_BASE_T007_A03,P01_L200_BASE_T007,3.0,-0.0344,38,38,1,10,0.09668549665893587
P01_L200,base,P01_L200_BASE_T007_A04,P01_L200_BASE_T007,4.0,0.1031,52,52,1,11,0.08341522640376933
P01_L200,base,P01_L200_BASE_T008_A01,P01_L200_BASE_T008,1.0,-0.3094,39,39,1,11,0.19778132468499554
P01_L200,base,P01_L200_BASE_T008_A02,P01_L200_BASE_T008,2.0,-0.0344,45,45,1,10,0.08125192168623524
P01_L200,base,P01_L200_BASE_T008_A03,P01_L200_BASE_T008,3.0,0.1031,47,47,1,10,0.09341600735692912
P01_L200,base,P01_L200_BASE_T008_A04,P01_L200_BASE_T008,4.0,-0.1719,34,34,1,10,0.10827727487078186
P01_L200,base,P01_L200_BASE_T009_A01,P01_L200_BASE_T009,1.0,0.0344,44,44,1,10,0.19973677545282442
P01_L200,base,P01_L200_BASE_T009_A02,P01_L200_BASE_T009,2.0,0.2406,30,30,1,10,0.13358263912137905
P01_L200,base,P01_L200_BASE_T009_A03,P01_L200_BASE_T009,3.0,0.1719,52,52,1,11,0.15925974531882273
P01_L200,base,P01_L200_BASE_T009_A04,P01_L200_BASE_T009,4.0,-0.1031,37,37,1,10,0.15233862552926314
P01_L200,base,P01_L200_BASE_T010_A01,P01_L200_BASE_T010,1.0,0.2406,47,47,1,10,0.09943026757455518
P01_L200,base,P01_L200_BASE_T010_A02,P01_L200_BASE_T010,2.0,-0.1031,39,39,1,10,0.15233868788059937
P01_L200,base,P01_L200_BASE_T010_A03,P01_L200_BASE_T010,3.0,0.0344,41,41,1,10,0.175145182163538
P01_L200,base,P01_L200_BASE_T010_A04,P01_L200_BASE_T010,4.0,0.1719,38,38,1,10,0.15233862552926314
P01_L200,base,P01_L200_BASE_T011_A01,P01_L200_BASE_T011,1.0,-0.1031,42,42,1,10,0.175145182163538
P01_L200,base,P01_L200_BASE_T011_A02,P01_L200_BASE_T011,2.0,0.0344,42,42,1,10,0.17372808404079015
P01_L200,base,P01_L200_BASE_T011_A03,P01_L200_BASE_T011,3.0,0.1719,48,48,1,10,0.17372808404079015
P01_L200,base,P01_L200_BASE_T011_A04,P01_L200_BASE_T011,4.0,0.2406,35,35,1,10,0.13358263912137905
P01_L200,base,P01_L200_BASE_T012_A01,P01_L200_BASE_T012,1.0,-0.2406,38,38,1,10,0.23151223042120891
P01_L200,base,P01_L200_BASE_T012_A02,P01_L200_BASE_T012,2.0,-0.4469,47,47,1,11,0.15925969080791663
P01_L200,base,P01_L200_BASE_T012_A03,P01_L200_BASE_T012,3.0,-0.3781,37,37,1,10,0.15233868788059937
P01_L200,base,P01_L200_BASE_T013_A01,P01_L200_BASE_T013,1.0,-0.3781,36,36,1,10,0.06649822138546835
P01_L200,base,P01_L200_BASE_T013_A02,P01_L200_BASE_T013,2.0,-0.2406,54,54,1,11,0.20339580968979323
P01_L200,base,P01_L200_BASE_T013_A03,P01_L200_BASE_T013,3.0,-0.4469,34,34,1,10,0.3060202279438371
P01_L200,base,P01_L200_BASE_T014_A01,P01_L200_BASE_T014,1.0,-0.4469,38,38,1,10,0.24400457578562998
P01_L200,base,P01_L200_BASE_T014_A02,P01_L200_BASE_T014,2.0,-0.2406,58,58,1,10,0.23195407138136845
P01_L200,base,P01_L200_BASE_T014_A03,P01_L200_BASE_T014,3.0,-0.3781,50,50,1,11,0.10479536440997955
P01_L200,base,P01_L200_BASE_T015_A01,P01_L200_BASE_T015,1.0,0.0688,39,39,1,10,0.11891810044944214
P01_L200,base,P01_L200_BASE_T015_A02,P01_L200_BASE_T015,2.0,-0.0688,37,37,1,10,0.21099296747015642
P01_L200,base,P01_L200_BASE_T015_A03,P01_L200_BASE_T015,3.0,-0.3438,40,40,1,10,0.22531915793634544
P01_L200,base,P01_L200_BASE_T015_A04,P01_L200_BASE_T015,5.0,0.3438,39,39,1,10,0.1674086723065471
P01_L200,base,P01_L200_BASE_T015_A05,P01_L200_BASE_T015,4.0,-0.2063,38,38,1,10,0.1674086723065471
P01_L200,base,P01_L200_BASE_T015_A06,P01_L200_BASE_T015,6.0,0.2063,49,49,1,10,0.18677893565769924
P01_L200,base,P01_L200_BASE_T016_A01,P01_L200_BASE_T016,1.0,0.0688,42,42,1,10,0.10515208169723332
P01_L200,base,P01_L200_BASE_T016_A02,P01_L200_BASE_T016,4.0,-0.0688,56,56,1,10,0.23926428059858826
P01_L200,base,P01_L200_BASE_T016_A03,P01_L200_BASE_T016,2.0,-0.3438,47,47,1,10,0.19946095310003112
P01_L200,base,P01_L200_BASE_T016_A04,P01_L200_BASE_T016,5.0,0.3438,45,45,1,10,0.12613566747548177
P01_L200,base,P01_L200_BASE_T016_A05,P01_L200_BASE_T016,3.0,-0.2063,34,34,1,10,0.21099296747015642
P01_L200,base,P01_L200_BASE_T016_A06,P01_L200_BASE_T016,6.0,0.2063,50,50,1,10,0.13267769941640864
P01_L200,base,P01_L200_BASE_T017_A01,P01_L200_BASE_T017,1.0,0.3438,41,41,1,10,0.10821013389181995
P01_L200,base,P01_L200_BASE_T017_A02,P01_L200_BASE_T017,6.0,-0.3438,39,39,1,10,0.1785738493229834
P01_L200,base,P01_L200_BASE_T017_A03,P01_L200_BASE_T017,2.0,0.2063,40,40,1,10,0.1082101411938203
P01_L200,base,P01_L200_BASE_T017_A04,P01_L200_BASE_T017,5.0,-0.2063,41,41,1,11,0.1964662328767572
P01_L200,base,P01_L200_BASE_T017_A05,P01_L200_BASE_T017,3.0,-0.0688,34,34,1,11,0.22043881867405096
P01_L200,base,P01_L200_BASE_T017_A06,P01_L200_BASE_T017,4.0,0.0688,46,46,1,11,0.08706786559342042
P01_L200,base,P01_L200_BASE_T018_A01,P01_L200_BASE_T018,1.0,-0.2063,47,47,1,11,0.1949206911278361
P01_L200,base,P01_L200_BASE_T018_A02,P01_L200_BASE_T018,6.0,0.2063,50,50,1,10,0.15915412631499457
P01_L200,base,P01_L200_BASE_T018_A03,P01_L200_BASE_T018,2.0,0.3438,41,41,1,10,0.1426487441163718
P01_L200,base,P01_L200_BASE_T018_A04,P01_L200_BASE_T018,3.0,-0.3438,33,33,1,11,0.22043881867405096
P01_L200,base,P01_L200_BASE_T018_A05,P01_L200_BASE_T018,4.0,-0.0688,44,44,1,10,0.34103435105098184
P01_L200,base,P01_L200_BASE_T018_A06,P01_L200_BASE_T018,5.0,0.0688,48,48,1,10,0.14802938574499996
P01_L200,base,P01_L200_BASE_T019_A01,P01_L200_BASE_T019,1.0,-0.4125,45,45,1,10,0.1267061989031166
P01_L200,base,P01_L200_BASE_T019_A02,P01_L200_BASE_T019,2.0,0.1375,52,52,1,11,0.1222949274119153
P01_L200,base,P01_L200_BASE_T019_A03,P01_L200_BASE_T019,3.0,-0.1375,42,42,1,10,0.09611646444413773
P01_L200,base,P01_L200_BASE_T020_A01,P01_L200_BASE_T020,1.0,0.275,40,40,1,10,0.11784961489256676
P01_L200,base,P01_L200_BASE_T020_A02,P01_L200_BASE_T020,3.0,-0.275,51,51,1,10,0.11784949220993682
P01_L200,base,P01_L200_BASE_T020_A03,P01_L200_BASE_T020,2.0,0.0,51,51,1,10,0.1745091040759534
P01_L200,base,P01_L200_BASE_T021_A01,P01_L200_BASE_T021,1.0,-0.275,51,51,1,11,0.057008300161869925
P01_L200,base,P01_L200_BASE_T021_A02,P01_L200_BASE_T021,4.0,0.275,42,42,1,10,0.1707293500575259
P01_L200,base,P01_L200_BASE_T021_A03,P01_L200_BASE_T021,2.0,0.1375,43,43,1,10,0.21075508241295368
P01_L200,base,P01_L200_BASE_T021_A04,P01_L200_BASE_T021,5.0,-0.1375,37,37,1,10,0.1056276964803414
P01_L200,base,P01_L200_BASE_T021_A05,P01_L200_BASE_T021,3.0,0.0,56,56,1,11,0.1721623337476738
P01_L200,base,P01_L200_BASE_T021_A06,P01_L200_BASE_T021,6.0,-0.4125,46,46,1,10,0.11784967228530162
P01_L200,flanker,P01_L200_FLANKER_T000_A01,P01_L200_FLANKER_T000,1.0,0.0,35,35,1,10,0.18889825691040257
P01_L200,flanker,P01_L200_FLANKER_T000_A02,P01_L200_FLANKER_T000,2.0,-0.1375,50,50,1,10,0.11203879137566977
P01_L200,flanker,P01_L200_FLANKER_T000_A03,P01_L200_FLANKER_T000,6.0,0.1375,36,36,1,10,0.18889825691040257
P01_L200,flanker,P01_L200_FLANKER_T000_A04,P01_L200_FLANKER_T000,3.0,-0.4125,48,48,1,10,0.06589888336436632
P01_L200,flanker,P01_L200_FLANKER_T000_A05,P01_L200_FLANKER_T000,4.0,-0.275,58,58,1,10,0.05577355918750871
P01_L200,flanker,P01_L200_FLANKER_T000_A06,P01_L200_FLANKER_T000,5.0,0.275,50,50,1,10,0.2093331764020492
P01_L200,flanker,P01_L200_FLANKER_T001_A01,P01_L200_FLANKER_T001,1.0,-0.4125,40,40,1,10,0.09611646444413773
P01_L200,flanker,P01_L200_FLANKER_T001_A02,P01_L200_FLANKER_T001,2.0,0.1375,36,36,1,10,0.21075508241295368
P01_L200,flanker,P01_L200_FLANKER_T001_A03,P01_L200_FLANKER_T001,5.0,-0.1375,36,36,1,10,0.10562781916297229
P01_L200,flanker,P01_L200_FLANKER_T001_A04,P01_L200_FLANKER_T001,3.0,0.0,34,34,1,10,0.18889825691040257
P01_L200,flanker,P01_L200_FLANKER_T001_A05,P01_L200_FLANKER_T001,4.0,0.275,36,36,1,10,0.21075508241295368
P01_L200,flanker,P01_L200_FLANKER_T001_A06,P01_L200_FLANKER_T001,6.0,-0.275,58,58,1,11,0.05700836739057739
P01_L200,flanker,P01_L200_FLANKER_T002_A01,P01_L200_FLANKER_T002,1.0,0.1031,44,44,1,11,0.10961189885725983
P01_L200,flanker,P01_L200_FLANKER_T002_A02,P01_L200_FLANKER_T002,2.0,-0.0344,45,45,1,10,0.11784967228530162
P01_L200,flanker,P01_L200_FLANKER_T002_A03,P01_L200_FLANKER_T002,3.0,-0.4469,45,45,1,10,0.2351408366429558
P01_L200,flanker,P01_L200_FLANKER_T002_A04,P01_L200_FLANKER_T002,4.0,-0.1719,39,39,1,10,0.1056276964803414
P01_L200,flanker,P01_L200_FLANKER_T002_A05,P01_L200_FLANKER_T002,5.0,-0.3094,63,63,1,11,0.1364451541692181
P01_L200,flanker,P01_L200_FLANKER_T002_A06,P01_L200_FLANKER_T002,6.0,0.2406,48,48,1,10,0.2759548762555661
P01_L200,flanker,P01_L200_FLANKER_T003_A01,P01_L200_FLANKER_T003,1.0,-0.1375,47,47,1,10,0.09793189575195052
P01_L200,flanker,P01_L200_FLANKER_T003_A02,P01_L200_FLANKER_T003,0.0,0.0,46,46,1,9,0.07606073450202731
P01_L200,flanker,P01_L200_FLANKER_T003_A03,P01_L200_FLANKER_T003,2.0,0.275,55,55,1,11,0.17600141872445602
P01_L200,flanker,P01_L200_FLANKER_T003_A04,P01_L200_FLANKER_T003,3.0,-0.4125,41,41,1,10,0.1284022096670339
P01_L200,flanker,P01_L200_FLANKER_T004_A01,P01_L200_FLANKER_T004,1.0,-0.1375,38,38,1,10,0.07645361213742617
P01_L200,flanker,P01_L200_FLANKER_T004_A02,P01_L200_FLANKER_T004,0.0,0.0,29,29,1,9,0.10738064565823965
P01_L200,flanker,P01_L200_FLANKER_T004_A03,P01_L200_FLANKER_T004,2.0,-0.4125,35,35,1,10,0.13358263912137905
P01_L200,flanker,P01_L200_FLANKER_T004_A04,P01_L200_FLANKER_T004,3.0,0.275,45,45,1,10,0.19973687192052017
P01_L200,flanker,P01_L200_FLANKER_T005_A01,P01_L200_FLANKER_T005,1.0,-0.275,46,46,1,10,0.09510918938042255
P01_L200,flanker,P01_L200_FLANKER_T005_A02,P01_L200_FLANKER_T005,2.0,0.1375,47,47,1,11,0.184595909368654
P01_L200,flanker,P01_L200_FLANKER_T006_A01,P01_L200_FLANKER_T006,1.0,0.1375,36,36,1,11,0.13965163485976725
P01_L200,flanker,P01_L200_FLANKER_T006_A02,P01_L200_FLANKER_T006,2.0,-0.275,35,35,1,10,0.1335827029383386
P01_L200,flanker,P01_L200_FLANKER_T007_A01,P01_L200_FLANKER_T007,1.0,-0.0344,43,43,1,10,0.11928175390147955
P01_L200,flanker,P01_L200_FLANKER_T007_A02,P01_L200_FLANKER_T007,2.0,0.1031,39,39,1,10,0.07195256047607643
P01_L200,flanker,P01_L200_FLANKER_T007_A03,P01_L200_FLANKER_T007,3.0,-0.3094,34,34,1,10,0.2732586622485559
P01_L200,flanker,P01_L200_FLANKER_T007_A04,P01_L200_FLANKER_T007,4.0,-0.1719,46,46,1,10,0.11524822174483476
P01_L200,flanker,P01_L200_FLANKER_T008_A01,P01_L200_FLANKER_T008,1.0,-0.3094,49,49,1,10,0.19812076719182964
P01_L200,flanker,P01_L200_FLANKER_T008_A02,P01_L200_FLANKER_T008,2.0,-0.1719,38,38,1,10,0.13358263912137905
P01_L200,flanker,P01_L200_FLANKER_T008_A03,P01_L200_FLANKER_T008,3.0,0.1031,45,45,1,10,0.09510908428897334
P01_L200,flanker,P01_L200_FLANKER_T008_A04,P01_L200_FLANKER_T008,4.0,-0.0344,49,49,1,10,0.15233862552926314
P01_L200,flanker,P01_L200_FLANKER_T009_A01,P01_L200_FLANKER_T009,1.0,-0.1031,40,40,1,10,0.17372808404079015
P01_L200,flanker,P01_L200_FLANKER_T009_A02,P01_L200_FLANKER_T009,2.0,0.1719,38,38,1,10,0.15233868788059937
P01_L200,flanker,P01_L200_FLANKER_T009_A03,P01_L200_FLANKER_T009,3.0,0.2406,53,53,1,10,0.12369227424808915
P01_L200,flanker,P01_L200_FLANKER_T009_A04,P01_L200_FLANKER_T009,4.0,0.0344,43,43,1,10,0.19973677545282442
P01_L200,flanker,P01_L200_FLANKER_T010_A01,P01_L200_FLANKER_T010,1.0,0.0344,46,46,1,10,0.14220995437894296
P01_L200,flanker,P01_L200_FLANKER_T010_A02,P01_L200_FLANKER_T010,2.0,0.2406,50,50,1,10,0.10291017133567563
P01_L200,flanker,P01_L200_FLANKER_T010_A03,P01_L200_FLANKER_T010,3.0,0.1719,43,43,1,10,0.1360297854291071
P01_L200,flanker,P01_L200_FLANKER_T010_A04,P01_L200_FLANKER_T010,4.0,-0.1031,44,44,1,10,0.17372808404079015
P01_L200,flanker,P01_L200_FLANKER_T011_A01,P01_L200_FLANKER_T011,1.0,0.0344,32,32,1,10,0.13358263912137905
P01_L200,flanker,P01_L200_FLANKER_T011_A02,P01_L200_FLANKER_T011,2.0,-0.1031,33,33,1,10,0.15233862552926314
P01_L200,flanker,P01_L200_FLANKER_T011_A03,P01_L200_FLANKER_T011,3.0,0.1719,41,41,1,11,0.15925974531882273
P01_L200,flanker,P01_L200_FLANKER_T012_A01,P01_L200_FLANKER_T012,1.0,-0.3781,46,46,1,10,0.10291017133567563
P01_L200,flanker,P01_L200_FLANKER_T012_A02,P01_L200_FLANKER_T012,2.0,-0.4469,38,38,1,10,0.31992336231621976
P01_L200,flanker,P01_L200_FLANKER_T012_A03,P01_L200_FLANKER_T012,3.0,-0.2406,39,39,1,10,0.1961435504845895
P01_L200,flanker,P01_L200_FLANKER_T013_A01,P01_L200_FLANKER_T013,1.0,-0.2406,42,42,1,10,0.26401829955814493
P01_L200,flanker,P01_L200_FLANKER_T013_A02,P01_L200_FLANKER_T013,2.0,-0.4469,42,42,1,10,0.21788240726059888
P01_L200,flanker,P01_L200_FLANKER_T013_A03,P01_L200_FLANKER_T013,3.0,-0.3781,35,35,1,10,0.13358263912137905
P01_L200,flanker,P01_L200_FLANKER_T014_A01,P01_L200_FLANKER_T014,1.0,-0.2406,49,49,1,11,0.15925974531882273
P01_L200,flanker,P01_L200_FLANKER_T014_A02,P01_L200_FLANKER_T014,2.0,-0.3781,48,48,1,10,0.1360297854291071
P01_L200,flanker,P01_L200_FLANKER_T015_A01,P01_L200_FLANKER_T015,1.0,0.3438,33,33,1,10,0.15004723160269232
P01_L200,flanker,P01_L200_FLANKER_T015_A02,P01_L200_FLANKER_T015,6.0,-0.3438,38,38,1,10,0.2668259228950197
P01_L200,flanker,P01_L200_FLANKER_T015_A03,P01_L200_FLANKER_T015,2.0,0.2063,63,63,1,11,0.08609103042958031
P01_L200,flanker,P01_L200_FLANKER_T015_A04,P01_L200_FLANKER_T015,4.0,-0.2063,62,62,1,10,0.15164849094150135
P01_L200,flanker,P01_L200_FLANKER_T015_A05,P01_L200_FLANKER_T015,3.0,-0.0688,49,49,1,11,0.21919870038664419
P01_L200,flanker,P01_L200_FLANKER_T015_A06,P01_L200_FLANKER_T015,5.0,0.0688,48,48,1,10,0.08352527822889262
P01_L200,flanker,P01_L200_FLANKER_T016_A01,P01_L200_FLANKER_T016,1.0,-0.0688,36,36,1,10,0.16740861491381306
P01_L200,flanker,P01_L200_FLANKER_T016_A02,P01_L200_FLANKER_T016,5.0,0.0688,54,54,1,11,0.05969497352541355
P01_L200,flanker,P01_L200_FLANKER_T016_A03,P01_L200_FLANKER_T016,2.0,0.2063,42,42,1,10,0.09568369295264709
P01_L200,flanker,P01_L200_FLANKER_T016_A04,P01_L200_FLANKER_T016,6.0,-0.2063,48,48,1,10,0.1815005166281291
P01_L200,flanker,P01_L200_FLANKER_T016_A05,P01_L200_FLANKER_T016,3.0,-0.3438,36,36,1,10,0.33591394805574015
P01_L200,flanker,P01_L200_FLANKER_T016_A06,P01_L200_FLANKER_T016,4.0,0.3438,36,36,1,10,0.15004723160269232
P01_L200,flanker,P01_L200_FLANKER_T017_A01,P01_L200_FLANKER_T017,1.0,0.3438,33,33,1,10,0.15004723160269232
P01_L200,flanker,P01_L200_FLANKER_T017_A02,P01_L200_FLANKER_T017,6.0,-0.3438,34,34,1,10,0.1878356251431156
P01_L200,flanker,P01_L200_FLANKER_T017_A03,P01_L200_FLANKER_T017,2.0,0.2063,42,42,1,11,0.06947329700788324
P01_L200,flanker,P01_L200_FLANKER_T017_A04,P01_L200_FLANKER_T017,3.0,-0.2063,43,43,1,10,0.2098060771558537
P01_L200,flanker,P01_L200_FLANKER_T017_A05,P01_L200_FLANKER_T017,4.0,-0.0688,43,43,1,10,0.23540631733635034
P01_L200,flanker,P01_L200_FLANKER_T017_A06,P01_L200_FLANKER_T017,5.0,0.0688,48,48,1,11,0.09568369177616763
P01_L200,flanker,P01_L200_FLANKER_T018_A01,P01_L200_FLANKER_T018,1.0,0.3438,53,53,1,10,0.126135677314101
P01_L200,flanker,P01_L200_FLANKER_T018_A02,P01_L200_FLANKER_T018,4.0,-0.3438,38,38,1,10,0.2724256201049644
P01_L200,flanker,P01_L200_FLANKER_T018_A03,P01_L200_FLANKER_T018,2.0,0.2063,38,38,1,10,0.11891810044944214
P01_L200,flanker,P01_L200_FLANKER_T018_A04,P01_L200_FLANKER_T018,5.0,-0.2063,68,68,1,10,0.2534999457670574
P01_L200,flanker,P01_L200_FLANKER_T018_A05,P01_L200_FLANKER_T018,3.0,0.0688,49,49,1,10,0.06604772976398361
P01_L200,flanker,P01_L200_FLANKER_T018_A06,P01_L200_FLANKER_T018,6.0,-0.0688,36,36,1,10,0.1878356825358501
P01_L200,flanker,P01_L200_FLANKER_T019_A01,P01_L200_FLANKER_T019,1.0,-0.3438,47,47,1,10,0.2144509105108934
P01_L200,flanker,P01_L200_FLANKER_T019_A02,P01_L200_FLANKER_T019,2.0,-0.2063,60,60,1,11,0.16158012452737172
P01_L200,flanker,P01_L200_FLANKER_T019_A03,P01_L200_FLANKER_T019,3.0,0.0688,43,43,1,10,0.09158363196347867
P01_L200,flanker,P01_L200_FLANKER_T019_A04,P01_L200_FLANKER_T019,4.0,-0.0688,31,31,1,10,0.1878356251431156
P01_L200,flanker,P01_L200_FLANKER_T020_A01,P01_L200_FLANKER_T020,1.0,-0.3438,38,38,1,10,0.299383578160618
P01_L200,flanker,P01_L200_FLANKER_T020_A02,P01_L200_FLANKER_T020,2.0,-0.0688,39,39,1,10,0.2372727947655419
P01_L200,flanker,P01_L200_FLANKER_T020_A03,P01_L200_FLANKER_T020,4.0,0.0688,46,46,1,10,0.09361122174894143
P01_L200,flanker,P01_L200_FLANKER_T020_A04,P01_L200_FLANKER_T020,3.0,-0.2063,43,43,1,10,0.18677893565769924
P01_L200,flanker,P01_L200_FLANKER_T021_A01,P01_L200_FLANKER_T021,1.0,-0.4469,34,34,1,10,0.2419792115451857
P01_L200,flanker,P01_L200_FLANKER_T021_A02,P01_L200_FLANKER_T021,2.0,0.1719,44,44,1,10,0.09611646444413773
P01_L200,flanker,P01_L200_FLANKER_T021_A03,P01_L200_FLANKER_T021,10.0,-0.1719,45,45,1,10,0.11784967228530162
P01_L200,flanker,P01_L200_FLANKER_T021_A04,P01_L200_FLANKER_T021,3.0,-0.1031,40,40,1,10,0.21075508241295368
P01_L200,flanker,P01_L200_FLANKER_T021_A05,P01_L200_FLANKER_T021,9.0,0.1031,52,52,1,10,0.08258822736559172
P01_L200,flanker,P01_L200_FLANKER_T021_A06,P01_L200_FLANKER_T021,4.0,-0.3781,48,48,1,10,0.1004195682966485
P01_L200,flanker,P01_L200_FLANKER_T021_A07,P01_L200_FLANKER_T021,5.0,-0.2406,44,44,1,10,0.2351408366429558
P01_L200,flanker,P01_L200_FLANKER_T021_A08,P01_L200_FLANKER_T021,7.0,0.2406,50,50,1,10,0.2623482476053907
P01_L200,flanker,P01_L200_FLANKER_T021_A09,P01_L200_FLANKER_T021,6.0,-0.0344,59,59,1,10,0.08687164519811978
P01_L200,flanker,P01_L200_FLANKER_T021_A10,P01_L200_FLANKER_T021,8.0,0.0344,44,44,1,10,0.2351408366429558
P01_L200,flanker,P01_L200_FLANKER_T021_A11,P01_L200_FLANKER_T021,11.0,-0.3094,44,44,1,11,0.10961207695180449
P02_L010,base,P02_L010_BASE_T000_A01,P02_L010_BASE_T000,1.0,0.2521,40,40,1,10,0.062261582723019744
P02_L010,base,P02_L010_BASE_T000_A02,P02_L010_BASE_T000,2.0,0.0057,46,46,1,10,0.029465892491397225
P02_L010,base,P02_L010_BASE_T000_A03,P02_L010_BASE_T000,3.0,-0.2349,57,57,1,11,0.028440022572441454
P02_L010,base,P02_L010_BASE_T000_A04,P02_L010_BASE_T000,4.0,0.4927,39,39,1,10,0.031204690236037544
P02_L010,base,P02_L010_BASE_T001_A01,P02_L010_BASE_T001,1.0,-0.3209,44,44,1,10,0.0223521895031827
P02_L010,base,P02_L010_BASE_T001_A02,P02_L010_BASE_T001,2.0,0.1662,46,46,1,11,0.022847043282300555
P02_L010,base,P02_L010_BASE_T001_A03,P02_L010_BASE_T001,3.0,-0.0745,49,49,1,11,0.020202243770223585
P02_L010,base,P02_L010_BASE_T001_A04,P02_L010_BASE_T001,4.0,0.4125,33,33,1,10,0.031204690236037544
P02_L010,base,P02_L010_BASE_T002_A01,P02_L010_BASE_T002,1.0,-0.0745,52,52,1,10,0.03534594750283134
P02_L010,base,P02_L010_BASE_T002_A02,P02_L010_BASE_T002,2.0,0.1662,62,62,1,10,0.03717915626317294
P02_L010,base,P02_L010_BASE_T002_A03,P02_L010_BASE_T002,3.0,-0.3209,43,43,1,10,0.027178148733171568
P02_L010,base,P02_L010_BASE_T002_A04,P02_L010_BASE_T002,4.0,0.4125,44,44,1,10,0.030322821366282296
P02_L010,base,P02_L010_BASE_T003_A01,P02_L010_BASE_T003,1.0,0.1662,51,51,1,11,0.03458034721996029
P02_L010,base,P02_L010_BASE_T003_A02,P02_L010_BASE_T003,2.0,-0.0745,51,51,1,10,0.027592405831110375
P02_L010,base,P02_L010_BASE_T003_A03,P02_L010_BASE_T003,3.0,-0.3209,42,42,1,10,0.0340611750437395
P02_L010,base,P02_L010_BASE_T003_A04,P02_L010_BASE_T003,4.0,0.4125,49,49,1,10,0.02456402617279441
P02_L010,base,P02_L010_BASE_T004_A01,P02_L010_BASE_T004,1.0,-0.0745,46,46,1,10,0.03481527569430244
P02_L010,base,P02_L010_BASE_T004_A02,P02_L010_BASE_T004,2.0,0.1662,47,47,1,11,0.022847043282300555
P02_L010,base,P02_L010_BASE_T004_A03,P02_L010_BASE_T004,3.0,-0.3209,39,39,1,10,0.03910749896256196
P02_L010,base,P02_L010_BASE_T004_A04,P02_L010_BASE_T004,4.0,0.4125,40,40,1,10,0.03481529444778521
P02_L010,base,P02_L010_BASE_T005_A01,P02_L010_BASE_T005,1.0,-0.4011,51,51,1,10,0.02381332552394656
P02_L010,base,P02_L010_BASE_T005_A02,P02_L010_BASE_T005,2.0,0.3323,44,44,1,10,0.03791228387392767
P02_L010,base,P02_L010_BASE_T005_A03,P02_L010_BASE_T005,3.0,0.0859,37,37,1,11,0.02895477205679229
P02_L010,base,P02_L010_BASE_T005_A04,P02_L010_BASE_T005,4.0,-0.1547,42,42,1,10,0.03473282901674082
P02_L010,base,P02_L010_BASE_T006_A01,P02_L010_BASE_T006,1.0,0.3323,48,48,1,10,0.03875165110983328
P02_L010,base,P02_L010_BASE_T006_A02,P02_L010_BASE_T006,2.0,-0.4011,63,63,1,11,0.036345448915053966
P02_L010,base,P02_L010_BASE_T006_A03,P02_L010_BASE_T006,3.0,-0.1547,45,45,1,10,0.039014871384531795
P02_L010,base,P02_L010_BASE_T006_A04,P02_L010_BASE_T006,4.0,0.0859,38,38,1,10,0.03987860329320338
P02_L010,base,P02_L010_BASE_T007_A01,P02_L010_BASE_T007,1.0,0.3323,66,66,1,11,0.03257618376638542
P02_L010,base,P02_L010_BASE_T007_A02,P02_L010_BASE_T007,2.0,-0.4011,43,43,1,10,0.03230499715642691
P02_L010,base,P02_L010_BASE_T007_A03,P02_L010_BASE_T007,3.0,0.0859,41,41,1,10,0.022450715416114365
P02_L010,base,P02_L010_BASE_T007_A04,P02_L010_BASE_T007,4.0,-0.1547,46,46,1,10,0.03302023859096077
P02_L010,base,P02_L010_BASE_T008_A01,P02_L010_BASE_T008,1.0,0.0859,47,47,1,10,0.04076148268932435
P02_L010,base,P02_L010_BASE_T008_A02,P02_L010_BASE_T008,2.0,0.3323,50,50,1,10,0.03302023859096077
P02_L010,base,P02_L010_BASE_T008_A03,P02_L010_BASE_T008,3.0,-0.1547,33,33,1,10,0.03574291233838923
P02_L010,base,P02_L010_BASE_T008_A04,P02_L010_BASE_T008,4.0,-0.4011,37,37,1,10,0.03473282901674082
P02_L010,base,P02_L010_BASE_T009_A01,P02_L010_BASE_T009,1.0,0.2521,46,46,1,10,0.05492373816601149
P02_L010,base,P02_L010_BASE_T009_A02,P02_L010_BASE_T009,2.0,0.0057,64,64,1,10,0.04856576659287705
P02_L010,base,P02_L010_BASE_T009_A03,P02_L010_BASE_T009,3.0,-0.2349,48,48,1,11,0.02279293386108839
P02_L010,base,P02_L010_BASE_T009_A04,P02_L010_BASE_T009,4.0,0.4927,40,40,1,10,0.017407648613269672
P02_L010,base,P02_L010_BASE_T010_A01,P02_L010_BASE_T010,1.0,0.0057,52,52,1,10,0.039609576722744455
P02_L010,base,P02_L010_BASE_T010_A02,P02_L010_BASE_T010,2.0,-0.2349,62,62,1,11,0.03118028926482684
P02_L010,base,P02_L010_BASE_T010_A03,P02_L010_BASE_T010,3.0,0.2521,32,32,1,10,0.03574291233838923
P02_L010,base,P02_L010_BASE_T010_A04,P02_L010_BASE_T010,4.0,0.4927,49,49,1,10,0.021816229141626245
P02_L010,base,P02_L010_BASE_T011_A01,P02_L010_BASE_T011,1.0,0.2521,36,36,1,10,0.03481527569430244
P02_L010,base,P02_L010_BASE_T011_A02,P02_L010_BASE_T011,2.0,-0.2349,47,47,1,11,0.032381729061242794
P02_L010,base,P02_L010_BASE_T011_A03,P02_L010_BASE_T011,3.0,0.0057,38,38,1,10,0.01960016379341549
P02_L010,base,P02_L010_BASE_T011_A04,P02_L010_BASE_T011,4.0,0.4927,37,37,1,10,0.01960016379341549
P02_L010,flanker,P02_L010_FLANKER_T000_A01,P02_L010_FLANKER_T000,1.0,-0.3209,68,68,1,10,0.024070218306049624
P02_L010,flanker,P02_L010_FLANKER_T000_A02,P02_L010_FLANKER_T000,2.0,-0.0745,53,53,1,10,0.03534598032694857
P02_L010,flanker,P02_L010_FLANKER_T000_A03,P02_L010_FLANKER_T000,3.0,0.4125,56,56,1,11,0.02549058058854335
P02_L010,flanker,P02_L010_FLANKER_T000_A04,P02_L010_FLANKER_T000,4.0,0.1662,47,47,1,10,0.04363247138765224
P02_L010,flanker,P02_L010_FLANKER_T001_A01,P02_L010_FLANKER_T001,1.0,0.4927,63,63,1,10,0.018383152952015522
P02_L010,flanker,P02_L010_FLANKER_T001_A02,P02_L010_FLANKER_T001,2.0,0.0057,40,40,1,10,0.024730901713143315
P02_L010,flanker,P02_L010_FLANKER_T001_A03,P02_L010_FLANKER_T001,3.0,0.2521,46,46,1,11,0.03011826831502666
P02_L010,flanker,P02_L010_FLANKER_T001_A04,P02_L010_FLANKER_T001,4.0,-0.2349,43,43,1,10,0.03481527569430244
P02_L010,flanker,P02_L010_FLANKER_T002_A01,P02_L010_FLANKER_T002,1.0,0.2521,45,45,1,10,0.03910750164258877
P02_L010,flanker,P02_L010_FLANKER_T002_A02,P02_L010_FLANKER_T002,2.0,-0.2349,47,47,1,10,0.03884367365059965
P02_L010,flanker,P02_L010_FLANKER_T002_A03,P02_L010_FLANKER_T002,3.0,0.4927,43,43,1,10,0.013828983776535266
P02_L010,flanker,P02_L010_FLANKER_T002_A04,P02_L010_FLANKER_T002,4.0,0.0057,51,51,1,11,0.020202243770223585
P02_L010,flanker,P02_L010_FLANKER_T003_A01,P02_L010_FLANKER_T003,1.0,0.0057,43,43,1,10,0.031204690236037544
P02_L010,flanker,P02_L010_FLANKER_T003_A02,P02_L010_FLANKER_T003,2.0,0.4927,41,41,1,10,0.017448984373796286
P02_L010,flanker,P02_L010_FLANKER_T003_A03,P02_L010_FLANKER_T003,3.0,-0.2349,45,45,1,10,0.022504018808127406
P02_L010,flanker,P02_L010_FLANKER_T003_A04,P02_L010_FLANKER_T003,4.0,0.2521,51,51,1,10,0.05009681713973474
P02_L010,flanker,P02_L010_FLANKER_T004_A01,P02_L010_FLANKER_T004,1.0,0.4927,42,42,1,10,0.020034093163932797
P02_L010,flanker,P02_L010_FLANKER_T004_A02,P02_L010_FLANKER_T004,2.0,0.2521,46,46,1,10,0.05009681713973474
P02_L010,flanker,P02_L010_FLANKER_T004_A03,P02_L010_FLANKER_T004,3.0,-0.2349,54,54,1,11,0.02549061388040049
P02_L010,flanker,P02_L010_FLANKER_T004_A04,P02_L010_FLANKER_T004,4.0,0.0057,44,44,1,10,0.025107874743729747
P02_L010,flanker,P02_L010_FLANKER_T005_A01,P02_L010_FLANKER_T005,1.0,0.3323,41,41,1,10,0.02882770435808089
P02_L010,flanker,P02_L010_FLANKER_T005_A02,P02_L010_FLANKER_T005,2.0,-0.1547,47,47,1,10,0.0340611750437395
P02_L010,flanker,P02_L010_FLANKER_T005_A03,P02_L010_FLANKER_T005,3.0,0.0859,74,74,1,11,0.023389947698072688
P02_L010,flanker,P02_L010_FLANKER_T005_A04,P02_L010_FLANKER_T005,4.0,-0.4011,56,56,1,10,0.04239938700223096
P02_L010,flanker,P02_L010_FLANKER_T006_A01,P02_L010_FLANKER_T006,1.0,-0.4011,39,39,1,10,0.06226153836883157
P02_L010,flanker,P02_L010_FLANKER_T006_A02,P02_L010_FLANKER_T006,2.0,0.3323,38,38,1,10,0.03481529444778521
P02_L010,flanker,P02_L010_FLANKER_T006_A03,P02_L010_FLANKER_T006,3.0,-0.1547,43,43,1,10,0.03884362929641157
P02_L010,flanker,P02_L010_FLANKER_T006_A04,P02_L010_FLANKER_T006,4.0,0.0859,40,40,1,10,0.03743172745929595
P02_L010,flanker,P02_L010_FLANKER_T007_A01,P02_L010_FLANKER_T007,1.0,0.0859,41,41,1,10,0.03481529444778521
P02_L010,flanker,P02_L010_FLANKER_T007_A02,P02_L010_FLANKER_T007,2.0,-0.4011,35,35,1,10,0.031204690236037544
P02_L010,flanker,P02_L010_FLANKER_T007_A03,P02_L010_FLANKER_T007,3.0,0.3323,63,63,1,10,0.0442975647475016
P02_L010,flanker,P02_L010_FLANKER_T007_A04,P02_L010_FLANKER_T007,4.0,-0.1547,33,33,1,10,0.031204690236037544
P02_L010,flanker,P02_L010_FLANKER_T008_A01,P02_L010_FLANKER_T008,1.0,0.0859,49,49,1,10,0.03884364804989433
P02_L010,flanker,P02_L010_FLANKER_T008_A02,P02_L010_FLANKER_T008,2.0,-0.4011,49,49,1,10,0.031680343197795
P02_L010,flanker,P02_L010_FLANKER_T008_A03,P02_L010_FLANKER_T008,3.0,-0.1547,40,40,1,10,0.03481527569430244
P02_L010,flanker,P02_L010_FLANKER_T008_A04,P02_L010_FLANKER_T008,4.0,0.3323,40,40,1,10,0.03481527569430244
P02_L010,flanker,P02_L010_FLANKER_T009_A01,P02_L010_FLANKER_T009,1.0,0.4125,38,38,1,10,0.03481529444778521
P02_L010,flanker,P02_L010_FLANKER_T009_A02,P02_L010_FLANKER_T009,2.0,-0.0745,62,62,1,10,0.024398323382603334
P02_L010,flanker,P02_L010_FLANKER_T009_A03,P02_L010_FLANKER_T009,3.0,0.1662,50,50,1,10,0.04363251698450805
P02_L010,flanker,P02_L010_FLANKER_T009_A04,P02_L010_FLANKER_T009,4.0,-0.3209,44,44,1,10,0.025107874743729747
P02_L010,flanker,P02_L010_FLANKER_T010_A01,P02_L010_FLANKER_T010,1.0,0.1662,34,34,1,10,0.031204690236037544
P02_L010,flanker,P02_L010_FLANKER_T010_A02,P02_L010_FLANKER_T010,2.0,-0.3209,38,38,1,10,0.022503999148722344
P02_L010,flanker,P02_L010_FLANKER_T010_A03,P02_L010_FLANKER_T010,3.0,0.4125,38,38,1,10,0.03997331200310257
P02_L010,flanker,P02_L010_FLANKER_T010_A04,P02_L010_FLANKER_T010,4.0,-0.0745,39,39,1,11,0.029023504382507774
P02_L010,flanker,P02_L010_FLANKER_T011_A01,P02_L010_FLANKER_T011,1.0,0.1662,50,50,1,10,0.035345993967177046
P02_L010,flanker,P02_L010_FLANKER_T011_A02,P02_L010_FLANKER_T011,2.0,-0.3209,49,49,1,10,0.024398320702576394
P02_L010,flanker,P02_L010_FLANKER_T011_A03,P02_L010_FLANKER_T011,3.0,-0.0745,35,35,1,10,0.031204690236037544
P02_L010,flanker,P02_L010_FLANKER_T011_A04,P02_L010_FLANKER_T011,4.0,0.4125,43,43,1,11,0.026231919691456863
P02_L026,base,P02_L026_BASE_T000_A01,P02_L026_BASE_T000,1.0,0.3782,47,47,1,10,0.06301966175841107
P02_L026,base,P02_L026_BASE_T000_A02,P02_L026_BASE_T000,2.0,0.1375,38,38,1,10,0.06301965143830347
P02_L026,base,P02_L026_BASE_T000_A03,P02_L026_BASE_T000,3.0,-0.338,51,51,1,10,0.036728923381380674
P02_L026,base,P02_L026_BASE_T000_A04,P02_L026_BASE_T000,4.0,-0.1031,43,43,1,10,0.047676031996943674
P02_L026,base,P02_L026_BASE_T001_A01,P02_L026_BASE_T001,1.0,0.1948,36,36,1,10,0.041467859859081774
P02_L026,base,P02_L026_BASE_T001_A02,P02_L026_BASE_T001,2.0,-0.0401,46,46,1,10,0.036362360435403605
P02_L026,base,P02_L026_BASE_T001_A03,P02_L026_BASE_T001,3.0,0.4354,46,46,1,10,0.051586504448607275
P02_L026,base,P02_L026_BASE_T001_A04,P02_L026_BASE_T001,4.0,-0.2807,47,47,1,10,0.06301972932359005
P02_L026,base,P02_L026_BASE_T002_A01,P02_L026_BASE_T002,1.0,-0.0401,47,47,1,10,0.047290279437160423
P02_L026,base,P02_L026_BASE_T002_A02,P02_L026_BASE_T002,2.0,0.4354,40,40,1,10,0.047676029287241524
P02_L026,base,P02_L026_BASE_T002_A03,P02_L026_BASE_T002,3.0,-0.2807,36,36,1,10,0.036362360435403605
P02_L026,base,P02_L026_BASE_T002_A04,P02_L026_BASE_T002,4.0,0.1948,55,55,1,11,0.05536608779793442
P02_L026,base,P02_L026_BASE_T003_A01,P02_L026_BASE_T003,1.0,-0.2807,31,31,1,10,0.036362360435403605
P02_L026,base,P02_L026_BASE_T003_A02,P02_L026_BASE_T003,2.0,0.4354,47,47,1,11,0.0433518738897033
P02_L026,base,P02_L026_BASE_T003_A03,P02_L026_BASE_T003,3.0,-0.0401,38,38,1,10,0.04146790221557069
P02_L026,base,P02_L026_BASE_T003_A04,P02_L026_BASE_T003,4.0,0.1948,53,53,1,10,0.05024862348723869
P02_L026,base,P02_L026_BASE_T004_A01,P02_L026_BASE_T004,1.0,0.1948,44,44,1,10,0.059309450783077276
P02_L026,base,P02_L026_BASE_T004_A02,P02_L026_BASE_T004,2.0,-0.2807,58,58,1,10,0.029524591812598817
P02_L026,base,P02_L026_BASE_T004_A03,P02_L026_BASE_T004,3.0,-0.0401,33,33,1,10,0.036362360435403605
P02_L026,base,P02_L026_BASE_T004_A04,P02_L026_BASE_T004,4.0,0.4354,45,45,1,11,0.03801439472860658
P02_L026,base,P02_L026_BASE_T005_A01,P02_L026_BASE_T005,1.0,0.0172,44,44,1,10,0.02064298678137891
P02_L026,base,P02_L026_BASE_T005_A02,P02_L026_BASE_T005,2.0,0.4985,52,52,1,10,0.02706576143911893
P02_L026,base,P02_L026_BASE_T005_A03,P02_L026_BASE_T005,3.0,-0.2235,41,41,1,10,0.02064298678137891
P02_L026,base,P02_L026_BASE_T005_A04,P02_L026_BASE_T005,4.0,0.2578,35,35,1,10,0.036362360435403605
P02_L026,base,P02_L026_BASE_T006_A01,P02_L026_BASE_T006,1.0,-0.2235,49,49,1,10,0.023733395723159783
P02_L026,base,P02_L026_BASE_T006_A02,P02_L026_BASE_T006,2.0,0.2578,35,35,1,10,0.036362360435403605
P02_L026,base,P02_L026_BASE_T006_A03,P02_L026_BASE_T006,3.0,0.4985,39,39,1,10,0.018101408924231996
P02_L026,base,P02_L026_BASE_T006_A04,P02_L026_BASE_T006,4.0,0.0172,43,43,1,10,0.025889511749660667
P02_L026,base,P02_L026_BASE_T007_A01,P02_L026_BASE_T007,1.0,0.2578,43,43,1,10,0.02251833639054247
P02_L026,base,P02_L026_BASE_T007_A02,P02_L026_BASE_T007,2.0,-0.2235,38,38,1,10,0.02081133288699516
P02_L026,base,P02_L026_BASE_T007_A03,P02_L026_BASE_T007,3.0,0.4985,62,62,1,11,0.019783567453586545
P02_L026,base,P02_L026_BASE_T007_A04,P02_L026_BASE_T007,4.0,0.0172,42,42,1,10,0.02064298678137891
P02_L026,base,P02_L026_BASE_T008_A01,P02_L026_BASE_T008,1.0,-0.2235,50,50,1,11,0.018923777598581323
P02_L026,base,P02_L026_BASE_T008_A02,P02_L026_BASE_T008,2.0,0.2578,40,40,1,10,0.027509075231624967
P02_L026,base,P02_L026_BASE_T008_A03,P02_L026_BASE_T008,3.0,0.0172,61,61,1,11,0.013720319734449435
P02_L026,base,P02_L026_BASE_T008_A04,P02_L026_BASE_T008,4.0,0.4985,36,36,1,10,0.036362360435403605
P02_L026,base,P02_L026_BASE_T009_A01,P02_L026_BASE_T009,1.0,-0.4011,49,49,1,11,0.03801439472860658
P02_L026,base,P02_L026_BASE_T009_A02,P02_L026_BASE_T009,2.0,0.3151,39,39,1,10,0.02081133288699516
P02_L026,base,P02_L026_BASE_T009_A03,P02_L026_BASE_T009,3.0,0.0802,43,43,1,11,0.01659389971840022
P02_L026,base,P02_L026_BASE_T009_A04,P02_L026_BASE_T009,4.0,-0.1604,37,37,1,10,0.02081133288699516
P02_L026,base,P02_L026_BASE_T010_A01,P02_L026_BASE_T010,1.0,0.3151,59,59,1,10,0.023733395723159783
P02_L026,base,P02_L026_BASE_T010_A02,P02_L026_BASE_T010,2.0,-0.4011,42,42,1,10,0.047676029287241524
P02_L026,base,P02_L026_BASE_T010_A03,P02_L026_BASE_T010,3.0,0.0802,56,56,1,10,0.018583446517367472
P02_L026,base,P02_L026_BASE_T010_A04,P02_L026_BASE_T010,4.0,-0.1604,44,44,1,10,0.01616353449557633
P02_L026,base,P02_L026_BASE_T011_A01,P02_L026_BASE_T011,1.0,0.0802,45,45,1,10,0.02373343111172728
P02_L026,base,P02_L026_BASE_T011_A02,P02_L026_BASE_T011,2.0,-0.4011,52,52,1,11,0.04335189758728954
P02_L026,base,P02_L026_BASE_T011_A03,P02_L026_BASE_T011,3.0,0.3151,38,38,1,10,0.02081133288699516
P02_L026,base,P02_L026_BASE_T011_A04,P02_L026_BASE_T011,4.0,-0.1604,47,47,1,10,0.02064300823313801
P02_L026,base,P02_L026_BASE_T012_A01,P02_L026_BASE_T012,1.0,0.0802,48,48,1,10,0.01958612176320745
P02_L026,base,P02_L026_BASE_T012_A02,P02_L026_BASE_T012,2.0,-0.4011,54,54,1,10,0.035776356732855764
P02_L026,base,P02_L026_BASE_T012_A03,P02_L026_BASE_T012,3.0,-0.1604,38,38,1,10,0.036362360435403605
P02_L026,base,P02_L026_BASE_T012_A04,P02_L026_BASE_T012,4.0,0.3151,47,47,1,10,0.02251833639054247
P02_L026,base,P02_L026_BASE_T013_A01,P02_L026_BASE_T013,1.0,-0.1031,63,63,1,10,0.03974150810706112
P02_L026,base,P02_L026_BASE_T013_A02,P02_L026_BASE_T013,2.0,0.1375,52,52,1,10,0.03194624198649045
P02_L026,base,P02_L026_BASE_T013_A03,P02_L026_BASE_T013,3.0,-0.338,58,58,1,10,0.03367005393971787
P02_L026,base,P02_L026_BASE_T013_A04,P02_L026_BASE_T013,4.0,0.3782,49,49,1,10,0.047290279437160423
P02_L026,base,P02_L026_BASE_T014_A01,P02_L026_BASE_T014,1.0,0.3782,45,45,1,10,0.04146790221557069
P02_L026,base,P02_L026_BASE_T014_A02,P02_L026_BASE_T014,2.0,0.1375,51,51,1,10,0.06200402330555717
P02_L026,base,P02_L026_BASE_T014_A03,P02_L026_BASE_T014,3.0,-0.338,42,42,1,10,0.04146790221557069
P02_L026,base,P02_L026_BASE_T014_A04,P02_L026_BASE_T014,4.0,-0.1031,38,38,1,10,0.047290279437160423
P02_L026,base,P02_L026_BASE_T015_A01,P02_L026_BASE_T015,1.0,-0.1031,52,52,1,10,0.0348484853441801
P02_L026,base,P02_L026_BASE_T015_A02,P02_L026_BASE_T015,2.0,-0.338,43,43,1,10,0.04146790221557069
P02_L026,base,P02_L026_BASE_T015_A03,P02_L026_BASE_T015,3.0,0.1375,55,55,1,11,0.049438773288689175
P02_L026,base,P02_L026_BASE_T015_A04,P02_L026_BASE_T015,4.0,0.3782,43,43,1,10,0.047290279437160423
P02_L026,flanker,P02_L026_FLANKER_T000_A01,P02_L026_FLANKER_T000,1.0,-0.338,46,46,1,11,0.04335189758728954
P02_L026,flanker,P02_L026_FLANKER_T000_A02,P02_L026_FLANKER_T000,2.0,0.3782,36,36,1,10,0.041467859859081774
P02_L026,flanker,P02_L026_FLANKER_T000_A03,P02_L026_FLANKER_T000,3.0,0.1375,35,35,1,10,0.041467859859081774
P02_L026,flanker,P02_L026_FLANKER_T000_A04,P02_L026_FLANKER_T000,4.0,-0.1031,42,42,1,10,0.04146792366732919
P02_L026,flanker,P02_L026_FLANKER_T001_A01,P02_L026_FLANKER_T001,1.0,0.1948,44,44,1,10,0.04896523542084068
P02_L026,flanker,P02_L026_FLANKER_T001_A02,P02_L026_FLANKER_T001,2.0,0.4354,50,50,1,10,0.04896523542084068
P02_L026,flanker,P02_L026_FLANKER_T001_A03,P02_L026_FLANKER_T001,3.0,-0.2807,57,57,1,10,0.04040879273576295
P02_L026,flanker,P02_L026_FLANKER_T001_A04,P02_L026_FLANKER_T001,4.0,-0.0401,49,49,1,10,0.04258923396327985
P02_L026,flanker,P02_L026_FLANKER_T002_A01,P02_L026_FLANKER_T002,1.0,0.1948,50,50,1,10,0.04645837115841586
P02_L026,flanker,P02_L026_FLANKER_T002_A02,P02_L026_FLANKER_T002,2.0,0.4354,46,46,1,10,0.059333482939086114
P02_L026,flanker,P02_L026_FLANKER_T002_A03,P02_L026_FLANKER_T002,3.0,-0.2807,40,40,1,10,0.03543365640304195
P02_L026,flanker,P02_L026_FLANKER_T002_A04,P02_L026_FLANKER_T002,4.0,-0.0401,50,50,1,10,0.04040879273576295
P02_L026,flanker,P02_L026_FLANKER_T003_A01,P02_L026_FLANKER_T003,1.0,-0.2807,65,65,1,10,0.034580531775924656
P02_L026,flanker,P02_L026_FLANKER_T003_A02,P02_L026_FLANKER_T003,2.0,-0.0401,53,53,1,10,0.046082473253127455
P02_L026,flanker,P02_L026_FLANKER_T003_A03,P02_L026_FLANKER_T003,3.0,0.1948,42,42,1,10,0.05160740467901328
P02_L026,flanker,P02_L026_FLANKER_T003_A04,P02_L026_FLANKER_T003,4.0,0.4354,41,41,1,10,0.05629577668684822
P02_L026,flanker,P02_L026_FLANKER_T004_A01,P02_L026_FLANKER_T004,1.0,0.1948,40,40,1,10,0.05202834242772252
P02_L026,flanker,P02_L026_FLANKER_T004_A02,P02_L026_FLANKER_T004,2.0,0.4354,52,52,1,10,0.052981443149617766
P02_L026,flanker,P02_L026_FLANKER_T004_A03,P02_L026_FLANKER_T004,3.0,-0.2807,45,45,1,10,0.037345665505703694
P02_L026,flanker,P02_L026_FLANKER_T004_A04,P02_L026_FLANKER_T004,4.0,-0.0401,37,37,1,11,0.03637709540599455
P02_L026,flanker,P02_L026_FLANKER_T005_A01,P02_L026_FLANKER_T005,1.0,0.2578,62,62,1,10,0.02312724168405123
P02_L026,flanker,P02_L026_FLANKER_T005_A02,P02_L026_FLANKER_T005,2.0,0.4985,43,43,1,10,0.019753870167928178
P02_L026,flanker,P02_L026_FLANKER_T005_A03,P02_L026_FLANKER_T005,3.0,-0.2235,38,38,1,10,0.019753870167928178
P02_L026,flanker,P02_L026_FLANKER_T005_A04,P02_L026_FLANKER_T005,4.0,0.0172,44,44,1,10,0.02457402206020284
P02_L026,flanker,P02_L026_FLANKER_T006_A01,P02_L026_FLANKER_T006,1.0,0.2578,49,49,1,10,0.022527463516932123
P02_L026,flanker,P02_L026_FLANKER_T006_A02,P02_L026_FLANKER_T006,2.0,0.4985,59,59,1,11,0.013588883324127604
P02_L026,flanker,P02_L026_FLANKER_T006_A03,P02_L026_FLANKER_T006,3.0,0.0172,39,39,1,10,0.019753870167928178
P02_L026,flanker,P02_L026_FLANKER_T006_A04,P02_L026_FLANKER_T006,4.0,-0.2235,54,54,1,10,0.02569048797816129
P02_L026,flanker,P02_L026_FLANKER_T007_A01,P02_L026_FLANKER_T007,1.0,0.4985,32,32,1,10,0.03968186192446516
P02_L026,flanker,P02_L026_FLANKER_T007_A02,P02_L026_FLANKER_T007,2.0,0.0172,42,42,1,10,0.019753870167928178
P02_L026,flanker,P02_L026_FLANKER_T007_A03,P02_L026_FLANKER_T007,3.0,-0.2235,55,55,1,10,0.015218074646312292
P02_L026,flanker,P02_L026_FLANKER_T007_A04,P02_L026_FLANKER_T007,4.0,0.2578,52,52,1,10,0.024375175853370904
P02_L026,flanker,P02_L026_FLANKER_T008_A01,P02_L026_FLANKER_T008,1.0,0.0172,51,51,1,10,0.025900010059976202
P02_L026,flanker,P02_L026_FLANKER_T008_A02,P02_L026_FLANKER_T008,2.0,-0.2235,42,42,1,10,0.01763909446066554
P02_L026,flanker,P02_L026_FLANKER_T008_A03,P02_L026_FLANKER_T008,3.0,0.2578,37,37,1,10,0.022711207182565574
P02_L026,flanker,P02_L026_FLANKER_T008_A04,P02_L026_FLANKER_T008,4.0,0.4985,38,38,1,11,0.018108741410776796
P02_L026,flanker,P02_L026_FLANKER_T009_A01,P02_L026_FLANKER_T009,1.0,0.3151,36,36,1,10,0.036362360435403605
P02_L026,flanker,P02_L026_FLANKER_T009_A02,P02_L026_FLANKER_T009,2.0,0.0802,43,43,1,10,0.020811358264263828
P02_L026,flanker,P02_L026_FLANKER_T009_A03,P02_L026_FLANKER_T009,3.0,-0.4011,48,48,1,10,0.051586504448607275
P02_L026,flanker,P02_L026_FLANKER_T009_A04,P02_L026_FLANKER_T009,4.0,-0.1604,51,51,1,10,0.02251833639054247
P02_L026,flanker,P02_L026_FLANKER_T010_A01,P02_L026_FLANKER_T010,1.0,0.0802,46,46,1,10,0.02251833639054247
P02_L026,flanker,P02_L026_FLANKER_T010_A02,P02_L026_FLANKER_T010,2.0,-0.4011,60,60,1,10,0.048549438108246766
P02_L026,flanker,P02_L026_FLANKER_T010_A03,P02_L026_FLANKER_T010,3.0,-0.1604,45,45,1,10,0.02064295362329232
P02_L026,flanker,P02_L026_FLANKER_T010_A04,P02_L026_FLANKER_T010,4.0,0.3151,51,51,1,10,0.021192590075968572
P02_L026,flanker,P02_L026_FLANKER_T011_A01,P02_L026_FLANKER_T011,1.0,-0.4011,51,51,1,10,0.05158645461225613
P02_L026,flanker,P02_L026_FLANKER_T011_A02,P02_L026_FLANKER_T011,2.0,0.3151,45,45,1,10,0.014817439993084706
P02_L026,flanker,P02_L026_FLANKER_T011_A03,P02_L026_FLANKER_T011,3.0,0.0802,37,37,1,10,0.02976543889010089
P02_L026,flanker,P02_L026_FLANKER_T011_A04,P02_L026_FLANKER_T011,4.0,-0.1604,39,39,1,10,0.02081133288699516
P02_L026,flanker,P02_L026_FLANKER_T012_A01,P02_L026_FLANKER_T012,1.0,0.3151,40,40,1,10,0.036362360435403605
P02_L026,flanker,P02_L026_FLANKER_T012_A02,P02_L026_FLANKER_T012,2.0,-0.1604,73,73,1,11,0.012577670738170328
P02_L026,flanker,P02_L026_FLANKER_T012_A03,P02_L026_FLANKER_T012,3.0,0.0802,42,42,1,10,0.010635878139799378
P02_L026,flanker,P02_L026_FLANKER_T012_A04,P02_L026_FLANKER_T012,4.0,-0.4011,43,43,1,10,0.04146790221557069
P02_L026,flanker,P02_L026_FLANKER_T013_A01,P02_L026_FLANKER_T013,1.0,-0.1031,43,43,1,11,0.014433118823276194
P02_L026,flanker,P02_L026_FLANKER_T013_A02,P02_L026_FLANKER_T013,2.0,0.1375,33,33,1,10,0.036362360435403605
P02_L026,flanker,P02_L026_FLANKER_T013_A03,P02_L026_FLANKER_T013,3.0,-0.338,37,37,1,10,0.04146790221557069
P02_L026,flanker,P02_L026_FLANKER_T013_A04,P02_L026_FLANKER_T013,4.0,0.3782,45,45,1,10,0.023733395723159783
P02_L026,flanker,P02_L026_FLANKER_T014_A01,P02_L026_FLANKER_T014,1.0,-0.338,52,52,1,10,0.029524591812598817
P02_L026,flanker,P02_L026_FLANKER_T014_A02,P02_L026_FLANKER_T014,2.0,0.1375,47,47,1,10,0.023733443912987897
P02_L026,flanker,P02_L026_FLANKER_T014_A03,P02_L026_FLANKER_T014,3.0,0.3782,47,47,1,11,0.03801439472860658
P02_L026,flanker,P02_L026_FLANKER_T014_A04,P02_L026_FLANKER_T014,4.0,-0.1031,46,46,1,10,0.04146790221557069
P02_L026,flanker,P02_L026_FLANKER_T015_A01,P02_L026_FLANKER_T015,1.0,-0.338,46,46,1,11,0.03801439472860658
P02_L026,flanker,P02_L026_FLANKER_T015_A02,P02_L026_FLANKER_T015,2.0,-0.1031,36,36,1,11,0.03333404804412782
P02_L026,flanker,P02_L026_FLANKER_T015_A03,P02_L026_FLANKER_T015,3.0,0.3782,39,39,1,10,0.04146790221557069
P02_L026,flanker,P02_L026_FLANKER_T015_A04,P02_L026_FLANKER_T015,4.0,0.1375,43,43,1,10,0.04523515261265101
P02_L049,base,P02_L049_BASE_T000_A01,P02_L049_BASE_T000,1.0,-0.1662,59,59,1,10,0.03195917101347495
P02_L049,base,P02_L049_BASE_T000_A02,P02_L049_BASE_T000,2.0,0.4011,42,42,1,10,0.06877267123620542
P02_L049,base,P02_L049_BASE_T000_A03,P02_L049_BASE_T000,3.0,0.212,42,42,1,10,0.05202834644682993
P02_L049,base,P02_L049_BASE_T000_A04,P02_L049_BASE_T000,4.0,0.0229,56,56,1,10,0.021201170476140677
P02_L049,base,P02_L049_BASE_T001_A01,P02_L049_BASE_T001,1.0,0.0745,61,61,1,10,0.02176566409023034
P02_L049,base,P02_L049_BASE_T001_A02,P02_L049_BASE_T001,2.0,0.4526,42,42,1,10,0.02271119119076223
P02_L049,base,P02_L049_BASE_T001_A03,P02_L049_BASE_T001,3.0,-0.1146,59,59,1,10,0.01893145269380868
P02_L049,base,P02_L049_BASE_T001_A04,P02_L049_BASE_T001,4.0,0.2636,48,48,1,10,0.02252744327109203
P02_L049,base,P02_L049_BASE_T002_A01,P02_L049_BASE_T002,1.0,0.4526,39,39,1,10,0.02271119119076223
P02_L049,base,P02_L049_BASE_T002_A02,P02_L049_BASE_T002,2.0,-0.1146,47,47,1,10,0.016170058143209112
P02_L049,base,P02_L049_BASE_T002_A03,P02_L049_BASE_T002,4.0,0.0745,58,58,1,11,0.026857711100134865
P02_L049,base,P02_L049_BASE_T002_A04,P02_L049_BASE_T002,3.0,0.2636,36,36,1,10,0.03968185155234242
P02_L049,base,P02_L049_BASE_T003_A01,P02_L049_BASE_T003,2.0,0.2636,54,54,1,10,0.023127249650720022
P02_L049,base,P02_L049_BASE_T003_A02,P02_L049_BASE_T003,3.0,0.0745,38,38,1,10,0.019753858650415197
P02_L049,base,P02_L049_BASE_T003_A03,P02_L049_BASE_T003,4.0,-0.1146,46,46,1,10,0.01763908090016972
P02_L049,base,P02_L049_BASE_T003_A04,P02_L049_BASE_T003,1.0,0.4526,62,62,1,11,0.025482613546772614
P02_L049,base,P02_L049_BASE_T004_A01,P02_L049_BASE_T004,1.0,0.4526,54,54,1,11,0.016039224800056266
P02_L049,base,P02_L049_BASE_T004_A02,P02_L049_BASE_T004,2.0,0.2636,45,45,1,10,0.03543364948628696
P02_L049,base,P02_L049_BASE_T004_A03,P02_L049_BASE_T004,3.0,0.0745,51,51,1,10,0.020115739675364817
P02_L049,base,P02_L049_BASE_T004_A04,P02_L049_BASE_T004,4.0,-0.1146,44,44,1,10,0.02252744327109203
P02_L049,base,P02_L049_BASE_T005_A01,P02_L049_BASE_T005,1.0,-0.0688,59,59,1,11,0.02158956789668271
P02_L049,base,P02_L049_BASE_T005_A02,P02_L049_BASE_T005,2.0,0.1203,47,47,1,10,0.05026899341431641
P02_L049,base,P02_L049_BASE_T005_A03,P02_L049_BASE_T005,4.0,-0.2578,46,46,1,10,0.059333543473902184
P02_L049,base,P02_L049_BASE_T005_A04,P02_L049_BASE_T005,3.0,0.4985,39,39,1,10,0.03002035894580909
P02_L049,base,P02_L049_BASE_T005_A05,P02_L049_BASE_T005,5.0,0.3094,54,54,1,10,0.028770533568162147
P02_L049,base,P02_L049_BASE_T006_A01,P02_L049_BASE_T006,2.0,-0.2578,37,37,1,11,0.03637709273734868
P02_L049,base,P02_L049_BASE_T006_A02,P02_L049_BASE_T006,3.0,0.3094,46,46,1,11,0.020651321485392164
P02_L049,base,P02_L049_BASE_T006_A03,P02_L049_BASE_T006,1.0,-0.0688,32,32,1,10,0.03968185155234242
P02_L049,base,P02_L049_BASE_T006_A04,P02_L049_BASE_T006,4.0,0.1203,55,55,1,10,0.029536554842345308
P02_L049,base,P02_L049_BASE_T006_A05,P02_L049_BASE_T006,5.0,0.4985,40,40,1,10,0.03543364948628696
P02_L049,base,P02_L049_BASE_T007_A01,P02_L049_BASE_T007,1.0,0.4985,54,54,1,10,0.029536554842345308
P02_L049,base,P02_L049_BASE_T007_A02,P02_L049_BASE_T007,2.0,0.1203,54,54,1,10,0.05298144524826901
P02_L049,base,P02_L049_BASE_T007_A03,P02_L049_BASE_T007,3.0,-0.0688,51,51,1,10,0.05160741024450899
P02_L049,base,P02_L049_BASE_T007_A04,P02_L049_BASE_T007,4.0,0.3094,59,59,1,11,0.026374471008304333
P02_L049,base,P02_L049_BASE_T008_A01,P02_L049_BASE_T008,1.0,0.1203,48,48,1,10,0.059333543473902184
P02_L049,base,P02_L049_BASE_T008_A02,P02_L049_BASE_T008,2.0,-0.0688,58,58,1,11,0.030077653975553238
P02_L049,base,P02_L049_BASE_T008_A03,P02_L049_BASE_T008,3.0,0.3094,50,50,1,11,0.015496870367585885
P02_L049,base,P02_L049_BASE_T008_A04,P02_L049_BASE_T008,4.0,0.4985,49,49,1,10,0.030570313490309982
P02_L049,base,P02_L049_BASE_T009_A01,P02_L049_BASE_T009,1.0,-0.4011,52,52,1,10,0.0370434835912421
P02_L049,base,P02_L049_BASE_T009_A02,P02_L049_BASE_T009,3.0,-0.2578,38,38,1,10,0.04525348353309591
P02_L049,base,P02_L049_BASE_T009_A03,P02_L049_BASE_T009,2.0,-0.3037,46,46,1,10,0.02252744327109203
P02_L049,base,P02_L049_BASE_T009_A04,P02_L049_BASE_T009,4.0,-0.3552,45,45,1,11,0.018108727643123504
P02_L049,base,P02_L049_BASE_T010_A01,P02_L049_BASE_T010,1.0,-0.3552,49,49,1,11,0.020651321485392164
P02_L049,base,P02_L049_BASE_T010_A02,P02_L049_BASE_T010,3.0,-0.2578,40,40,1,10,0.034235441585103665
P02_L049,base,P02_L049_BASE_T010_A03,P02_L049_BASE_T010,2.0,-0.3037,49,49,1,11,0.02312724504115881
P02_L049,base,P02_L049_BASE_T011_A01,P02_L049_BASE_T011,1.0,-0.3037,72,72,1,10,0.030077661509318954
P02_L049,base,P02_L049_BASE_T011_A02,P02_L049_BASE_T011,2.0,-0.3552,44,44,1,10,0.02252744327109203
P02_L049,base,P02_L049_BASE_T012_A01,P02_L049_BASE_T012,1.0,-0.3037,57,57,1,11,0.0212011812442656
P02_L049,base,P02_L049_BASE_T012_A02,P02_L049_BASE_T012,2.0,-0.3552,52,52,1,10,0.02252744327109203
P02_L049,base,P02_L049_BASE_T013_A01,P02_L049_BASE_T013,1.0,0.1662,38,38,1,10,0.10366971234611078
P02_L049,base,P02_L049_BASE_T013_A02,P02_L049_BASE_T013,2.0,-0.0229,39,39,1,10,0.052028307692648844
P02_L049,base,P02_L049_BASE_T013_A03,P02_L049_BASE_T013,3.0,-0.4011,58,58,1,11,0.04570971687435217
P02_L049,base,P02_L049_BASE_T013_A04,P02_L049_BASE_T013,4.0,-0.212,44,44,1,10,0.04525351125685756
P02_L049,base,P02_L049_BASE_T013_A05,P02_L049_BASE_T013,5.0,0.3552,46,46,1,10,0.06472379983568861
P02_L049,base,P02_L049_BASE_T014_A01,P02_L049_BASE_T014,1.0,-0.0229,49,49,1,11,0.04008186123719354
P02_L049,base,P02_L049_BASE_T014_A02,P02_L049_BASE_T014,2.0,0.1662,53,53,1,11,0.05298147332830721
P02_L049,base,P02_L049_BASE_T014_A03,P02_L049_BASE_T014,3.0,-0.212,40,40,1,10,0.03734564848754757
P02_L049,base,P02_L049_BASE_T014_A04,P02_L049_BASE_T014,4.0,-0.4011,55,55,1,10,0.057327141864434425
P02_L049,base,P02_L049_BASE_T014_A05,P02_L049_BASE_T014,5.0,0.3552,55,55,1,10,0.05160743521294927
P02_L049,base,P02_L049_BASE_T015_A01,P02_L049_BASE_T015,1.0,0.3552,61,61,1,10,0.0771649797494729
P02_L049,base,P02_L049_BASE_T015_A02,P02_L049_BASE_T015,2.0,-0.4011,48,48,1,10,0.06141011409505189
P02_L049,base,P02_L049_BASE_T015_A03,P02_L049_BASE_T015,3.0,-0.0229,56,56,1,10,0.05298145579465141
P02_L049,base,P02_L049_BASE_T015_A04,P02_L049_BASE_T015,4.0,0.1662,40,40,1,10,0.04525351125685756
P02_L049,base,P02_L049_BASE_T015_A05,P02_L049_BASE_T015,5.0,-0.212,46,46,1,10,0.03704349045448363
P02_L049,base,P02_L049_BASE_T016_A01,P02_L049_BASE_T016,1.0,0.1662,51,51,1,10,0.055840325429895955
P02_L049,base,P02_L049_BASE_T016_A02,P02_L049_BASE_T016,2.0,-0.0229,40,40,1,10,0.04525348353309591
P02_L049,base,P02_L049_BASE_T016_A03,P02_L049_BASE_T016,3.0,0.3552,38,38,1,10,0.0909058654138665
P02_L049,base,P02_L049_BASE_T016_A04,P02_L049_BASE_T016,4.0,-0.212,51,51,1,10,0.04856908470701869
P02_L049,base,P02_L049_BASE_T017_A01,P02_L049_BASE_T017,1.0,0.212,39,39,1,10,0.05933348769357536
P02_L049,base,P02_L049_BASE_T017_A02,P02_L049_BASE_T017,2.0,-0.1662,46,46,1,10,0.02252744327109203
P02_L049,base,P02_L049_BASE_T017_A03,P02_L049_BASE_T017,3.0,0.4011,45,45,1,10,0.05629580046440613
P02_L049,base,P02_L049_BASE_T017_A04,P02_L049_BASE_T017,4.0,0.0229,45,45,1,11,0.011915822421533825
P02_L049,base,P02_L049_BASE_T018_A01,P02_L049_BASE_T018,1.0,0.4011,55,55,1,10,0.043723187420737136
P02_L049,base,P02_L049_BASE_T018_A02,P02_L049_BASE_T018,2.0,0.212,41,41,1,10,0.04525348353309591
P02_L049,base,P02_L049_BASE_T018_A03,P02_L049_BASE_T018,4.0,-0.1662,53,53,1,11,0.03486261999096141
P02_L049,base,P02_L049_BASE_T018_A04,P02_L049_BASE_T018,3.0,0.0229,37,37,1,10,0.019753858650415197
P02_L049,base,P02_L049_BASE_T019_A01,P02_L049_BASE_T019,1.0,0.212,58,58,1,10,0.04856909668761643
P02_L049,base,P02_L049_BASE_T019_A02,P02_L049_BASE_T019,2.0,0.0229,41,41,1,10,0.019753858650415197
P02_L049,base,P02_L049_BASE_T019_A03,P02_L049_BASE_T019,3.0,-0.1662,52,52,1,11,0.020651321485392164
P02_L049,base,P02_L049_BASE_T019_A04,P02_L049_BASE_T019,4.0,0.4011,48,48,1,10,0.06766437041086451
P02_L049,flanker,P02_L049_FLANKER_T000_A01,P02_L049_FLANKER_T000,1.0,0.4011,46,46,1,10,0.056295834109460645
P02_L049,flanker,P02_L049_FLANKER_T000_A02,P02_L049_FLANKER_T000,4.0,-0.1662,47,47,1,10,0.02252744327109203
P02_L049,flanker,P02_L049_FLANKER_T000_A03,P02_L049_FLANKER_T000,5.0,0.0229,51,51,1,10,0.017042580696592754
P02_L049,flanker,P02_L049_FLANKER_T000_A04,P02_L049_FLANKER_T000,2.0,-0.3552,49,49,1,10,0.015218056452011623
P02_L049,flanker,P02_L049_FLANKER_T000_A05,P02_L049_FLANKER_T000,3.0,0.212,61,61,1,11,0.03281011496989442
P02_L049,flanker,P02_L049_FLANKER_T001_A01,P02_L049_FLANKER_T001,1.0,0.4526,61,61,1,10,0.02417794128295172
P02_L049,flanker,P02_L049_FLANKER_T001_A02,P02_L049_FLANKER_T001,2.0,0.2636,48,48,1,10,0.030570313490309982
P02_L049,flanker,P02_L049_FLANKER_T001_A03,P02_L049_FLANKER_T001,3.0,-0.1146,41,41,1,10,0.019753858650415197
P02_L049,flanker,P02_L049_FLANKER_T001_A04,P02_L049_FLANKER_T001,4.0,-0.3037,41,41,1,10,0.019753858650415197
P02_L049,flanker,P02_L049_FLANKER_T001_A05,P02_L049_FLANKER_T001,5.0,0.0745,47,47,1,10,0.034235441585103665
P02_L049,flanker,P02_L049_FLANKER_T002_A01,P02_L049_FLANKER_T002,1.0,0.4526,52,52,1,10,0.032219872227112145
P02_L049,flanker,P02_L049_FLANKER_T002_A02,P02_L049_FLANKER_T002,2.0,0.2636,49,49,1,10,0.040408798709597044
P02_L049,flanker,P02_L049_FLANKER_T002_A03,P02_L049_FLANKER_T002,3.0,0.0745,40,40,1,10,0.019753858650415197
P02_L049,flanker,P02_L049_FLANKER_T002_A04,P02_L049_FLANKER_T002,4.0,-0.3037,41,41,1,10,0.019753858650415197
P02_L049,flanker,P02_L049_FLANKER_T002_A05,P02_L049_FLANKER_T002,5.0,-0.1146,53,53,1,10,0.020115739675364817
P02_L049,flanker,P02_L049_FLANKER_T003_A01,P02_L049_FLANKER_T003,1.0,-0.2578,49,49,1,10,0.03904236105247451
P02_L049,flanker,P02_L049_FLANKER_T003_A02,P02_L049_FLANKER_T003,2.0,0.1203,52,52,1,10,0.04452418972409252
P02_L049,flanker,P02_L049_FLANKER_T003_A03,P02_L049_FLANKER_T003,3.0,0.3094,44,44,1,11,0.01749634909413883
P02_L049,flanker,P02_L049_FLANKER_T003_A04,P02_L049_FLANKER_T003,4.0,-0.0688,38,38,1,10,0.03543364948628696
P02_L049,flanker,P02_L049_FLANKER_T003_A05,P02_L049_FLANKER_T003,5.0,0.4985,45,45,1,10,0.018590863707960214
P02_L049,flanker,P02_L049_FLANKER_T004_A01,P02_L049_FLANKER_T004,1.0,-0.2578,35,35,1,10,0.03968185155234242
P02_L049,flanker,P02_L049_FLANKER_T004_A02,P02_L049_FLANKER_T004,2.0,0.4985,41,41,1,11,0.018108727643123504
P02_L049,flanker,P02_L049_FLANKER_T004_A03,P02_L049_FLANKER_T004,3.0,-0.0688,45,45,1,10,0.05160741024450899
P02_L049,flanker,P02_L049_FLANKER_T004_A04,P02_L049_FLANKER_T004,4.0,0.3094,46,46,1,10,0.025900007304281738
P02_L049,flanker,P02_L049_FLANKER_T004_A05,P02_L049_FLANKER_T004,5.0,0.1203,47,47,1,10,0.056295834109460645
P02_L049,flanker,P02_L049_FLANKER_T005_A01,P02_L049_FLANKER_T005,1.0,0.4985,36,36,1,10,0.02271119119076223
P02_L049,flanker,P02_L049_FLANKER_T005_A02,P02_L049_FLANKER_T005,3.0,0.1203,45,45,1,10,0.03704349045448363
P02_L049,flanker,P02_L049_FLANKER_T005_A03,P02_L049_FLANKER_T005,2.0,0.3094,42,42,1,10,0.02271119119076223
P02_L049,flanker,P02_L049_FLANKER_T005_A04,P02_L049_FLANKER_T005,4.0,-0.0688,52,52,1,10,0.040408798709597044
P02_L049,flanker,P02_L049_FLANKER_T005_A05,P02_L049_FLANKER_T005,5.0,-0.2578,56,56,1,11,0.023550913353975265
P02_L049,flanker,P02_L049_FLANKER_T006_A01,P02_L049_FLANKER_T006,1.0,0.4985,50,50,1,10,0.02569049414526267
P02_L049,flanker,P02_L049_FLANKER_T006_A02,P02_L049_FLANKER_T006,2.0,-0.0688,57,57,1,11,0.03550127460874159
P02_L049,flanker,P02_L049_FLANKER_T006_A03,P02_L049_FLANKER_T006,3.0,0.3094,52,52,1,10,0.03514696860149081
P02_L049,flanker,P02_L049_FLANKER_T006_A04,P02_L049_FLANKER_T006,4.0,0.1203,44,44,1,10,0.04258928057014197
P02_L049,flanker,P02_L049_FLANKER_T006_A05,P02_L049_FLANKER_T006,5.0,-0.2578,49,49,1,10,0.05160741024450899
P02_L049,flanker,P02_L049_FLANKER_T007_A01,P02_L049_FLANKER_T007,1.0,0.0745,39,39,1,10,0.019753858650415197
P02_L049,flanker,P02_L049_FLANKER_T007_A02,P02_L049_FLANKER_T007,2.0,0.4526,44,44,1,11,0.018108727643123504
P02_L049,flanker,P02_L049_FLANKER_T007_A03,P02_L049_FLANKER_T007,3.0,0.2636,36,36,1,10,0.03968185155234242
P02_L049,flanker,P02_L049_FLANKER_T007_A04,P02_L049_FLANKER_T007,4.0,-0.3037,47,47,1,11,0.020651321485392164
P02_L049,flanker,P02_L049_FLANKER_T007_A05,P02_L049_FLANKER_T007,5.0,-0.1146,40,40,1,10,0.023315887217870333
P02_L049,flanker,P02_L049_FLANKER_T008_A01,P02_L049_FLANKER_T008,1.0,-0.1146,60,60,1,11,0.026374471008304333
P02_L049,flanker,P02_L049_FLANKER_T008_A02,P02_L049_FLANKER_T008,4.0,0.0745,41,41,1,10,0.019753858650415197
P02_L049,flanker,P02_L049_FLANKER_T008_A03,P02_L049_FLANKER_T008,3.0,0.2636,51,51,1,10,0.025900007304281738
P02_L049,flanker,P02_L049_FLANKER_T008_A04,P02_L049_FLANKER_T008,2.0,0.4526,37,37,1,10,0.019753858650415197
P02_L049,flanker,P02_L049_FLANKER_T008_A05,P02_L049_FLANKER_T008,5.0,-0.3037,37,37,1,10,0.019753858650415197
P02_L049,flanker,P02_L049_FLANKER_T009_A01,P02_L049_FLANKER_T009,1.0,-0.0229,44,44,1,10,0.034235472716539955
P02_L049,flanker,P02_L049_FLANKER_T009_A02,P02_L049_FLANKER_T009,3.0,0.3552,51,51,1,10,0.04525348353309591
P02_L049,flanker,P02_L049_FLANKER_T009_A03,P02_L049_FLANKER_T009,4.0,-0.4011,37,37,1,11,0.03637709273734868
P02_L049,flanker,P02_L049_FLANKER_T009_A04,P02_L049_FLANKER_T009,5.0,-0.212,43,43,1,10,0.02590003684175762
P02_L049,flanker,P02_L049_FLANKER_T009_A05,P02_L049_FLANKER_T009,2.0,0.1662,40,40,1,10,0.04525351125685756
P02_L049,flanker,P02_L049_FLANKER_T010_A01,P02_L049_FLANKER_T010,1.0,-0.4011,45,45,1,10,0.04525351125685756
P02_L049,flanker,P02_L049_FLANKER_T010_A02,P02_L049_FLANKER_T010,2.0,0.1662,41,41,1,11,0.04148473090602556
P02_L049,flanker,P02_L049_FLANKER_T010_A03,P02_L049_FLANKER_T010,3.0,0.3552,45,45,1,10,0.05629580046440613
P02_L049,flanker,P02_L049_FLANKER_T010_A04,P02_L049_FLANKER_T010,4.0,-0.0229,43,43,1,10,0.05341365272126077
P02_L049,flanker,P02_L049_FLANKER_T010_A05,P02_L049_FLANKER_T010,5.0,-0.212,45,45,1,11,0.04148473090602556
P02_L049,flanker,P02_L049_FLANKER_T011_A01,P02_L049_FLANKER_T011,1.0,-0.4011,46,46,1,10,0.05160741024450899
P02_L049,flanker,P02_L049_FLANKER_T011_A02,P02_L049_FLANKER_T011,2.0,0.1662,55,55,1,11,0.05395208594718384
P02_L049,flanker,P02_L049_FLANKER_T011_A03,P02_L049_FLANKER_T011,3.0,-0.212,59,59,1,10,0.04008187053340583
P02_L049,flanker,P02_L049_FLANKER_T011_A04,P02_L049_FLANKER_T011,4.0,-0.0229,59,59,1,10,0.05483575133808426
P02_L049,flanker,P02_L049_FLANKER_T011_A05,P02_L049_FLANKER_T011,5.0,0.3552,41,41,1,10,0.07441354131300863
P02_L049,flanker,P02_L049_FLANKER_T012_A01,P02_L049_FLANKER_T012,1.0,-0.212,48,48,1,10,0.05629580046440613
P02_L049,flanker,P02_L049_FLANKER_T012_A02,P02_L049_FLANKER_T012,2.0,0.3552,49,49,1,10,0.05629580046440613
P02_L049,flanker,P02_L049_FLANKER_T012_A03,P02_L049_FLANKER_T012,3.0,0.1662,45,45,1,10,0.059333516372217836
P02_L049,flanker,P02_L049_FLANKER_T012_A04,P02_L049_FLANKER_T012,4.0,-0.0229,39,39,1,10,0.06877265922427704
P02_L049,flanker,P02_L049_FLANKER_T012_A05,P02_L049_FLANKER_T012,5.0,-0.4011,53,53,1,10,0.038029779477632246
P02_L049,flanker,P02_L049_FLANKER_T013_A01,P02_L049_FLANKER_T013,1.0,0.4011,43,43,1,10,0.056295834109460645
P02_L049,flanker,P02_L049_FLANKER_T013_A02,P02_L049_FLANKER_T013,2.0,0.0229,47,47,1,10,0.02252744327109203
P02_L049,flanker,P02_L049_FLANKER_T013_A03,P02_L049_FLANKER_T013,3.0,-0.3552,46,46,1,10,0.02252744327109203
P02_L049,flanker,P02_L049_FLANKER_T013_A04,P02_L049_FLANKER_T013,4.0,-0.1662,52,52,1,10,0.02437517935717111
P02_L049,flanker,P02_L049_FLANKER_T013_A05,P02_L049_FLANKER_T013,5.0,0.212,50,50,1,10,0.06766437041086451
P02_L049,flanker,P02_L049_FLANKER_T014_A01,P02_L049_FLANKER_T014,1.0,-0.3552,50,50,1,10,0.02252744327109203
P02_L049,flanker,P02_L049_FLANKER_T014_A02,P02_L049_FLANKER_T014,2.0,0.0229,66,66,1,11,0.01497281533851511
P02_L049,flanker,P02_L049_FLANKER_T014_A03,P02_L049_FLANKER_T014,3.0,0.4011,43,43,1,10,0.05160741024450899
P02_L049,flanker,P02_L049_FLANKER_T014_A04,P02_L049_FLANKER_T014,4.0,-0.1662,47,47,1,10,0.018590863707960214
P02_L049,flanker,P02_L049_FLANKER_T014_A05,P02_L049_FLANKER_T014,5.0,0.212,52,52,1,10,0.05160741024450899
P02_L049,flanker,P02_L049_FLANKER_T015_A01,P02_L049_FLANKER_T015,1.0,-0.1662,52,52,1,10,0.020115739675364817
P02_L049,flanker,P02_L049_FLANKER_T015_A02,P02_L049_FLANKER_T015,2.0,0.4011,54,54,1,10,0.029536554842345308
P02_L049,flanker,P02_L049_FLANKER_T015_A03,P02_L049_FLANKER_T015,3.0,0.0229,55,55,1,10,0.012893158089901501
P02_L049,flanker,P02_L049_FLANKER_T015_A04,P02_L049_FLANKER_T015,4.0,-0.3552,53,53,1,11,0.013588897164473666
P02_L049,flanker,P02_L049_FLANKER_T015_A05,P02_L049_FLANKER_T015,5.0,0.212,43,43,1,10,0.05160736094433349
P02_L100,base,P02_L100_BASE_T000_A01,P02_L100_BASE_T000,2.0,0.4011,32,32,1,10,0.09090582932003076
P02_L100,base,P02_L100_BASE_T000_A02,P02_L100_BASE_T000,3.0,-0.3552,43,43,1,10,0.0520283136453255
P02_L100,base,P02_L100_BASE_T000_A03,P02_L100_BASE_T000,1.0,0.212,39,39,1,10,0.10366974121870853
P02_L100,base,P02_L100_BASE_T000_A04,P02_L100_BASE_T000,5.0,0.0229,57,57,1,10,0.06091321249228526
P02_L100,base,P02_L100_BASE_T000_A05,P02_L100_BASE_T000,4.0,-0.1662,55,55,1,11,0.047309507421423966
P02_L100,base,P02_L100_BASE_T001_A01,P02_L100_BASE_T001,1.0,0.4526,50,50,1,10,0.05629578069393223
P02_L100,base,P02_L100_BASE_T001_A02,P02_L100_BASE_T001,2.0,0.2636,48,48,1,10,0.052981421808227486
P02_L100,base,P02_L100_BASE_T001_A03,P02_L100_BASE_T001,4.0,-0.1146,51,51,1,10,0.046082451726345425
P02_L100,base,P02_L100_BASE_T001_A04,P02_L100_BASE_T001,5.0,-0.3037,45,45,1,10,0.059333441422541704
P02_L100,base,P02_L100_BASE_T001_A05,P02_L100_BASE_T001,3.0,0.0745,44,44,1,10,0.035433675422982966
P02_L100,base,P02_L100_BASE_T002_A01,P02_L100_BASE_T002,1.0,-0.3037,34,34,1,10,0.039681877909640055
P02_L100,base,P02_L100_BASE_T002_A02,P02_L100_BASE_T002,3.0,0.2636,40,40,1,10,0.04525349573300749
P02_L100,base,P02_L100_BASE_T002_A03,P02_L100_BASE_T002,5.0,0.0745,43,43,1,10,0.04525342630842334
P02_L100,base,P02_L100_BASE_T002_A04,P02_L100_BASE_T002,4.0,-0.1146,50,50,1,11,0.03674376631030023
P02_L100,base,P02_L100_BASE_T002_A05,P02_L100_BASE_T002,2.0,0.4526,46,46,1,10,0.04645838820114684
P02_L100,base,P02_L100_BASE_T003_A01,P02_L100_BASE_T003,1.0,0.2636,50,50,1,10,0.04525342630842334
P02_L100,base,P02_L100_BASE_T003_A02,P02_L100_BASE_T003,3.0,0.0745,45,45,1,10,0.040408751461248914
P02_L100,base,P02_L100_BASE_T003_A03,P02_L100_BASE_T003,4.0,-0.3037,35,35,1,10,0.039681877909640055
P02_L100,base,P02_L100_BASE_T003_A04,P02_L100_BASE_T003,5.0,-0.1146,48,48,1,10,0.04008180965643985
P02_L100,base,P02_L100_BASE_T003_A05,P02_L100_BASE_T003,2.0,0.4526,52,52,1,10,0.03904231590089301
P02_L100,base,P02_L100_BASE_T004_A01,P02_L100_BASE_T004,1.0,-0.3037,37,37,1,10,0.0520283136453255
P02_L100,base,P02_L100_BASE_T004_A02,P02_L100_BASE_T004,3.0,-0.1146,58,58,1,10,0.046082451726345425
P02_L100,base,P02_L100_BASE_T004_A03,P02_L100_BASE_T004,4.0,0.2636,42,42,1,10,0.04525342630842334
P02_L100,base,P02_L100_BASE_T004_A04,P02_L100_BASE_T004,5.0,0.4526,49,49,1,10,0.0516073797168132
P02_L100,base,P02_L100_BASE_T004_A05,P02_L100_BASE_T004,2.0,0.0745,51,51,1,10,0.0425892060977438
P02_L100,base,P02_L100_BASE_T005_A01,P02_L100_BASE_T005,1.0,-0.0688,64,64,1,11,0.05212772054696883
P02_L100,base,P02_L100_BASE_T005_A02,P02_L100_BASE_T005,2.0,0.4985,49,49,1,10,0.059333441422541704
P02_L100,base,P02_L100_BASE_T005_A03,P02_L100_BASE_T005,3.0,-0.2578,59,59,1,10,0.08944082000099102
P02_L100,base,P02_L100_BASE_T005_A04,P02_L100_BASE_T005,5.0,0.3094,36,36,1,10,0.039681877909640055
P02_L100,base,P02_L100_BASE_T005_A05,P02_L100_BASE_T005,4.0,0.1203,42,42,1,10,0.08486170876359471
P02_L100,base,P02_L100_BASE_T006_A01,P02_L100_BASE_T006,1.0,0.3094,40,40,1,10,0.04525342630842334
P02_L100,base,P02_L100_BASE_T006_A02,P02_L100_BASE_T006,3.0,0.1203,36,36,1,10,0.09090582932003076
P02_L100,base,P02_L100_BASE_T006_A03,P02_L100_BASE_T006,4.0,-0.0688,40,40,1,10,0.09090582932003076
P02_L100,base,P02_L100_BASE_T006_A04,P02_L100_BASE_T006,2.0,0.4985,50,50,1,11,0.047309410252544246
P02_L100,base,P02_L100_BASE_T006_A05,P02_L100_BASE_T006,5.0,-0.2578,33,33,1,10,0.09090582932003076
P02_L100,base,P02_L100_BASE_T007_A01,P02_L100_BASE_T007,1.0,-0.0688,41,41,1,10,0.08117377586790923
P02_L100,base,P02_L100_BASE_T007_A02,P02_L100_BASE_T007,3.0,0.1203,34,34,1,10,0.09090582932003076
P02_L100,base,P02_L100_BASE_T007_A03,P02_L100_BASE_T007,4.0,-0.2578,53,53,1,10,0.07003252785376674
P02_L100,base,P02_L100_BASE_T007_A04,P02_L100_BASE_T007,5.0,0.3094,58,58,1,10,0.04114904467070182
P02_L100,base,P02_L100_BASE_T007_A05,P02_L100_BASE_T007,2.0,0.4985,56,56,1,10,0.05885348234838744
P02_L100,base,P02_L100_BASE_T008_A01,P02_L100_BASE_T008,1.0,-0.2578,40,40,1,10,0.09090582932003076
P02_L100,base,P02_L100_BASE_T008_A02,P02_L100_BASE_T008,2.0,0.3094,44,44,1,10,0.0520283136453255
P02_L100,base,P02_L100_BASE_T008_A03,P02_L100_BASE_T008,3.0,0.1203,39,39,1,10,0.09090582932003076
P02_L100,base,P02_L100_BASE_T008_A04,P02_L100_BASE_T008,4.0,-0.0688,32,32,1,10,0.09090582932003076
P02_L100,base,P02_L100_BASE_T008_A05,P02_L100_BASE_T008,5.0,0.4985,55,55,1,11,0.045709589273876444
P02_L100,base,P02_L100_BASE_T009_A01,P02_L100_BASE_T009,1.0,-0.212,48,48,1,10,0.07842879976245584
P02_L100,base,P02_L100_BASE_T009_A02,P02_L100_BASE_T009,2.0,0.1662,51,51,1,10,0.06766438832601365
P02_L100,base,P02_L100_BASE_T009_A03,P02_L100_BASE_T009,4.0,-0.0229,53,53,1,10,0.05885344923806393
P02_L100,base,P02_L100_BASE_T009_A04,P02_L100_BASE_T009,5.0,-0.4011,67,67,1,11,0.05538862320070742
P02_L100,base,P02_L100_BASE_T009_A05,P02_L100_BASE_T009,3.0,0.3552,43,43,1,10,0.11918997958216355
P02_L100,base,P02_L100_BASE_T010_A01,P02_L100_BASE_T010,1.0,0.3552,34,34,1,10,0.09090582932003076
P02_L100,base,P02_L100_BASE_T010_A02,P02_L100_BASE_T010,2.0,0.1662,53,53,1,10,0.09257123575788712
P02_L100,base,P02_L100_BASE_T010_A03,P02_L100_BASE_T010,3.0,-0.212,49,49,1,10,0.0676643502956393
P02_L100,base,P02_L100_BASE_T010_A04,P02_L100_BASE_T010,4.0,-0.4011,38,38,1,10,0.08117377586790923
P02_L100,base,P02_L100_BASE_T010_A05,P02_L100_BASE_T010,5.0,-0.0229,41,41,1,10,0.09090582932003076
P02_L100,base,P02_L100_BASE_T011_A01,P02_L100_BASE_T011,1.0,-0.4011,43,43,1,10,0.10366962466360144
P02_L100,base,P02_L100_BASE_T011_A02,P02_L100_BASE_T011,2.0,0.1662,52,52,1,10,0.09756634337335106
P02_L100,base,P02_L100_BASE_T011_A03,P02_L100_BASE_T011,3.0,-0.0229,38,38,1,10,0.0520283136453255
P02_L100,base,P02_L100_BASE_T011_A04,P02_L100_BASE_T011,4.0,0.3552,41,41,1,10,0.10366974121870853
P02_L100,base,P02_L100_BASE_T011_A05,P02_L100_BASE_T011,5.0,-0.212,48,48,1,10,0.05933351443980976
P02_L100,base,P02_L100_BASE_T012_A01,P02_L100_BASE_T012,1.0,-0.4011,38,38,1,10,0.09090582932003076
P02_L100,base,P02_L100_BASE_T012_A02,P02_L100_BASE_T012,2.0,-0.212,52,52,1,10,0.05933351443980976
P02_L100,base,P02_L100_BASE_T012_A03,P02_L100_BASE_T012,3.0,0.1662,48,48,1,10,0.10366974121870853
P02_L100,base,P02_L100_BASE_T012_A04,P02_L100_BASE_T012,5.0,0.3552,43,43,1,10,0.06472377078953302
P02_L100,base,P02_L100_BASE_T012_A05,P02_L100_BASE_T012,4.0,-0.0229,39,39,1,10,0.10366962466360144
P02_L100,base,P02_L100_BASE_T013_A01,P02_L100_BASE_T013,1.0,-0.3552,50,50,1,10,0.03841315922083088
P02_L100,base,P02_L100_BASE_T013_A02,P02_L100_BASE_T013,2.0,0.4011,42,42,1,10,0.10366974121870853
P02_L100,base,P02_L100_BASE_T013_A03,P02_L100_BASE_T013,4.0,0.0229,36,36,1,10,0.039681877909640055
P02_L100,base,P02_L100_BASE_T013_A04,P02_L100_BASE_T013,5.0,-0.1662,32,32,1,10,0.039681877909640055
P02_L100,base,P02_L100_BASE_T013_A05,P02_L100_BASE_T013,3.0,0.212,52,52,1,11,0.10837972255561872
P02_L100,base,P02_L100_BASE_T014_A01,P02_L100_BASE_T014,1.0,0.4011,41,41,1,10,0.11919001343017
P02_L100,base,P02_L100_BASE_T014_A02,P02_L100_BASE_T014,2.0,-0.3552,47,47,1,10,0.05629578069393223
P02_L100,base,P02_L100_BASE_T014_A03,P02_L100_BASE_T014,3.0,-0.1662,40,40,1,10,0.04525345941874622
P02_L100,base,P02_L100_BASE_T014_A04,P02_L100_BASE_T014,5.0,0.212,42,42,1,10,0.10366974121870853
P02_L100,base,P02_L100_BASE_T014_A05,P02_L100_BASE_T014,4.0,0.0229,56,56,1,10,0.055840254229045524
P02_L100,base,P02_L100_BASE_T015_A01,P02_L100_BASE_T015,1.0,-0.1662,47,47,1,10,0.0425892060977438
P02_L100,base,P02_L100_BASE_T015_A02,P02_L100_BASE_T015,3.0,0.0229,50,50,1,10,0.042589266520501025
P02_L100,base,P02_L100_BASE_T015_A03,P02_L100_BASE_T015,4.0,0.212,43,43,1,10,0.11822573802799824
P02_L100,base,P02_L100_BASE_T015_A04,P02_L100_BASE_T015,5.0,0.4011,50,50,1,10,0.08712123494322348
P02_L100,base,P02_L100_BASE_T015_A05,P02_L100_BASE_T015,2.0,-0.3552,46,46,1,10,0.0425892060977438
P02_L100,flanker,P02_L100_FLANKER_T000_A01,P02_L100_FLANKER_T000,1.0,0.4011,54,54,1,11,0.04570968130161831
P02_L100,flanker,P02_L100_FLANKER_T000_A02,P02_L100_FLANKER_T000,2.0,0.212,58,58,1,10,0.05255282978609274
P02_L100,flanker,P02_L100_FLANKER_T000_A03,P02_L100_FLANKER_T000,3.0,-0.3552,34,34,1,10,0.039681877909640055
P02_L100,flanker,P02_L100_FLANKER_T000_A04,P02_L100_FLANKER_T000,4.0,0.0229,50,50,1,11,0.02502417955084222
P02_L100,flanker,P02_L100_FLANKER_T000_A05,P02_L100_FLANKER_T000,5.0,-0.1662,41,41,1,10,0.04525345941874622
P02_L100,flanker,P02_L100_FLANKER_T001_A01,P02_L100_FLANKER_T001,1.0,-0.3037,54,54,1,10,0.03486258389393714
P02_L100,flanker,P02_L100_FLANKER_T001_A02,P02_L100_FLANKER_T001,2.0,0.4526,60,60,1,11,0.04945880710664739
P02_L100,flanker,P02_L100_FLANKER_T001_A03,P02_L100_FLANKER_T001,3.0,0.0745,37,37,1,10,0.03734570136852233
P02_L100,flanker,P02_L100_FLANKER_T001_A04,P02_L100_FLANKER_T001,4.0,0.2636,42,42,1,10,0.06877264818717442
P02_L100,flanker,P02_L100_FLANKER_T001_A05,P02_L100_FLANKER_T001,5.0,-0.1146,43,43,1,11,0.02729757014789504
P02_L100,flanker,P02_L100_FLANKER_T002_A01,P02_L100_FLANKER_T002,1.0,-0.3037,35,35,1,10,0.04525342630842334
P02_L100,flanker,P02_L100_FLANKER_T002_A02,P02_L100_FLANKER_T002,3.0,-0.1146,41,41,1,10,0.052028357450479935
P02_L100,flanker,P02_L100_FLANKER_T002_A03,P02_L100_FLANKER_T002,4.0,0.4526,39,39,1,10,0.04525342630842334
P02_L100,flanker,P02_L100_FLANKER_T002_A04,P02_L100_FLANKER_T002,2.0,0.2636,51,51,1,11,0.04008182972651699
P02_L100,flanker,P02_L100_FLANKER_T002_A05,P02_L100_FLANKER_T002,5.0,0.0745,61,61,1,11,0.03550124622569791
P02_L100,flanker,P02_L100_FLANKER_T003_A01,P02_L100_FLANKER_T003,1.0,-0.3037,50,50,1,10,0.030570287642914383
P02_L100,flanker,P02_L100_FLANKER_T003_A02,P02_L100_FLANKER_T003,2.0,0.4526,46,46,1,10,0.059333441422541704
P02_L100,flanker,P02_L100_FLANKER_T003_A03,P02_L100_FLANKER_T003,3.0,0.0745,52,52,1,10,0.034862624883508476
P02_L100,flanker,P02_L100_FLANKER_T003_A04,P02_L100_FLANKER_T003,4.0,-0.1146,53,53,1,10,0.07986552220071849
P02_L100,flanker,P02_L100_FLANKER_T003_A05,P02_L100_FLANKER_T003,5.0,0.2636,56,56,1,10,0.03486262446981426
P02_L100,flanker,P02_L100_FLANKER_T004_A01,P02_L100_FLANKER_T004,1.0,0.0745,40,40,1,10,0.04525342630842334
P02_L100,flanker,P02_L100_FLANKER_T004_A02,P02_L100_FLANKER_T004,2.0,-0.3037,43,43,1,10,0.04525345941874622
P02_L100,flanker,P02_L100_FLANKER_T004_A03,P02_L100_FLANKER_T004,3.0,-0.1146,49,49,1,10,0.040408751461248914
P02_L100,flanker,P02_L100_FLANKER_T004_A04,P02_L100_FLANKER_T004,4.0,0.2636,49,49,1,10,0.051607343797021754
P02_L100,flanker,P02_L100_FLANKER_T004_A05,P02_L100_FLANKER_T004,5.0,0.4526,33,33,1,10,0.039681877909640055
P02_L100,flanker,P02_L100_FLANKER_T005_A01,P02_L100_FLANKER_T005,1.0,-0.2578,58,58,1,10,0.05885348234838744
P02_L100,flanker,P02_L100_FLANKER_T005_A02,P02_L100_FLANKER_T005,2.0,0.3094,45,45,1,10,0.051607343797021754
P02_L100,flanker,P02_L100_FLANKER_T005_A03,P02_L100_FLANKER_T005,3.0,0.4985,56,56,1,11,0.04336942515993926
P02_L100,flanker,P02_L100_FLANKER_T005_A04,P02_L100_FLANKER_T005,4.0,-0.0688,65,65,1,10,0.07716494283418325
P02_L100,flanker,P02_L100_FLANKER_T005_A05,P02_L100_FLANKER_T005,5.0,0.1203,48,48,1,10,0.09756634337335106
P02_L100,flanker,P02_L100_FLANKER_T006_A01,P02_L100_FLANKER_T006,1.0,0.1203,45,45,1,10,0.1182256686034135
P02_L100,flanker,P02_L100_FLANKER_T006_A02,P02_L100_FLANKER_T006,2.0,0.3094,51,51,1,11,0.041484683064570975
P02_L100,flanker,P02_L100_FLANKER_T006_A03,P02_L100_FLANKER_T006,3.0,-0.0688,38,38,1,10,0.09090582932003076
P02_L100,flanker,P02_L100_FLANKER_T006_A04,P02_L100_FLANKER_T006,4.0,0.4985,41,41,1,11,0.04148465423704032
P02_L100,flanker,P02_L100_FLANKER_T006_A05,P02_L100_FLANKER_T006,5.0,-0.2578,36,36,1,10,0.09090582932003076
P02_L100,flanker,P02_L100_FLANKER_T007_A01,P02_L100_FLANKER_T007,1.0,-0.0688,56,56,1,11,0.05395211374844702
P02_L100,flanker,P02_L100_FLANKER_T007_A02,P02_L100_FLANKER_T007,2.0,0.1203,39,39,1,10,0.09090582932003076
P02_L100,flanker,P02_L100_FLANKER_T007_A03,P02_L100_FLANKER_T007,4.0,0.3094,40,40,1,10,0.04525342630842334
P02_L100,flanker,P02_L100_FLANKER_T007_A04,P02_L100_FLANKER_T007,3.0,-0.2578,48,48,1,10,0.07842879976245584
P02_L100,flanker,P02_L100_FLANKER_T007_A05,P02_L100_FLANKER_T007,5.0,0.4985,41,41,1,10,0.04525342630842334
P02_L100,flanker,P02_L100_FLANKER_T008_A01,P02_L100_FLANKER_T008,2.0,0.1203,50,50,1,10,0.09257123575788712
P02_L100,flanker,P02_L100_FLANKER_T008_A02,P02_L100_FLANKER_T008,1.0,-0.2578,40,40,1,10,0.09090582932003076
P02_L100,flanker,P02_L100_FLANKER_T008_A03,P02_L100_FLANKER_T008,3.0,0.3094,52,52,1,10,0.052981421808227486
P02_L100,flanker,P02_L100_FLANKER_T008_A04,P02_L100_FLANKER_T008,4.0,0.4985,62,62,1,10,0.05732704218287693
P02_L100,flanker,P02_L100_FLANKER_T008_A05,P02_L100_FLANKER_T008,5.0,-0.0688,51,51,1,10,0.04645836146164087
P02_L100,flanker,P02_L100_FLANKER_T009_A01,P02_L100_FLANKER_T009,1.0,-0.4011,53,53,1,10,0.06590950540164368
P02_L100,flanker,P02_L100_FLANKER_T009_A02,P02_L100_FLANKER_T009,2.0,0.1662,39,39,1,10,0.09090582932003076
P02_L100,flanker,P02_L100_FLANKER_T009_A03,P02_L100_FLANKER_T009,3.0,0.3552,52,52,1,10,0.1348254975465811
P02_L100,flanker,P02_L100_FLANKER_T009_A04,P02_L100_FLANKER_T009,4.0,-0.212,44,44,1,10,0.10366974121870853
P02_L100,flanker,P02_L100_FLANKER_T009_A05,P02_L100_FLANKER_T009,5.0,-0.0229,52,52,1,10,0.07986552220071849
P02_L100,flanker,P02_L100_FLANKER_T010_A01,P02_L100_FLANKER_T010,1.0,-0.4011,35,35,1,10,0.09090582932003076
P02_L100,flanker,P02_L100_FLANKER_T010_A02,P02_L100_FLANKER_T010,2.0,0.3552,46,46,1,10,0.07986562903131689
P02_L100,flanker,P02_L100_FLANKER_T010_A03,P02_L100_FLANKER_T010,4.0,-0.212,40,40,1,10,0.08117377586790923
P02_L100,flanker,P02_L100_FLANKER_T010_A04,P02_L100_FLANKER_T010,3.0,0.1662,41,41,1,10,0.09090582932003076
P02_L100,flanker,P02_L100_FLANKER_T010_A05,P02_L100_FLANKER_T010,5.0,-0.0229,49,49,1,11,0.06253513900676504
P02_L100,flanker,P02_L100_FLANKER_T011_A01,P02_L100_FLANKER_T011,1.0,0.1662,38,38,1,10,0.10366974121870853
P02_L100,flanker,P02_L100_FLANKER_T011_A02,P02_L100_FLANKER_T011,3.0,-0.0229,43,43,1,10,0.052028357450479935
P02_L100,flanker,P02_L100_FLANKER_T011_A03,P02_L100_FLANKER_T011,2.0,0.3552,57,57,1,10,0.06946593111876402
P02_L100,flanker,P02_L100_FLANKER_T011_A04,P02_L100_FLANKER_T011,4.0,-0.212,41,41,1,10,0.08117377586790923
P02_L100,flanker,P02_L100_FLANKER_T011_A05,P02_L100_FLANKER_T011,5.0,-0.4011,66,66,1,10,0.0841751405888225
P02_L100,flanker,P02_L100_FLANKER_T012_A01,P02_L100_FLANKER_T012,1.0,-0.212,56,56,1,10,0.07381141075708943
P02_L100,flanker,P02_L100_FLANKER_T012_A02,P02_L100_FLANKER_T012,2.0,-0.0229,33,33,1,10,0.09090582932003076
P02_L100,flanker,P02_L100_FLANKER_T012_A03,P02_L100_FLANKER_T012,3.0,-0.4011,37,37,1,10,0.0520283136453255
P02_L100,flanker,P02_L100_FLANKER_T012_A04,P02_L100_FLANKER_T012,4.0,0.1662,34,34,1,10,0.09090582932003076
P02_L100,flanker,P02_L100_FLANKER_T012_A05,P02_L100_FLANKER_T012,5.0,0.3552,35,35,1,10,0.09090582932003076
P02_L100,flanker,P02_L100_FLANKER_T013_A01,P02_L100_FLANKER_T013,1.0,0.212,47,47,1,10,0.13482542486267166
P02_L100,flanker,P02_L100_FLANKER_T013_A02,P02_L100_FLANKER_T013,2.0,0.4011,49,49,1,10,0.08051704241544727
P02_L100,flanker,P02_L100_FLANKER_T013_A03,P02_L100_FLANKER_T013,3.0,-0.3552,44,44,1,10,0.0516073797168132
P02_L100,flanker,P02_L100_FLANKER_T013_A04,P02_L100_FLANKER_T013,4.0,0.0229,37,37,1,10,0.04525349573300749
P02_L100,flanker,P02_L100_FLANKER_T013_A05,P02_L100_FLANKER_T013,5.0,-0.1662,71,71,1,11,0.03144404541806643
P02_L100,flanker,P02_L100_FLANKER_T014_A01,P02_L100_FLANKER_T014,1.0,0.0229,45,45,1,10,0.040408751461248914
P02_L100,flanker,P02_L100_FLANKER_T014_A02,P02_L100_FLANKER_T014,2.0,-0.3552,57,57,1,11,0.03195918558809809
P02_L100,flanker,P02_L100_FLANKER_T014_A03,P02_L100_FLANKER_T014,3.0,-0.1662,56,56,1,10,0.05026889393538176
P02_L100,flanker,P02_L100_FLANKER_T014_A04,P02_L100_FLANKER_T014,4.0,0.212,44,44,1,10,0.07842888811897843
P02_L100,flanker,P02_L100_FLANKER_T014_A05,P02_L100_FLANKER_T014,5.0,0.4011,53,53,1,10,0.10283099129869572
P02_L100,flanker,P02_L100_FLANKER_T015_A01,P02_L100_FLANKER_T015,1.0,-0.3552,45,45,1,10,0.035433675422982966
P02_L100,flanker,P02_L100_FLANKER_T015_A02,P02_L100_FLANKER_T015,2.0,0.212,37,37,1,10,0.10366974121870853
P02_L100,flanker,P02_L100_FLANKER_T015_A03,P02_L100_FLANKER_T015,3.0,0.0229,64,64,1,10,0.04190296519250645
P02_L100,flanker,P02_L100_FLANKER_T015_A04,P02_L100_FLANKER_T015,4.0,-0.1662,56,56,1,10,0.040081838628964354
P02_L100,flanker,P02_L100_FLANKER_T015_A05,P02_L100_FLANKER_T015,5.0,0.4011,53,53,1,10,0.06420010906398073
P03_L010,base,P03_L010_BASE_T000_A01,P03_L010_BASE_T000,1.0,-0.1031,44,44,1,10,0.045253462847699266
P03_L010,base,P03_L010_BASE_T000_A02,P03_L010_BASE_T000,2.0,-0.338,46,46,1,10,0.05202831899107683
P03_L010,base,P03_L010_BASE_T000_A03,P03_L010_BASE_T000,3.0,0.1375,45,45,1,10,0.04040878175998518
P03_L010,base,P03_L010_BASE_T000_A04,P03_L010_BASE_T000,4.0,0.3782,49,49,1,10,0.030570300242547154
P03_L010,base,P03_L010_BASE_T001_A01,P03_L010_BASE_T001,1.0,0.1948,52,52,1,10,0.04040878175998518
P03_L010,base,P03_L010_BASE_T001_A02,P03_L010_BASE_T001,2.0,-0.2807,51,51,1,10,0.04040878175998518
P03_L010,base,P03_L010_BASE_T001_A03,P03_L010_BASE_T001,3.0,0.4354,48,48,1,10,0.046458348137724655
P03_L010,base,P03_L010_BASE_T001_A04,P03_L010_BASE_T001,4.0,-0.0401,41,41,1,10,0.06877266217782155
P03_L010,base,P03_L010_BASE_T002_A01,P03_L010_BASE_T002,1.0,-0.0401,55,55,1,10,0.03195918201248962
P03_L010,base,P03_L010_BASE_T002_A02,P03_L010_BASE_T002,2.0,0.1948,46,46,1,10,0.037043474574495416
P03_L010,base,P03_L010_BASE_T002_A03,P03_L010_BASE_T002,3.0,-0.2807,43,43,1,10,0.045253462847699266
P03_L010,base,P03_L010_BASE_T002_A04,P03_L010_BASE_T002,4.0,0.4354,48,48,1,10,0.040408771082781715
P03_L010,base,P03_L010_BASE_T003_A01,P03_L010_BASE_T003,1.0,0.1948,48,48,1,11,0.027297553876201048
P03_L010,base,P03_L010_BASE_T003_A02,P03_L010_BASE_T003,2.0,-0.0401,36,36,1,10,0.03968184288767213
P03_L010,base,P03_L010_BASE_T003_A03,P03_L010_BASE_T003,3.0,0.4354,42,42,1,10,0.04040878175998518
P03_L010,base,P03_L010_BASE_T003_A04,P03_L010_BASE_T003,4.0,-0.2807,44,44,1,10,0.022527414167511004
P03_L010,base,P03_L010_BASE_T004_A01,P03_L010_BASE_T004,1.0,-0.2807,47,47,1,10,0.04407981682379334
P03_L010,base,P03_L010_BASE_T004_A02,P03_L010_BASE_T004,2.0,0.4354,43,43,1,10,0.05202831899107683
P03_L010,base,P03_L010_BASE_T004_A03,P03_L010_BASE_T004,3.0,-0.0401,41,41,1,10,0.045253462847699266
P03_L010,base,P03_L010_BASE_T004_A04,P03_L010_BASE_T004,4.0,0.1948,51,51,1,11,0.023550909118526513
P03_L010,base,P03_L010_BASE_T005_A01,P03_L010_BASE_T005,1.0,-0.0401,52,52,1,10,0.05885337949077298
P03_L010,base,P03_L010_BASE_T005_A02,P03_L010_BASE_T005,2.0,0.4354,59,59,1,10,0.04608249426299101
P03_L010,base,P03_L010_BASE_T005_A03,P03_L010_BASE_T005,3.0,0.1948,46,46,1,10,0.045253462847699266
P03_L010,base,P03_L010_BASE_T005_A04,P03_L010_BASE_T005,4.0,-0.2807,46,46,1,10,0.05160740048771393
P03_L010,base,P03_L010_BASE_T006_A01,P03_L010_BASE_T006,1.0,0.0172,49,49,1,10,0.015218090238422754
P03_L010,base,P03_L010_BASE_T006_A02,P03_L010_BASE_T006,2.0,0.4985,43,43,1,10,0.019753862113211906
P03_L010,base,P03_L010_BASE_T006_A03,P03_L010_BASE_T006,3.0,-0.2235,38,38,1,10,0.019753862113211906
P03_L010,base,P03_L010_BASE_T006_A04,P03_L010_BASE_T006,4.0,0.2578,63,63,1,11,0.014972819352634285
P03_L010,base,P03_L010_BASE_T007_A01,P03_L010_BASE_T007,1.0,-0.2235,49,49,1,10,0.02589999677521126
P03_L010,base,P03_L010_BASE_T007_A02,P03_L010_BASE_T007,2.0,0.0172,65,65,1,11,0.00813071578933677
P03_L010,base,P03_L010_BASE_T007_A03,P03_L010_BASE_T007,3.0,0.4985,63,63,1,10,0.017354800924219645
P03_L010,base,P03_L010_BASE_T007_A04,P03_L010_BASE_T007,4.0,0.2578,46,46,1,10,0.022527451518823485
P03_L010,base,P03_L010_BASE_T008_A01,P03_L010_BASE_T008,1.0,0.4985,46,46,1,10,0.01859086945473481
P03_L010,base,P03_L010_BASE_T008_A02,P03_L010_BASE_T008,2.0,-0.2235,38,38,1,10,0.019753862113211906
P03_L010,base,P03_L010_BASE_T008_A03,P03_L010_BASE_T008,3.0,0.0172,50,50,1,10,0.017042611550770654
P03_L010,base,P03_L010_BASE_T008_A04,P03_L010_BASE_T008,4.0,0.2578,39,39,1,10,0.019753862113211906
P03_L010,base,P03_L010_BASE_T009_A01,P03_L010_BASE_T009,1.0,0.0172,54,54,1,10,0.020115746617136814
P03_L010,base,P03_L010_BASE_T009_A02,P03_L010_BASE_T009,2.0,0.4985,56,56,1,10,0.005159352482547995
P03_L010,base,P03_L010_BASE_T009_A03,P03_L010_BASE_T009,3.0,0.2578,55,55,1,10,0.010923438468546456
P03_L010,base,P03_L010_BASE_T009_A04,P03_L010_BASE_T009,4.0,-0.2235,57,57,1,10,0.020115746617136814
P03_L010,base,P03_L010_BASE_T010_A01,P03_L010_BASE_T010,1.0,-0.4011,53,53,1,10,0.03885535444226134
P03_L010,base,P03_L010_BASE_T010_A02,P03_L010_BASE_T010,2.0,-0.1604,49,49,1,10,0.017099306409766778
P03_L010,base,P03_L010_BASE_T010_A03,P03_L010_BASE_T010,3.0,0.0802,45,45,1,10,0.018652749227224832
P03_L010,base,P03_L010_BASE_T010_A04,P03_L010_BASE_T010,4.0,0.3151,41,41,1,10,0.03174552522738112
P03_L010,base,P03_L010_BASE_T011_A01,P03_L010_BASE_T011,1.0,0.0802,44,44,1,11,0.01914934776262796
P03_L010,base,P03_L010_BASE_T011_A02,P03_L010_BASE_T011,2.0,-0.1604,62,62,1,11,0.014138203450035991
P03_L010,base,P03_L010_BASE_T011_A03,P03_L010_BASE_T011,3.0,-0.4011,34,34,1,10,0.055018151040273376
P03_L010,base,P03_L010_BASE_T011_A04,P03_L010_BASE_T011,4.0,0.3151,47,47,1,10,0.015803085294322946
P03_L010,base,P03_L010_BASE_T012_A01,P03_L010_BASE_T012,1.0,0.3151,43,43,1,10,0.022711196440692527
P03_L010,base,P03_L010_BASE_T012_A02,P03_L010_BASE_T012,2.0,-0.4011,49,49,1,11,0.021201186905698045
P03_L010,base,P03_L010_BASE_T012_A03,P03_L010_BASE_T012,3.0,-0.1604,41,41,1,10,0.022711196440692527
P03_L010,base,P03_L010_BASE_T012_A04,P03_L010_BASE_T012,4.0,0.0802,48,48,1,10,0.017042611550770654
P03_L010,base,P03_L010_BASE_T013_A01,P03_L010_BASE_T013,1.0,-0.1604,48,48,1,10,0.02589999677521126
P03_L010,base,P03_L010_BASE_T013_A02,P03_L010_BASE_T013,2.0,0.3151,38,38,1,10,0.019753862113211906
P03_L010,base,P03_L010_BASE_T013_A03,P03_L010_BASE_T013,3.0,-0.4011,50,50,1,11,0.025024163494164912
P03_L010,base,P03_L010_BASE_T013_A04,P03_L010_BASE_T013,4.0,0.0802,52,52,1,10,0.0256904478020088
P03_L010,base,P03_L010_BASE_T014_A01,P03_L010_BASE_T014,1.0,0.1375,44,44,1,10,0.05202831899107683
P03_L010,base,P03_L010_BASE_T014_A02,P03_L010_BASE_T014,2.0,0.3782,38,38,1,10,0.03968184288767213
P03_L010,base,P03_L010_BASE_T014_A03,P03_L010_BASE_T014,3.0,-0.338,43,43,1,10,0.045253462847699266
P03_L010,base,P03_L010_BASE_T014_A04,P03_L010_BASE_T014,4.0,-0.1031,50,50,1,10,0.04040878175998518
P03_L010,base,P03_L010_BASE_T015_A01,P03_L010_BASE_T015,1.0,0.1375,43,43,1,10,0.03423542814333278
P03_L010,base,P03_L010_BASE_T015_A02,P03_L010_BASE_T015,2.0,-0.338,40,40,1,10,0.04525344404430589
P03_L010,base,P03_L010_BASE_T015_A03,P03_L010_BASE_T015,3.0,-0.1031,58,58,1,11,0.022754505611728846
P03_L010,base,P03_L010_BASE_T015_A04,P03_L010_BASE_T015,4.0,0.3782,36,36,1,10,0.03968184288767213
P03_L010,base,P03_L010_BASE_T016_A01,P03_L010_BASE_T016,1.0,-0.338,37,37,1,10,0.03968184288767213
P03_L010,base,P03_L010_BASE_T016_A02,P03_L010_BASE_T016,2.0,-0.1031,33,33,1,10,0.03968184288767213
P03_L010,base,P03_L010_BASE_T016_A03,P03_L010_BASE_T016,3.0,0.1375,39,39,1,10,0.03968184288767213
P03_L010,base,P03_L010_BASE_T016_A04,P03_L010_BASE_T016,4.0,0.3782,38,38,1,10,0.03968184288767213
P03_L010,flanker,P03_L010_FLANKER_T000_A01,P03_L010_FLANKER_T000,1.0,-0.338,49,49,1,10,0.04040878175998518
P03_L010,flanker,P03_L010_FLANKER_T000_A02,P03_L010_FLANKER_T000,2.0,-0.1031,54,54,1,10,0.03221986149836073
P03_L010,flanker,P03_L010_FLANKER_T000_A03,P03_L010_FLANKER_T000,3.0,0.1375,52,52,1,10,0.03221986445309841
P03_L010,flanker,P03_L010_FLANKER_T000_A04,P03_L010_FLANKER_T000,4.0,0.3782,63,63,1,10,0.02294011819931886
P03_L010,flanker,P03_L010_FLANKER_T001_A01,P03_L010_FLANKER_T001,1.0,-0.2807,34,34,1,10,0.03968184288767213
P03_L010,flanker,P03_L010_FLANKER_T001_A02,P03_L010_FLANKER_T001,2.0,0.1948,51,51,1,10,0.056295777967240855
P03_L010,flanker,P03_L010_FLANKER_T001_A03,P03_L010_FLANKER_T001,3.0,0.4354,51,51,1,10,0.042589221892156866
P03_L010,flanker,P03_L010_FLANKER_T001_A04,P03_L010_FLANKER_T001,4.0,-0.0401,35,35,1,11,0.036377079376536815
P03_L010,flanker,P03_L010_FLANKER_T002_A01,P03_L010_FLANKER_T002,1.0,-0.0401,54,54,1,10,0.03368368986579897
P03_L010,flanker,P03_L010_FLANKER_T002_A02,P03_L010_FLANKER_T002,2.0,-0.2807,49,49,1,10,0.042589221892156866
P03_L010,flanker,P03_L010_FLANKER_T002_A03,P03_L010_FLANKER_T002,3.0,0.4354,62,62,1,10,0.04114906565553137
P03_L010,flanker,P03_L010_FLANKER_T002_A04,P03_L010_FLANKER_T002,4.0,0.1948,36,36,1,10,0.03968184288767213
P03_L010,flanker,P03_L010_FLANKER_T003_A01,P03_L010_FLANKER_T003,1.0,0.1948,53,53,1,10,0.04608248358578634
P03_L010,flanker,P03_L010_FLANKER_T003_A02,P03_L010_FLANKER_T003,2.0,0.4354,38,38,1,10,0.037345643371548304
P03_L010,flanker,P03_L010_FLANKER_T003_A03,P03_L010_FLANKER_T003,3.0,-0.2807,47,47,1,10,0.045253462847699266
P03_L010,flanker,P03_L010_FLANKER_T003_A04,P03_L010_FLANKER_T003,4.0,-0.0401,41,41,1,10,0.04525344404430589
P03_L010,flanker,P03_L010_FLANKER_T004_A01,P03_L010_FLANKER_T004,1.0,0.4354,63,63,1,11,0.029060521725950875
P03_L010,flanker,P03_L010_FLANKER_T004_A02,P03_L010_FLANKER_T004,2.0,0.1948,48,48,1,10,0.02589999677521126
P03_L010,flanker,P03_L010_FLANKER_T004_A03,P03_L010_FLANKER_T004,3.0,-0.0401,47,47,1,10,0.05160740048771393
P03_L010,flanker,P03_L010_FLANKER_T004_A04,P03_L010_FLANKER_T004,4.0,-0.2807,71,71,1,11,0.022570423597776678
P03_L010,flanker,P03_L010_FLANKER_T005_A01,P03_L010_FLANKER_T005,1.0,-0.2235,66,66,1,11,0.01633305917455717
P03_L010,flanker,P03_L010_FLANKER_T005_A02,P03_L010_FLANKER_T005,2.0,0.4985,62,62,1,10,0.02120118565702828
P03_L010,flanker,P03_L010_FLANKER_T005_A03,P03_L010_FLANKER_T005,3.0,0.2578,47,47,1,10,0.02457400611866004
P03_L010,flanker,P03_L010_FLANKER_T005_A04,P03_L010_FLANKER_T005,4.0,0.0172,49,49,1,10,0.014823388069864215
P03_L010,flanker,P03_L010_FLANKER_T006_A01,P03_L010_FLANKER_T006,1.0,-0.2235,50,50,1,10,0.0295365241534624
P03_L010,flanker,P03_L010_FLANKER_T006_A02,P03_L010_FLANKER_T006,2.0,0.4985,47,47,1,10,0.016170059643371478
P03_L010,flanker,P03_L010_FLANKER_T006_A03,P03_L010_FLANKER_T006,3.0,0.0172,61,61,1,11,0.026374465931904987
P03_L010,flanker,P03_L010_FLANKER_T006_A04,P03_L010_FLANKER_T006,4.0,0.2578,44,44,1,10,0.019753862113211906
P03_L010,flanker,P03_L010_FLANKER_T007_A01,P03_L010_FLANKER_T007,1.0,0.4985,43,43,1,10,0.019753862113211906
P03_L010,flanker,P03_L010_FLANKER_T007_A02,P03_L010_FLANKER_T007,2.0,0.0172,51,51,1,10,0.011305755415495186
P03_L010,flanker,P03_L010_FLANKER_T007_A03,P03_L010_FLANKER_T007,3.0,-0.2235,38,38,1,10,0.022711196440692527
P03_L010,flanker,P03_L010_FLANKER_T007_A04,P03_L010_FLANKER_T007,4.0,0.2578,50,50,1,11,0.013588896432927844
P03_L010,flanker,P03_L010_FLANKER_T008_A01,P03_L010_FLANKER_T008,1.0,0.2578,56,56,1,10,0.015218090238422754
P03_L010,flanker,P03_L010_FLANKER_T008_A02,P03_L010_FLANKER_T008,2.0,-0.2235,40,40,1,10,0.022711196440692527
P03_L010,flanker,P03_L010_FLANKER_T008_A03,P03_L010_FLANKER_T008,3.0,0.4985,49,49,1,10,0.017639083045792012
P03_L010,flanker,P03_L010_FLANKER_T008_A04,P03_L010_FLANKER_T008,4.0,0.0172,40,40,1,10,0.014944315113818404
P03_L010,flanker,P03_L010_FLANKER_T009_A01,P03_L010_FLANKER_T009,1.0,-0.4011,50,50,1,10,0.040408771082781715
P03_L010,flanker,P03_L010_FLANKER_T009_A02,P03_L010_FLANKER_T009,2.0,0.3151,58,58,1,11,0.013588896432927844
P03_L010,flanker,P03_L010_FLANKER_T009_A03,P03_L010_FLANKER_T009,3.0,0.0802,46,46,1,10,0.019753862113211906
P03_L010,flanker,P03_L010_FLANKER_T009_A04,P03_L010_FLANKER_T009,4.0,-0.1604,46,46,1,10,0.017181616145560623
P03_L010,flanker,P03_L010_FLANKER_T010_A01,P03_L010_FLANKER_T010,1.0,-0.4011,42,42,1,10,0.03248268718987207
P03_L010,flanker,P03_L010_FLANKER_T010_A02,P03_L010_FLANKER_T010,2.0,0.0802,59,59,1,10,0.013950687620136275
P03_L010,flanker,P03_L010_FLANKER_T010_A03,P03_L010_FLANKER_T010,3.0,-0.1604,68,68,1,10,0.018778265907820127
P03_L010,flanker,P03_L010_FLANKER_T010_A04,P03_L010_FLANKER_T010,4.0,0.3151,39,39,1,10,0.019753862113211906
P03_L010,flanker,P03_L010_FLANKER_T011_A01,P03_L010_FLANKER_T011,1.0,-0.1604,39,39,1,10,0.019753862113211906
P03_L010,flanker,P03_L010_FLANKER_T011_A02,P03_L010_FLANKER_T011,2.0,-0.4011,44,44,1,10,0.05202831899107683
P03_L010,flanker,P03_L010_FLANKER_T011_A03,P03_L010_FLANKER_T011,3.0,0.3151,50,50,1,10,0.013236448016973977
P03_L010,flanker,P03_L010_FLANKER_T011_A04,P03_L010_FLANKER_T011,4.0,0.0802,52,52,1,10,0.019435488290597023
P03_L010,flanker,P03_L010_FLANKER_T012_A01,P03_L010_FLANKER_T012,1.0,-0.4011,38,38,1,10,0.03002035197346584
P03_L010,flanker,P03_L010_FLANKER_T012_A02,P03_L010_FLANKER_T012,2.0,-0.1604,73,73,1,10,0.014206252451234611
P03_L010,flanker,P03_L010_FLANKER_T012_A03,P03_L010_FLANKER_T012,3.0,0.3151,43,43,1,10,0.014944315113818404
P03_L010,flanker,P03_L010_FLANKER_T012_A04,P03_L010_FLANKER_T012,4.0,0.0802,46,46,1,10,0.012233071340969104
P03_L010,flanker,P03_L010_FLANKER_T013_A01,P03_L010_FLANKER_T013,1.0,-0.338,39,39,1,10,0.045253462847699266
P03_L010,flanker,P03_L010_FLANKER_T013_A02,P03_L010_FLANKER_T013,2.0,-0.1031,48,48,1,11,0.027297549166708873
P03_L010,flanker,P03_L010_FLANKER_T013_A03,P03_L010_FLANKER_T013,3.0,0.1375,55,55,1,10,0.029536545750958525
P03_L010,flanker,P03_L010_FLANKER_T013_A04,P03_L010_FLANKER_T013,4.0,0.3782,49,49,1,10,0.039360783996400084
P03_L010,flanker,P03_L010_FLANKER_T014_A01,P03_L010_FLANKER_T014,1.0,0.3782,41,41,1,10,0.035433641252899134
P03_L010,flanker,P03_L010_FLANKER_T014_A02,P03_L010_FLANKER_T014,2.0,-0.1031,51,51,1,10,0.029536564973283344
P03_L010,flanker,P03_L010_FLANKER_T014_A03,P03_L010_FLANKER_T014,3.0,-0.338,33,33,1,10,0.03968184288767213
P03_L010,flanker,P03_L010_FLANKER_T014_A04,P03_L010_FLANKER_T014,4.0,0.1375,69,69,1,11,0.03550125042995924
P03_L010,flanker,P03_L010_FLANKER_T015_A01,P03_L010_FLANKER_T015,1.0,0.1375,36,36,1,10,0.03968184288767213
P03_L010,flanker,P03_L010_FLANKER_T015_A02,P03_L010_FLANKER_T015,2.0,-0.338,45,45,1,10,0.05160738168432055
P03_L010,flanker,P03_L010_FLANKER_T015_A03,P03_L010_FLANKER_T015,3.0,0.3782,53,53,1,10,0.039360779142847746
P03_L010,flanker,P03_L010_FLANKER_T015_A04,P03_L010_FLANKER_T015,4.0,-0.1031,58,58,1,10,0.048569026789105865
P03_L049,base,P03_L049_BASE_T000_A01,P03_L049_BASE_T000,1.0,0.1375,55,55,1,10,0.026640366123819176
P03_L049,base,P03_L049_BASE_T000_A02,P03_L049_BASE_T000,2.0,-0.1031,60,60,1,10,0.0351470028585221
P03_L049,base,P03_L049_BASE_T000_A03,P03_L049_BASE_T000,3.0,-0.338,65,65,1,10,0.008196977405813625
P03_L049,base,P03_L049_BASE_T000_A04,P03_L049_BASE_T000,4.0,0.3782,34,34,1,10,0.0909058654138665
P03_L049,base,P03_L049_BASE_T001_A01,P03_L049_BASE_T001,1.0,-0.0401,52,52,1,10,0.059333484539658955
P03_L049,base,P03_L049_BASE_T001_A02,P03_L049_BASE_T001,2.0,0.1948,70,70,1,10,0.041149061987198636
P03_L049,base,P03_L049_BASE_T001_A03,P03_L049_BASE_T001,3.0,-0.2807,44,44,1,10,0.08783183816307899
P03_L049,base,P03_L049_BASE_T001_A04,P03_L049_BASE_T001,4.0,0.4354,61,61,1,11,0.038726470062381176
P03_L049,base,P03_L049_BASE_T002_A01,P03_L049_BASE_T002,1.0,0.1948,54,54,1,10,0.0448873335516182
P03_L049,base,P03_L049_BASE_T002_A02,P03_L049_BASE_T002,2.0,0.4354,93,93,1,10,0.05170598892400643
P03_L049,base,P03_L049_BASE_T002_A03,P03_L049_BASE_T002,3.0,-0.2807,51,51,1,10,0.07381147453166016
P03_L049,base,P03_L049_BASE_T002_A04,P03_L049_BASE_T002,4.0,-0.0401,56,56,1,10,0.02374302330565136
P03_L049,base,P03_L049_BASE_T003_A01,P03_L049_BASE_T003,1.0,0.4354,47,47,1,10,0.10366977590839072
P03_L049,base,P03_L049_BASE_T003_A02,P03_L049_BASE_T003,2.0,0.1948,56,56,1,11,0.05395204246959706
P03_L049,base,P03_L049_BASE_T003_A03,P03_L049_BASE_T003,3.0,-0.2807,60,60,1,10,0.060420456482524115
P03_L049,base,P03_L049_BASE_T003_A04,P03_L049_BASE_T003,4.0,-0.0401,43,43,1,10,0.05160743521294927
P03_L049,base,P03_L049_BASE_T004_A01,P03_L049_BASE_T004,1.0,0.1948,49,49,1,10,0.09756639915038429
P03_L049,base,P03_L049_BASE_T004_A02,P03_L049_BASE_T004,2.0,0.4354,51,51,1,10,0.06091329073462554
P03_L049,base,P03_L049_BASE_T004_A03,P03_L049_BASE_T004,3.0,-0.2807,51,51,1,11,0.06253510511126159
P03_L049,base,P03_L049_BASE_T004_A04,P03_L049_BASE_T004,4.0,-0.0401,49,49,1,11,0.03608276850654063
P03_L049,base,P03_L049_BASE_T005_A01,P03_L049_BASE_T005,1.0,0.4985,58,58,1,10,0.029297522042844252
P03_L049,base,P03_L049_BASE_T005_A02,P03_L049_BASE_T005,2.0,0.0172,51,51,1,10,0.0425892393469429
P03_L049,base,P03_L049_BASE_T005_A03,P03_L049_BASE_T005,3.0,-0.2235,45,45,1,10,0.03543364948628696
P03_L049,base,P03_L049_BASE_T005_A04,P03_L049_BASE_T005,4.0,0.2578,50,50,1,10,0.030570322739782135
P03_L049,base,P03_L049_BASE_T006_A01,P03_L049_BASE_T006,1.0,0.0172,49,49,1,10,0.040408798709597044
P03_L049,base,P03_L049_BASE_T006_A02,P03_L049_BASE_T006,2.0,0.2578,48,48,1,10,0.03734564848754757
P03_L049,base,P03_L049_BASE_T006_A03,P03_L049_BASE_T006,3.0,-0.2235,37,37,1,10,0.03968185155234242
P03_L049,base,P03_L049_BASE_T006_A04,P03_L049_BASE_T006,4.0,0.4985,39,39,1,10,0.03543364948628696
P03_L049,base,P03_L049_BASE_T007_A01,P03_L049_BASE_T007,1.0,0.0172,32,32,1,10,0.03968185155234242
P03_L049,base,P03_L049_BASE_T007_A02,P03_L049_BASE_T007,2.0,-0.2235,40,40,1,11,0.023936679469264685
P03_L049,base,P03_L049_BASE_T007_A03,P03_L049_BASE_T007,3.0,0.2578,52,52,1,11,0.020651321485392164
P03_L049,base,P03_L049_BASE_T007_A04,P03_L049_BASE_T007,4.0,0.4985,39,39,1,11,0.018108727643123504
P03_L049,base,P03_L049_BASE_T008_A01,P03_L049_BASE_T008,1.0,0.0172,52,52,1,11,0.031130354217404628
P03_L049,base,P03_L049_BASE_T008_A02,P03_L049_BASE_T008,2.0,0.4985,52,52,1,10,0.03221990346357536
P03_L049,base,P03_L049_BASE_T008_A03,P03_L049_BASE_T008,3.0,0.2578,43,43,1,10,0.034235441585103665
P03_L049,base,P03_L049_BASE_T008_A04,P03_L049_BASE_T008,4.0,-0.2235,44,44,1,10,0.04525351125685756
P03_L049,base,P03_L049_BASE_T009_A01,P03_L049_BASE_T009,1.0,0.0802,52,52,1,11,0.016600604484112984
P03_L049,base,P03_L049_BASE_T009_A02,P03_L049_BASE_T009,2.0,0.3151,37,37,1,10,0.03002035894580909
P03_L049,base,P03_L049_BASE_T009_A03,P03_L049_BASE_T009,3.0,-0.1604,50,50,1,10,0.025690455551422978
P03_L049,base,P03_L049_BASE_T009_A04,P03_L049_BASE_T009,4.0,-0.4011,44,44,1,10,0.05933348769357536
P03_L049,base,P03_L049_BASE_T010_A01,P03_L049_BASE_T010,1.0,0.3151,59,59,1,11,0.023550913353975265
P03_L049,base,P03_L049_BASE_T010_A02,P03_L049_BASE_T010,2.0,-0.1604,41,41,1,10,0.04525348353309591
P03_L049,base,P03_L049_BASE_T010_A03,P03_L049_BASE_T010,3.0,-0.4011,46,46,1,11,0.054835761491839476
P03_L049,base,P03_L049_BASE_T010_A04,P03_L049_BASE_T010,4.0,0.0802,47,47,1,10,0.034235441585103665
P03_L049,base,P03_L049_BASE_T011_A01,P03_L049_BASE_T011,1.0,0.3151,40,40,1,10,0.03002035894580909
P03_L049,base,P03_L049_BASE_T011_A02,P03_L049_BASE_T011,2.0,-0.1604,57,57,1,11,0.026374471008304333
P03_L049,base,P03_L049_BASE_T011_A03,P03_L049_BASE_T011,3.0,0.0802,50,50,1,10,0.01749637230958659
P03_L049,base,P03_L049_BASE_T011_A04,P03_L049_BASE_T011,4.0,-0.4011,48,48,1,10,0.07003257315112259
P03_L049,base,P03_L049_BASE_T012_A01,P03_L049_BASE_T012,1.0,0.0802,41,41,1,10,0.019753858650415197
P03_L049,base,P03_L049_BASE_T012_A02,P03_L049_BASE_T012,2.0,-0.4011,46,46,1,11,0.05118985489362587
P03_L049,base,P03_L049_BASE_T012_A03,P03_L049_BASE_T012,3.0,-0.1604,42,42,1,10,0.025900007304281738
P03_L049,base,P03_L049_BASE_T012_A04,P03_L049_BASE_T012,4.0,0.3151,39,39,1,10,0.04525351125685756
P03_L049,base,P03_L049_BASE_T013_A01,P03_L049_BASE_T013,1.0,-0.1031,40,40,1,10,0.06877267123620542
P03_L049,base,P03_L049_BASE_T013_A02,P03_L049_BASE_T013,2.0,0.3782,47,47,1,11,0.04730946876906523
P03_L049,base,P03_L049_BASE_T013_A03,P03_L049_BASE_T013,3.0,-0.338,42,42,1,10,0.08117380261491267
P03_L049,base,P03_L049_BASE_T013_A04,P03_L049_BASE_T013,4.0,0.1375,46,46,1,10,0.05933348769357536
P03_L049,base,P03_L049_BASE_T014_A01,P03_L049_BASE_T014,1.0,-0.338,43,43,1,10,0.08555393321129008
P03_L049,base,P03_L049_BASE_T014_A02,P03_L049_BASE_T014,2.0,-0.1031,41,41,1,10,0.04525348353309591
P03_L049,base,P03_L049_BASE_T014_A03,P03_L049_BASE_T014,3.0,0.3782,43,43,1,11,0.054835761491839476
P03_L049,base,P03_L049_BASE_T014_A04,P03_L049_BASE_T014,4.0,0.1375,44,44,1,10,0.08555393321129008
P03_L049,base,P03_L049_BASE_T015_A01,P03_L049_BASE_T015,1.0,-0.338,41,41,1,10,0.05160743521294927
P03_L049,base,P03_L049_BASE_T015_A02,P03_L049_BASE_T015,2.0,0.3782,43,43,1,11,0.0414847091672321
P03_L049,base,P03_L049_BASE_T015_A03,P03_L049_BASE_T015,3.0,-0.1031,47,47,1,11,0.06253510511126159
P03_L049,base,P03_L049_BASE_T015_A04,P03_L049_BASE_T015,4.0,0.1375,65,65,1,11,0.06890397156278953
P03_L049,flanker,P03_L049_FLANKER_T000_A01,P03_L049_FLANKER_T000,1.0,0.3782,46,46,1,11,0.0414847091672321
P03_L049,flanker,P03_L049_FLANKER_T000_A02,P03_L049_FLANKER_T000,2.0,-0.338,37,37,1,10,0.09090584044542614
P03_L049,flanker,P03_L049_FLANKER_T000_A03,P03_L049_FLANKER_T000,3.0,-0.1031,44,44,1,10,0.06877267123620542
P03_L049,flanker,P03_L049_FLANKER_T000_A04,P03_L049_FLANKER_T000,4.0,0.1375,43,43,1,10,0.0909058654138665
P03_L049,flanker,P03_L049_FLANKER_T001_A01,P03_L049_FLANKER_T001,1.0,-0.2807,51,51,1,10,0.06711692927958052
P03_L049,flanker,P03_L049_FLANKER_T001_A02,P03_L049_FLANKER_T001,2.0,0.1948,47,47,1,10,0.04896524038926543
P03_L049,flanker,P03_L049_FLANKER_T001_A03,P03_L049_FLANKER_T001,3.0,0.4354,37,37,1,10,0.08555393321129008
P03_L049,flanker,P03_L049_FLANKER_T001_A04,P03_L049_FLANKER_T001,4.0,-0.0401,47,47,1,10,0.07842888353851639
P03_L049,flanker,P03_L049_FLANKER_T002_A01,P03_L049_FLANKER_T002,1.0,-0.0401,47,47,1,11,0.04008186123719354
P03_L049,flanker,P03_L049_FLANKER_T002_A02,P03_L049_FLANKER_T002,2.0,0.1948,42,42,1,10,0.05341362063333839
P03_L049,flanker,P03_L049_FLANKER_T002_A03,P03_L049_FLANKER_T002,3.0,-0.2807,44,44,1,10,0.06877267123620542
P03_L049,flanker,P03_L049_FLANKER_T002_A04,P03_L049_FLANKER_T002,4.0,0.4354,41,41,1,11,0.054835761491839476
P03_L049,flanker,P03_L049_FLANKER_T003_A01,P03_L049_FLANKER_T003,1.0,-0.0401,47,47,1,11,0.06253515142127972
P03_L049,flanker,P03_L049_FLANKER_T003_A02,P03_L049_FLANKER_T003,2.0,0.4354,39,39,1,10,0.11919002123245238
P03_L049,flanker,P03_L049_FLANKER_T003_A03,P03_L049_FLANKER_T003,3.0,0.1948,72,72,1,10,0.11422781161876223
P03_L049,flanker,P03_L049_FLANKER_T003_A04,P03_L049_FLANKER_T003,4.0,-0.2807,44,44,1,10,0.10366977590839072
P03_L049,flanker,P03_L049_FLANKER_T004_A01,P03_L049_FLANKER_T004,1.0,-0.2807,46,46,1,10,0.040408798709597044
P03_L049,flanker,P03_L049_FLANKER_T004_A02,P03_L049_FLANKER_T004,2.0,0.1948,55,55,1,10,0.08944090668026619
P03_L049,flanker,P03_L049_FLANKER_T004_A03,P03_L049_FLANKER_T004,3.0,0.4354,43,43,1,10,0.06877267123620542
P03_L049,flanker,P03_L049_FLANKER_T004_A04,P03_L049_FLANKER_T004,4.0,-0.0401,69,69,1,11,0.03644649383823683
P03_L049,flanker,P03_L049_FLANKER_T005_A01,P03_L049_FLANKER_T005,1.0,0.0172,48,48,1,11,0.04148473090602556
P03_L049,flanker,P03_L049_FLANKER_T005_A02,P03_L049_FLANKER_T005,2.0,-0.2235,36,36,1,10,0.03968185155234242
P03_L049,flanker,P03_L049_FLANKER_T005_A03,P03_L049_FLANKER_T005,3.0,0.4985,39,39,1,10,0.05160741024450899
P03_L049,flanker,P03_L049_FLANKER_T005_A04,P03_L049_FLANKER_T005,4.0,0.2578,45,45,1,10,0.034235472716539955
P03_L049,flanker,P03_L049_FLANKER_T006_A01,P03_L049_FLANKER_T006,1.0,0.4985,52,52,1,10,0.029536554842345308
P03_L049,flanker,P03_L049_FLANKER_T006_A02,P03_L049_FLANKER_T006,2.0,0.2578,45,45,1,10,0.03248269345428144
P03_L049,flanker,P03_L049_FLANKER_T006_A03,P03_L049_FLANKER_T006,3.0,-0.2235,53,53,1,11,0.02355095538636254
P03_L049,flanker,P03_L049_FLANKER_T006_A04,P03_L049_FLANKER_T006,4.0,0.0172,42,42,1,10,0.03968185155234242
P03_L049,flanker,P03_L049_FLANKER_T007_A01,P03_L049_FLANKER_T007,1.0,-0.2235,37,37,1,10,0.04525351125685756
P03_L049,flanker,P03_L049_FLANKER_T007_A02,P03_L049_FLANKER_T007,2.0,0.0172,54,54,1,10,0.0313842302422984
P03_L049,flanker,P03_L049_FLANKER_T007_A03,P03_L049_FLANKER_T007,3.0,0.4985,41,41,1,10,0.04525348353309591
P03_L049,flanker,P03_L049_FLANKER_T007_A04,P03_L049_FLANKER_T007,4.0,0.2578,42,42,1,11,0.018108727643123504
P03_L049,flanker,P03_L049_FLANKER_T008_A01,P03_L049_FLANKER_T008,1.0,-0.2235,36,36,1,11,0.03637709273734868
P03_L049,flanker,P03_L049_FLANKER_T008_A02,P03_L049_FLANKER_T008,2.0,0.4985,48,48,1,10,0.034235441585103665
P03_L049,flanker,P03_L049_FLANKER_T008_A03,P03_L049_FLANKER_T008,3.0,0.2578,48,48,1,11,0.031130354217404628
P03_L049,flanker,P03_L049_FLANKER_T008_A04,P03_L049_FLANKER_T008,4.0,0.0172,77,77,1,11,0.022983872273788862
P03_L049,flanker,P03_L049_FLANKER_T009_A01,P03_L049_FLANKER_T009,1.0,-0.4011,48,48,1,10,0.07639478181411753
P03_L049,flanker,P03_L049_FLANKER_T009_A02,P03_L049_FLANKER_T009,2.0,0.3151,36,36,1,10,0.03002035894580909
P03_L049,flanker,P03_L049_FLANKER_T009_A03,P03_L049_FLANKER_T009,3.0,0.0802,54,54,1,10,0.03904236105247451
P03_L049,flanker,P03_L049_FLANKER_T009_A04,P03_L049_FLANKER_T009,4.0,-0.1604,45,45,1,10,0.03543364948628696
P03_L049,flanker,P03_L049_FLANKER_T010_A01,P03_L049_FLANKER_T010,1.0,0.0802,39,39,1,10,0.019753858650415197
P03_L049,flanker,P03_L049_FLANKER_T010_A02,P03_L049_FLANKER_T010,2.0,-0.1604,43,43,1,10,0.01763908090016972
P03_L049,flanker,P03_L049_FLANKER_T010_A03,P03_L049_FLANKER_T010,3.0,0.3151,51,51,1,10,0.029536554842345308
P03_L049,flanker,P03_L049_FLANKER_T010_A04,P03_L049_FLANKER_T010,4.0,-0.4011,40,40,1,10,0.06877265922427704
P03_L049,flanker,P03_L049_FLANKER_T011_A01,P03_L049_FLANKER_T011,1.0,0.0802,52,52,1,10,0.02802436830502783
P03_L049,flanker,P03_L049_FLANKER_T011_A02,P03_L049_FLANKER_T011,2.0,0.3151,56,56,1,10,0.02569049414526267
P03_L049,flanker,P03_L049_FLANKER_T011_A03,P03_L049_FLANKER_T011,3.0,-0.1604,45,45,1,10,0.04525351125685756
P03_L049,flanker,P03_L049_FLANKER_T011_A04,P03_L049_FLANKER_T011,4.0,-0.4011,50,50,1,10,0.09257126220265074
P03_L049,flanker,P03_L049_FLANKER_T012_A01,P03_L049_FLANKER_T012,1.0,0.3782,53,53,1,10,0.07003254003120093
P03_L049,flanker,P03_L049_FLANKER_T012_A02,P03_L049_FLANKER_T012,2.0,-0.338,42,42,1,10,0.10366977590839072
P03_L049,flanker,P03_L049_FLANKER_T012_A03,P03_L049_FLANKER_T012,3.0,-0.1031,44,44,1,10,0.06877267123620542
P03_L049,flanker,P03_L049_FLANKER_T012_A04,P03_L049_FLANKER_T012,4.0,0.1375,44,44,1,10,0.07441354131300863
P03_L049,flanker,P03_L049_FLANKER_T013_A01,P03_L049_FLANKER_T013,1.0,0.0802,55,55,1,10,0.034235472716539955
P03_L049,flanker,P03_L049_FLANKER_T013_A02,P03_L049_FLANKER_T013,2.0,0.3151,65,65,1,11,0.02462087075536901
P03_L049,flanker,P03_L049_FLANKER_T013_A03,P03_L049_FLANKER_T013,3.0,-0.1604,53,53,1,10,0.021201170476140677
P03_L049,flanker,P03_L049_FLANKER_T013_A04,P03_L049_FLANKER_T013,4.0,-0.4011,42,42,1,10,0.05933348769357536
P03_L049,flanker,P03_L049_FLANKER_T014_A01,P03_L049_FLANKER_T014,1.0,-0.1031,52,52,1,10,0.09257119934751044
P03_L049,flanker,P03_L049_FLANKER_T014_A02,P03_L049_FLANKER_T014,2.0,0.3782,49,49,1,10,0.06766437041086451
P03_L049,flanker,P03_L049_FLANKER_T014_A03,P03_L049_FLANKER_T014,3.0,0.1375,50,50,1,10,0.05026897222611628
P03_L049,flanker,P03_L049_FLANKER_T014_A04,P03_L049_FLANKER_T014,4.0,-0.338,63,63,1,10,0.0689041763440691
P03_L049,flanker,P03_L049_FLANKER_T015_A01,P03_L049_FLANKER_T015,1.0,-0.338,41,41,1,10,0.06877265922427704
P03_L049,flanker,P03_L049_FLANKER_T015_A02,P03_L049_FLANKER_T015,2.0,-0.1031,47,47,1,10,0.05202834644682993
P03_L049,flanker,P03_L049_FLANKER_T015_A03,P03_L049_FLANKER_T015,3.0,0.3782,38,38,1,10,0.06877267123620542
P03_L049,flanker,P03_L049_FLANKER_T015_A04,P03_L049_FLANKER_T015,4.0,0.1375,52,52,1,11,0.04570965078181494
P03_L100,base,P03_L100_BASE_T000_A01,P03_L100_BASE_T000,1.0,0.212,37,37,1,10,0.11919005678179921
P03_L100,base,P03_L100_BASE_T000_A02,P03_L100_BASE_T000,2.0,-0.3552,41,41,1,10,0.0520283136453255
P03_L100,base,P03_L100_BASE_T000_A03,P03_L100_BASE_T000,3.0,0.0229,47,47,1,10,0.06766425973496472
P03_L100,base,P03_L100_BASE_T000_A04,P03_L100_BASE_T000,4.0,-0.1662,58,58,1,11,0.05395199777929407
P03_L100,base,P03_L100_BASE_T000_A05,P03_L100_BASE_T000,5.0,0.4011,47,47,1,10,0.10366974121870853
P03_L100,base,P03_L100_BASE_T001_A01,P03_L100_BASE_T001,1.0,-0.1146,45,45,1,10,0.08117377586790923
P03_L100,base,P03_L100_BASE_T001_A02,P03_L100_BASE_T001,2.0,0.0745,44,44,1,10,0.07842888811897843
P03_L100,base,P03_L100_BASE_T001_A03,P03_L100_BASE_T001,3.0,-0.3037,46,46,1,10,0.05933351443980976
P03_L100,base,P03_L100_BASE_T001_A04,P03_L100_BASE_T001,4.0,0.2636,48,48,1,11,0.04730944682925269
P03_L100,base,P03_L100_BASE_T001_A05,P03_L100_BASE_T001,5.0,0.4526,45,45,1,10,0.05629578069393223
P03_L100,base,P03_L100_BASE_T002_A01,P03_L100_BASE_T002,1.0,-0.1146,37,37,1,10,0.09090582932003076
P03_L100,base,P03_L100_BASE_T002_A02,P03_L100_BASE_T002,2.0,0.2636,34,34,1,10,0.09090582932003076
P03_L100,base,P03_L100_BASE_T002_A03,P03_L100_BASE_T002,3.0,0.4526,50,50,1,11,0.04336942515993926
P03_L100,base,P03_L100_BASE_T002_A04,P03_L100_BASE_T002,4.0,-0.3037,40,40,1,10,0.06877270355328113
P03_L100,base,P03_L100_BASE_T002_A05,P03_L100_BASE_T002,5.0,0.0745,44,44,1,10,0.040408751461248914
P03_L100,base,P03_L100_BASE_T003_A01,P03_L100_BASE_T003,1.0,0.0745,34,34,1,10,0.04683733873041354
P03_L100,base,P03_L100_BASE_T003_A02,P03_L100_BASE_T003,2.0,-0.1146,42,42,1,11,0.054835748338971986
P03_L100,base,P03_L100_BASE_T003_A03,P03_L100_BASE_T003,3.0,0.2636,47,47,1,10,0.06472377078953302
P03_L100,base,P03_L100_BASE_T003_A04,P03_L100_BASE_T003,4.0,0.4526,64,64,1,10,0.05439207257523213
P03_L100,base,P03_L100_BASE_T003_A05,P03_L100_BASE_T003,5.0,-0.3037,42,42,1,10,0.059333441422541704
P03_L100,base,P03_L100_BASE_T004_A01,P03_L100_BASE_T004,1.0,-0.1146,52,52,1,10,0.06091321848022459
P03_L100,base,P03_L100_BASE_T004_A02,P03_L100_BASE_T004,2.0,0.0745,48,48,1,10,0.059333441422541704
P03_L100,base,P03_L100_BASE_T004_A03,P03_L100_BASE_T004,3.0,0.2636,51,51,1,11,0.050268970183544
P03_L100,base,P03_L100_BASE_T004_A04,P03_L100_BASE_T004,4.0,0.4526,43,43,1,10,0.10366962466360144
P03_L100,base,P03_L100_BASE_T004_A05,P03_L100_BASE_T004,5.0,-0.3037,47,47,1,10,0.05933351443980976
P03_L100,base,P03_L100_BASE_T005_A01,P03_L100_BASE_T005,1.0,0.4985,57,57,1,10,0.07654066553958061
P03_L100,base,P03_L100_BASE_T005_A02,P03_L100_BASE_T005,2.0,0.3094,44,44,1,10,0.06877264818717442
P03_L100,base,P03_L100_BASE_T005_A03,P03_L100_BASE_T005,3.0,0.1203,55,55,1,10,0.12039151803583485
P03_L100,base,P03_L100_BASE_T005_A04,P03_L100_BASE_T005,4.0,-0.2578,46,46,1,10,0.09677700241964925
P03_L100,base,P03_L100_BASE_T005_A05,P03_L100_BASE_T005,5.0,-0.0688,59,59,1,11,0.12359702804874788
P03_L100,base,P03_L100_BASE_T006_A01,P03_L100_BASE_T006,1.0,0.4985,42,42,1,11,0.04730944682925269
P03_L100,base,P03_L100_BASE_T006_A02,P03_L100_BASE_T006,2.0,-0.0688,45,45,1,10,0.1182256686034135
P03_L100,base,P03_L100_BASE_T006_A03,P03_L100_BASE_T006,3.0,0.1203,42,42,1,10,0.10366974121870853
P03_L100,base,P03_L100_BASE_T006_A04,P03_L100_BASE_T006,4.0,0.3094,47,47,1,10,0.06821624581694659
P03_L100,base,P03_L100_BASE_T006_A05,P03_L100_BASE_T006,5.0,-0.2578,49,49,1,10,0.07842888811897843
P03_L100,base,P03_L100_BASE_T007_A01,P03_L100_BASE_T007,1.0,0.3094,42,42,1,10,0.04525345941874622
P03_L100,base,P03_L100_BASE_T007_A02,P03_L100_BASE_T007,2.0,0.4985,49,49,1,10,0.051607343797021754
P03_L100,base,P03_L100_BASE_T007_A03,P03_L100_BASE_T007,3.0,-0.0688,38,38,1,10,0.10366974121870853
P03_L100,base,P03_L100_BASE_T007_A04,P03_L100_BASE_T007,4.0,0.1203,37,37,1,10,0.10366974121870853
P03_L100,base,P03_L100_BASE_T007_A05,P03_L100_BASE_T007,5.0,-0.2578,42,42,1,10,0.11919005678179921
P03_L100,base,P03_L100_BASE_T008_A01,P03_L100_BASE_T008,1.0,-0.2578,38,38,1,10,0.10366974121870853
P03_L100,base,P03_L100_BASE_T008_A02,P03_L100_BASE_T008,2.0,0.4985,44,44,1,10,0.05933351443980976
P03_L100,base,P03_L100_BASE_T008_A03,P03_L100_BASE_T008,3.0,0.1203,40,40,1,10,0.09090582932003076
P03_L100,base,P03_L100_BASE_T008_A04,P03_L100_BASE_T008,4.0,0.3094,39,39,1,10,0.0520283136453255
P03_L100,base,P03_L100_BASE_T008_A05,P03_L100_BASE_T008,5.0,-0.0688,37,37,1,10,0.10366974121870853
P03_L100,base,P03_L100_BASE_T009_A01,P03_L100_BASE_T009,1.0,-0.0229,41,41,1,10,0.10366974121870853
P03_L100,base,P03_L100_BASE_T009_A02,P03_L100_BASE_T009,2.0,-0.4011,46,46,1,10,0.08486170876359471
P03_L100,base,P03_L100_BASE_T009_A03,P03_L100_BASE_T009,3.0,0.1662,44,44,1,10,0.10016408662462595
P03_L100,base,P03_L100_BASE_T009_A04,P03_L100_BASE_T009,4.0,-0.212,60,60,1,10,0.10471483817436146
P03_L100,base,P03_L100_BASE_T009_A05,P03_L100_BASE_T009,5.0,0.3552,58,58,1,11,0.10837972255561872
P03_L100,base,P03_L100_BASE_T010_A01,P03_L100_BASE_T010,1.0,-0.4011,41,41,1,10,0.13592517897171238
P03_L100,base,P03_L100_BASE_T010_A02,P03_L100_BASE_T010,2.0,-0.0229,49,49,1,10,0.0918222923144829
P03_L100,base,P03_L100_BASE_T010_A03,P03_L100_BASE_T010,3.0,0.1662,52,52,1,11,0.12359702804874788
P03_L100,base,P03_L100_BASE_T010_A04,P03_L100_BASE_T010,4.0,-0.212,61,61,1,10,0.1348254975465811
P03_L100,base,P03_L100_BASE_T010_A05,P03_L100_BASE_T010,5.0,0.3552,46,46,1,10,0.1182256686034135
P03_L100,base,P03_L100_BASE_T011_A01,P03_L100_BASE_T011,1.0,-0.212,41,41,1,10,0.1182256686034135
P03_L100,base,P03_L100_BASE_T011_A02,P03_L100_BASE_T011,2.0,-0.4011,42,42,1,10,0.12359702804874788
P03_L100,base,P03_L100_BASE_T011_A03,P03_L100_BASE_T011,3.0,-0.0229,47,47,1,11,0.10471483290021334
P03_L100,base,P03_L100_BASE_T011_A04,P03_L100_BASE_T011,4.0,0.1662,43,43,1,10,0.10366974121870853
P03_L100,base,P03_L100_BASE_T011_A05,P03_L100_BASE_T011,5.0,0.3552,36,36,1,10,0.10366974121870853
P03_L100,base,P03_L100_BASE_T012_A01,P03_L100_BASE_T012,1.0,-0.0229,49,49,1,10,0.1550101086177315
P03_L100,base,P03_L100_BASE_T012_A02,P03_L100_BASE_T012,2.0,0.1662,41,41,1,10,0.10643000278226544
P03_L100,base,P03_L100_BASE_T012_A03,P03_L100_BASE_T012,3.0,-0.4011,39,39,1,10,0.1575491364806032
P03_L100,base,P03_L100_BASE_T012_A04,P03_L100_BASE_T012,4.0,-0.212,41,41,1,10,0.21206838792642926
P03_L100,base,P03_L100_BASE_T012_A05,P03_L100_BASE_T012,5.0,0.3552,50,50,1,11,0.09503597473396212
P03_L100,base,P03_L100_BASE_T013_A01,P03_L100_BASE_T013,1.0,0.0229,49,49,1,10,0.051607343797021754
P03_L100,base,P03_L100_BASE_T013_A02,P03_L100_BASE_T013,2.0,-0.1662,43,43,1,10,0.1072980262193196
P03_L100,base,P03_L100_BASE_T013_A03,P03_L100_BASE_T013,3.0,-0.3552,48,48,1,10,0.07639480208179217
P03_L100,base,P03_L100_BASE_T013_A04,P03_L100_BASE_T013,4.0,0.4011,44,44,1,10,0.14068239182193268
P03_L100,base,P03_L100_BASE_T013_A05,P03_L100_BASE_T013,5.0,0.212,34,34,1,10,0.10366974121870853
P03_L100,base,P03_L100_BASE_T014_A01,P03_L100_BASE_T014,1.0,-0.1662,41,41,1,10,0.06877264818717442
P03_L100,base,P03_L100_BASE_T014_A02,P03_L100_BASE_T014,2.0,-0.3552,57,57,1,11,0.07131547740509345
P03_L100,base,P03_L100_BASE_T014_A03,P03_L100_BASE_T014,3.0,0.4011,40,40,1,10,0.10366974121870853
P03_L100,base,P03_L100_BASE_T014_A04,P03_L100_BASE_T014,4.0,0.0229,36,36,1,10,0.09090582932003076
P03_L100,base,P03_L100_BASE_T014_A05,P03_L100_BASE_T014,5.0,0.212,56,56,1,10,0.10556890770886998
P03_L100,base,P03_L100_BASE_T015_A01,P03_L100_BASE_T015,1.0,0.4011,43,43,1,10,0.10366974121870853
P03_L100,base,P03_L100_BASE_T015_A02,P03_L100_BASE_T015,2.0,-0.1662,47,47,1,10,0.04645836146164087
P03_L100,base,P03_L100_BASE_T015_A03,P03_L100_BASE_T015,3.0,0.212,36,36,1,10,0.10366974121870853
P03_L100,base,P03_L100_BASE_T015_A04,P03_L100_BASE_T015,4.0,0.0229,40,40,1,10,0.0516073797168132
P03_L100,base,P03_L100_BASE_T015_A05,P03_L100_BASE_T015,5.0,-0.3552,51,51,1,10,0.07842888811897843
P03_L100,flanker,P03_L100_FLANKER_T000_A01,P03_L100_FLANKER_T000,1.0,-0.1662,43,43,1,10,0.0493646792045203
P03_L100,flanker,P03_L100_FLANKER_T000_A02,P03_L100_FLANKER_T000,2.0,0.212,37,37,1,10,0.10366974121870853
P03_L100,flanker,P03_L100_FLANKER_T000_A03,P03_L100_FLANKER_T000,3.0,0.4011,55,55,1,11,0.09935363805702438
P03_L100,flanker,P03_L100_FLANKER_T000_A04,P03_L100_FLANKER_T000,4.0,-0.3552,40,40,1,10,0.0520283136453255
P03_L100,flanker,P03_L100_FLANKER_T000_A05,P03_L100_FLANKER_T000,5.0,0.0229,47,47,1,10,0.06766425973496472
P03_L100,flanker,P03_L100_FLANKER_T001_A01,P03_L100_FLANKER_T001,1.0,-0.3037,38,38,1,10,0.0520283136453255
P03_L100,flanker,P03_L100_FLANKER_T001_A02,P03_L100_FLANKER_T001,2.0,-0.1146,40,40,1,10,0.0520283136453255
P03_L100,flanker,P03_L100_FLANKER_T001_A03,P03_L100_FLANKER_T001,3.0,0.0745,52,52,1,11,0.06253505905974674
P03_L100,flanker,P03_L100_FLANKER_T001_A04,P03_L100_FLANKER_T001,4.0,0.4526,56,56,1,10,0.04008180965643985
P03_L100,flanker,P03_L100_FLANKER_T001_A05,P03_L100_FLANKER_T001,5.0,0.2636,44,44,1,10,0.03221986222512224
P03_L100,flanker,P03_L100_FLANKER_T002_A01,P03_L100_FLANKER_T002,1.0,0.4526,40,40,1,10,0.04525345941874622
P03_L100,flanker,P03_L100_FLANKER_T002_A02,P03_L100_FLANKER_T002,2.0,-0.3037,39,39,1,10,0.0520283136453255
P03_L100,flanker,P03_L100_FLANKER_T002_A03,P03_L100_FLANKER_T002,3.0,0.0745,41,41,1,10,0.051607343797021754
P03_L100,flanker,P03_L100_FLANKER_T002_A04,P03_L100_FLANKER_T002,4.0,-0.1146,43,43,1,10,0.04525349573300749
P03_L100,flanker,P03_L100_FLANKER_T002_A05,P03_L100_FLANKER_T002,5.0,0.2636,49,49,1,11,0.047309410252544246
P03_L100,flanker,P03_L100_FLANKER_T003_A01,P03_L100_FLANKER_T003,1.0,-0.1146,40,40,1,10,0.04525342630842334
P03_L100,flanker,P03_L100_FLANKER_T003_A02,P03_L100_FLANKER_T003,2.0,0.4526,43,43,1,10,0.059333441422541704
P03_L100,flanker,P03_L100_FLANKER_T003_A03,P03_L100_FLANKER_T003,3.0,0.0745,48,48,1,10,0.056295724408094154
P03_L100,flanker,P03_L100_FLANKER_T003_A04,P03_L100_FLANKER_T003,4.0,-0.3037,48,48,1,11,0.047309410252544246
P03_L100,flanker,P03_L100_FLANKER_T003_A05,P03_L100_FLANKER_T003,5.0,0.2636,51,51,1,10,0.051607343797021754
P03_L100,flanker,P03_L100_FLANKER_T004_A01,P03_L100_FLANKER_T004,1.0,-0.1146,40,40,1,10,0.06877264818717442
P03_L100,flanker,P03_L100_FLANKER_T004_A02,P03_L100_FLANKER_T004,2.0,0.2636,54,54,1,10,0.05026894736541366
P03_L100,flanker,P03_L100_FLANKER_T004_A03,P03_L100_FLANKER_T004,3.0,0.4526,43,43,1,10,0.051607343797021754
P03_L100,flanker,P03_L100_FLANKER_T004_A04,P03_L100_FLANKER_T004,4.0,-0.3037,44,44,1,10,0.0520283136453255
P03_L100,flanker,P03_L100_FLANKER_T004_A05,P03_L100_FLANKER_T004,5.0,0.0745,40,40,1,10,0.04525345941874622
P03_L100,flanker,P03_L100_FLANKER_T005_A01,P03_L100_FLANKER_T005,1.0,0.3094,57,57,1,10,0.05885352192197433
P03_L100,flanker,P03_L100_FLANKER_T005_A02,P03_L100_FLANKER_T005,2.0,-0.0688,40,40,1,10,0.10366974121870853
P03_L100,flanker,P03_L100_FLANKER_T005_A03,P03_L100_FLANKER_T005,3.0,0.4985,40,40,1,10,0.0520283136453255
P03_L100,flanker,P03_L100_FLANKER_T005_A04,P03_L100_FLANKER_T005,4.0,-0.2578,49,49,1,10,0.08051704524078389
P03_L100,flanker,P03_L100_FLANKER_T005_A05,P03_L100_FLANKER_T005,5.0,0.1203,60,60,1,10,0.1213735480783417
P03_L100,flanker,P03_L100_FLANKER_T006_A01,P03_L100_FLANKER_T006,1.0,-0.0688,41,41,1,10,0.10366974121870853
P03_L100,flanker,P03_L100_FLANKER_T006_A02,P03_L100_FLANKER_T006,2.0,0.3094,50,50,1,10,0.05298148276205134
P03_L100,flanker,P03_L100_FLANKER_T006_A03,P03_L100_FLANKER_T006,3.0,0.1203,49,49,1,10,0.07003257472870218
P03_L100,flanker,P03_L100_FLANKER_T006_A04,P03_L100_FLANKER_T006,4.0,0.4985,45,45,1,10,0.052028357450479935
P03_L100,flanker,P03_L100_FLANKER_T006_A05,P03_L100_FLANKER_T006,5.0,-0.2578,51,51,1,10,0.09257123575788712
P03_L100,flanker,P03_L100_FLANKER_T007_A01,P03_L100_FLANKER_T007,1.0,0.4985,53,53,1,10,0.055840254229045524
P03_L100,flanker,P03_L100_FLANKER_T007_A02,P03_L100_FLANKER_T007,2.0,0.1203,49,49,1,11,0.06042042744568425
P03_L100,flanker,P03_L100_FLANKER_T007_A03,P03_L100_FLANKER_T007,3.0,-0.2578,58,58,1,11,0.05395205351789439
P03_L100,flanker,P03_L100_FLANKER_T007_A04,P03_L100_FLANKER_T007,4.0,0.3094,38,38,1,11,0.041484683064570975
P03_L100,flanker,P03_L100_FLANKER_T007_A05,P03_L100_FLANKER_T007,5.0,-0.0688,44,44,1,10,0.11919005678179921
P03_L100,flanker,P03_L100_FLANKER_T008_A01,P03_L100_FLANKER_T008,1.0,-0.0688,46,46,1,10,0.0901704153819906
P03_L100,flanker,P03_L100_FLANKER_T008_A02,P03_L100_FLANKER_T008,2.0,0.1203,48,48,1,10,0.11822573802799824
P03_L100,flanker,P03_L100_FLANKER_T008_A03,P03_L100_FLANKER_T008,3.0,0.3094,34,34,1,10,0.04525342630842334
P03_L100,flanker,P03_L100_FLANKER_T008_A04,P03_L100_FLANKER_T008,4.0,-0.2578,43,43,1,10,0.10366974121870853
P03_L100,flanker,P03_L100_FLANKER_T008_A05,P03_L100_FLANKER_T008,5.0,0.4985,67,67,1,10,0.06711680519048818
P03_L100,flanker,P03_L100_FLANKER_T009_A01,P03_L100_FLANKER_T009,1.0,-0.4011,42,42,1,10,0.07842888811897843
P03_L100,flanker,P03_L100_FLANKER_T009_A02,P03_L100_FLANKER_T009,2.0,0.1662,54,54,1,10,0.09426708036963746
P03_L100,flanker,P03_L100_FLANKER_T009_A03,P03_L100_FLANKER_T009,3.0,-0.0229,52,52,1,10,0.11822573802799824
P03_L100,flanker,P03_L100_FLANKER_T009_A04,P03_L100_FLANKER_T009,4.0,0.3552,63,63,1,10,0.11726910123773882
P03_L100,flanker,P03_L100_FLANKER_T009_A05,P03_L100_FLANKER_T009,5.0,-0.212,43,43,1,10,0.11822573802799824
P03_L100,flanker,P03_L100_FLANKER_T010_A01,P03_L100_FLANKER_T010,1.0,-0.0229,40,40,1,10,0.11918997958216355
P03_L100,flanker,P03_L100_FLANKER_T010_A02,P03_L100_FLANKER_T010,2.0,0.3552,39,39,1,10,0.10366974121870853
P03_L100,flanker,P03_L100_FLANKER_T010_A03,P03_L100_FLANKER_T010,3.0,-0.212,45,45,1,10,0.10366962466360144
P03_L100,flanker,P03_L100_FLANKER_T010_A04,P03_L100_FLANKER_T010,4.0,0.1662,41,41,1,11,0.09503591450340956
P03_L100,flanker,P03_L100_FLANKER_T010_A05,P03_L100_FLANKER_T010,5.0,-0.4011,39,39,1,10,0.08117377586790923
P03_L100,flanker,P03_L100_FLANKER_T011_A01,P03_L100_FLANKER_T011,1.0,-0.4011,37,37,1,10,0.09090591445346737
P03_L100,flanker,P03_L100_FLANKER_T011_A02,P03_L100_FLANKER_T011,2.0,-0.0229,41,41,1,10,0.11308778450489883
P03_L100,flanker,P03_L100_FLANKER_T011_A03,P03_L100_FLANKER_T011,3.0,-0.212,50,50,1,10,0.10366974121870853
P03_L100,flanker,P03_L100_FLANKER_T011_A04,P03_L100_FLANKER_T011,4.0,0.1662,43,43,1,10,0.10366974121870853
P03_L100,flanker,P03_L100_FLANKER_T011_A05,P03_L100_FLANKER_T011,5.0,0.3552,43,43,1,10,0.10366974121870853
P03_L100,flanker,P03_L100_FLANKER_T012_A01,P03_L100_FLANKER_T012,1.0,-0.0229,49,49,1,10,0.08486170876359471
P03_L100,flanker,P03_L100_FLANKER_T012_A02,P03_L100_FLANKER_T012,2.0,0.3552,55,55,1,10,0.13592521650331646
P03_L100,flanker,P03_L100_FLANKER_T012_A03,P03_L100_FLANKER_T012,3.0,-0.212,43,43,1,10,0.10366974121870853
P03_L100,flanker,P03_L100_FLANKER_T012_A04,P03_L100_FLANKER_T012,4.0,-0.4011,42,42,1,10,0.08486170876359471
P03_L100,flanker,P03_L100_FLANKER_T012_A05,P03_L100_FLANKER_T012,5.0,0.1662,47,47,1,10,0.13592509663741345
P03_L100,flanker,P03_L100_FLANKER_T013_A01,P03_L100_FLANKER_T013,1.0,-0.1662,49,49,1,10,0.02977749294040484
P03_L100,flanker,P03_L100_FLANKER_T013_A02,P03_L100_FLANKER_T013,2.0,0.4011,41,41,1,10,0.11919009690335654
P03_L100,flanker,P03_L100_FLANKER_T013_A03,P03_L100_FLANKER_T013,3.0,-0.3552,49,49,1,10,0.0516073797168132
P03_L100,flanker,P03_L100_FLANKER_T013_A04,P03_L100_FLANKER_T013,4.0,0.212,41,41,1,10,0.07003257199336123
P03_L100,flanker,P03_L100_FLANKER_T013_A05,P03_L100_FLANKER_T013,5.0,0.0229,65,65,1,10,0.0419028690197867
P03_L100,flanker,P03_L100_FLANKER_T014_A01,P03_L100_FLANKER_T014,1.0,0.212,41,41,1,10,0.10366974121870853
P03_L100,flanker,P03_L100_FLANKER_T014_A02,P03_L100_FLANKER_T014,2.0,0.0229,38,38,1,10,0.04525345941874622
P03_L100,flanker,P03_L100_FLANKER_T014_A03,P03_L100_FLANKER_T014,3.0,-0.3552,38,38,1,10,0.09090582932003076
P03_L100,flanker,P03_L100_FLANKER_T014_A04,P03_L100_FLANKER_T014,4.0,0.4011,43,43,1,10,0.1482735765380608
P03_L100,flanker,P03_L100_FLANKER_T014_A05,P03_L100_FLANKER_T014,5.0,-0.1662,57,57,1,11,0.036743810675059066
P03_L100,flanker,P03_L100_FLANKER_T015_A01,P03_L100_FLANKER_T015,1.0,0.212,42,42,1,10,0.1575491364806032
P03_L100,flanker,P03_L100_FLANKER_T015_A02,P03_L100_FLANKER_T015,2.0,-0.3552,35,35,1,10,0.06877264818717442
P03_L100,flanker,P03_L100_FLANKER_T015_A03,P03_L100_FLANKER_T015,3.0,0.0229,53,53,1,10,0.052981421808227486
P03_L100,flanker,P03_L100_FLANKER_T015_A04,P03_L100_FLANKER_T015,4.0,-0.1662,43,43,1,10,0.051607343797021754
P03_L100,flanker,P03_L100_FLANKER_T015_A05,P03_L100_FLANKER_T015,5.0,0.4011,37,37,1,10,0.10366974121870853
P03_L200,base,P03_L200_BASE_T000_A01,P03_L200_BASE_T000,1.0,-0.1662,39,39,1,10,0.10366973293066446
P03_L200,base,P03_L200_BASE_T000_A02,P03_L200_BASE_T000,2.0,0.4011,36,36,1,10,0.11919009965726289
P03_L200,base,P03_L200_BASE_T000_A03,P03_L200_BASE_T000,3.0,-0.3552,47,47,1,10,0.11822574190083344
P03_L200,base,P03_L200_BASE_T000_A04,P03_L200_BASE_T000,4.0,0.212,50,50,1,10,0.18595876538180656
P03_L200,base,P03_L200_BASE_T000_A05,P03_L200_BASE_T000,5.0,0.0229,43,43,1,10,0.1036697904051879
P03_L200,base,P03_L200_BASE_T001_A01,P03_L200_BASE_T001,1.0,0.0745,38,38,1,10,0.11919009965726289
P03_L200,base,P03_L200_BASE_T001_A02,P03_L200_BASE_T001,2.0,0.2636,53,53,1,10,0.09756640850834199
P03_L200,base,P03_L200_BASE_T001_A03,P03_L200_BASE_T001,3.0,0.4526,39,39,1,10,0.10366973293066446
P03_L200,base,P03_L200_BASE_T001_A04,P03_L200_BASE_T001,4.0,-0.3037,33,33,1,10,0.10366973293066446
P03_L200,base,P03_L200_BASE_T001_A05,P03_L200_BASE_T001,5.0,-0.1146,54,54,1,11,0.06042044334154441
P03_L200,base,P03_L200_BASE_T002_A01,P03_L200_BASE_T002,1.0,0.0745,54,54,1,11,0.06042044334154441
P03_L200,base,P03_L200_BASE_T002_A02,P03_L200_BASE_T002,2.0,-0.1146,32,32,1,10,0.09090587286144251
P03_L200,base,P03_L200_BASE_T002_A03,P03_L200_BASE_T002,3.0,0.4526,58,58,1,10,0.09426717455203039
P03_L200,base,P03_L200_BASE_T002_A04,P03_L200_BASE_T002,4.0,-0.3037,51,51,1,10,0.15754936500869066
P03_L200,base,P03_L200_BASE_T002_A05,P03_L200_BASE_T002,5.0,0.2636,42,42,1,10,0.08117389876504688
P03_L200,base,P03_L200_BASE_T003_A01,P03_L200_BASE_T003,1.0,0.4526,49,49,1,10,0.09756640850834199
P03_L200,base,P03_L200_BASE_T003_A02,P03_L200_BASE_T003,2.0,0.0745,44,44,1,10,0.09257120154415077
P03_L200,base,P03_L200_BASE_T003_A03,P03_L200_BASE_T003,3.0,-0.1146,53,53,1,11,0.07131551640200495
P03_L200,base,P03_L200_BASE_T003_A04,P03_L200_BASE_T003,4.0,0.2636,42,42,1,10,0.10366984787971138
P03_L200,base,P03_L200_BASE_T003_A05,P03_L200_BASE_T003,5.0,-0.3037,35,35,1,10,0.11919009965726289
P03_L200,base,P03_L200_BASE_T004_A01,P03_L200_BASE_T004,1.0,0.4526,37,37,1,10,0.10366973293066446
P03_L200,base,P03_L200_BASE_T004_A02,P03_L200_BASE_T004,2.0,-0.3037,36,36,1,10,0.10366973293066446
P03_L200,base,P03_L200_BASE_T004_A03,P03_L200_BASE_T004,3.0,-0.1146,41,41,1,10,0.1182257993753569
P03_L200,base,P03_L200_BASE_T004_A04,P03_L200_BASE_T004,4.0,0.2636,43,43,1,10,0.05341360860310257
P03_L200,base,P03_L200_BASE_T004_A05,P03_L200_BASE_T004,5.0,0.0745,34,34,1,11,0.08333509732598086
P03_L200,base,P03_L200_BASE_T005_A01,P03_L200_BASE_T005,1.0,0.4985,37,37,1,10,0.10366973293066446
P03_L200,base,P03_L200_BASE_T005_A02,P03_L200_BASE_T005,2.0,0.1203,47,47,1,10,0.17501053210962247
P03_L200,base,P03_L200_BASE_T005_A03,P03_L200_BASE_T005,3.0,-0.0688,41,41,1,10,0.13592522811910585
P03_L200,base,P03_L200_BASE_T005_A04,P03_L200_BASE_T005,4.0,-0.2578,43,43,1,10,0.13592522811910585
P03_L200,base,P03_L200_BASE_T005_A05,P03_L200_BASE_T005,5.0,0.3094,52,52,1,11,0.07131551640200495
P03_L200,base,P03_L200_BASE_T006_A01,P03_L200_BASE_T006,1.0,0.1203,48,48,1,11,0.2177150143344
P03_L200,base,P03_L200_BASE_T006_A02,P03_L200_BASE_T006,2.0,0.3094,50,50,1,10,0.11822592554365327
P03_L200,base,P03_L200_BASE_T006_A03,P03_L200_BASE_T006,3.0,-0.2578,60,60,1,11,0.18631369973238124
P03_L200,base,P03_L200_BASE_T006_A04,P03_L200_BASE_T006,4.0,0.4985,42,42,1,10,0.1959928137950314
P03_L200,base,P03_L200_BASE_T006_A05,P03_L200_BASE_T006,5.0,-0.0688,49,49,1,10,0.17501053210962247
P03_L200,base,P03_L200_BASE_T007_A01,P03_L200_BASE_T007,1.0,-0.0688,42,42,1,10,0.27304867060459903
P03_L200,base,P03_L200_BASE_T007_A02,P03_L200_BASE_T007,2.0,0.1203,58,58,1,10,0.22170328088091265
P03_L200,base,P03_L200_BASE_T007_A03,P03_L200_BASE_T007,3.0,0.4985,40,40,1,10,0.07842885855691561
P03_L200,base,P03_L200_BASE_T007_A04,P03_L200_BASE_T007,4.0,-0.2578,40,40,1,10,0.23749368780181032
P03_L200,base,P03_L200_BASE_T007_A05,P03_L200_BASE_T007,5.0,0.3094,42,42,1,10,0.09257120154415077
P03_L200,base,P03_L200_BASE_T008_A01,P03_L200_BASE_T008,1.0,-0.2578,37,37,1,10,0.23749368780181032
P03_L200,base,P03_L200_BASE_T008_A02,P03_L200_BASE_T008,2.0,0.3094,47,47,1,10,0.11822586172669311
P03_L200,base,P03_L200_BASE_T008_A03,P03_L200_BASE_T008,3.0,0.4985,50,50,1,10,0.10366984787971138
P03_L200,base,P03_L200_BASE_T008_A04,P03_L200_BASE_T008,4.0,0.1203,52,52,1,11,0.1633744610269569
P03_L200,base,P03_L200_BASE_T008_A05,P03_L200_BASE_T008,5.0,-0.0688,45,45,1,11,0.21771486421367592
P03_L200,base,P03_L200_BASE_T009_A01,P03_L200_BASE_T009,1.0,-0.212,41,41,1,10,0.208253375881209
P03_L200,base,P03_L200_BASE_T009_A02,P03_L200_BASE_T009,2.0,0.1662,39,39,1,10,0.2458057562088001
P03_L200,base,P03_L200_BASE_T009_A03,P03_L200_BASE_T009,3.0,0.3552,39,39,1,10,0.23749368780181032
P03_L200,base,P03_L200_BASE_T009_A04,P03_L200_BASE_T009,4.0,-0.0229,52,52,1,11,0.12137373217216803
P03_L200,base,P03_L200_BASE_T009_A05,P03_L200_BASE_T009,5.0,-0.4011,34,34,1,10,0.27304867060459903
P03_L200,base,P03_L200_BASE_T010_A01,P03_L200_BASE_T010,1.0,-0.0229,41,41,1,10,0.13592522811910585
P03_L200,base,P03_L200_BASE_T010_A02,P03_L200_BASE_T010,2.0,0.3552,43,43,1,10,0.1959928137950314
P03_L200,base,P03_L200_BASE_T010_A03,P03_L200_BASE_T010,3.0,-0.4011,34,34,1,10,0.36092420806040587
P03_L200,base,P03_L200_BASE_T010_A04,P03_L200_BASE_T010,4.0,-0.212,47,47,1,11,0.21771491425391745
P03_L200,base,P03_L200_BASE_T010_A05,P03_L200_BASE_T010,5.0,0.1662,42,42,1,10,0.23749368780181032
P03_L200,base,P03_L200_BASE_T011_A01,P03_L200_BASE_T011,1.0,-0.4011,34,34,1,10,0.20825343891728532
P03_L200,base,P03_L200_BASE_T011_A02,P03_L200_BASE_T011,2.0,-0.212,39,39,1,10,0.1406825337009616
P03_L200,base,P03_L200_BASE_T011_A03,P03_L200_BASE_T011,3.0,-0.0229,47,47,1,10,0.23749324514327913
P03_L200,base,P03_L200_BASE_T011_A04,P03_L200_BASE_T011,4.0,0.1662,40,40,1,10,0.15627448115808748
P03_L200,base,P03_L200_BASE_T011_A05,P03_L200_BASE_T011,5.0,0.3552,37,37,1,10,0.208253375881209
P03_L200,base,P03_L200_BASE_T012_A01,P03_L200_BASE_T012,1.0,-0.4011,39,39,1,10,0.1796702069127487
P03_L200,base,P03_L200_BASE_T012_A02,P03_L200_BASE_T012,2.0,0.3552,36,36,1,10,0.23749368780181032
P03_L200,base,P03_L200_BASE_T012_A03,P03_L200_BASE_T012,3.0,-0.0229,51,51,1,10,0.23749324514327913
P03_L200,base,P03_L200_BASE_T012_A04,P03_L200_BASE_T012,4.0,-0.212,57,57,1,11,0.1497683733936256
P03_L200,base,P03_L200_BASE_T012_A05,P03_L200_BASE_T012,5.0,0.1662,56,56,1,10,0.1359250144430739
P03_L200,base,P03_L200_BASE_T013_A01,P03_L200_BASE_T013,1.0,-0.3552,51,51,1,10,0.11822556538133427
P03_L200,base,P03_L200_BASE_T013_A02,P03_L200_BASE_T013,2.0,-0.1662,35,35,1,10,0.10366973293066446
P03_L200,base,P03_L200_BASE_T013_A03,P03_L200_BASE_T013,3.0,0.4011,38,38,1,10,0.1859585094804657
P03_L200,base,P03_L200_BASE_T013_A04,P03_L200_BASE_T013,4.0,0.212,46,46,1,10,0.23749368780181032
P03_L200,base,P03_L200_BASE_T013_A05,P03_L200_BASE_T013,5.0,0.0229,37,37,1,10,0.10366973293066446
P03_L200,base,P03_L200_BASE_T014_A01,P03_L200_BASE_T014,1.0,0.4011,38,38,1,10,0.23749368780181032
P03_L200,base,P03_L200_BASE_T014_A02,P03_L200_BASE_T014,2.0,-0.3552,44,44,1,10,0.10366984787971138
P03_L200,base,P03_L200_BASE_T014_A03,P03_L200_BASE_T014,3.0,0.0229,42,42,1,10,0.09017044489315779
P03_L200,base,P03_L200_BASE_T014_A04,P03_L200_BASE_T014,4.0,-0.1662,53,53,1,10,0.0925714058380931
P03_L200,base,P03_L200_BASE_T014_A05,P03_L200_BASE_T014,5.0,0.212,59,59,1,10,0.24184458283254778
P03_L200,base,P03_L200_BASE_T015_A01,P03_L200_BASE_T015,1.0,-0.1662,60,60,1,10,0.09854994933507967
P03_L200,base,P03_L200_BASE_T015_A02,P03_L200_BASE_T015,2.0,0.0229,42,42,1,10,0.07639482271864302
P03_L200,base,P03_L200_BASE_T015_A03,P03_L200_BASE_T015,3.0,-0.3552,37,37,1,10,0.09090598146805196
P03_L200,base,P03_L200_BASE_T015_A04,P03_L200_BASE_T015,4.0,0.212,38,38,1,10,0.23749368780181032
P03_L200,base,P03_L200_BASE_T015_A05,P03_L200_BASE_T015,5.0,0.4011,42,42,1,10,0.22351160343513282
P03_L200,flanker,P03_L200_FLANKER_T000_A01,P03_L200_FLANKER_T000,1.0,-0.1662,48,48,1,10,0.11515954535794128
P03_L200,flanker,P03_L200_FLANKER_T000_A02,P03_L200_FLANKER_T000,2.0,0.0229,48,48,1,10,0.11919017656219111
P03_L200,flanker,P03_L200_FLANKER_T000_A03,P03_L200_FLANKER_T000,3.0,-0.3552,53,53,1,10,0.13592536212602047
P03_L200,flanker,P03_L200_FLANKER_T000_A04,P03_L200_FLANKER_T000,4.0,0.212,40,40,1,11,0.21771486421367592
P03_L200,flanker,P03_L200_FLANKER_T000_A05,P03_L200_FLANKER_T000,5.0,0.4011,39,39,1,10,0.23749368780181032
P03_L200,flanker,P03_L200_FLANKER_T001_A01,P03_L200_FLANKER_T001,1.0,0.2636,52,52,1,11,0.14325971659622133
P03_L200,flanker,P03_L200_FLANKER_T001_A02,P03_L200_FLANKER_T001,2.0,-0.3037,37,37,1,10,0.10366973293066446
P03_L200,flanker,P03_L200_FLANKER_T001_A03,P03_L200_FLANKER_T001,3.0,0.4526,43,43,1,10,0.10366984787971138
P03_L200,flanker,P03_L200_FLANKER_T001_A04,P03_L200_FLANKER_T001,4.0,-0.1146,41,41,1,10,0.09257120154415077
P03_L200,flanker,P03_L200_FLANKER_T001_A05,P03_L200_FLANKER_T001,5.0,0.0745,44,44,1,10,0.09756630305847
P03_L200,flanker,P03_L200_FLANKER_T002_A01,P03_L200_FLANKER_T002,1.0,0.2636,41,41,1,10,0.2730486641038932
P03_L200,flanker,P03_L200_FLANKER_T002_A02,P03_L200_FLANKER_T002,2.0,0.4526,51,51,1,11,0.07131556802480885
P03_L200,flanker,P03_L200_FLANKER_T002_A03,P03_L200_FLANKER_T002,3.0,-0.3037,36,36,1,10,0.10366973293066446
P03_L200,flanker,P03_L200_FLANKER_T002_A04,P03_L200_FLANKER_T002,4.0,-0.1146,54,54,1,11,0.0625352435500523
P03_L200,flanker,P03_L200_FLANKER_T002_A05,P03_L200_FLANKER_T002,5.0,0.0745,37,37,1,10,0.10366973293066446
P03_L200,flanker,P03_L200_FLANKER_T003_A01,P03_L200_FLANKER_T003,1.0,-0.1146,42,42,1,10,0.15754920945006062
P03_L200,flanker,P03_L200_FLANKER_T003_A02,P03_L200_FLANKER_T003,2.0,0.0745,59,59,1,11,0.05395215391686856
P03_L200,flanker,P03_L200_FLANKER_T003_A03,P03_L200_FLANKER_T003,3.0,0.2636,37,37,1,10,0.09090598146805196
P03_L200,flanker,P03_L200_FLANKER_T003_A04,P03_L200_FLANKER_T003,4.0,0.4526,47,47,1,10,0.1182257993753569
P03_L200,flanker,P03_L200_FLANKER_T003_A05,P03_L200_FLANKER_T003,5.0,-0.3037,43,43,1,10,0.1036697904051879
P03_L200,flanker,P03_L200_FLANKER_T004_A01,P03_L200_FLANKER_T004,1.0,0.0745,49,49,1,10,0.13592543177098818
P03_L200,flanker,P03_L200_FLANKER_T004_A02,P03_L200_FLANKER_T004,2.0,0.2636,64,64,1,10,0.07986569980204725
P03_L200,flanker,P03_L200_FLANKER_T004_A03,P03_L200_FLANKER_T004,3.0,-0.1146,44,44,1,10,0.11919024171139041
P03_L200,flanker,P03_L200_FLANKER_T004_A04,P03_L200_FLANKER_T004,4.0,-0.3037,48,48,1,11,0.14325997889168193
P03_L200,flanker,P03_L200_FLANKER_T004_A05,P03_L200_FLANKER_T004,5.0,0.4526,48,48,1,10,0.12137353540271019
P03_L200,flanker,P03_L200_FLANKER_T005_A01,P03_L200_FLANKER_T005,1.0,0.3094,44,44,1,10,0.1182257993753569
P03_L200,flanker,P03_L200_FLANKER_T005_A02,P03_L200_FLANKER_T005,2.0,0.1203,35,35,1,10,0.23749368780181032
P03_L200,flanker,P03_L200_FLANKER_T005_A03,P03_L200_FLANKER_T005,3.0,0.4985,39,39,1,10,0.10366973293066446
P03_L200,flanker,P03_L200_FLANKER_T005_A04,P03_L200_FLANKER_T005,4.0,-0.2578,46,46,1,11,0.14325971659622133
P03_L200,flanker,P03_L200_FLANKER_T005_A05,P03_L200_FLANKER_T005,5.0,-0.0688,37,37,1,10,0.23749368780181032
P03_L200,flanker,P03_L200_FLANKER_T006_A01,P03_L200_FLANKER_T006,1.0,0.3094,36,36,1,10,0.09090598146805196
P03_L200,flanker,P03_L200_FLANKER_T006_A02,P03_L200_FLANKER_T006,2.0,-0.0688,54,54,1,10,0.10556885259894418
P03_L200,flanker,P03_L200_FLANKER_T006_A03,P03_L200_FLANKER_T006,3.0,0.4985,53,53,1,10,0.12137353540271019
P03_L200,flanker,P03_L200_FLANKER_T006_A04,P03_L200_FLANKER_T006,4.0,0.1203,53,53,1,10,0.16043552076616863
P03_L200,flanker,P03_L200_FLANKER_T006_A05,P03_L200_FLANKER_T006,5.0,-0.2578,53,53,1,10,0.29305419101855545
P03_L200,flanker,P03_L200_FLANKER_T007_A01,P03_L200_FLANKER_T007,1.0,-0.2578,68,68,1,10,0.2379468833663538
P03_L200,flanker,P03_L200_FLANKER_T007_A02,P03_L200_FLANKER_T007,2.0,0.1203,51,51,1,10,0.16909240075463786
P03_L200,flanker,P03_L200_FLANKER_T007_A03,P03_L200_FLANKER_T007,3.0,0.4985,38,38,1,10,0.10366973293066446
P03_L200,flanker,P03_L200_FLANKER_T007_A04,P03_L200_FLANKER_T007,4.0,0.3094,43,43,1,10,0.10366973293066446
P03_L200,flanker,P03_L200_FLANKER_T007_A05,P03_L200_FLANKER_T007,5.0,-0.0688,52,52,1,10,0.17967042038475267
P03_L200,flanker,P03_L200_FLANKER_T008_A01,P03_L200_FLANKER_T008,1.0,-0.0688,45,45,1,10,0.18595858239696847
P03_L200,flanker,P03_L200_FLANKER_T008_A02,P03_L200_FLANKER_T008,2.0,0.4985,41,41,1,10,0.11308799150699081
P03_L200,flanker,P03_L200_FLANKER_T008_A03,P03_L200_FLANKER_T008,3.0,-0.2578,50,50,1,10,0.18445399440337826
P03_L200,flanker,P03_L200_FLANKER_T008_A04,P03_L200_FLANKER_T008,4.0,0.1203,45,45,1,10,0.17967014325386232
P03_L200,flanker,P03_L200_FLANKER_T008_A05,P03_L200_FLANKER_T008,5.0,0.3094,49,49,1,10,0.09756640850834199
P03_L200,flanker,P03_L200_FLANKER_T009_A01,P03_L200_FLANKER_T009,1.0,0.1662,47,47,1,10,0.2954446067421593
P03_L200,flanker,P03_L200_FLANKER_T009_A02,P03_L200_FLANKER_T009,2.0,-0.212,50,50,1,11,0.19283422057454486
P03_L200,flanker,P03_L200_FLANKER_T009_A03,P03_L200_FLANKER_T009,3.0,-0.0229,55,55,1,11,0.28314448572375417
P03_L200,flanker,P03_L200_FLANKER_T009_A04,P03_L200_FLANKER_T009,4.0,0.3552,40,40,1,10,0.47708089641600676
P03_L200,flanker,P03_L200_FLANKER_T009_A05,P03_L200_FLANKER_T009,5.0,-0.4011,46,46,1,10,0.27304901631060685
P03_L200,flanker,P03_L200_FLANKER_T010_A01,P03_L200_FLANKER_T010,1.0,0.1662,38,38,1,10,0.23749368780181032
P03_L200,flanker,P03_L200_FLANKER_T010_A02,P03_L200_FLANKER_T010,2.0,-0.4011,45,45,1,10,0.27083955317728087
P03_L200,flanker,P03_L200_FLANKER_T010_A03,P03_L200_FLANKER_T010,3.0,-0.0229,37,37,1,10,0.27304867060459903
P03_L200,flanker,P03_L200_FLANKER_T010_A04,P03_L200_FLANKER_T010,4.0,-0.212,49,49,1,10,0.3113866589110511
P03_L200,flanker,P03_L200_FLANKER_T010_A05,P03_L200_FLANKER_T010,5.0,0.3552,67,67,1,11,0.12259703325548121
P03_L200,flanker,P03_L200_FLANKER_T011_A01,P03_L200_FLANKER_T011,1.0,0.1662,40,40,1,10,0.23749368780181032
P03_L200,flanker,P03_L200_FLANKER_T011_A02,P03_L200_FLANKER_T011,2.0,-0.4011,37,37,1,10,0.23749368780181032
P03_L200,flanker,P03_L200_FLANKER_T011_A03,P03_L200_FLANKER_T011,3.0,0.3552,56,56,1,10,0.22946269222213928
P03_L200,flanker,P03_L200_FLANKER_T011_A04,P03_L200_FLANKER_T011,4.0,-0.212,51,51,1,10,0.24381704411264946
P03_L200,flanker,P03_L200_FLANKER_T011_A05,P03_L200_FLANKER_T011,5.0,-0.0229,52,52,1,11,0.21771486421367592
P03_L200,flanker,P03_L200_FLANKER_T012_A01,P03_L200_FLANKER_T012,1.0,-0.0229,44,44,1,10,0.22351160343513282
P03_L200,flanker,P03_L200_FLANKER_T012_A02,P03_L200_FLANKER_T012,2.0,-0.212,46,46,1,10,0.3113866589110511
P03_L200,flanker,P03_L200_FLANKER_T012_A03,P03_L200_FLANKER_T012,3.0,-0.4011,53,53,1,10,0.35510770380642426
P03_L200,flanker,P03_L200_FLANKER_T012_A04,P03_L200_FLANKER_T012,4.0,0.3552,45,45,1,10,0.2374939856127924
P03_L200,flanker,P03_L200_FLANKER_T012_A05,P03_L200_FLANKER_T012,5.0,0.1662,37,37,1,10,0.23749359896316077
P03_L200,flanker,P03_L200_FLANKER_T013_A01,P03_L200_FLANKER_T013,1.0,-0.1662,56,56,1,10,0.06946594342002754
P03_L200,flanker,P03_L200_FLANKER_T013_A02,P03_L200_FLANKER_T013,2.0,0.4011,37,37,1,11,0.21771486421367592
P03_L200,flanker,P03_L200_FLANKER_T013_A03,P03_L200_FLANKER_T013,3.0,0.212,33,33,1,10,0.208253375881209
P03_L200,flanker,P03_L200_FLANKER_T013_A04,P03_L200_FLANKER_T013,4.0,-0.3552,56,56,1,11,0.09935386854068157
P03_L200,flanker,P03_L200_FLANKER_T013_A05,P03_L200_FLANKER_T013,5.0,0.0229,59,59,1,10,0.12792279512117696
P03_L200,flanker,P03_L200_FLANKER_T014_A01,P03_L200_FLANKER_T014,1.0,-0.3552,44,44,1,10,0.09257120154415077
P03_L200,flanker,P03_L200_FLANKER_T014_A02,P03_L200_FLANKER_T014,2.0,0.212,44,44,1,10,0.20489715176326823
P03_L200,flanker,P03_L200_FLANKER_T014_A03,P03_L200_FLANKER_T014,3.0,0.0229,37,37,1,10,0.09090598146805196
P03_L200,flanker,P03_L200_FLANKER_T014_A04,P03_L200_FLANKER_T014,4.0,-0.1662,44,44,1,10,0.11822574190083344
P03_L200,flanker,P03_L200_FLANKER_T014_A05,P03_L200_FLANKER_T014,5.0,0.4011,42,42,1,10,0.27083955317728087
P03_L200,flanker,P03_L200_FLANKER_T015_A01,P03_L200_FLANKER_T015,1.0,0.212,39,39,1,11,0.14325971659622133
P03_L200,flanker,P03_L200_FLANKER_T015_A02,P03_L200_FLANKER_T015,2.0,-0.1662,58,58,1,10,0.12039175552279244
P03_L200,flanker,P03_L200_FLANKER_T015_A03,P03_L200_FLANKER_T015,3.0,0.4011,35,35,1,10,0.23749368780181032
P03_L200,flanker,P03_L200_FLANKER_T015_A04,P03_L200_FLANKER_T015,4.0,0.0229,50,50,1,10,0.07003261033822693
P03_L200,flanker,P03_L200_FLANKER_T015_A05,P03_L200_FLANKER_T015,5.0,-0.3552,37,37,1,10,0.10366973293066446
P04_L010,base,P04_L010_BASE_T000_A01,P04_L010_BASE_T000,1.0,0.0802,60,60,1,10,0.02294011819931886
P04_L010,base,P04_L010_BASE_T000_A02,P04_L010_BASE_T000,2.0,-0.1604,42,42,1,10,0.019753862113211906
P04_L010,base,P04_L010_BASE_T000_A03,P04_L010_BASE_T000,3.0,0.3151,55,55,1,10,0.02589999677521126
P04_L010,base,P04_L010_BASE_T000_A04,P04_L010_BASE_T000,4.0,-0.4011,46,46,1,10,0.05160738168432055
P04_L010,base,P04_L010_BASE_T001_A01,P04_L010_BASE_T001,1.0,-0.2807,48,48,1,11,0.027297549166708873
P04_L010,base,P04_L010_BASE_T001_A02,P04_L010_BASE_T001,2.0,0.1948,36,36,1,10,0.03968184288767213
P04_L010,base,P04_L010_BASE_T001_A03,P04_L010_BASE_T001,3.0,0.4354,43,43,1,10,0.045253462847699266
P04_L010,base,P04_L010_BASE_T001_A04,P04_L010_BASE_T001,4.0,-0.0401,48,48,1,10,0.042589221892156866
P04_L010,base,P04_L010_BASE_T002_A01,P04_L010_BASE_T002,1.0,-0.0401,53,53,1,10,0.054392118814175834
P04_L010,base,P04_L010_BASE_T002_A02,P04_L010_BASE_T002,2.0,-0.2807,44,44,1,10,0.030570297439083533
P04_L010,base,P04_L010_BASE_T002_A03,P04_L010_BASE_T002,3.0,0.4354,40,40,1,10,0.045253462847699266
P04_L010,base,P04_L010_BASE_T002_A04,P04_L010_BASE_T002,4.0,0.1948,56,56,1,11,0.019952962591073688
P04_L010,base,P04_L010_BASE_T003_A01,P04_L010_BASE_T003,1.0,-0.2807,48,48,1,10,0.045253462847699266
P04_L010,base,P04_L010_BASE_T003_A02,P04_L010_BASE_T003,2.0,0.1948,50,50,1,11,0.025024163494164912
P04_L010,base,P04_L010_BASE_T003_A03,P04_L010_BASE_T003,3.0,-0.0401,43,43,1,10,0.03423542814333278
P04_L010,base,P04_L010_BASE_T003_A04,P04_L010_BASE_T003,4.0,0.4354,40,40,1,10,0.04525344404430589
P04_L010,base,P04_L010_BASE_T004_A01,P04_L010_BASE_T004,1.0,0.1948,43,43,1,10,0.06877266217782155
P04_L010,base,P04_L010_BASE_T004_A02,P04_L010_BASE_T004,2.0,-0.2807,37,37,1,10,0.03968184288767213
P04_L010,base,P04_L010_BASE_T004_A03,P04_L010_BASE_T004,3.0,0.4354,51,51,1,10,0.056295777967240855
P04_L010,base,P04_L010_BASE_T004_A04,P04_L010_BASE_T004,4.0,-0.0401,68,68,1,11,0.03062861701825463
P04_L010,base,P04_L010_BASE_T005_A01,P04_L010_BASE_T005,1.0,0.1375,43,43,1,10,0.03968184288767213
P04_L010,base,P04_L010_BASE_T005_A02,P04_L010_BASE_T005,2.0,-0.1031,44,44,1,10,0.04040878175998518
P04_L010,base,P04_L010_BASE_T005_A03,P04_L010_BASE_T005,3.0,0.3782,48,48,1,10,0.045253462847699266
P04_L010,base,P04_L010_BASE_T005_A04,P04_L010_BASE_T005,4.0,-0.338,44,44,1,10,0.04936462486835567
P04_L010,base,P04_L010_BASE_T006_A01,P04_L010_BASE_T006,1.0,0.1375,64,64,1,11,0.030077632780178262
P04_L010,base,P04_L010_BASE_T006_A02,P04_L010_BASE_T006,2.0,0.3782,39,39,1,10,0.03968184288767213
P04_L010,base,P04_L010_BASE_T006_A03,P04_L010_BASE_T006,3.0,-0.338,42,42,1,10,0.0520283225538342
P04_L010,base,P04_L010_BASE_T006_A04,P04_L010_BASE_T006,4.0,-0.1031,41,41,1,10,0.03968184288767213
P04_L010,base,P04_L010_BASE_T007_A01,P04_L010_BASE_T007,1.0,-0.338,42,42,1,10,0.04040878175998518
P04_L010,base,P04_L010_BASE_T007_A02,P04_L010_BASE_T007,2.0,0.3782,44,44,1,10,0.05202831899107683
P04_L010,base,P04_L010_BASE_T007_A03,P04_L010_BASE_T007,3.0,-0.1031,44,44,1,10,0.053413573473399596
P04_L010,base,P04_L010_BASE_T007_A04,P04_L010_BASE_T007,4.0,0.1375,60,60,1,10,0.029536545750958525
P04_L010,base,P04_L010_BASE_T008_A01,P04_L010_BASE_T008,1.0,-0.338,61,61,1,10,0.05686327953850074
P04_L010,base,P04_L010_BASE_T008_A02,P04_L010_BASE_T008,2.0,-0.1031,36,36,1,10,0.045253462847699266
P04_L010,base,P04_L010_BASE_T008_A03,P04_L010_BASE_T008,3.0,0.3782,43,43,1,10,0.045253462847699266
P04_L010,base,P04_L010_BASE_T008_A04,P04_L010_BASE_T008,4.0,0.1375,53,53,1,10,0.02877050484161226
P04_L010,base,P04_L010_BASE_T009_A01,P04_L010_BASE_T009,1.0,0.3151,45,45,1,10,0.02589999677521126
P04_L010,base,P04_L010_BASE_T009_A02,P04_L010_BASE_T009,2.0,0.0802,50,50,1,10,0.022527414167511004
P04_L010,base,P04_L010_BASE_T009_A03,P04_L010_BASE_T009,3.0,-0.4011,38,38,1,10,0.045253462847699266
P04_L010,base,P04_L010_BASE_T009_A04,P04_L010_BASE_T009,4.0,-0.1604,46,46,1,11,0.020651297069516777
P04_L010,base,P04_L010_BASE_T010_A01,P04_L010_BASE_T010,1.0,-0.4011,54,54,1,10,0.05160738168432055
P04_L010,base,P04_L010_BASE_T010_A02,P04_L010_BASE_T010,2.0,-0.1604,54,54,1,11,0.017496358217228836
P04_L010,base,P04_L010_BASE_T010_A03,P04_L010_BASE_T010,3.0,0.3151,49,49,1,11,0.018108732469676005
P04_L010,base,P04_L010_BASE_T010_A04,P04_L010_BASE_T010,4.0,0.0802,49,49,1,10,0.022527414167511004
P04_L010,base,P04_L010_BASE_T011_A01,P04_L010_BASE_T011,1.0,-0.2235,51,51,1,10,0.01844044722821039
P04_L010,base,P04_L010_BASE_T011_A02,P04_L010_BASE_T011,2.0,0.4985,48,48,1,10,0.022527414167511004
P04_L010,base,P04_L010_BASE_T011_A03,P04_L010_BASE_T011,3.0,0.2578,45,45,1,10,0.017639083045792012
P04_L010,base,P04_L010_BASE_T011_A04,P04_L010_BASE_T011,4.0,0.0172,54,54,1,10,0.013344416613741071
P04_L010,base,P04_L010_BASE_T012_A01,P04_L010_BASE_T012,1.0,0.2578,51,51,1,10,0.01859086945473481
P04_L010,base,P04_L010_BASE_T012_A02,P04_L010_BASE_T012,2.0,-0.2235,47,47,1,10,0.022711196440692527
P04_L010,base,P04_L010_BASE_T012_A03,P04_L010_BASE_T012,3.0,0.0172,54,54,1,10,0.0170425808231496
P04_L010,base,P04_L010_BASE_T012_A04,P04_L010_BASE_T012,4.0,0.4985,48,48,1,10,0.017639083045792012
P04_L010,base,P04_L010_BASE_T013_A01,P04_L010_BASE_T013,1.0,0.2578,49,49,1,10,0.02589999677521126
P04_L010,base,P04_L010_BASE_T013_A02,P04_L010_BASE_T013,2.0,-0.2235,46,46,1,10,0.02457400611866004
P04_L010,base,P04_L010_BASE_T013_A03,P04_L010_BASE_T013,3.0,0.4985,48,48,1,10,0.016170059643371478
P04_L010,base,P04_L010_BASE_T013_A04,P04_L010_BASE_T013,4.0,0.0172,58,58,1,10,0.02637446633661235
P04_L010,base,P04_L010_BASE_T014_A01,P04_L010_BASE_T014,1.0,0.0172,34,34,1,10,0.017321754955709704
P04_L010,base,P04_L010_BASE_T014_A02,P04_L010_BASE_T014,2.0,0.4985,37,37,1,11,0.01587917500122474
P04_L010,base,P04_L010_BASE_T014_A03,P04_L010_BASE_T014,3.0,0.2578,44,44,1,11,0.018108732469676005
P04_L010,base,P04_L010_BASE_T014_A04,P04_L010_BASE_T014,4.0,-0.2235,47,47,1,11,0.018108732469676005
P04_L010,base,P04_L010_BASE_T015_A01,P04_L010_BASE_T015,1.0,-0.4011,41,41,1,10,0.045253462847699266
P04_L010,base,P04_L010_BASE_T015_A02,P04_L010_BASE_T015,2.0,-0.1604,41,41,1,11,0.018108732469676005
P04_L010,base,P04_L010_BASE_T015_A03,P04_L010_BASE_T015,3.0,0.0802,55,55,1,10,0.014064477023969468
P04_L010,base,P04_L010_BASE_T015_A04,P04_L010_BASE_T015,4.0,0.3151,44,44,1,10,0.02457400611866004
P04_L010,flanker,P04_L010_FLANKER_T000_A01,P04_L010_FLANKER_T000,1.0,-0.1031,58,58,1,10,0.04452417523624168
P04_L010,flanker,P04_L010_FLANKER_T000_A02,P04_L010_FLANKER_T000,2.0,0.3782,54,54,1,10,0.07003250266693756
P04_L010,flanker,P04_L010_FLANKER_T000_A03,P04_L010_FLANKER_T000,3.0,0.1375,57,57,1,10,0.043723177295310084
P04_L010,flanker,P04_L010_FLANKER_T000_A04,P04_L010_FLANKER_T000,4.0,-0.338,42,42,1,10,0.026806494188658922
P04_L010,flanker,P04_L010_FLANKER_T001_A01,P04_L010_FLANKER_T001,1.0,-0.2807,36,36,1,10,0.04525344404430589
P04_L010,flanker,P04_L010_FLANKER_T001_A02,P04_L010_FLANKER_T001,2.0,0.1948,47,47,1,10,0.030570300242547154
P04_L010,flanker,P04_L010_FLANKER_T001_A03,P04_L010_FLANKER_T001,3.0,0.4354,46,46,1,10,0.03221986445309841
P04_L010,flanker,P04_L010_FLANKER_T001_A04,P04_L010_FLANKER_T001,4.0,-0.0401,55,55,1,11,0.025024163494164912
P04_L010,flanker,P04_L010_FLANKER_T002_A01,P04_L010_FLANKER_T002,1.0,0.4354,54,54,1,10,0.05202831899107683
P04_L010,flanker,P04_L010_FLANKER_T002_A02,P04_L010_FLANKER_T002,2.0,-0.0401,54,54,1,11,0.034862609603451285
P04_L010,flanker,P04_L010_FLANKER_T002_A03,P04_L010_FLANKER_T002,3.0,0.1948,50,50,1,11,0.030570303595290244
P04_L010,flanker,P04_L010_FLANKER_T002_A04,P04_L010_FLANKER_T002,4.0,-0.2807,56,56,1,10,0.05160740048771393
P04_L010,flanker,P04_L010_FLANKER_T003_A01,P04_L010_FLANKER_T003,1.0,0.4985,41,41,1,10,0.019753862113211906
P04_L010,flanker,P04_L010_FLANKER_T003_A02,P04_L010_FLANKER_T003,2.0,0.0172,71,71,1,11,0.012685383964110397
P04_L010,flanker,P04_L010_FLANKER_T003_A03,P04_L010_FLANKER_T003,3.0,-0.2235,47,47,1,10,0.03002035197346584
P04_L010,flanker,P04_L010_FLANKER_T003_A04,P04_L010_FLANKER_T003,4.0,0.2578,46,46,1,10,0.017639083045792012
P04_L010,flanker,P04_L010_FLANKER_T004_A01,P04_L010_FLANKER_T004,1.0,0.4985,43,43,1,10,0.019753862113211906
P04_L010,flanker,P04_L010_FLANKER_T004_A02,P04_L010_FLANKER_T004,2.0,0.2578,41,41,1,10,0.019753862113211906
P04_L010,flanker,P04_L010_FLANKER_T004_A03,P04_L010_FLANKER_T004,3.0,0.0172,55,55,1,10,0.016170058224378316
P04_L010,flanker,P04_L010_FLANKER_T004_A04,P04_L010_FLANKER_T004,4.0,-0.2235,62,62,1,11,0.011723776851945191
P04_L010,flanker,P04_L010_FLANKER_T005_A01,P04_L010_FLANKER_T005,1.0,0.4985,46,46,1,10,0.019753862113211906
P04_L010,flanker,P04_L010_FLANKER_T005_A02,P04_L010_FLANKER_T005,2.0,0.0172,34,34,1,10,0.017321754955709704
P04_L010,flanker,P04_L010_FLANKER_T005_A03,P04_L010_FLANKER_T005,3.0,0.2578,39,39,1,10,0.017321754955709704
P04_L010,flanker,P04_L010_FLANKER_T005_A04,P04_L010_FLANKER_T005,4.0,-0.2235,49,49,1,11,0.018108732469676005
P04_L010,flanker,P04_L010_FLANKER_T006_A01,P04_L010_FLANKER_T006,1.0,0.4985,32,32,1,10,0.017321754955709704
P04_L010,flanker,P04_L010_FLANKER_T006_A02,P04_L010_FLANKER_T006,2.0,-0.2235,40,40,1,10,0.01546734430192503
P04_L010,flanker,P04_L010_FLANKER_T006_A03,P04_L010_FLANKER_T006,3.0,0.2578,38,38,1,10,0.019753862113211906
P04_L010,flanker,P04_L010_FLANKER_T006_A04,P04_L010_FLANKER_T006,4.0,0.0172,48,48,1,11,0.011915823779183833
P04_L010,flanker,P04_L010_FLANKER_T007_A01,P04_L010_FLANKER_T007,1.0,0.4354,47,47,1,10,0.0593334817337162
P04_L010,flanker,P04_L010_FLANKER_T007_A02,P04_L010_FLANKER_T007,2.0,0.1948,37,37,1,10,0.045253462847699266
P04_L010,flanker,P04_L010_FLANKER_T007_A03,P04_L010_FLANKER_T007,3.0,-0.2807,43,43,1,10,0.03002035197346584
P04_L010,flanker,P04_L010_FLANKER_T007_A04,P04_L010_FLANKER_T007,4.0,-0.0401,55,55,1,10,0.03032296556804406
P04_L010,flanker,P04_L010_FLANKER_T008_A01,P04_L010_FLANKER_T008,1.0,0.4354,56,56,1,10,0.03221986149836073
P04_L010,flanker,P04_L010_FLANKER_T008_A02,P04_L010_FLANKER_T008,2.0,-0.2807,53,53,1,10,0.03334755193415469
P04_L010,flanker,P04_L010_FLANKER_T008_A03,P04_L010_FLANKER_T008,3.0,0.1948,38,38,1,10,0.03968184288767213
P04_L010,flanker,P04_L010_FLANKER_T008_A04,P04_L010_FLANKER_T008,4.0,-0.0401,39,39,1,10,0.03968184288767213
P04_L010,flanker,P04_L010_FLANKER_T009_A01,P04_L010_FLANKER_T009,1.0,0.0802,52,52,1,10,0.022527414167511004
P04_L010,flanker,P04_L010_FLANKER_T009_A02,P04_L010_FLANKER_T009,2.0,-0.4011,47,47,1,10,0.031640232768933386
P04_L010,flanker,P04_L010_FLANKER_T009_A03,P04_L010_FLANKER_T009,3.0,-0.1604,69,69,1,10,0.024177948820623386
P04_L010,flanker,P04_L010_FLANKER_T009_A04,P04_L010_FLANKER_T009,4.0,0.3151,40,40,1,10,0.01630194576356759
P04_L010,flanker,P04_L010_FLANKER_T010_A01,P04_L010_FLANKER_T010,1.0,-0.4011,39,39,1,10,0.035433641252899134
P04_L010,flanker,P04_L010_FLANKER_T010_A02,P04_L010_FLANKER_T010,2.0,0.3151,52,52,1,10,0.022527414167511004
P04_L010,flanker,P04_L010_FLANKER_T010_A03,P04_L010_FLANKER_T010,3.0,-0.1604,45,45,1,10,0.021374093115055202
P04_L010,flanker,P04_L010_FLANKER_T010_A04,P04_L010_FLANKER_T010,4.0,0.0802,47,47,1,10,0.011012544206478063
P04_L010,flanker,P04_L010_FLANKER_T011_A01,P04_L010_FLANKER_T011,1.0,-0.1604,48,48,1,10,0.021548436371754156
P04_L010,flanker,P04_L010_FLANKER_T011_A02,P04_L010_FLANKER_T011,2.0,-0.4011,45,45,1,10,0.04525344404430589
P04_L010,flanker,P04_L010_FLANKER_T011_A03,P04_L010_FLANKER_T011,3.0,0.0802,46,46,1,10,0.011701447544344207
P04_L010,flanker,P04_L010_FLANKER_T011_A04,P04_L010_FLANKER_T011,4.0,0.3151,43,43,1,11,0.018108732469676005
P04_L010,flanker,P04_L010_FLANKER_T012_A01,P04_L010_FLANKER_T012,1.0,0.0802,56,56,1,10,0.012233071340969104
P04_L010,flanker,P04_L010_FLANKER_T012_A02,P04_L010_FLANKER_T012,2.0,-0.1604,40,40,1,10,0.017321754955709704
P04_L010,flanker,P04_L010_FLANKER_T012_A03,P04_L010_FLANKER_T012,3.0,-0.4011,46,46,1,11,0.04148468700916459
P04_L010,flanker,P04_L010_FLANKER_T012_A04,P04_L010_FLANKER_T012,4.0,0.3151,52,52,1,10,0.02120114876851939
P04_L010,flanker,P04_L010_FLANKER_T013_A01,P04_L010_FLANKER_T013,1.0,-0.338,36,36,1,10,0.03968184288767213
P04_L010,flanker,P04_L010_FLANKER_T013_A02,P04_L010_FLANKER_T013,2.0,0.1375,39,39,1,11,0.036377079376536815
P04_L010,flanker,P04_L010_FLANKER_T013_A03,P04_L010_FLANKER_T013,3.0,-0.1031,44,44,1,10,0.045253462847699266
P04_L010,flanker,P04_L010_FLANKER_T013_A04,P04_L010_FLANKER_T013,4.0,0.3782,38,38,1,10,0.045253462847699266
P04_L010,flanker,P04_L010_FLANKER_T014_A01,P04_L010_FLANKER_T014,1.0,-0.338,41,41,1,10,0.03002035197346584
P04_L010,flanker,P04_L010_FLANKER_T014_A02,P04_L010_FLANKER_T014,2.0,0.3782,45,45,1,11,0.03334753597687359
P04_L010,flanker,P04_L010_FLANKER_T014_A03,P04_L010_FLANKER_T014,3.0,0.1375,50,50,1,10,0.028252960210874062
P04_L010,flanker,P04_L010_FLANKER_T014_A04,P04_L010_FLANKER_T014,4.0,-0.1031,46,46,1,10,0.045253462847699266
P04_L010,flanker,P04_L010_FLANKER_T015_A01,P04_L010_FLANKER_T015,1.0,-0.338,41,41,1,10,0.045253462847699266
P04_L010,flanker,P04_L010_FLANKER_T015_A02,P04_L010_FLANKER_T015,2.0,-0.1031,40,40,1,10,0.051607423185622295
P04_L010,flanker,P04_L010_FLANKER_T015_A03,P04_L010_FLANKER_T015,3.0,0.1375,57,57,1,10,0.03904234310680835
P04_L010,flanker,P04_L010_FLANKER_T015_A04,P04_L010_FLANKER_T015,4.0,0.3782,38,38,1,11,0.04148468700916459
P04_L049,base,P04_L049_BASE_T000_A01,P04_L049_BASE_T000,1.0,0.1375,48,48,1,10,0.05160741024450899
P04_L049,base,P04_L049_BASE_T000_A02,P04_L049_BASE_T000,2.0,-0.1031,52,52,1,11,0.05395206420839048
P04_L049,base,P04_L049_BASE_T000_A03,P04_L049_BASE_T000,3.0,0.3782,51,51,1,11,0.06253515142127972
P04_L049,base,P04_L049_BASE_T000_A04,P04_L049_BASE_T000,4.0,-0.338,45,45,1,10,0.059333516372217836
P04_L049,base,P04_L049_BASE_T001_A01,P04_L049_BASE_T001,1.0,-0.0401,43,43,1,10,0.05341362063333839
P04_L049,base,P04_L049_BASE_T001_A02,P04_L049_BASE_T001,2.0,0.4354,47,47,1,11,0.04008186123719354
P04_L049,base,P04_L049_BASE_T001_A03,P04_L049_BASE_T001,3.0,0.1948,62,62,1,11,0.04190295260905469
P04_L049,base,P04_L049_BASE_T001_A04,P04_L049_BASE_T001,4.0,-0.2807,37,37,1,10,0.05202834644682993
P04_L049,base,P04_L049_BASE_T002_A01,P04_L049_BASE_T002,1.0,-0.0401,38,38,1,10,0.04525351125685756
P04_L049,base,P04_L049_BASE_T002_A02,P04_L049_BASE_T002,2.0,-0.2807,52,52,1,10,0.05298144524826901
P04_L049,base,P04_L049_BASE_T002_A03,P04_L049_BASE_T002,3.0,0.4354,48,48,1,10,0.036082783762806867
P04_L049,base,P04_L049_BASE_T002_A04,P04_L049_BASE_T002,4.0,0.1948,46,46,1,12,0.058853443473716176
P04_L049,base,P04_L049_BASE_T003_A01,P04_L049_BASE_T003,1.0,-0.2807,48,48,1,11,0.04730946876906523
P04_L049,base,P04_L049_BASE_T003_A02,P04_L049_BASE_T003,2.0,0.4354,41,41,1,10,0.040408798709597044
P04_L049,base,P04_L049_BASE_T003_A03,P04_L049_BASE_T003,3.0,-0.0401,50,50,1,10,0.042244724524913395
P04_L049,base,P04_L049_BASE_T003_A04,P04_L049_BASE_T003,4.0,0.1948,50,50,1,10,0.07842891119360597
P04_L049,base,P04_L049_BASE_T004_A01,P04_L049_BASE_T004,1.0,0.1948,45,45,1,11,0.0414847091672321
P04_L049,base,P04_L049_BASE_T004_A02,P04_L049_BASE_T004,2.0,0.4354,43,43,1,10,0.05202834644682993
P04_L049,base,P04_L049_BASE_T004_A03,P04_L049_BASE_T004,3.0,-0.0401,40,40,1,10,0.04525348353309591
P04_L049,base,P04_L049_BASE_T004_A04,P04_L049_BASE_T004,4.0,-0.2807,54,54,1,11,0.047309447030271866
P04_L049,base,P04_L049_BASE_T005_A01,P04_L049_BASE_T005,1.0,0.0172,55,55,1,10,0.01735481626998363
P04_L049,base,P04_L049_BASE_T005_A02,P04_L049_BASE_T005,2.0,-0.2235,54,54,1,10,0.023127249650720022
P04_L049,base,P04_L049_BASE_T005_A03,P04_L049_BASE_T005,3.0,0.4985,48,48,1,10,0.034235472716539955
P04_L049,base,P04_L049_BASE_T005_A04,P04_L049_BASE_T005,4.0,0.2578,68,68,1,10,0.022940039680510636
P04_L049,base,P04_L049_BASE_T006_A01,P04_L049_BASE_T006,1.0,0.2578,35,35,1,10,0.019753858650415197
P04_L049,base,P04_L049_BASE_T006_A02,P04_L049_BASE_T006,2.0,-0.2235,51,51,1,10,0.025690455551422978
P04_L049,base,P04_L049_BASE_T006_A03,P04_L049_BASE_T006,3.0,0.0172,79,79,1,11,0.012058847711743398
P04_L049,base,P04_L049_BASE_T006_A04,P04_L049_BASE_T006,4.0,0.4985,55,55,1,10,0.019085849041679367
P04_L049,base,P04_L049_BASE_T007_A01,P04_L049_BASE_T007,1.0,0.0172,47,47,1,10,0.02252744327109203
P04_L049,base,P04_L049_BASE_T007_A02,P04_L049_BASE_T007,2.0,0.2578,43,43,1,10,0.019753858650415197
P04_L049,base,P04_L049_BASE_T007_A03,P04_L049_BASE_T007,3.0,0.4985,45,45,1,10,0.040408798709597044
P04_L049,base,P04_L049_BASE_T007_A04,P04_L049_BASE_T007,4.0,-0.2235,39,39,1,11,0.03637709273734868
P04_L049,base,P04_L049_BASE_T008_A01,P04_L049_BASE_T008,1.0,0.0172,39,39,1,10,0.02271119119076223
P04_L049,base,P04_L049_BASE_T008_A02,P04_L049_BASE_T008,2.0,0.4985,37,37,1,10,0.03968185155234242
P04_L049,base,P04_L049_BASE_T008_A03,P04_L049_BASE_T008,3.0,-0.2235,49,49,1,10,0.029536554842345308
P04_L049,base,P04_L049_BASE_T008_A04,P04_L049_BASE_T008,4.0,0.2578,71,71,1,11,0.030077653975553238
P04_L049,base,P04_L049_BASE_T009_A01,P04_L049_BASE_T009,1.0,-0.1604,60,60,1,10,0.029536554842345308
P04_L049,base,P04_L049_BASE_T009_A02,P04_L049_BASE_T009,2.0,-0.4011,41,41,1,10,0.07441354131300863
P04_L049,base,P04_L049_BASE_T009_A03,P04_L049_BASE_T009,4.0,0.0802,48,48,1,10,0.023315887217870333
P04_L049,base,P04_L049_BASE_T009_A04,P04_L049_BASE_T009,3.0,0.3151,45,45,1,10,0.03543364948628696
P04_L049,base,P04_L049_BASE_T010_A01,P04_L049_BASE_T010,1.0,0.3151,49,49,1,10,0.038029779477632246
P04_L049,base,P04_L049_BASE_T010_A02,P04_L049_BASE_T010,2.0,-0.1604,54,54,1,10,0.02900520620428371
P04_L049,base,P04_L049_BASE_T010_A03,P04_L049_BASE_T010,3.0,-0.4011,44,44,1,11,0.0414847091672321
P04_L049,base,P04_L049_BASE_T010_A04,P04_L049_BASE_T010,4.0,0.0802,47,47,1,10,0.025900007304281738
P04_L049,base,P04_L049_BASE_T011_A01,P04_L049_BASE_T011,1.0,-0.4011,55,55,1,11,0.05395199093349764
P04_L049,base,P04_L049_BASE_T011_A02,P04_L049_BASE_T011,2.0,-0.1604,48,48,1,10,0.03704349045448363
P04_L049,base,P04_L049_BASE_T011_A03,P04_L049_BASE_T011,3.0,0.3151,37,37,1,10,0.019753858650415197
P04_L049,base,P04_L049_BASE_T011_A04,P04_L049_BASE_T011,4.0,0.0802,38,38,1,10,0.03968185155234242
P04_L049,base,P04_L049_BASE_T012_A01,P04_L049_BASE_T012,1.0,-0.1604,52,52,1,11,0.028770531760719618
P04_L049,base,P04_L049_BASE_T012_A02,P04_L049_BASE_T012,2.0,-0.4011,50,50,1,10,0.06766431099390906
P04_L049,base,P04_L049_BASE_T012_A03,P04_L049_BASE_T012,3.0,0.0802,70,70,1,10,0.036446492102834724
P04_L049,base,P04_L049_BASE_T012_A04,P04_L049_BASE_T012,4.0,0.3151,36,36,1,10,0.03968185155234242
P04_L049,base,P04_L049_BASE_T013_A01,P04_L049_BASE_T013,2.0,0.3782,51,51,1,10,0.07381147453166016
P04_L049,base,P04_L049_BASE_T013_A02,P04_L049_BASE_T013,3.0,0.1375,51,51,1,10,0.06472379983568861
P04_L049,base,P04_L049_BASE_T013_A03,P04_L049_BASE_T013,4.0,-0.1031,70,70,1,11,0.03254469384139945
P04_L049,base,P04_L049_BASE_T013_A04,P04_L049_BASE_T013,1.0,-0.338,45,45,1,10,0.06141013116169165
P04_L049,base,P04_L049_BASE_T014_A01,P04_L049_BASE_T014,1.0,-0.1031,47,47,1,10,0.04525348353309591
P04_L049,base,P04_L049_BASE_T014_A02,P04_L049_BASE_T014,2.0,-0.338,45,45,1,10,0.06141011409505189
P04_L049,base,P04_L049_BASE_T014_A03,P04_L049_BASE_T014,3.0,0.1375,45,45,1,10,0.04896524038926543
P04_L049,base,P04_L049_BASE_T014_A04,P04_L049_BASE_T014,4.0,0.3782,56,56,1,11,0.06537624487188626
P04_L049,base,P04_L049_BASE_T015_A01,P04_L049_BASE_T015,1.0,0.3782,45,45,1,10,0.04896524038926543
P04_L049,base,P04_L049_BASE_T015_A02,P04_L049_BASE_T015,2.0,0.1375,46,46,1,10,0.04896524038926543
P04_L049,base,P04_L049_BASE_T015_A03,P04_L049_BASE_T015,3.0,-0.338,56,56,1,11,0.04570965078181494
P04_L049,base,P04_L049_BASE_T015_A04,P04_L049_BASE_T015,4.0,-0.1031,45,45,1,10,0.03704349045448363
P04_L049,flanker,P04_L049_FLANKER_T000_A01,P04_L049_FLANKER_T000,1.0,0.3782,57,57,1,10,0.07381147453166016
P04_L049,flanker,P04_L049_FLANKER_T000_A02,P04_L049_FLANKER_T000,2.0,-0.338,38,38,1,10,0.06877267123620542
P04_L049,flanker,P04_L049_FLANKER_T000_A03,P04_L049_FLANKER_T000,3.0,-0.1031,46,46,1,10,0.05933348769357536
P04_L049,flanker,P04_L049_FLANKER_T000_A04,P04_L049_FLANKER_T000,4.0,0.1375,52,52,1,11,0.04008186123719354
P04_L049,flanker,P04_L049_FLANKER_T001_A01,P04_L049_FLANKER_T001,1.0,-0.2807,44,44,1,10,0.08555393321129008
P04_L049,flanker,P04_L049_FLANKER_T001_A02,P04_L049_FLANKER_T001,2.0,0.1948,46,46,1,10,0.07842885771125775
P04_L049,flanker,P04_L049_FLANKER_T001_A03,P04_L049_FLANKER_T001,3.0,-0.0401,52,52,1,11,0.05395204246959706
P04_L049,flanker,P04_L049_FLANKER_T001_A04,P04_L049_FLANKER_T001,4.0,0.4354,55,55,1,10,0.06766440066646515
P04_L049,flanker,P04_L049_FLANKER_T002_A01,P04_L049_FLANKER_T002,1.0,0.1948,41,41,1,10,0.06877267123620542
P04_L049,flanker,P04_L049_FLANKER_T002_A02,P04_L049_FLANKER_T002,2.0,0.4354,43,43,1,10,0.06472379983568861
P04_L049,flanker,P04_L049_FLANKER_T002_A03,P04_L049_FLANKER_T002,3.0,-0.0401,68,68,1,10,0.06537624360142892
P04_L049,flanker,P04_L049_FLANKER_T002_A04,P04_L049_FLANKER_T002,4.0,-0.2807,53,53,1,11,0.05395204246959706
P04_L049,flanker,P04_L049_FLANKER_T003_A01,P04_L049_FLANKER_T003,1.0,-0.0401,40,40,1,10,0.04525348353309591
P04_L049,flanker,P04_L049_FLANKER_T003_A02,P04_L049_FLANKER_T003,2.0,0.4354,76,76,1,11,0.037794139825180956
P04_L049,flanker,P04_L049_FLANKER_T003_A03,P04_L049_FLANKER_T003,3.0,0.1948,64,64,1,11,0.05837737306034609
P04_L049,flanker,P04_L049_FLANKER_T003_A04,P04_L049_FLANKER_T003,4.0,-0.2807,49,49,1,10,0.06472379983568861
P04_L049,flanker,P04_L049_FLANKER_T004_A01,P04_L049_FLANKER_T004,1.0,-0.2807,43,43,1,11,0.054835761491839476
P04_L049,flanker,P04_L049_FLANKER_T004_A02,P04_L049_FLANKER_T004,2.0,-0.0401,38,38,1,10,0.05202834644682993
P04_L049,flanker,P04_L049_FLANKER_T004_A03,P04_L049_FLANKER_T004,3.0,0.4354,45,45,1,11,0.038029790798694216
P04_L049,flanker,P04_L049_FLANKER_T004_A04,P04_L049_FLANKER_T004,4.0,0.1948,35,35,1,10,0.0909058654138665
P04_L049,flanker,P04_L049_FLANKER_T005_A01,P04_L049_FLANKER_T005,1.0,0.0172,68,68,1,10,0.013950679258624863
P04_L049,flanker,P04_L049_FLANKER_T005_A02,P04_L049_FLANKER_T005,2.0,0.4985,62,62,1,10,0.03975759152509516
P04_L049,flanker,P04_L049_FLANKER_T005_A03,P04_L049_FLANKER_T005,3.0,0.2578,39,39,1,10,0.03002035894580909
P04_L049,flanker,P04_L049_FLANKER_T005_A04,P04_L049_FLANKER_T005,4.0,-0.2235,51,51,1,10,0.025690455551422978
P04_L049,flanker,P04_L049_FLANKER_T006_A01,P04_L049_FLANKER_T006,1.0,-0.2235,41,41,1,10,0.02271119119076223
P04_L049,flanker,P04_L049_FLANKER_T006_A02,P04_L049_FLANKER_T006,2.0,0.4985,45,45,1,10,0.03543364948628696
P04_L049,flanker,P04_L049_FLANKER_T006_A03,P04_L049_FLANKER_T006,3.0,0.2578,45,45,1,10,0.04525348353309591
P04_L049,flanker,P04_L049_FLANKER_T006_A04,P04_L049_FLANKER_T006,4.0,0.0172,69,69,1,10,0.016466289187890903
P04_L049,flanker,P04_L049_FLANKER_T007_A01,P04_L049_FLANKER_T007,1.0,-0.2235,36,36,1,10,0.03968185155234242
P04_L049,flanker,P04_L049_FLANKER_T007_A02,P04_L049_FLANKER_T007,2.0,0.4985,39,39,1,10,0.034235472716539955
P04_L049,flanker,P04_L049_FLANKER_T007_A03,P04_L049_FLANKER_T007,3.0,0.0172,40,40,1,10,0.019753858650415197
P04_L049,flanker,P04_L049_FLANKER_T007_A04,P04_L049_FLANKER_T007,4.0,0.2578,53,53,1,10,0.04525348353309591
P04_L049,flanker,P04_L049_FLANKER_T008_A01,P04_L049_FLANKER_T008,1.0,-0.2235,55,55,1,10,0.0425892393469429
P04_L049,flanker,P04_L049_FLANKER_T008_A02,P04_L049_FLANKER_T008,2.0,0.4985,48,48,1,10,0.030570348513884085
P04_L049,flanker,P04_L049_FLANKER_T008_A03,P04_L049_FLANKER_T008,3.0,0.0172,61,61,1,11,0.023550913353975265
P04_L049,flanker,P04_L049_FLANKER_T008_A04,P04_L049_FLANKER_T008,4.0,0.2578,53,53,1,10,0.025690455551422978
P04_L049,flanker,P04_L049_FLANKER_T009_A01,P04_L049_FLANKER_T009,2.0,-0.1604,39,39,1,10,0.03968185155234242
P04_L049,flanker,P04_L049_FLANKER_T009_A02,P04_L049_FLANKER_T009,3.0,-0.4011,54,54,1,12,0.0771649797494729
P04_L049,flanker,P04_L049_FLANKER_T009_A03,P04_L049_FLANKER_T009,4.0,0.0802,56,56,1,10,0.01289317983635796
P04_L049,flanker,P04_L049_FLANKER_T009_A04,P04_L049_FLANKER_T009,1.0,0.3151,49,49,1,10,0.029536554842345308
P04_L049,flanker,P04_L049_FLANKER_T010_A01,P04_L049_FLANKER_T010,1.0,0.0802,62,62,1,10,0.014703518932749795
P04_L049,flanker,P04_L049_FLANKER_T010_A02,P04_L049_FLANKER_T010,2.0,-0.1604,44,44,1,10,0.02457400552307941
P04_L049,flanker,P04_L049_FLANKER_T010_A03,P04_L049_FLANKER_T010,3.0,0.3151,55,55,1,10,0.013129369114452422
P04_L049,flanker,P04_L049_FLANKER_T010_A04,P04_L049_FLANKER_T010,4.0,-0.4011,61,61,1,10,0.058853443473716176
P04_L049,flanker,P04_L049_FLANKER_T011_A01,P04_L049_FLANKER_T011,1.0,0.0802,52,52,1,10,0.01959404039508361
P04_L049,flanker,P04_L049_FLANKER_T011_A02,P04_L049_FLANKER_T011,2.0,-0.1604,48,48,1,10,0.026806487874518257
P04_L049,flanker,P04_L049_FLANKER_T011_A03,P04_L049_FLANKER_T011,3.0,-0.4011,64,64,1,10,0.07716491837943798
P04_L049,flanker,P04_L049_FLANKER_T011_A04,P04_L049_FLANKER_T011,4.0,0.3151,54,54,1,10,0.026589606514072595
P04_L049,flanker,P04_L049_FLANKER_T012_A01,P04_L049_FLANKER_T012,1.0,0.3151,55,55,1,10,0.025900016840966263
P04_L049,flanker,P04_L049_FLANKER_T012_A02,P04_L049_FLANKER_T012,2.0,-0.4011,49,49,1,10,0.07639483589976294
P04_L049,flanker,P04_L049_FLANKER_T012_A03,P04_L049_FLANKER_T012,3.0,-0.1604,49,49,1,10,0.01289317983635796
P04_L049,flanker,P04_L049_FLANKER_T012_A04,P04_L049_FLANKER_T012,4.0,0.0802,49,49,1,12,0.02252744327109203
P04_L049,flanker,P04_L049_FLANKER_T013_A01,P04_L049_FLANKER_T013,1.0,-0.1031,44,44,1,10,0.08555393321129008
P04_L049,flanker,P04_L049_FLANKER_T013_A02,P04_L049_FLANKER_T013,2.0,0.1375,48,48,1,10,0.04896524038926543
P04_L049,flanker,P04_L049_FLANKER_T013_A03,P04_L049_FLANKER_T013,3.0,0.3782,41,41,1,11,0.0414847091672321
P04_L049,flanker,P04_L049_FLANKER_T013_A04,P04_L049_FLANKER_T013,4.0,-0.338,63,63,1,11,0.06890391791068048
P04_L049,flanker,P04_L049_FLANKER_T014_A01,P04_L049_FLANKER_T014,1.0,0.3782,43,43,1,11,0.0414847091672321
P04_L049,flanker,P04_L049_FLANKER_T014_A02,P04_L049_FLANKER_T014,2.0,-0.338,66,66,1,11,0.0239823581167602
P04_L049,flanker,P04_L049_FLANKER_T014_A03,P04_L049_FLANKER_T014,3.0,-0.1031,52,52,1,10,0.07842885771125775
P04_L049,flanker,P04_L049_FLANKER_T014_A04,P04_L049_FLANKER_T014,4.0,0.1375,57,57,1,10,0.05779469995041774
P04_L049,flanker,P04_L049_FLANKER_T015_A01,P04_L049_FLANKER_T015,1.0,0.1375,41,41,1,10,0.05202834644682993
P04_L049,flanker,P04_L049_FLANKER_T015_A02,P04_L049_FLANKER_T015,2.0,-0.1031,50,50,1,10,0.07842885771125775
P04_L049,flanker,P04_L049_FLANKER_T015_A03,P04_L049_FLANKER_T015,3.0,0.3782,55,55,1,10,0.048176106394316104
P04_L049,flanker,P04_L049_FLANKER_T015_A04,P04_L049_FLANKER_T015,4.0,-0.338,41,41,1,10,0.0811737884369858
P04_L100,base,P04_L100_BASE_T000_A01,P04_L100_BASE_T000,1.0,0.4011,47,47,1,10,0.10366974121870853
P04_L100,base,P04_L100_BASE_T000_A02,P04_L100_BASE_T000,2.0,0.212,55,55,1,10,0.08051698795173676
P04_L100,base,P04_L100_BASE_T000_A03,P04_L100_BASE_T000,3.0,-0.1662,40,40,1,10,0.028253003008124576
P04_L100,base,P04_L100_BASE_T000_A04,P04_L100_BASE_T000,4.0,0.0229,63,63,1,12,0.027572727559203793
P04_L100,base,P04_L100_BASE_T000_A05,P04_L100_BASE_T000,5.0,-0.3552,49,49,1,10,0.06420006592837083
P04_L100,base,P04_L100_BASE_T001_A01,P04_L100_BASE_T001,1.0,-0.3037,42,42,1,10,0.04525345941874622
P04_L100,base,P04_L100_BASE_T001_A02,P04_L100_BASE_T001,2.0,0.4526,68,68,1,10,0.06253507021976513
P04_L100,base,P04_L100_BASE_T001_A03,P04_L100_BASE_T001,3.0,-0.1146,49,49,1,10,0.055840254229045524
P04_L100,base,P04_L100_BASE_T001_A04,P04_L100_BASE_T001,4.0,0.0745,61,61,1,10,0.03674373653474681
P04_L100,base,P04_L100_BASE_T001_A05,P04_L100_BASE_T001,5.0,0.2636,53,53,1,10,0.056295724408094154
P04_L100,base,P04_L100_BASE_T002_A01,P04_L100_BASE_T002,1.0,0.2636,51,51,1,10,0.044887368459224794
P04_L100,base,P04_L100_BASE_T002_A02,P04_L100_BASE_T002,2.0,0.4526,46,46,1,10,0.059333441422541704
P04_L100,base,P04_L100_BASE_T002_A03,P04_L100_BASE_T002,3.0,-0.1146,72,72,1,11,0.04048595030995988
P04_L100,base,P04_L100_BASE_T002_A04,P04_L100_BASE_T002,4.0,0.0745,55,55,1,10,0.03802981352627205
P04_L100,base,P04_L100_BASE_T002_A05,P04_L100_BASE_T002,5.0,-0.3037,46,46,1,10,0.0425892060977438
P04_L100,base,P04_L100_BASE_T003_A01,P04_L100_BASE_T003,1.0,0.2636,48,48,1,11,0.036082779867584035
P04_L100,base,P04_L100_BASE_T003_A02,P04_L100_BASE_T003,2.0,0.4526,48,48,1,10,0.0614101116160445
P04_L100,base,P04_L100_BASE_T003_A03,P04_L100_BASE_T003,3.0,-0.3037,42,42,1,10,0.0425892060977438
P04_L100,base,P04_L100_BASE_T003_A04,P04_L100_BASE_T003,4.0,-0.1146,44,44,1,10,0.0614101116160445
P04_L100,base,P04_L100_BASE_T003_A05,P04_L100_BASE_T003,5.0,0.0745,44,44,1,11,0.04645841261587714
P04_L100,base,P04_L100_BASE_T004_A01,P04_L100_BASE_T004,1.0,0.2636,56,56,1,10,0.052981421808227486
P04_L100,base,P04_L100_BASE_T004_A02,P04_L100_BASE_T004,2.0,-0.1146,75,75,1,12,0.05697165934187986
P04_L100,base,P04_L100_BASE_T004_A03,P04_L100_BASE_T004,3.0,-0.3037,51,51,1,10,0.07003258895227818
P04_L100,base,P04_L100_BASE_T004_A04,P04_L100_BASE_T004,4.0,0.0745,52,52,1,11,0.0287704994856716
P04_L100,base,P04_L100_BASE_T004_A05,P04_L100_BASE_T004,5.0,0.4526,36,36,1,10,0.0520283136453255
P04_L100,base,P04_L100_BASE_T005_A01,P04_L100_BASE_T005,1.0,-0.0688,50,50,1,10,0.11822573802799824
P04_L100,base,P04_L100_BASE_T005_A02,P04_L100_BASE_T005,2.0,-0.2578,60,60,1,10,0.11822577394778974
P04_L100,base,P04_L100_BASE_T005_A03,P04_L100_BASE_T005,3.0,0.4985,45,45,1,10,0.05160741648093165
P04_L100,base,P04_L100_BASE_T005_A04,P04_L100_BASE_T005,4.0,0.3094,41,41,1,10,0.05933351443980976
P04_L100,base,P04_L100_BASE_T005_A05,P04_L100_BASE_T005,5.0,0.1203,39,39,1,10,0.09090591445346737
P04_L100,base,P04_L100_BASE_T006_A01,P04_L100_BASE_T006,1.0,0.4985,46,46,1,10,0.051607343797021754
P04_L100,base,P04_L100_BASE_T006_A02,P04_L100_BASE_T006,2.0,0.3094,73,73,1,10,0.02355092177733122
P04_L100,base,P04_L100_BASE_T006_A03,P04_L100_BASE_T006,3.0,-0.2578,41,41,1,10,0.07842888811897843
P04_L100,base,P04_L100_BASE_T006_A04,P04_L100_BASE_T006,4.0,-0.0688,60,60,1,10,0.07986562903131689
P04_L100,base,P04_L100_BASE_T006_A05,P04_L100_BASE_T006,5.0,0.1203,48,48,1,10,0.07639480208179217
P04_L100,base,P04_L100_BASE_T007_A01,P04_L100_BASE_T007,1.0,-0.0688,50,50,1,10,0.1348254975465811
P04_L100,base,P04_L100_BASE_T007_A02,P04_L100_BASE_T007,2.0,0.4985,43,43,1,10,0.04525345941874622
P04_L100,base,P04_L100_BASE_T007_A03,P04_L100_BASE_T007,3.0,-0.2578,45,45,1,10,0.10366974121870853
P04_L100,base,P04_L100_BASE_T007_A04,P04_L100_BASE_T007,4.0,0.1203,51,51,1,11,0.06253513900676504
P04_L100,base,P04_L100_BASE_T007_A05,P04_L100_BASE_T007,5.0,0.3094,49,49,1,10,0.05629578069393223
P04_L100,base,P04_L100_BASE_T008_A01,P04_L100_BASE_T008,1.0,-0.0688,56,56,1,10,0.07986567461543917
P04_L100,base,P04_L100_BASE_T008_A02,P04_L100_BASE_T008,2.0,-0.2578,63,63,1,10,0.19283418423986212
P04_L100,base,P04_L100_BASE_T008_A03,P04_L100_BASE_T008,3.0,0.1203,49,49,1,10,0.07003248490146895
P04_L100,base,P04_L100_BASE_T008_A04,P04_L100_BASE_T008,4.0,0.4985,41,41,1,10,0.06877270355328113
P04_L100,base,P04_L100_BASE_T008_A05,P04_L100_BASE_T008,5.0,0.3094,47,47,1,10,0.0370434632344972
P04_L100,base,P04_L100_BASE_T009_A01,P04_L100_BASE_T009,1.0,-0.0229,49,49,1,10,0.09257123575788712
P04_L100,base,P04_L100_BASE_T009_A02,P04_L100_BASE_T009,2.0,0.1662,44,44,1,10,0.08555388906328826
P04_L100,base,P04_L100_BASE_T009_A03,P04_L100_BASE_T009,3.0,-0.4011,53,53,1,10,0.13592521650331646
P04_L100,base,P04_L100_BASE_T009_A04,P04_L100_BASE_T009,4.0,-0.212,59,59,1,10,0.06766438832601365
P04_L100,base,P04_L100_BASE_T009_A05,P04_L100_BASE_T009,5.0,0.3552,50,50,1,10,0.11822558796809778
P04_L100,base,P04_L100_BASE_T010_A01,P04_L100_BASE_T010,1.0,-0.212,52,52,1,10,0.07986565499694631
P04_L100,base,P04_L100_BASE_T010_A02,P04_L100_BASE_T010,2.0,-0.0229,42,42,1,10,0.05202832986334678
P04_L100,base,P04_L100_BASE_T010_A03,P04_L100_BASE_T010,3.0,0.1662,48,48,1,10,0.1182256686034135
P04_L100,base,P04_L100_BASE_T010_A04,P04_L100_BASE_T010,4.0,-0.4011,42,42,1,10,0.10366974121870853
P04_L100,base,P04_L100_BASE_T010_A05,P04_L100_BASE_T010,5.0,0.3552,45,45,1,11,0.08266088075993101
P04_L100,base,P04_L100_BASE_T011_A01,P04_L100_BASE_T011,1.0,-0.4011,40,40,1,10,0.06877270355328113
P04_L100,base,P04_L100_BASE_T011_A02,P04_L100_BASE_T011,2.0,-0.212,51,51,1,10,0.10926373938829674
P04_L100,base,P04_L100_BASE_T011_A03,P04_L100_BASE_T011,3.0,0.3552,50,50,1,10,0.1482735765380608
P04_L100,base,P04_L100_BASE_T011_A04,P04_L100_BASE_T011,4.0,0.1662,39,39,1,10,0.09090582932003076
P04_L100,base,P04_L100_BASE_T011_A05,P04_L100_BASE_T011,5.0,-0.0229,58,58,1,10,0.07003257472870218
P04_L100,base,P04_L100_BASE_T012_A01,P04_L100_BASE_T012,1.0,-0.212,55,55,1,10,0.09756634337335106
P04_L100,base,P04_L100_BASE_T012_A02,P04_L100_BASE_T012,2.0,-0.0229,65,65,1,10,0.09107925491128559
P04_L100,base,P04_L100_BASE_T012_A03,P04_L100_BASE_T012,3.0,-0.4011,53,53,1,10,0.11217292403700578
P04_L100,base,P04_L100_BASE_T012_A04,P04_L100_BASE_T012,4.0,0.1662,42,42,1,10,0.11918997958216355
P04_L100,base,P04_L100_BASE_T012_A05,P04_L100_BASE_T012,5.0,0.3552,39,39,1,10,0.09090591445346737
P04_L100,base,P04_L100_BASE_T013_A01,P04_L100_BASE_T013,1.0,0.4011,53,53,1,11,0.07131547740509345
P04_L100,base,P04_L100_BASE_T013_A02,P04_L100_BASE_T013,2.0,0.0229,41,41,1,10,0.03002038171220136
P04_L100,base,P04_L100_BASE_T013_A03,P04_L100_BASE_T013,3.0,0.212,39,39,1,10,0.09090582932003076
P04_L100,base,P04_L100_BASE_T013_A04,P04_L100_BASE_T013,4.0,-0.1662,41,41,1,10,0.04525342630842334
P04_L100,base,P04_L100_BASE_T013_A05,P04_L100_BASE_T013,5.0,-0.3552,50,50,1,12,0.05885344923806393
P04_L100,base,P04_L100_BASE_T014_A01,P04_L100_BASE_T014,1.0,-0.1662,45,45,1,10,0.044887312406876656
P04_L100,base,P04_L100_BASE_T014_A02,P04_L100_BASE_T014,2.0,-0.3552,61,61,1,11,0.041902900625122336
P04_L100,base,P04_L100_BASE_T014_A03,P04_L100_BASE_T014,3.0,0.0229,66,66,1,11,0.016333176227190712
P04_L100,base,P04_L100_BASE_T014_A04,P04_L100_BASE_T014,4.0,0.4011,43,43,1,10,0.05933351443980976
P04_L100,base,P04_L100_BASE_T014_A05,P04_L100_BASE_T014,5.0,0.212,34,34,1,10,0.09090582932003076
P04_L100,base,P04_L100_BASE_T015_A01,P04_L100_BASE_T015,1.0,-0.3552,61,61,1,11,0.030878492370921592
P04_L100,base,P04_L100_BASE_T015_A02,P04_L100_BASE_T015,2.0,0.0229,52,52,1,10,0.042589266520501025
P04_L100,base,P04_L100_BASE_T015_A03,P04_L100_BASE_T015,3.0,-0.1662,40,40,1,10,0.04525342630842334
P04_L100,base,P04_L100_BASE_T015_A04,P04_L100_BASE_T015,4.0,0.212,58,58,1,10,0.1182256686034135
P04_L100,base,P04_L100_BASE_T015_A05,P04_L100_BASE_T015,5.0,0.4011,48,48,1,10,0.1036697743290317
P04_L100,flanker,P04_L100_FLANKER_T000_A01,P04_L100_FLANKER_T000,1.0,0.212,52,52,1,11,0.07131547740509345
P04_L100,flanker,P04_L100_FLANKER_T000_A02,P04_L100_FLANKER_T000,2.0,0.0229,51,51,1,10,0.040408797206032424
P04_L100,flanker,P04_L100_FLANKER_T000_A03,P04_L100_FLANKER_T000,3.0,-0.3552,57,57,1,11,0.055388513149780105
P04_L100,flanker,P04_L100_FLANKER_T000_A04,P04_L100_FLANKER_T000,4.0,0.4011,44,44,1,10,0.07842888811897843
P04_L100,flanker,P04_L100_FLANKER_T000_A05,P04_L100_FLANKER_T000,5.0,-0.1662,42,42,1,10,0.0520283136453255
P04_L100,flanker,P04_L100_FLANKER_T001_A01,P04_L100_FLANKER_T001,1.0,-0.1146,66,66,1,10,0.03943589533644509
P04_L100,flanker,P04_L100_FLANKER_T001_A02,P04_L100_FLANKER_T001,2.0,0.4526,47,47,1,10,0.06877264818717442
P04_L100,flanker,P04_L100_FLANKER_T001_A03,P04_L100_FLANKER_T001,3.0,0.0745,69,69,1,10,0.0419028690197867
P04_L100,flanker,P04_L100_FLANKER_T001_A04,P04_L100_FLANKER_T001,4.0,-0.3037,46,46,1,11,0.04730947565678351
P04_L100,flanker,P04_L100_FLANKER_T001_A05,P04_L100_FLANKER_T001,5.0,0.2636,49,49,1,10,0.051607343797021754
P04_L100,flanker,P04_L100_FLANKER_T002_A01,P04_L100_FLANKER_T002,1.0,-0.1146,42,42,1,10,0.04525342630842334
P04_L100,flanker,P04_L100_FLANKER_T002_A02,P04_L100_FLANKER_T002,2.0,-0.3037,73,73,1,10,0.04730947444735108
P04_L100,flanker,P04_L100_FLANKER_T002_A03,P04_L100_FLANKER_T002,3.0,0.4526,40,40,1,10,0.04525345941874622
P04_L100,flanker,P04_L100_FLANKER_T002_A04,P04_L100_FLANKER_T002,4.0,0.2636,47,47,1,11,0.052981489683196464
P04_L100,flanker,P04_L100_FLANKER_T002_A05,P04_L100_FLANKER_T002,5.0,0.0745,51,51,1,10,0.03423545898441663
P04_L100,flanker,P04_L100_FLANKER_T003_A01,P04_L100_FLANKER_T003,1.0,0.0745,46,46,1,11,0.017962211039536827
P04_L100,flanker,P04_L100_FLANKER_T003_A02,P04_L100_FLANKER_T003,2.0,-0.3037,38,38,1,10,0.0520283136453255
P04_L100,flanker,P04_L100_FLANKER_T003_A03,P04_L100_FLANKER_T003,3.0,0.2636,42,42,1,10,0.030570282706382984
P04_L100,flanker,P04_L100_FLANKER_T003_A04,P04_L100_FLANKER_T003,4.0,-0.1146,68,68,1,11,0.030628803874812205
P04_L100,flanker,P04_L100_FLANKER_T003_A05,P04_L100_FLANKER_T003,5.0,0.4526,62,62,1,10,0.04336939044153661
P04_L100,flanker,P04_L100_FLANKER_T004_A01,P04_L100_FLANKER_T004,1.0,0.2636,49,49,1,10,0.034235402112891694
P04_L100,flanker,P04_L100_FLANKER_T004_A02,P04_L100_FLANKER_T004,2.0,0.0745,48,48,1,10,0.025899981645348607
P04_L100,flanker,P04_L100_FLANKER_T004_A03,P04_L100_FLANKER_T004,3.0,-0.1146,34,34,1,10,0.039681877909640055
P04_L100,flanker,P04_L100_FLANKER_T004_A04,P04_L100_FLANKER_T004,4.0,-0.3037,46,46,1,10,0.04258921297510751
P04_L100,flanker,P04_L100_FLANKER_T004_A05,P04_L100_FLANKER_T004,5.0,0.4526,61,61,1,10,0.07716523787283595
P04_L100,flanker,P04_L100_FLANKER_T005_A01,P04_L100_FLANKER_T005,1.0,0.4985,49,49,1,10,0.04645836146164087
P04_L100,flanker,P04_L100_FLANKER_T005_A02,P04_L100_FLANKER_T005,2.0,0.1203,52,52,1,10,0.07003257199336123
P04_L100,flanker,P04_L100_FLANKER_T005_A03,P04_L100_FLANKER_T005,3.0,-0.2578,57,57,1,11,0.06042046239593202
P04_L100,flanker,P04_L100_FLANKER_T005_A04,P04_L100_FLANKER_T005,4.0,0.3094,41,41,1,10,0.035433675422982966
P04_L100,flanker,P04_L100_FLANKER_T005_A05,P04_L100_FLANKER_T005,5.0,-0.0688,47,47,1,10,0.08117377586790923
P04_L100,flanker,P04_L100_FLANKER_T006_A01,P04_L100_FLANKER_T006,1.0,0.1203,65,65,1,11,0.07016624490872843
P04_L100,flanker,P04_L100_FLANKER_T006_A02,P04_L100_FLANKER_T006,2.0,-0.2578,57,57,1,11,0.06590942814635396
P04_L100,flanker,P04_L100_FLANKER_T006_A03,P04_L100_FLANKER_T006,3.0,0.3094,61,61,1,10,0.04224461578944833
P04_L100,flanker,P04_L100_FLANKER_T006_A04,P04_L100_FLANKER_T006,4.0,0.4985,37,37,1,10,0.039681877909640055
P04_L100,flanker,P04_L100_FLANKER_T006_A05,P04_L100_FLANKER_T006,5.0,-0.0688,57,57,1,10,0.057327127222062145
P04_L100,flanker,P04_L100_FLANKER_T007_A01,P04_L100_FLANKER_T007,1.0,-0.2578,66,66,1,10,0.06946597479944766
P04_L100,flanker,P04_L100_FLANKER_T007_A02,P04_L100_FLANKER_T007,2.0,0.3094,47,47,1,10,0.059333441422541704
P04_L100,flanker,P04_L100_FLANKER_T007_A03,P04_L100_FLANKER_T007,3.0,0.4985,56,56,1,10,0.046082451726345425
P04_L100,flanker,P04_L100_FLANKER_T007_A04,P04_L100_FLANKER_T007,4.0,0.1203,47,47,1,10,0.1223635350847409
P04_L100,flanker,P04_L100_FLANKER_T007_A05,P04_L100_FLANKER_T007,5.0,-0.0688,50,50,1,10,0.07639480208179217
P04_L100,flanker,P04_L100_FLANKER_T008_A01,P04_L100_FLANKER_T008,1.0,-0.2578,47,47,1,10,0.1009810202609752
P04_L100,flanker,P04_L100_FLANKER_T008_A02,P04_L100_FLANKER_T008,2.0,0.1203,41,41,1,10,0.09090591445346737
P04_L100,flanker,P04_L100_FLANKER_T008_A03,P04_L100_FLANKER_T008,3.0,0.3094,51,51,1,10,0.059333441422541704
P04_L100,flanker,P04_L100_FLANKER_T008_A04,P04_L100_FLANKER_T008,4.0,0.4985,59,59,1,10,0.050775619003950584
P04_L100,flanker,P04_L100_FLANKER_T008_A05,P04_L100_FLANKER_T008,5.0,-0.0688,64,64,1,10,0.07986562903131689
P04_L100,flanker,P04_L100_FLANKER_T009_A01,P04_L100_FLANKER_T009,1.0,-0.4011,46,46,1,10,0.05933351443980976
P04_L100,flanker,P04_L100_FLANKER_T009_A02,P04_L100_FLANKER_T009,2.0,-0.212,50,50,1,10,0.05584034971950806
P04_L100,flanker,P04_L100_FLANKER_T009_A03,P04_L100_FLANKER_T009,3.0,-0.0229,64,64,1,10,0.051189879188862586
P04_L100,flanker,P04_L100_FLANKER_T009_A04,P04_L100_FLANKER_T009,4.0,0.3552,49,49,1,10,0.1182256686034135
P04_L100,flanker,P04_L100_FLANKER_T009_A05,P04_L100_FLANKER_T009,5.0,0.1662,52,52,1,10,0.11217285623159677
P04_L100,flanker,P04_L100_FLANKER_T010_A01,P04_L100_FLANKER_T010,1.0,-0.0229,61,61,1,10,0.07189712801015541
P04_L100,flanker,P04_L100_FLANKER_T010_A02,P04_L100_FLANKER_T010,2.0,0.1662,38,38,1,10,0.09090582932003076
P04_L100,flanker,P04_L100_FLANKER_T010_A03,P04_L100_FLANKER_T010,3.0,-0.4011,64,64,1,10,0.11126520955493935
P04_L100,flanker,P04_L100_FLANKER_T010_A04,P04_L100_FLANKER_T010,4.0,-0.212,50,50,1,10,0.06590951771592404
P04_L100,flanker,P04_L100_FLANKER_T010_A05,P04_L100_FLANKER_T010,5.0,0.3552,62,62,1,11,0.08132870927332277
P04_L100,flanker,P04_L100_FLANKER_T011_A01,P04_L100_FLANKER_T011,1.0,-0.4011,42,42,1,10,0.09090582932003076
P04_L100,flanker,P04_L100_FLANKER_T011_A02,P04_L100_FLANKER_T011,2.0,0.1662,52,52,1,10,0.09257123575788712
P04_L100,flanker,P04_L100_FLANKER_T011_A03,P04_L100_FLANKER_T011,3.0,-0.0229,56,56,1,10,0.08712123494322348
P04_L100,flanker,P04_L100_FLANKER_T011_A04,P04_L100_FLANKER_T011,4.0,0.3552,47,47,1,10,0.1182256686034135
P04_L100,flanker,P04_L100_FLANKER_T011_A05,P04_L100_FLANKER_T011,5.0,-0.212,44,44,1,10,0.06877264818717442
P04_L100,flanker,P04_L100_FLANKER_T012_A01,P04_L100_FLANKER_T012,1.0,-0.0229,60,60,1,10,0.10556890770886998
P04_L100,flanker,P04_L100_FLANKER_T012_A02,P04_L100_FLANKER_T012,2.0,0.1662,71,71,1,11,0.059446741917217216
P04_L100,flanker,P04_L100_FLANKER_T012_A03,P04_L100_FLANKER_T012,3.0,-0.4011,41,41,1,10,0.10366974121870853
P04_L100,flanker,P04_L100_FLANKER_T012_A04,P04_L100_FLANKER_T012,4.0,0.3552,58,58,1,11,0.10837972255561872
P04_L100,flanker,P04_L100_FLANKER_T012_A05,P04_L100_FLANKER_T012,5.0,-0.212,45,45,1,10,0.11919009690335654
P04_L100,flanker,P04_L100_FLANKER_T013_A01,P04_L100_FLANKER_T013,1.0,0.0229,53,53,1,10,0.03904231590089301
P04_L100,flanker,P04_L100_FLANKER_T013_A02,P04_L100_FLANKER_T013,2.0,-0.1662,44,44,1,10,0.051607343797021754
P04_L100,flanker,P04_L100_FLANKER_T013_A03,P04_L100_FLANKER_T013,3.0,0.4011,47,47,1,10,0.10366962466360144
P04_L100,flanker,P04_L100_FLANKER_T013_A04,P04_L100_FLANKER_T013,4.0,0.212,60,60,1,10,0.10556890770886998
P04_L100,flanker,P04_L100_FLANKER_T013_A05,P04_L100_FLANKER_T013,5.0,-0.3552,41,41,1,10,0.09090582932003076
P04_L100,flanker,P04_L100_FLANKER_T014_A01,P04_L100_FLANKER_T014,1.0,-0.1662,43,43,1,10,0.0425892060977438
P04_L100,flanker,P04_L100_FLANKER_T014_A02,P04_L100_FLANKER_T014,2.0,-0.3552,38,38,1,10,0.09090582932003076
P04_L100,flanker,P04_L100_FLANKER_T014_A03,P04_L100_FLANKER_T014,3.0,0.4011,50,50,1,10,0.11822573802799824
P04_L100,flanker,P04_L100_FLANKER_T014_A04,P04_L100_FLANKER_T014,4.0,0.0229,55,55,1,11,0.04148471482921105
P04_L100,flanker,P04_L100_FLANKER_T014_A05,P04_L100_FLANKER_T014,5.0,0.212,40,40,1,10,0.061410092267154506
P04_L100,flanker,P04_L100_FLANKER_T015_A01,P04_L100_FLANKER_T015,1.0,0.212,53,53,1,10,0.11822573802799824
P04_L100,flanker,P04_L100_FLANKER_T015_A02,P04_L100_FLANKER_T015,2.0,0.4011,44,44,1,10,0.1575491364806032
P04_L100,flanker,P04_L100_FLANKER_T015_A03,P04_L100_FLANKER_T015,3.0,-0.3552,44,44,1,10,0.06877264818717442
P04_L100,flanker,P04_L100_FLANKER_T015_A04,P04_L100_FLANKER_T015,4.0,-0.1662,43,43,1,10,0.0520283136453255
P04_L100,flanker,P04_L100_FLANKER_T015_A05,P04_L100_FLANKER_T015,5.0,0.0229,43,43,1,10,0.04525342630842334
P04_L200,base,P04_L200_BASE_T000_A01,P04_L200_BASE_T000,1.0,0.212,49,49,1,11,0.15222152954589016
P04_L200,base,P04_L200_BASE_T000_A02,P04_L200_BASE_T000,2.0,-0.3552,46,46,1,11,0.06253510815952984
P04_L200,base,P04_L200_BASE_T000_A03,P04_L200_BASE_T000,3.0,0.0229,50,50,1,10,0.048569068297344545
P04_L200,base,P04_L200_BASE_T000_A04,P04_L200_BASE_T000,4.0,0.4011,54,54,1,10,0.13592522085914652
P04_L200,base,P04_L200_BASE_T000_A05,P04_L200_BASE_T000,5.0,-0.1662,57,57,1,10,0.0694659349202762
P04_L200,base,P04_L200_BASE_T001_A01,P04_L200_BASE_T001,1.0,0.0745,57,57,1,11,0.060420504009900906
P04_L200,base,P04_L200_BASE_T001_A02,P04_L200_BASE_T001,2.0,-0.1146,46,46,1,10,0.10366973293066446
P04_L200,base,P04_L200_BASE_T001_A03,P04_L200_BASE_T001,3.0,0.2636,48,48,1,10,0.05885344549225408
P04_L200,base,P04_L200_BASE_T001_A04,P04_L200_BASE_T001,4.0,0.4526,51,51,1,10,0.08266082820979216
P04_L200,base,P04_L200_BASE_T001_A05,P04_L200_BASE_T001,5.0,-0.3037,61,61,1,10,0.10750258863338971
P04_L200,base,P04_L200_BASE_T002_A01,P04_L200_BASE_T002,1.0,0.0745,68,68,1,10,0.07455556658367082
P04_L200,base,P04_L200_BASE_T002_A02,P04_L200_BASE_T002,2.0,-0.1146,46,46,1,10,0.07842885855691561
P04_L200,base,P04_L200_BASE_T002_A03,P04_L200_BASE_T002,3.0,-0.3037,42,42,1,10,0.0614101132544492
P04_L200,base,P04_L200_BASE_T002_A04,P04_L200_BASE_T002,4.0,0.2636,59,59,1,11,0.0813287420461844
P04_L200,base,P04_L200_BASE_T002_A05,P04_L200_BASE_T002,5.0,0.4526,64,64,1,10,0.12039138376086046
P04_L200,base,P04_L200_BASE_T003_A01,P04_L200_BASE_T003,1.0,-0.1146,59,59,1,11,0.06042044334154441
P04_L200,base,P04_L200_BASE_T003_A02,P04_L200_BASE_T003,2.0,0.2636,38,38,1,10,0.09090587286144251
P04_L200,base,P04_L200_BASE_T003_A03,P04_L200_BASE_T003,3.0,0.0745,53,53,1,10,0.02569044681219722
P04_L200,base,P04_L200_BASE_T003_A04,P04_L200_BASE_T003,4.0,-0.3037,39,39,1,10,0.05933348190025503
P04_L200,base,P04_L200_BASE_T003_A05,P04_L200_BASE_T003,5.0,0.4526,56,56,1,10,0.09756630305847
P04_L200,base,P04_L200_BASE_T004_A01,P04_L200_BASE_T004,1.0,-0.3037,39,39,1,10,0.10366973293066446
P04_L200,base,P04_L200_BASE_T004_A02,P04_L200_BASE_T004,2.0,0.2636,46,46,1,10,0.07842885855691561
P04_L200,base,P04_L200_BASE_T004_A03,P04_L200_BASE_T004,3.0,0.0745,49,49,1,11,0.047309544287443384
P04_L200,base,P04_L200_BASE_T004_A04,P04_L200_BASE_T004,4.0,-0.1146,41,41,1,10,0.10366973293066446
P04_L200,base,P04_L200_BASE_T004_A05,P04_L200_BASE_T004,5.0,0.4526,72,72,1,10,0.07073859421048301
P04_L200,base,P04_L200_BASE_T005_A01,P04_L200_BASE_T005,1.0,-0.0688,50,50,1,10,0.1182257993753569
P04_L200,base,P04_L200_BASE_T005_A02,P04_L200_BASE_T005,2.0,0.4985,43,43,1,10,0.11919009965726289
P04_L200,base,P04_L200_BASE_T005_A03,P04_L200_BASE_T005,3.0,0.1203,49,49,1,10,0.16043533408810606
P04_L200,base,P04_L200_BASE_T005_A04,P04_L200_BASE_T005,4.0,-0.2578,50,50,1,10,0.1604353426217307
P04_L200,base,P04_L200_BASE_T005_A05,P04_L200_BASE_T005,5.0,0.3094,55,55,1,11,0.060420504009900906
P04_L200,base,P04_L200_BASE_T006_A01,P04_L200_BASE_T006,1.0,-0.0688,55,55,1,10,0.16909239172317275
P04_L200,base,P04_L200_BASE_T006_A02,P04_L200_BASE_T006,2.0,0.4985,77,77,1,11,0.062147573392458605
P04_L200,base,P04_L200_BASE_T006_A03,P04_L200_BASE_T006,3.0,-0.2578,36,36,1,10,0.208253375881209
P04_L200,base,P04_L200_BASE_T006_A04,P04_L200_BASE_T006,4.0,0.1203,43,43,1,10,0.15754914579117504
P04_L200,base,P04_L200_BASE_T006_A05,P04_L200_BASE_T006,5.0,0.3094,58,58,1,10,0.067116915400911
P04_L200,base,P04_L200_BASE_T007_A01,P04_L200_BASE_T007,1.0,0.1203,48,48,1,10,0.13592522085914652
P04_L200,base,P04_L200_BASE_T007_A02,P04_L200_BASE_T007,2.0,0.4985,51,51,1,11,0.087121211348213
P04_L200,base,P04_L200_BASE_T007_A03,P04_L200_BASE_T007,3.0,-0.0688,59,59,1,10,0.15375596961262186
P04_L200,base,P04_L200_BASE_T007_A04,P04_L200_BASE_T007,4.0,-0.2578,50,50,1,11,0.10837973636929193
P04_L200,base,P04_L200_BASE_T007_A05,P04_L200_BASE_T007,5.0,0.3094,48,48,1,10,0.07003260176914956
P04_L200,base,P04_L200_BASE_T008_A01,P04_L200_BASE_T008,1.0,0.3094,57,57,1,10,0.07381154546010286
P04_L200,base,P04_L200_BASE_T008_A02,P04_L200_BASE_T008,2.0,-0.0688,54,54,1,11,0.14325971659622133
P04_L200,base,P04_L200_BASE_T008_A03,P04_L200_BASE_T008,3.0,0.1203,46,46,1,10,0.23749359896316077
P04_L200,base,P04_L200_BASE_T008_A04,P04_L200_BASE_T008,4.0,0.4985,52,52,1,10,0.10556897340036488
P04_L200,base,P04_L200_BASE_T008_A05,P04_L200_BASE_T008,5.0,-0.2578,33,33,1,10,0.208253375881209
P04_L200,base,P04_L200_BASE_T009_A01,P04_L200_BASE_T009,1.0,0.3552,46,46,1,11,0.2177147764406193
P04_L200,base,P04_L200_BASE_T009_A02,P04_L200_BASE_T009,2.0,0.1662,43,43,1,10,0.13592522811910585
P04_L200,base,P04_L200_BASE_T009_A03,P04_L200_BASE_T009,3.0,-0.4011,34,34,1,10,0.208253375881209
P04_L200,base,P04_L200_BASE_T009_A04,P04_L200_BASE_T009,4.0,-0.0229,57,57,1,11,0.12137373217216803
P04_L200,base,P04_L200_BASE_T009_A05,P04_L200_BASE_T009,5.0,-0.212,52,52,1,10,0.1256217115707237
P04_L200,base,P04_L200_BASE_T010_A01,P04_L200_BASE_T010,1.0,-0.4011,58,58,1,10,0.18296165456571592
P04_L200,base,P04_L200_BASE_T010_A02,P04_L200_BASE_T010,2.0,-0.0229,42,42,1,10,0.20825364904741792
P04_L200,base,P04_L200_BASE_T010_A03,P04_L200_BASE_T010,3.0,0.3552,65,65,1,11,0.1225971351555827
P04_L200,base,P04_L200_BASE_T010_A04,P04_L200_BASE_T010,4.0,0.1662,44,44,1,10,0.13954435131667767
P04_L200,base,P04_L200_BASE_T010_A05,P04_L200_BASE_T010,5.0,-0.212,56,56,1,10,0.16909239172317275
P04_L200,base,P04_L200_BASE_T011_A01,P04_L200_BASE_T011,1.0,-0.4011,58,58,1,10,0.30886742221743285
P04_L200,base,P04_L200_BASE_T011_A02,P04_L200_BASE_T011,2.0,0.1662,62,62,1,10,0.15375596961262186
P04_L200,base,P04_L200_BASE_T011_A03,P04_L200_BASE_T011,3.0,-0.0229,50,50,1,11,0.21035269895999598
P04_L200,base,P04_L200_BASE_T011_A04,P04_L200_BASE_T011,4.0,-0.212,40,40,1,10,0.23749359896316077
P04_L200,base,P04_L200_BASE_T011_A05,P04_L200_BASE_T011,5.0,0.3552,49,49,1,10,0.20489723827403408
P04_L200,base,P04_L200_BASE_T012_A01,P04_L200_BASE_T012,1.0,0.3552,49,49,1,10,0.1591373438919094
P04_L200,base,P04_L200_BASE_T012_A02,P04_L200_BASE_T012,2.0,0.1662,46,46,1,10,0.07003253409991662
P04_L200,base,P04_L200_BASE_T012_A03,P04_L200_BASE_T012,3.0,-0.4011,60,60,1,10,0.3551075754064262
P04_L200,base,P04_L200_BASE_T012_A04,P04_L200_BASE_T012,4.0,-0.0229,48,48,1,10,0.19599305654720392
P04_L200,base,P04_L200_BASE_T012_A05,P04_L200_BASE_T012,5.0,-0.212,36,36,1,10,0.23749368780181032
P04_L200,base,P04_L200_BASE_T013_A01,P04_L200_BASE_T013,1.0,0.212,63,63,1,12,0.12586124824965614
P04_L200,base,P04_L200_BASE_T013_A02,P04_L200_BASE_T013,2.0,0.0229,59,59,1,10,0.07986579467166328
P04_L200,base,P04_L200_BASE_T013_A03,P04_L200_BASE_T013,3.0,-0.3552,46,46,1,10,0.15754936500869066
P04_L200,base,P04_L200_BASE_T013_A04,P04_L200_BASE_T013,4.0,0.4011,63,63,1,10,0.1578499848347126
P04_L200,base,P04_L200_BASE_T013_A05,P04_L200_BASE_T013,5.0,-0.1662,40,40,1,10,0.11822574190083344
P04_L200,base,P04_L200_BASE_T014_A01,P04_L200_BASE_T014,1.0,-0.3552,45,45,1,10,0.09257120154415077
P04_L200,base,P04_L200_BASE_T014_A02,P04_L200_BASE_T014,2.0,-0.1662,47,47,1,10,0.08555391997999959
P04_L200,base,P04_L200_BASE_T014_A03,P04_L200_BASE_T014,3.0,0.4011,42,42,1,10,0.20825364904741792
P04_L200,base,P04_L200_BASE_T014_A04,P04_L200_BASE_T014,4.0,0.0229,58,58,1,10,0.0910794471798021
P04_L200,base,P04_L200_BASE_T014_A05,P04_L200_BASE_T014,5.0,0.212,43,43,1,10,0.15754936500869066
P04_L200,base,P04_L200_BASE_T015_A01,P04_L200_BASE_T015,1.0,0.4011,53,53,1,10,0.22351160343513282
P04_L200,base,P04_L200_BASE_T015_A02,P04_L200_BASE_T015,2.0,0.212,42,42,1,10,0.1406824664813013
P04_L200,base,P04_L200_BASE_T015_A03,P04_L200_BASE_T015,3.0,-0.1662,45,45,1,10,0.11822574190083344
P04_L200,base,P04_L200_BASE_T015_A04,P04_L200_BASE_T015,4.0,-0.3552,42,42,1,10,0.14827371987857613
P04_L200,base,P04_L200_BASE_T015_A05,P04_L200_BASE_T015,5.0,0.0229,64,64,1,10,0.06368067778371658
P04_L200,flanker,P04_L200_FLANKER_T000_A01,P04_L200_FLANKER_T000,1.0,-0.3552,50,50,1,10,0.08486172210995657
P04_L200,flanker,P04_L200_FLANKER_T000_A02,P04_L200_FLANKER_T000,2.0,-0.1662,44,44,1,10,0.10366984787971138
P04_L200,flanker,P04_L200_FLANKER_T000_A03,P04_L200_FLANKER_T000,3.0,0.212,42,42,1,10,0.23749368780181032
P04_L200,flanker,P04_L200_FLANKER_T000_A04,P04_L200_FLANKER_T000,4.0,0.0229,47,47,1,10,0.059333540655285934
P04_L200,flanker,P04_L200_FLANKER_T000_A05,P04_L200_FLANKER_T000,5.0,0.4011,49,49,1,11,0.2177152707779646
P04_L200,flanker,P04_L200_FLANKER_T001_A01,P04_L200_FLANKER_T001,1.0,-0.3552,46,46,1,10,0.09756632396599103
P04_L200,flanker,P04_L200_FLANKER_T001_A02,P04_L200_FLANKER_T001,2.0,0.0229,45,45,1,10,0.061410219194919256
P04_L200,flanker,P04_L200_FLANKER_T001_A03,P04_L200_FLANKER_T001,3.0,-0.1662,39,39,1,10,0.09090598146805196
P04_L200,flanker,P04_L200_FLANKER_T001_A04,P04_L200_FLANKER_T001,4.0,0.4011,50,50,1,10,0.18445426302842216
P04_L200,flanker,P04_L200_FLANKER_T001_A05,P04_L200_FLANKER_T001,5.0,0.212,48,48,1,10,0.18595876538180656
P04_L200,flanker,P04_L200_FLANKER_T002_A01,P04_L200_FLANKER_T002,1.0,0.0745,43,43,1,10,0.051607381800846744
P04_L200,flanker,P04_L200_FLANKER_T002_A02,P04_L200_FLANKER_T002,2.0,0.2636,64,64,1,10,0.03975763292596718
P04_L200,flanker,P04_L200_FLANKER_T002_A03,P04_L200_FLANKER_T002,3.0,-0.3037,62,62,1,10,0.0700326727944403
P04_L200,flanker,P04_L200_FLANKER_T002_A04,P04_L200_FLANKER_T002,4.0,-0.1146,52,52,1,10,0.0925714058380931
P04_L200,flanker,P04_L200_FLANKER_T002_A05,P04_L200_FLANKER_T002,5.0,0.4526,38,38,1,10,0.08555393833523818
P04_L200,flanker,P04_L200_FLANKER_T003_A01,P04_L200_FLANKER_T003,1.0,0.0745,50,50,1,10,0.0855540171218822
P04_L200,flanker,P04_L200_FLANKER_T003_A02,P04_L200_FLANKER_T003,2.0,0.4526,46,46,1,10,0.11919017656219111
P04_L200,flanker,P04_L200_FLANKER_T003_A03,P04_L200_FLANKER_T003,3.0,-0.3037,61,61,1,10,0.06946608177273078
P04_L200,flanker,P04_L200_FLANKER_T003_A04,P04_L200_FLANKER_T003,4.0,0.2636,39,39,1,10,0.08117380002358779
P04_L200,flanker,P04_L200_FLANKER_T003_A05,P04_L200_FLANKER_T003,5.0,-0.1146,45,45,1,10,0.09756630305847
P04_L200,flanker,P04_L200_FLANKER_T004_A01,P04_L200_FLANKER_T004,1.0,0.0745,62,62,1,10,0.09107942716790533
P04_L200,flanker,P04_L200_FLANKER_T004_A02,P04_L200_FLANKER_T004,2.0,0.4526,67,67,1,10,0.12039175552279244
P04_L200,flanker,P04_L200_FLANKER_T004_A03,P04_L200_FLANKER_T004,3.0,-0.1146,51,51,1,10,0.09756640850834199
P04_L200,flanker,P04_L200_FLANKER_T004_A04,P04_L200_FLANKER_T004,4.0,0.2636,60,60,1,10,0.06711704078832409
P04_L200,flanker,P04_L200_FLANKER_T004_A05,P04_L200_FLANKER_T004,5.0,-0.3037,49,49,1,10,0.09257130213048183
P04_L200,flanker,P04_L200_FLANKER_T005_A01,P04_L200_FLANKER_T005,1.0,0.4526,47,47,1,10,0.08117389876504688
P04_L200,flanker,P04_L200_FLANKER_T005_A02,P04_L200_FLANKER_T005,2.0,0.0745,49,49,1,10,0.060913258585616255
P04_L200,flanker,P04_L200_FLANKER_T005_A03,P04_L200_FLANKER_T005,3.0,-0.3037,42,42,1,10,0.1036699669246876
P04_L200,flanker,P04_L200_FLANKER_T005_A04,P04_L200_FLANKER_T005,4.0,0.2636,41,41,1,10,0.1036697904051879
P04_L200,flanker,P04_L200_FLANKER_T005_A05,P04_L200_FLANKER_T005,5.0,-0.1146,42,42,1,11,0.07639480936570119
P04_L200,flanker,P04_L200_FLANKER_T006_A01,P04_L200_FLANKER_T006,1.0,0.4985,41,41,1,10,0.1036699669246876
P04_L200,flanker,P04_L200_FLANKER_T006_A02,P04_L200_FLANKER_T006,2.0,0.3094,47,47,1,10,0.08944086767009549
P04_L200,flanker,P04_L200_FLANKER_T006_A03,P04_L200_FLANKER_T006,3.0,-0.0688,57,57,1,10,0.09257130213048183
P04_L200,flanker,P04_L200_FLANKER_T006_A04,P04_L200_FLANKER_T006,4.0,0.1203,40,40,1,10,0.15754914579117504
P04_L200,flanker,P04_L200_FLANKER_T006_A05,P04_L200_FLANKER_T006,5.0,-0.2578,40,40,1,10,0.15754920945006062
P04_L200,flanker,P04_L200_FLANKER_T007_A01,P04_L200_FLANKER_T007,1.0,-0.0688,59,59,1,10,0.1384154163283496
P04_L200,flanker,P04_L200_FLANKER_T007_A02,P04_L200_FLANKER_T007,2.0,0.1203,45,45,1,10,0.18595876538180656
P04_L200,flanker,P04_L200_FLANKER_T007_A03,P04_L200_FLANKER_T007,3.0,0.4985,51,51,1,10,0.13592536212602047
P04_L200,flanker,P04_L200_FLANKER_T007_A04,P04_L200_FLANKER_T007,4.0,0.3094,45,45,1,10,0.07842903216920276
P04_L200,flanker,P04_L200_FLANKER_T007_A05,P04_L200_FLANKER_T007,5.0,-0.2578,71,71,1,10,0.21595358154430253
P04_L200,flanker,P04_L200_FLANKER_T008_A01,P04_L200_FLANKER_T008,1.0,-0.0688,71,71,1,10,0.13373479154684548
P04_L200,flanker,P04_L200_FLANKER_T008_A02,P04_L200_FLANKER_T008,2.0,-0.2578,53,53,1,10,0.2120684522178167
P04_L200,flanker,P04_L200_FLANKER_T008_A03,P04_L200_FLANKER_T008,3.0,0.4985,49,49,1,10,0.13592536212602047
P04_L200,flanker,P04_L200_FLANKER_T008_A04,P04_L200_FLANKER_T008,4.0,0.1203,63,63,1,10,0.24184476581738618
P04_L200,flanker,P04_L200_FLANKER_T008_A05,P04_L200_FLANKER_T008,5.0,0.3094,50,50,1,10,0.05933361030025311
P04_L200,flanker,P04_L200_FLANKER_T009_A01,P04_L200_FLANKER_T009,1.0,-0.0688,46,46,1,11,0.1151596302728613
P04_L200,flanker,P04_L200_FLANKER_T009_A02,P04_L200_FLANKER_T009,2.0,0.4985,53,53,1,10,0.11515954535794128
P04_L200,flanker,P04_L200_FLANKER_T009_A03,P04_L200_FLANKER_T009,3.0,0.1203,61,61,1,10,0.1470742712288378
P04_L200,flanker,P04_L200_FLANKER_T009_A04,P04_L200_FLANKER_T009,4.0,0.3094,40,40,1,10,0.05202832932045233
P04_L200,flanker,P04_L200_FLANKER_T009_A05,P04_L200_FLANKER_T009,5.0,-0.2578,37,37,1,10,0.208253375881209
P04_L200,flanker,P04_L200_FLANKER_T010_A01,P04_L200_FLANKER_T010,1.0,-0.212,36,36,1,10,0.11919009965726289
P04_L200,flanker,P04_L200_FLANKER_T010_A02,P04_L200_FLANKER_T010,2.0,-0.4011,49,49,1,10,0.1395442068492572
P04_L200,flanker,P04_L200_FLANKER_T010_A03,P04_L200_FLANKER_T010,3.0,0.1662,44,44,1,10,0.18595876538180656
P04_L200,flanker,P04_L200_FLANKER_T010_A04,P04_L200_FLANKER_T010,4.0,-0.0229,53,53,1,10,0.2048972659241324
P04_L200,flanker,P04_L200_FLANKER_T010_A05,P04_L200_FLANKER_T010,5.0,0.3552,62,62,1,10,0.11126555785565004
P04_L200,flanker,P04_L200_FLANKER_T011_A01,P04_L200_FLANKER_T011,1.0,-0.4011,44,44,1,10,0.1859585094804657
P04_L200,flanker,P04_L200_FLANKER_T011_A02,P04_L200_FLANKER_T011,2.0,-0.212,68,68,1,12,0.08728760159992706
P04_L200,flanker,P04_L200_FLANKER_T011_A03,P04_L200_FLANKER_T011,3.0,0.3552,43,43,1,10,0.15754914579117504
P04_L200,flanker,P04_L200_FLANKER_T011_A04,P04_L200_FLANKER_T011,4.0,0.1662,50,50,1,10,0.11822586172669311
P04_L200,flanker,P04_L200_FLANKER_T011_A05,P04_L200_FLANKER_T011,5.0,-0.0229,58,58,1,10,0.12039144721419294
P04_L200,flanker,P04_L200_FLANKER_T012_A01,P04_L200_FLANKER_T012,1.0,0.3552,43,43,1,10,0.1406825337009616
P04_L200,flanker,P04_L200_FLANKER_T012_A02,P04_L200_FLANKER_T012,2.0,-0.212,44,44,1,10,0.11919004054233509
P04_L200,flanker,P04_L200_FLANKER_T012_A03,P04_L200_FLANKER_T012,3.0,-0.4011,51,51,1,10,0.1660506817092982
P04_L200,flanker,P04_L200_FLANKER_T012_A04,P04_L200_FLANKER_T012,4.0,-0.0229,57,57,1,10,0.14707412724477384
P04_L200,flanker,P04_L200_FLANKER_T012_A05,P04_L200_FLANKER_T012,5.0,0.1662,50,50,1,10,0.09756630305847
P04_L200,flanker,P04_L200_FLANKER_T013_A01,P04_L200_FLANKER_T013,1.0,0.3552,66,66,1,10,0.13841537421778896
P04_L200,flanker,P04_L200_FLANKER_T013_A02,P04_L200_FLANKER_T013,2.0,-0.4011,47,47,1,11,0.0950361246235881
P04_L200,flanker,P04_L200_FLANKER_T013_A03,P04_L200_FLANKER_T013,3.0,-0.212,58,58,1,11,0.13841548812360457
P04_L200,flanker,P04_L200_FLANKER_T013_A04,P04_L200_FLANKER_T013,4.0,-0.0229,40,40,1,10,0.20825364904741792
P04_L200,flanker,P04_L200_FLANKER_T013_A05,P04_L200_FLANKER_T013,5.0,0.1662,50,50,1,10,0.2803189114485031
P04_L200,flanker,P04_L200_FLANKER_T014_A01,P04_L200_FLANKER_T014,1.0,-0.0229,45,45,1,10,0.14068254227004212
P04_L200,flanker,P04_L200_FLANKER_T014_A02,P04_L200_FLANKER_T014,2.0,0.3552,48,48,1,10,0.11126543764032297
P04_L200,flanker,P04_L200_FLANKER_T014_A03,P04_L200_FLANKER_T014,3.0,-0.212,53,53,1,10,0.17501066670434462
P04_L200,flanker,P04_L200_FLANKER_T014_A04,P04_L200_FLANKER_T014,4.0,-0.4011,69,69,1,10,0.14976842713796412
P04_L200,flanker,P04_L200_FLANKER_T014_A05,P04_L200_FLANKER_T014,5.0,0.1662,39,39,1,10,0.15754914579117504
P04_L200,flanker,P04_L200_FLANKER_T015_A01,P04_L200_FLANKER_T015,1.0,0.0229,60,60,1,11,0.03281010784650146
P04_L200,flanker,P04_L200_FLANKER_T015_A02,P04_L200_FLANKER_T015,2.0,0.212,34,34,1,10,0.208253375881209
P04_L200,flanker,P04_L200_FLANKER_T015_A03,P04_L200_FLANKER_T015,3.0,-0.1662,43,43,1,10,0.08555393833523818
P04_L200,flanker,P04_L200_FLANKER_T015_A04,P04_L200_FLANKER_T015,4.0,0.4011,46,46,1,10,0.2374939856127924
P04_L200,flanker,P04_L200_FLANKER_T015_A05,P04_L200_FLANKER_T015,5.0,-0.3552,47,47,1,10,0.10366984787971138
P04_L200,flanker,P04_L200_FLANKER_T016_A01,P04_L200_FLANKER_T016,1.0,-0.3552,41,41,1,10,0.08117380002358779
P04_L200,flanker,P04_L200_FLANKER_T016_A02,P04_L200_FLANKER_T016,2.0,0.0229,50,50,1,10,0.05629579607389309
P04_L200,flanker,P04_L200_FLANKER_T016_A03,P04_L200_FLANKER_T016,3.0,0.4011,51,51,1,11,0.1432598401463449
P04_L200,flanker,P04_L200_FLANKER_T016_A04,P04_L200_FLANKER_T016,4.0,-0.1662,40,40,1,10,0.09090587286144251
P04_L200,flanker,P04_L200_FLANKER_T016_A05,P04_L200_FLANKER_T016,5.0,0.212,54,54,1,10,0.1690925586644961
