path,bytes,sha256
.gitattributes,57,2dac56341661d6dad99dbb113904d3efb642e6124d78eb210dbe5e41e043f943
.gitignore,50,6e3a4b1d8fb2f71040cc731ec0301603c7d2da51dd1a9cee294129f61d18631d
CITATION.cff,711,5c7cbb657dac457b968e109421e65e5089582f2e7c919bc0438075cedc874f6a
code/audit_resampling.py,2097,77c15323317769c1edae2287244587f6bc262d01a831f720997f268457902bf0
code/export_measurements.py,8880,51d4ba394fa801b8f2ff0f02b835e1ddd0400591eb4c45dba3fdebf52c50b309
code/fit_helpers.py,17366,1a554226218d010d86ba309ee47e57acf0752a363abfb1d6dc4248234482c030
code/plot_data.py,5286,6fa4ba5bc617acb999313e6c129d325e48c31008f85e7f0830048c68e5b30dbc
code/raw_helpers.py,19292,19c63cfbdf0e242158d8330c7ecea1d8591d6d184261dcbb6f6e317d658f8750
code/refit_examples.py,6178,065ea31150da69ccb747fbec6a0c0ed03e1683f9c342767673a2602a21faf535
code/reproduce_raw.py,6820,98e1ca032d87247127d327aa48a985b6809275408f9a83c7f313ff6dac283cf5
code/resample_profiles.py,3465,93ed5c8cd88e163706ff386a609495d9c6aa787e2de2cdb1c3f39408df50ac73
code/summarize_modes.py,5660,0f2c71ea0ef3ae4b4a756cf44d2bee406629ba3d9a96960b67a1f402f65cce7a
code/verify_package.py,11946,ce05d601c7f6f612e2fd7892a3113bb19acc19cccfa890c1ad248805d1ce9030
config/analysis_settings.json,1340,64c43fe64bf77016b2b2d40d60fc0839d443b3697f26915190117ed82bb1ed29
config/conditions.json,8217,9f05552bf4024a2bc07a1a17030f28d3433ac3252c763b274ad69470b2d542d5
config/function_provenance.json,12587,dba65461f6f72c95b02c5b533ff18e62670a3a2fd2b3da90fbbf1c493f55c454
config/representative_requests.json,9851,bdb6301b7a6bc3eb52fb8580dfc4e0a48767267c73dee162c25117d920641dab
config/source_inventory.json,1401,deba6b291f1395d961532ed05d341820d2b729b06d1e109269a4fa03db275077
config/staircase_groups.json,1531860,b79bbe763c3afb3bbd50818d9957122b98db0f542bd21af3f6c3facff7de8a59
data/bootstrap/p01_l010_profiles.csv.gz,10793173,9f28481ed3dc69c86c3254956866bac85acbceca5ebca59f87a5026b5b8eb73e
data/bootstrap/p01_l020_profiles.csv.gz,7021162,9f9020bf57e24b15f6cd4abb24f52cd6ad00b398714801059ff3dde7528526d7
data/bootstrap/p01_l025_profiles.csv.gz,10616886,a26eb05ef40142288066aba95a7a65fd16f3e82853f16a57f344bfa47964f6ee
data/bootstrap/p01_l050_profiles.csv.gz,23120439,047cb9caf5ac44bcc445ee99f2b2cd23432c4e194237b9aecab4a6398b329e22
data/bootstrap/p01_l200_profiles.csv.gz,17847350,eeaa69ac3e7ab4031e1aa0f9784ec901ec2e7d48f2893f9a01e49a2ce493d841
data/bootstrap/p02_l010_profiles.csv.gz,7088906,6a18ebbfe66765ffdb1c8790b42bf66971f9403aef9cc13beb8ac936a774a09a
data/bootstrap/p02_l026_profiles.csv.gz,10685428,d340d9eafa59b696e8bef3cbd658a212d749b2dc233fbbd5a930b8f26279d74e
data/bootstrap/p02_l049_profiles.csv.gz,14478770,65e5d66c3727f81e1a3e51fd5921221db4424eb7e3621cebccb8b6f607759a34
data/bootstrap/p02_l100_profiles.csv.gz,14595531,eb4bcc10ee9ada724fe5bbfa5aa3a4e970f80d8ec1c27684dd52d21f3e3c78cc
data/bootstrap/p03_l010_profiles.csv.gz,10703943,fc5e33eec843562adc6719ee57de65f627f23cf0d09b2e8123696bc608df76a6
data/bootstrap/p03_l049_profiles.csv.gz,10720751,3685ecba19f2e02d25b42b61e30b05aec15ff5647ddb5860b419291942fef3cc
data/bootstrap/p03_l100_profiles.csv.gz,14368553,6b97ad21b12e4ec25afab2cce18fb2bee4e3ee9b3c2d6a9b238a8aab94e17b85
data/bootstrap/p03_l200_profiles.csv.gz,14498987,db654b83af2edf3464655c919c80c7484c83963b3692e5177b985e9514e3bd88
data/bootstrap/p04_l010_profiles.csv.gz,10556299,273ac5951ee381ac75ddda44bb6fd109826d358c66e29c5b8ff3280f9365918b
data/bootstrap/p04_l049_profiles.csv.gz,10815655,1eb0002ef24372f8341ee12dbc1104b51851513fd9e7751fe07829f31faa9c7d
data/bootstrap/p04_l100_profiles.csv.gz,14608603,a10eb5746cab7e119861f8028cef2ab6590d9d1516de4f4f1a2fd13a55360801
data/bootstrap/p04_l200_profiles.csv.gz,14656640,a9b8e232782d3a76e0ae48cf707145e488f899f7974968852b63c2ba64c305d9
data/processed/condition_summary.csv,907,a8d988614218d155487ac63d37a55784b1b6c0a79206cabcf75b088465e897a5
data/processed/fit_retention.csv,881,4e2ef61b0a5b3c998d19e2fb08327ad552819c74727c3b174afb751f25da7133
data/processed/isf_endpoints.csv,6395,d0e2ab741abbf6f8f0ecf74a7455a0b0e7cedccc2a467213a7113545a14329cd
data/processed/isf_kde.csv,808575,513d722cebf5ab187850808fe4b21a226493552a053a38272ba04882f2037679
data/processed/isf_mode_summaries.csv,16224,bda1d0609c7c11c8d91fd8e80aa097df66a45e9e9a9989b5e4a2d86151cbe746
data/processed/lateral_profiles_recomputed.csv,51749,9a6216c68182ad6a4b7a13fc3e1d5fd97d1c1a55ed8e6693f9758b41331d34f0
data/processed/mode_assignments.csv.gz,2238935,a514200b39cb60019da41cfdacb757a28b87d5319d3f26ddbd0116b7dfdd5904
data/processed/p01_l010_saved_fits.csv.gz,2173780,41fac459c9a69054785f2ff2b7c7060e08db64f622eb55972d142a72b13058c4
data/processed/p01_l020_saved_fits.csv.gz,2162416,77393c692741cb47724f3211241e951830433797d0abdb2c22aa9c344ab2cbb5
data/processed/p01_l025_saved_fits.csv.gz,2187031,66b23a28c4bb4c4d0abd5dcd928e1174e96408b27dd540d837f97d2eaf7321dc
data/processed/p01_l050_saved_fits.csv.gz,2242448,0be040a354d490733b282f6b5ab33145c4069f4d0c14ecaa86ae3870a7b32482
data/processed/p01_l200_saved_fits.csv.gz,2241735,b2e16d3aad3640294b66540579dc4e50140a9de4659ceda3470380bba6096bb6
data/processed/p02_l010_saved_fits.csv.gz,2198729,2caf2d8dc1d400319471c170854381ca3da9d38ad8d761320a8ad5dc5737b6a8
data/processed/p02_l026_saved_fits.csv.gz,2196371,218f3ca21ea5cca52b12cdcc74e9688c27b7685191adcba30b12ed8710c36127
data/processed/p02_l049_saved_fits.csv.gz,2254557,1431f321650e46b278ad40a2ff0b165b0861a469158016041af4186b9c82a6e4
data/processed/p02_l100_saved_fits.csv.gz,2230674,49462cf0ff78b31c4c0d1a7b492afc7532ce5120e2232335a80fd4b2393ae40f
data/processed/p03_l010_saved_fits.csv.gz,2199245,e07f7fa2f0a7a400a5e0e134f534255b1bc5960b46b804efb4677c5e71116e23
data/processed/p03_l049_saved_fits.csv.gz,2197287,3240628206b77fcdbfdfd793fafe25419390a39e1666b4a5454f718f43579e72
data/processed/p03_l100_saved_fits.csv.gz,2182956,a02e521626879a256a851b7b53ec9a786a22802cee9554795598111c9d2ff5e2
data/processed/p03_l200_saved_fits.csv.gz,2234974,eb74b60a6f2edf86569feceadac956684f1f65d82c4df568b7d5bd466039688b
data/processed/p04_l010_saved_fits.csv.gz,2151980,9512cd68ab8ff404f20ad19c2202cb5026fe800a2975ba787d4d0e1b62c89f6b
data/processed/p04_l049_saved_fits.csv.gz,2169301,27db6c4d983989be605e2f4871e4e00afb0d156f6e6d0c326bd70111c25f3c64
data/processed/p04_l100_saved_fits.csv.gz,2198601,d27826b1ff5a18988ce8031b97cfb4987e8af161cd2205a81b9d0ecc25321a4a
data/processed/p04_l200_saved_fits.csv.gz,2236805,ae7d27e369e4fbac70d2bd81bb0949b4d7c1613695decd7067a9ba56be65463d
data/processed/representative_curves_recomputed.csv,1592108,c8c766f6998b9e549b21cb53eb2ca3dfc6817d2faddd9b9c7e1e9cdb36dff1cc
data/processed/representative_profile_points.csv,114460,7eff418321559bc243b46635b34b81ae3f62657d63ea98004d47cc7dd7d97bbb
data/processed/staircase_reversals.csv,1699882,be4a01393fd3d607f271222d8ceac92af5fb0940327b5fceb5414e208c731ccc
data/processed/staircase_summary.csv,254772,b88c340cd1930f37f3ab16f8aad5b2a136588d6a84b0879df1400a10f2d3375a
data/processed/staircase_thresholds.csv,224743,4bbacd1fe1473f4941c121f6ab68f5ef74dbbc6a78939024516af3dccb90c6cd
data/processed/staircase_trials.csv.gz,984295,8025cf38cd82360872cf261ab7f21ad52177a3c776534c773c7ff4056c6d252b
data/raw/recorded_exclusions.csv,4104,aea3d3cfed5bfb684287dabb871980ff1788caa0f471d54c56819b2386efb660
data/raw/source_trials/p01_l010_base_t000.tsv.gz,2161,cbde6c3d4f052672d937a025151cbe8de20b486ee301d29723d8373844f71471
data/raw/source_trials/p01_l010_base_t001.tsv.gz,1827,f6ba55d1e4709d6c47cb4734d81be07f18d272136d2c8797473163442fa3278a
data/raw/source_trials/p01_l010_base_t002.tsv.gz,1741,0b3707e4a1b17a7673023c2a2b8c1099c83a996f5e1e9ce270e804f8c76509c7
data/raw/source_trials/p01_l010_base_t003.tsv.gz,2093,3c251eb798087fb84146d29cfc38d89b6ba159c6cdfd5e783508e1a1c6c28a3a
data/raw/source_trials/p01_l010_base_t004.tsv.gz,1894,7bde25369b68237de04997f4de17114c48e4a851a1f808e9296162ba3d165bf3
data/raw/source_trials/p01_l010_base_t005.tsv.gz,2915,83cbd209b9998b153276dd9bfe77f0cb1acd3b7df4de058826d746355779b58b
data/raw/source_trials/p01_l010_base_t006.tsv.gz,2700,16c45233863453ea90bbfbc2a2e3c8416ed8a43ae29ab45b8b2a48d57e7c9b08
data/raw/source_trials/p01_l010_base_t007.tsv.gz,2415,1b7aa3aa6f1ab9debbf56c43eca18d2e07b69ca573354d1daa1b3650e80fce0f
data/raw/source_trials/p01_l010_base_t008.tsv.gz,2760,4bbe1e63751d77421d227fb8e59ae1c0fb0268e35d3620959b5c11cff596b318
data/raw/source_trials/p01_l010_base_t009.tsv.gz,2184,f04ff0ddee1632014830b04f1dadd2ffd4ae00d865686f75dc631d814cd389a2
data/raw/source_trials/p01_l010_base_t010.tsv.gz,2884,5c476e2b3fa4a04999e20b7ae770eb9a492fc89ce8bb2b4437a89f4ab3197f92
data/raw/source_trials/p01_l010_base_t011.tsv.gz,2675,6ca84b05192068720e4b8e8b67d57a572ab525e3c7b391753de71931dec4a788
data/raw/source_trials/p01_l010_flanker_t000.tsv.gz,2326,323928d32fdce7d640d7be58f96fafddabef825264029582d988d7878aa2318d
data/raw/source_trials/p01_l010_flanker_t001.tsv.gz,1826,805b58b3a1f1deba3c8fddc0cfd267259a9a1f9693a6bc0977a59c19108e8e26
data/raw/source_trials/p01_l010_flanker_t002.tsv.gz,1973,261c7e8e05d3487e72914af1141f414a13f13a867f08d71db85de669e8b7d10d
data/raw/source_trials/p01_l010_flanker_t003.tsv.gz,2341,295b9d5c40f31ea5a44ecfc140a38da09d11ff147ff0ab0de3bcdf736ce24338
data/raw/source_trials/p01_l010_flanker_t004.tsv.gz,1976,49d19f599a881fe8dd3355d96606b9e026da7f277a606e5bc620cc604e17c5ec
data/raw/source_trials/p01_l010_flanker_t005.tsv.gz,2698,53a51b2abbd62dd6c48b3eac0477ed246bf9156b9756a29da399f4a55fdc9bde
data/raw/source_trials/p01_l010_flanker_t006.tsv.gz,2638,bc0956445005ada42c530e92acbb511d98d3634b54c8ed54333ae13221db6123
data/raw/source_trials/p01_l010_flanker_t007.tsv.gz,2870,486ca178b2be3c9cd0022f550ffef51b5d5dae04a665034ed158f640065d81b2
data/raw/source_trials/p01_l010_flanker_t008.tsv.gz,2768,86f175f4ce5c2c82779db69b09123cba938c3b093c798c1cf4550d5be35aa233
data/raw/source_trials/p01_l010_flanker_t009.tsv.gz,2705,ed470244bc448c15c15aee52c3f95da720158080db695a1204899d35bde1fab1
data/raw/source_trials/p01_l010_flanker_t010.tsv.gz,2539,c403cbdf7ae6522cd8c31fac5d645d09e94a96d75fbcfc46043f12b28f53fc9b
data/raw/source_trials/p01_l010_flanker_t011.tsv.gz,2559,5b63ab1b99807b9b8d8740b2aa36c354a6096a2c026f1cd37859c7d6d33f7e49
data/raw/source_trials/p01_l020_base_t000.tsv.gz,1780,56726feb0017ad4053f12e4f79ae779171ef3082fc5bd05229bddffa7215ec4a
data/raw/source_trials/p01_l020_base_t001.tsv.gz,1774,63f5c870fb6b8988d04b3ba10afb586076236648b6226a0ad3e283297826eeb5
data/raw/source_trials/p01_l020_base_t002.tsv.gz,1850,f2256e448369d8367c370d20ad9ca5993b2839d6778207a46a02c2e07935c8b3
data/raw/source_trials/p01_l020_base_t003.tsv.gz,1902,baf066131892763cbfd5163a11d76d86a63346287ea38cab2bc7b81b336f3798
data/raw/source_trials/p01_l020_base_t004.tsv.gz,1722,bb94d2be387cd58764cb04ef9ffa60fa62f3bddc8104bd73849bb9fc6c19a0ed
data/raw/source_trials/p01_l020_base_t005.tsv.gz,1896,4c3920a85064faca0489a76d27b00df3f34c5ebf053b4b12d91b6bc4b3cccc4a
data/raw/source_trials/p01_l020_base_t006.tsv.gz,1745,f5ce3e04e36f990e18bb99465f154cfd85c2b1d69766be3261945a3bbb872f30
data/raw/source_trials/p01_l020_base_t007.tsv.gz,1795,9912cac792183e0bf6fe8e51f854392fe060b3a36feb1fb17a69b4684abb6794
data/raw/source_trials/p01_l020_base_t008.tsv.gz,1703,a2ce0776daef9a7c5b349fda5c5d9e6a04666abb93c58f49e58184c08d852537
data/raw/source_trials/p01_l020_base_t009.tsv.gz,1855,703e81c2702ba1eb79b37a35a6cbd6aabd4a62f364890304992d732ec3f16bbb
data/raw/source_trials/p01_l020_base_t010.tsv.gz,1588,e4851da52d366459957bab6a7d1be8b17931a5e3aea53a64d91278311b239e58
data/raw/source_trials/p01_l020_base_t011.tsv.gz,1784,4eae25fe6be09271226f54ef827456c5db8a8eacda2b03e105afeb2dda579236
data/raw/source_trials/p01_l020_flanker_t000.tsv.gz,1499,7701d48b1640cee7fe0aea23905041b0ad3e2c959403716a72553a3d0d8a30a3
data/raw/source_trials/p01_l020_flanker_t001.tsv.gz,1728,22e7ecf7126658d99d825c259561b5aa9ca5e15a7927435830dd1d648b95b3b0
data/raw/source_trials/p01_l020_flanker_t002.tsv.gz,1454,29527f722981adb35b6c81e713e22d08ba86e422c824f547a048efcb04d84415
data/raw/source_trials/p01_l020_flanker_t003.tsv.gz,1595,479cd90cdd61a6f12a49f78c1704d901120ded7f35e77c0b2306adf9cba7c006
data/raw/source_trials/p01_l020_flanker_t004.tsv.gz,1713,6f0cafdb6a7e01c5400465a6141e1138350a7726a99a3923979a1317104e8f1f
data/raw/source_trials/p01_l020_flanker_t005.tsv.gz,1622,990d2ec8ca659a97e3a18f10741e223fe384df20b174f3f02e0b55aa01a5f026
data/raw/source_trials/p01_l020_flanker_t006.tsv.gz,1524,a33989d2c54074c4118493517fd99a31a738a7054c57e94de8d384adea0d79e2
data/raw/source_trials/p01_l020_flanker_t007.tsv.gz,1643,c4946993739570eec5b749d25baaee37e2b9cc5dbd84fbdfca37eac8b8d802c3
data/raw/source_trials/p01_l020_flanker_t008.tsv.gz,1498,6b4e590ff131e03cfbb705f484f146d732bd06d483e334a073aed58c22f063d3
data/raw/source_trials/p01_l020_flanker_t009.tsv.gz,1756,48854e9e7244995dd1404ad99d706a8c05ddd39fe84013301c9bf045a223a4f8
data/raw/source_trials/p01_l020_flanker_t010.tsv.gz,1567,ec222eb1646010e8472c69bc1874b8bc4e30181741d25f7037b9ad7e64ae4908
data/raw/source_trials/p01_l020_flanker_t011.tsv.gz,1956,47235c76cecdc6834fdbeab0afb63620f9b47fee28a0d9241205ec0595dda4ce
data/raw/source_trials/p01_l025_base_t000.tsv.gz,1701,bdc1f427152084a8da433c479cf58324e7bbd451bbce1a80a62165f1a6b28591
data/raw/source_trials/p01_l025_base_t001.tsv.gz,1448,ab66e2bc3d1fd8c832c26fa42257c9bb9665a0b7972dad3a1755f228efb79f65
data/raw/source_trials/p01_l025_base_t002.tsv.gz,1747,d58682884ce1675b6e6a95e02609840326329af1b3a9d490824bb18e831b7ebe
data/raw/source_trials/p01_l025_base_t003.tsv.gz,2212,2bd274b4fa367326746ce3ea8b00652f115949608b1930ae2562463f172fa110
data/raw/source_trials/p01_l025_base_t004.tsv.gz,1901,9f41898fe2bab4c06c0014e297fe380edb4ee16515e3b9a4c77d53b4a41c2af2
data/raw/source_trials/p01_l025_base_t005.tsv.gz,2294,4421f674c55c342fac1f9c02b7e39b2e359291a65cb3d37f0a1e9a8e7d242197
data/raw/source_trials/p01_l025_base_t006.tsv.gz,2001,154561d8f0ebc2a8a1bc4c8756f518aac555f277d800a456129974cfadebf964
data/raw/source_trials/p01_l025_base_t007.tsv.gz,2002,4bb94821d9df8cb976ee49f5ee4f883a38f4d188094d5e7b12182780e858ab03
data/raw/source_trials/p01_l025_base_t008.tsv.gz,1820,0479f6f76644c9c47fe1ec7ceafb8ed00f666694a93f326a32b8bb0a7edd8c2b
data/raw/source_trials/p01_l025_base_t009.tsv.gz,1872,1510fdbda27ebe9e0a87b6aac2cd851c5b8aa05cb7a5d46c8d72216e8a662db6
data/raw/source_trials/p01_l025_base_t010.tsv.gz,1823,9b6c88b998b8c601cdd2951d4e38e15bee7a62727e03ff5cd17d0ba4902faddb
data/raw/source_trials/p01_l025_base_t011.tsv.gz,1772,c14260ca5cec8f8eb597cb59d3b1e8b2f62bf81881d21b322c600bb8d751d500
data/raw/source_trials/p01_l025_base_t012.tsv.gz,1771,e3d038430c868bf1b2018285c5c7946e91df03a725efde09f2fce03dcc6f2fbb
data/raw/source_trials/p01_l025_base_t013.tsv.gz,1761,18c90491d8321403dc912a7ab379fe3318e7787cdba8c956d48aafa9cf6e928a
data/raw/source_trials/p01_l025_base_t014.tsv.gz,1763,ad26925d330dac1cc86a09e5dd9e4e62ebda5f9a25a59bc34dae47c93c51c099
data/raw/source_trials/p01_l025_base_t015.tsv.gz,1837,c72806e574a32ef94727adb971a3bfecb2f12266e504bc01dea68a52b6343890
data/raw/source_trials/p01_l025_flanker_t000.tsv.gz,1666,1917b6b55425f816d8e6eca35a4a40ea67b4bd0c00896b5ec32922801d2b5fa6
data/raw/source_trials/p01_l025_flanker_t001.tsv.gz,1823,59cbf771d3036b1f136bd06de68067cc33873811d02a3695af59406911696d3c
data/raw/source_trials/p01_l025_flanker_t002.tsv.gz,2802,04cc42637e17fb3466ab8a8a30d5879d4e2557dc92ac72aa6dc937a476daec07
data/raw/source_trials/p01_l025_flanker_t003.tsv.gz,2052,78a5ab4ecf70fe9ff072872b8453382675942bebea87757c27ca9546ff81dc15
data/raw/source_trials/p01_l025_flanker_t004.tsv.gz,2343,9357d7e99f98dfe250e7938217ab2994f1db985752f6fd64edefbde43e196682
data/raw/source_trials/p01_l025_flanker_t005.tsv.gz,1607,d0473425b16ddf3423a9d9bb19e0c55923093d081e7b3acb2700b6cd371f49b9
data/raw/source_trials/p01_l025_flanker_t006.tsv.gz,1459,b34596d157fcd983100fd3acf6505b33cbcc86a3c6df16b7bcfbe102f3b4cd68
data/raw/source_trials/p01_l025_flanker_t007.tsv.gz,1504,f5475f3e2a869ee976882d465955629e6cbda08b878245bda19f26b0faed6d0c
data/raw/source_trials/p01_l025_flanker_t008.tsv.gz,1676,0c7094b3032cafa02bdcc250b2c27c86b950ce3cd22b38a93690259edddedb28
data/raw/source_trials/p01_l025_flanker_t009.tsv.gz,2039,763272a2d47d0b6c0e07bf9517a5214080a24cab2af82551303c4009b1dc3cdf
data/raw/source_trials/p01_l025_flanker_t010.tsv.gz,2092,b13ed720929ae0d094832e28a1271b0a1dcc1f274b4d2d0c045c38e63667f86a
data/raw/source_trials/p01_l025_flanker_t011.tsv.gz,2113,65fee42551f1b31cdf7bfb6d72614b460d4076a24177163011a01c83beef6e38
data/raw/source_trials/p01_l025_flanker_t012.tsv.gz,1853,f0f90e546f79b66d3e283f6befb490e2621bf3769242c8bcbb89ea06def409a7
data/raw/source_trials/p01_l025_flanker_t013.tsv.gz,1920,1c197505abd8a6f077338432c4f0e4baabf127aea27169527cd7483147cf1ab5
data/raw/source_trials/p01_l025_flanker_t014.tsv.gz,1935,e487cd9d89b00fee7e2beae7f1f2d8e6458f37fcea28c14fb6aaa20a5215ca11
data/raw/source_trials/p01_l025_flanker_t015.tsv.gz,2249,756178c11faec8c4502acc212fedf43136610aff87cd48c1f82fed64c1b2ef63
data/raw/source_trials/p01_l050_base_t000.tsv.gz,1765,f282cc7d3a555c2ac624641494bc544916619d56a30683e7707dddbe10fcd8bf
data/raw/source_trials/p01_l050_base_t001.tsv.gz,1518,9c59a28f2e0bcc51987c83de2b4b6e2125218d800448f338483b55c9a50ca203
data/raw/source_trials/p01_l050_base_t002.tsv.gz,964,5198ccf3a9981ff018b426347e28d72959649ce6d0ec832d9ada151ce4627479
data/raw/source_trials/p01_l050_base_t003.tsv.gz,1126,43d24041be394b03cb7dc6a4479e825b85b084c8d84767b1ccce788911f431ca
data/raw/source_trials/p01_l050_base_t004.tsv.gz,1364,b3f90d1a20acffd6bad72bbd5ed5190c1559dd88f35ef3cb193bb09a0d59d4f2
data/raw/source_trials/p01_l050_base_t005.tsv.gz,1938,c553bc4ca06928f386e9da40050f2912fda229ad6b42741b138e216bc350f422
data/raw/source_trials/p01_l050_base_t006.tsv.gz,1610,fa7ec44b42b16b6e04f38fb8fe9301cfb54276decc4ab998fd05905133f54750
data/raw/source_trials/p01_l050_base_t007.tsv.gz,1728,8154a2e13af06f59ea9ef975f0d4d9d6cf4565164f1a7260a79f71ca39db05e8
data/raw/source_trials/p01_l050_base_t008.tsv.gz,2691,d16953f2b7d5fdd325c33ca8947e81d3eb2b2d2e4910dff2823b5d6d9fc9773c
data/raw/source_trials/p01_l050_base_t009.tsv.gz,1361,570ea747ffc54d758b746b61452d365137d8922d2e3e89d981e12ce982ab8fab
data/raw/source_trials/p01_l050_base_t010.tsv.gz,1237,3b414d21d792b662b39a95a32e98dd8685aefaf0657cb2111e625d55b36cc308
data/raw/source_trials/p01_l050_base_t011.tsv.gz,1665,e726df70c11073b9142ba130cc8c476acea732e15961bdd21e1d8ef63d432b5d
data/raw/source_trials/p01_l050_base_t012.tsv.gz,1665,76c0523fb4bc32ef7b49232e248e676d18ec28f3b9141a90697d19b8e3b7d6c5
data/raw/source_trials/p01_l050_base_t013.tsv.gz,1464,c9decb03781db055fe55e5f08c0d2ed46757682c1aabf263ce071ccf74cf5c08
data/raw/source_trials/p01_l050_base_t014.tsv.gz,1625,ffa1986cb150f558df673eabc75db2145a089f67d0ccb1f81057d55f18bf99f4
data/raw/source_trials/p01_l050_base_t015.tsv.gz,1562,6cfd77bab05fbe11d68250c0b291e61eeb1636b8fa0f7cb7337a467cbef2a650
data/raw/source_trials/p01_l050_base_t016.tsv.gz,1779,d5aade905c01b66d1f567adcba014ba58d9e123569190e0fe42862241b711c31
data/raw/source_trials/p01_l050_base_t017.tsv.gz,1771,c58711a67d100b2065e292a704f1bd1d5053feaa6f71702cdc53692543529e2f
data/raw/source_trials/p01_l050_base_t018.tsv.gz,1842,054635af5169e3a2d7bc645f41fd5ca1d9f53b84b3652e1f3374e93b5d26075c
data/raw/source_trials/p01_l050_base_t019.tsv.gz,1783,220b817b84c54cddb4f04bebccf9d8130b456eebddc981c8f3499a3a65376d7c
data/raw/source_trials/p01_l050_base_t020.tsv.gz,1806,539bb609a23f6b523e13ac20af9233ddd9afed0489fe37e6072099f2f767ae3f
data/raw/source_trials/p01_l050_base_t021.tsv.gz,1725,a09df2f8feae6233548f1c89fc8fa77689c4dc9684df0f60dd53f60039d79bd1
data/raw/source_trials/p01_l050_base_t022.tsv.gz,3761,401296c329526a335ebf559d6ea3b59bc905c5af3d2db7021e35b99c56020de2
data/raw/source_trials/p01_l050_base_t023.tsv.gz,3483,2a0b73dfa5d2ad984642e548b15b28111e29704cbb11c61e88c88682f2a56d0e
data/raw/source_trials/p01_l050_base_t024.tsv.gz,2062,7236b967272054363e14f9e5082f1d78e2284409e4ee41b736b3ce3387b55ef1
data/raw/source_trials/p01_l050_base_t025.tsv.gz,2093,dc49ac18f7d3f4402b7183e407c177a12509d04d06382e8558e529a59efa466b
data/raw/source_trials/p01_l050_base_t026.tsv.gz,1847,5cd6eaa38a44bd1ffbcf475eec27be64453f8c8831131de84f8e9a04f501884c
data/raw/source_trials/p01_l050_flanker_t000.tsv.gz,1814,9e36130e391396e52a78e8db02a17f2c9e0ec6c7ccb0468b595c7d5ef19b1025
data/raw/source_trials/p01_l050_flanker_t001.tsv.gz,1743,d62e6aa900dc199a3eaead3fb06c0ef60d55910e167a4fdda2ece73771c4ee37
data/raw/source_trials/p01_l050_flanker_t002.tsv.gz,1791,22278accba529fcfa1f64dc1d113de4b16ee5f711693f453d1c541fa85f4ffb0
data/raw/source_trials/p01_l050_flanker_t003.tsv.gz,1676,925d20f3f68faa7e49a87d574b47d5ef4bf5807d1f83a2c47b5534d0bf11b678
data/raw/source_trials/p01_l050_flanker_t004.tsv.gz,1825,b79a3d71ac868038234555f73e959c87d6d87f6eb2b34b72d54936333e46e323
data/raw/source_trials/p01_l050_flanker_t005.tsv.gz,1806,92ac3cddd5bb682c3ecdfcfd87025882fa03993a99192ebc38d493be2a00b0ec
data/raw/source_trials/p01_l050_flanker_t006.tsv.gz,1179,d606aa3986430d7980ae6e27cbcdb64bb29ed3fc99f3215c714a050450e27783
data/raw/source_trials/p01_l050_flanker_t007.tsv.gz,1288,aef7c669de5e471b3067b3bdb214c580b92dec1a0729ddc82a08acad0b150d48
data/raw/source_trials/p01_l050_flanker_t008.tsv.gz,1316,3c7e2c7f86981121d204903d9bd828dd776b9f56a0e6e9ac2c4969fee89b41f6
data/raw/source_trials/p01_l050_flanker_t009.tsv.gz,1512,07966dac93e990f030f4225e9070d77a3fdb137f28e630bcd95a200929f91d2c
data/raw/source_trials/p01_l050_flanker_t010.tsv.gz,1489,a9857ce1b909788c273cde8c6d96a7cb5ff9fc736c9ddeba175f006e051546da
data/raw/source_trials/p01_l050_flanker_t011.tsv.gz,1922,71b03d85e8101e83656d0ae4ee57148aaf45b5b366618c041fd174c09143d713
data/raw/source_trials/p01_l050_flanker_t012.tsv.gz,1604,4e6c10eb71b4cee0e3a0e78831e65c3bee113107562a26f0948faa7f4f10143c
data/raw/source_trials/p01_l050_flanker_t013.tsv.gz,1854,a15e2d2969d4c6ad839e9111a417bd7d070d74d839c8d2b63f399a058fac0fbc
data/raw/source_trials/p01_l050_flanker_t014.tsv.gz,1807,f1cf21642066b86fc07e6c2258b6179093260bd39e72bb6eb6a9e979f4d7b95a
data/raw/source_trials/p01_l050_flanker_t015.tsv.gz,1873,8393245575403680e1d3cc4b88c948035f730608c2560b1ad0886ba1d467c729
data/raw/source_trials/p01_l050_flanker_t016.tsv.gz,1763,ff2f10064d175935f46f83a7598aefaec33f6804de647e0af012b08e086f77d8
data/raw/source_trials/p01_l050_flanker_t017.tsv.gz,1952,127224126f2fe89faf5ad2735d4ba3300d7d253c38923fe241dfaa4a69ce4845
data/raw/source_trials/p01_l050_flanker_t018.tsv.gz,1618,01d5cbcef13796671fae74e85c161f215f834dedf917121455155040d897affa
data/raw/source_trials/p01_l050_flanker_t019.tsv.gz,1293,1eceb0e992cf8a55187987304d73111461059612a658070a0382720bb4469f33
data/raw/source_trials/p01_l050_flanker_t020.tsv.gz,3153,6eba09720944b9e74f304301a2d2713d0bf4f3f401dd74ea80df86cd4378f2bd
data/raw/source_trials/p01_l050_flanker_t021.tsv.gz,1921,3791cb94565010a7afeb3155324fbaf7fb25f2e37c975c0e99ec37c90284778b
data/raw/source_trials/p01_l050_flanker_t022.tsv.gz,1858,195693ddf965f89fd96c728cc6308599664f9bb4abffe4fe86386e2b5d888145
data/raw/source_trials/p01_l050_flanker_t023.tsv.gz,1988,64dcfa7d5cc2a4051103bc4d285ef4930e995a4b2ec0b8f8857964468253efb4
data/raw/source_trials/p01_l050_flanker_t024.tsv.gz,2321,c68372ec0877c21b441a30de35fe06196d8ea2f606bc94e9a1fc5fb6b3c3bce2
data/raw/source_trials/p01_l050_flanker_t025.tsv.gz,3260,25e9bf9ef3ad94cda09889d25a21356a0766c9a82ed4c4c3e71712143663e61c
data/raw/source_trials/p01_l050_flanker_t026.tsv.gz,3451,7c4d97380f0bc0dfbec01b2ef3a1bb8d781dca5332aca2f6e85e98231ce7d240
data/raw/source_trials/p01_l200_base_t000.tsv.gz,1318,0fe1f155285f06ee9989270fb5bfca47b5d40c7dc9029144ee060a16a7460076
data/raw/source_trials/p01_l200_base_t001.tsv.gz,1568,1c69890faec83e76bc6648e54fd2ac2b68d7cec953e9a28067427b36b63113ab
data/raw/source_trials/p01_l200_base_t002.tsv.gz,2569,076aa84605ffcbd246f5672f8399d18e7ad3109ef811529bc47088c669453161
data/raw/source_trials/p01_l200_base_t003.tsv.gz,2559,5662b771f3b6481ebf1fd7d94ac08c8a35c89f502c939b7aa98a29758118c4af
data/raw/source_trials/p01_l200_base_t004.tsv.gz,1489,c6cbf792cdc05f35081e1ed80b97ab48a488e933cf71523d5097ad097d9a923e
data/raw/source_trials/p01_l200_base_t005.tsv.gz,1424,8db0797d1c94460e39e7b6e3ecc50d06a6cbb7041c1b9611b7b138c7afdb2a88
data/raw/source_trials/p01_l200_base_t006.tsv.gz,1747,4a172d03885cf016f5deadfcd5659539f0955e0389a410ea31a8b7e534dbbf75
data/raw/source_trials/p01_l200_base_t007.tsv.gz,1633,d391c445a9e3fa0bb12de9fccbfb8c9b6456b786dc01558fafe70d0f9c2b82f5
data/raw/source_trials/p01_l200_base_t008.tsv.gz,1663,295155885b355a2757725a927c890899511c5aeffd5b885aee340a701a5279aa
data/raw/source_trials/p01_l200_base_t009.tsv.gz,1575,debab4f862e1f26c1d90a2b94ac0893b9dce43b5c9d14207aba0b0e3644b8c41
data/raw/source_trials/p01_l200_base_t010.tsv.gz,1616,5dad827564667a38a2ed3d2d6ae2de0c41eb918b6e7fd87abd967074fd71442d
data/raw/source_trials/p01_l200_base_t011.tsv.gz,1598,ee9cad488d90cb1260371b94a7ae3840278b729a646e05bf3d4448df317896b6
data/raw/source_trials/p01_l200_base_t012.tsv.gz,1282,84639d7e490dfd65709d500a83033ccba645691612d0d820f21b1bf5146f52cb
data/raw/source_trials/p01_l200_base_t013.tsv.gz,1380,269add6c50371938e3aacf08509b794be4b237005a9d69a070f456d3328037c3
data/raw/source_trials/p01_l200_base_t014.tsv.gz,1581,45b0bae65ebdddf387f505ab1b215603095cca393e162b4382f5fd9e8b8062ce
data/raw/source_trials/p01_l200_base_t015.tsv.gz,2382,8887661ea94e5142b8150204d301d1867797cc09898ba27dfbfbbdecb5ffa2f9
data/raw/source_trials/p01_l200_base_t016.tsv.gz,2643,3143d5f523a75e81128a8e92a36b02647236afeee38b05ba3d746c22920128d8
data/raw/source_trials/p01_l200_base_t017.tsv.gz,2506,4df73ab1bfff55c188d2287b16a8effbedf15db84b7f9e2169372ecdf61cde11
data/raw/source_trials/p01_l200_base_t018.tsv.gz,2627,90e8aa291974e082a7da94bac58a8b82454f0435dca3afdbe0eed8709d79a8d9
data/raw/source_trials/p01_l200_base_t019.tsv.gz,1414,43b6419b71cfa45b5007ccf1474abe6af02c596fd8709b4b12212a5aeb086ba3
data/raw/source_trials/p01_l200_base_t020.tsv.gz,1478,1d52f6ec96cea78f2305f84de4782f43011e8db96067b57e8fcc18d908ed3a96
data/raw/source_trials/p01_l200_base_t021.tsv.gz,2805,2be67d0b2935db6e8034b3508b17fc0e9de563b50c9433f53c780e0ecd40527b
data/raw/source_trials/p01_l200_flanker_t000.tsv.gz,2595,e19ade567a9fc8feb5d2c71aed58d7270764ed5ca1699590198da39ee7f14e9d
data/raw/source_trials/p01_l200_flanker_t001.tsv.gz,2333,89fcd9dfdb720622fb4693eb9c77c2bf71e3824aa71125823107fddd8e3e7506
data/raw/source_trials/p01_l200_flanker_t002.tsv.gz,2862,fd70cbbb4fe73c107396bbef18e38ff8ef848922ef6404517996b79b1c099c1e
data/raw/source_trials/p01_l200_flanker_t003.tsv.gz,2002,fe7f165f21298a2acedc6a17b4e8ebd9f87524a76d054d11bc726f83659d86b9
data/raw/source_trials/p01_l200_flanker_t004.tsv.gz,1441,9f9b93ba477b7d5edaca7c3e41f30b012bd59345451096369a9644aa39af7600
data/raw/source_trials/p01_l200_flanker_t005.tsv.gz,1054,12c008aa717fe890a377c4a2b6377c9e8f68c68d41a5ccd1b231d11c6fc7006b
data/raw/source_trials/p01_l200_flanker_t006.tsv.gz,851,f038a1f17220a739f1e81eafbe767026ef8c431326971707463ad9e57599c3c3
data/raw/source_trials/p01_l200_flanker_t007.tsv.gz,1718,a39a15cb28c5dc96d582662bcc1be54b6fef4b8f21d251f51edc8af2ca5d3252
data/raw/source_trials/p01_l200_flanker_t008.tsv.gz,1689,cfd20d59a3ac61830e5792ae63191ca18cc9e06a0caa402db2bc73cc4e4cd25e
data/raw/source_trials/p01_l200_flanker_t009.tsv.gz,1775,2223f67b748052e5afdb4a7d7441a203ec63c1d0b077c410f25f8812664644d2
data/raw/source_trials/p01_l200_flanker_t010.tsv.gz,1758,bdfd72caa4dcaf636cbc20f29dbbc8200568bd26ace1f2cf0973e3cb634ae308
data/raw/source_trials/p01_l200_flanker_t011.tsv.gz,1073,dd24bcfc38b015a3d9ca9e8e8d7c9e27e71aebcb1734f02d4dc1a86052fda04f
data/raw/source_trials/p01_l200_flanker_t012.tsv.gz,1386,b09a2d2fb4fe7fbe4cbe23cc302cb5a1971d2f010d5b83eb76e95402b36b830e
data/raw/source_trials/p01_l200_flanker_t013.tsv.gz,1265,de486fcdb1a757930415e8ce4f3c46bb00a3da5390d0e47e8adee1de796ce4f6
data/raw/source_trials/p01_l200_flanker_t014.tsv.gz,1015,b804560d3554d4039cdd43f67ade12bbbcf9dc22b05d6afaacbc2af7f01a95bd
data/raw/source_trials/p01_l200_flanker_t015.tsv.gz,3108,6a9b826910857ba77ff465e46c8ea2d74e60526d8aa855ad86c6f3f2b224600e
data/raw/source_trials/p01_l200_flanker_t016.tsv.gz,2541,cc2901f9d31405c681cb686b5746cbc043979fe4acf016b668a1f0943c0a6476
data/raw/source_trials/p01_l200_flanker_t017.tsv.gz,2441,6fc31c7a655a7cc63ce789cd67b1d064f914699e450394d0b6fdfa5103fbb728
data/raw/source_trials/p01_l200_flanker_t018.tsv.gz,2828,5029eee61efcfcf20d3a868858bcb257fefbb7a30517182807277c57c09aedcb
data/raw/source_trials/p01_l200_flanker_t019.tsv.gz,1961,863355dab4a18154fc1e31ae0d4b585344185eb912d38ed7e4d50095b57e07d7
data/raw/source_trials/p01_l200_flanker_t020.tsv.gz,1592,dfa693166d87c9059a4b7ba2a44039e71a37ac072b2b68d2fe38cffa8b2a61e3
data/raw/source_trials/p01_l200_flanker_t021.tsv.gz,4702,1d9af986d507f3d100063b376337f8a82c2533a35fb2369fc175c5add3974559
data/raw/source_trials/p02_l010_base_t000.tsv.gz,2259,bc20787f9d07540c261f14b95734ad89ef69bf22ddf514e4540edaa43ef8567d
data/raw/source_trials/p02_l010_base_t001.tsv.gz,2218,5ccfb02aa42428a887e3f01c57cb71c99f6fb0e07cb4516a464f621a28c3bdf3
data/raw/source_trials/p02_l010_base_t002.tsv.gz,2455,6ff35e81300eef6adbac5d92b7af368209d3b1a8b7deef328589a6d9338667b6
data/raw/source_trials/p02_l010_base_t003.tsv.gz,2482,c2bb0225273ff87084b02217d7a1d8f96f21c64def2639c7cb5d2b9ffa191b90
data/raw/source_trials/p02_l010_base_t004.tsv.gz,1930,f9b334f0cec9336866928b757656cccb588fd388547acf21ff81e945c8c7cb0d
data/raw/source_trials/p02_l010_base_t005.tsv.gz,2142,de1ac89d3a03f2abacecdcadcbc3d8fdd4a51ea20524e2367ee1a92220671a57
data/raw/source_trials/p02_l010_base_t006.tsv.gz,2350,bfed57969dcbda07b587f5a66aa64b3e591482cfe783b9ae7e33c46666c3de80
data/raw/source_trials/p02_l010_base_t007.tsv.gz,2376,21141618f33427eb5e0ab408a5d5c2218094e8cd40bcc01f52be9297f10aaa7d
data/raw/source_trials/p02_l010_base_t008.tsv.gz,2048,275fb4a0ec18c8a0f7fe80bdfca13f1ecbd4d6dccef874b8b336efefb42ff448
data/raw/source_trials/p02_l010_base_t009.tsv.gz,2265,44ae7317bed40ab566c3fd61fb1e77e0c8300d669a631ec8c643eb32a26d5645
data/raw/source_trials/p02_l010_base_t010.tsv.gz,2447,0fce59452810786aea511353619578401d58a5064714962116574fbd6af587be
data/raw/source_trials/p02_l010_base_t011.tsv.gz,1864,62f48d933b68b972956f33d13c3a1eb5964f72a428e0289558de2304fff2805d
data/raw/source_trials/p02_l010_flanker_t000.tsv.gz,2603,0fcd462533211f527bfbc230534b4c871c6e678c3208c5197bc2b2653fc1e516
data/raw/source_trials/p02_l010_flanker_t001.tsv.gz,2282,befb91aab00370410e9ed4f1c57ea2cdb3c7b1b3fd503d734656dfa3bd404dce
data/raw/source_trials/p02_l010_flanker_t002.tsv.gz,2306,1cd5fa2a4fe6b580110628c32895ad9dbbc707d700dbb44b95a90de3a68be7eb
data/raw/source_trials/p02_l010_flanker_t003.tsv.gz,2170,2062d5150c80149b8f7ee4c608a1aa89b0aff4327a36179d3e934339b6ca4b71
data/raw/source_trials/p02_l010_flanker_t004.tsv.gz,2397,24425f1909272ee6dc4bb1f9254dce57e4ece3fed493b68b30584abcadd8df6a
data/raw/source_trials/p02_l010_flanker_t005.tsv.gz,2660,6c89a33eb58ab2fcb6e944b7d25cc7757fca151f83738a75fb9aa620e01b74b5
data/raw/source_trials/p02_l010_flanker_t006.tsv.gz,1895,12d0170071d3fa96d6e311f8b945d82260c18854db81a66b487ed85f370b4074
data/raw/source_trials/p02_l010_flanker_t007.tsv.gz,1966,ca720b0ba18092ef4cef90e6cda3cd599b9091576bb9c8e4951ed492844f0509
data/raw/source_trials/p02_l010_flanker_t008.tsv.gz,1953,2b0ffef32fe1040fa5be87791ae5cd3608df4112b4736cb7f26cd83e418ea99a
data/raw/source_trials/p02_l010_flanker_t009.tsv.gz,2254,2f45e2e00c09ef28da2c932c79f0eef54390a9fa98895976a872ce684a6722fe
data/raw/source_trials/p02_l010_flanker_t010.tsv.gz,1834,4bed2d663005a1767dd4d54316ae232bcdf448c52ecd59f51d48f57e3355beb3
data/raw/source_trials/p02_l010_flanker_t011.tsv.gz,2152,afe6eb8dcb0318d0e724c64fe07cbb833267f265b8ff44c3804d05c4d6bbe33f
data/raw/source_trials/p02_l026_base_t000.tsv.gz,2107,bdece2faf7a62adbed0a9158e94df9c5e0ecd4332b08a92a31bacb6f13c48181
data/raw/source_trials/p02_l026_base_t001.tsv.gz,2126,630ae635ea58c89661ebc40a7cc8c287ee5e2045ce263b1090e17f14061d643c
data/raw/source_trials/p02_l026_base_t002.tsv.gz,2059,c9ebf0c28fc33c073c5689c727e7864b9b8b96364df0892c54f567f50e8d9c75
data/raw/source_trials/p02_l026_base_t003.tsv.gz,1982,d2d2eacc5401de5269e48cf4724a72d10ccf1547ad6ad4041ecfb937c25080eb
data/raw/source_trials/p02_l026_base_t004.tsv.gz,2144,da0ac711a6fdf3fe9b5a9e3189c90dd90031e6a9e50870cd944f1ed0d1105dd6
data/raw/source_trials/p02_l026_base_t005.tsv.gz,1928,2ccc0d21b2e8e4f1475f0e6987054a871b84159a8c24b5b3b34bc41ad331c84a
data/raw/source_trials/p02_l026_base_t006.tsv.gz,1865,814cb045595e08d01a8409d0781c8960c962c7ba6bab0e08dd8f221a6ae165ce
data/raw/source_trials/p02_l026_base_t007.tsv.gz,2145,5b92ad68ef78906038bd6b4b226f2a79af288b432b13a91041c663123fcff093
data/raw/source_trials/p02_l026_base_t008.tsv.gz,2107,d81b0a1f99458423d11e3d89c79615652ab598ebce3a9cf3e39ba3947af4ef08
data/raw/source_trials/p02_l026_base_t009.tsv.gz,1912,647b4dc6a23cb3be5eb61a2b7f886e14ffa0f910e54746795f38c35676100262
data/raw/source_trials/p02_l026_base_t010.tsv.gz,2569,34cb7bcb645cbac4cd2e220822ced9876878e0ff03b1eca35faec77fe68e409f
data/raw/source_trials/p02_l026_base_t011.tsv.gz,2207,9fc75b22acb28a4cc755c9d847ee26b953ecc01cb8f3eb237bb4d1bde4a64e13
data/raw/source_trials/p02_l026_base_t012.tsv.gz,2188,8b88e3233f7849738ad09750be92437782b49c2d3b7e561546ad5ea2c58a39b8
data/raw/source_trials/p02_l026_base_t013.tsv.gz,2541,688610b83b34ef032dffe261cf9997e6bd3dc5c1987d79b47098f58aa4117112
data/raw/source_trials/p02_l026_base_t014.tsv.gz,2046,1c959c7cf86fa1f50c24d9f2889a8e88de7321becbd09af42ca22e2b174a6901
data/raw/source_trials/p02_l026_base_t015.tsv.gz,2360,3351fdd47536aa68dbb803ced82002d4555a204710dc43879de4bca7732de5a5
data/raw/source_trials/p02_l026_flanker_t000.tsv.gz,1894,82c026eec09009deec12e7d2494a81bcde1f474db6f0311153ed3b3c47c33252
data/raw/source_trials/p02_l026_flanker_t001.tsv.gz,2074,0cfe5471377d0c9f092627fc95a8dc45f31ce301627af7b1c346aa39132f63a0
data/raw/source_trials/p02_l026_flanker_t002.tsv.gz,2105,c313277ccee66b3145fad130fdc35ce6363bfdb2fe1dcb83bf43d1e68da05707
data/raw/source_trials/p02_l026_flanker_t003.tsv.gz,2348,9de1e0faa35d1024beb9e8dc403473c8fa8ccfce01f22f4ac1eaa41836aa8125
data/raw/source_trials/p02_l026_flanker_t004.tsv.gz,2073,71a2710e10d8f1c324d570c13dc6de2b48bdd308fb50231a2a2e8444e96e93aa
data/raw/source_trials/p02_l026_flanker_t005.tsv.gz,1977,9ff2a9b282bb542230c03e3c837c75cdee1ce5cd7f571e645b2c5b869f7b2681
data/raw/source_trials/p02_l026_flanker_t006.tsv.gz,2118,a1ad6312803c96b0470222820f8993f6ffb57684560156004a90f59aa8cb57bf
data/raw/source_trials/p02_l026_flanker_t007.tsv.gz,2109,ac202d8649b14e92d5de0afec61e0d2efa27011d2bff76f1d95e10ef3e6da67f
data/raw/source_trials/p02_l026_flanker_t008.tsv.gz,1824,142d51040311ca127a4e859f0754d2ee65c9d11f2c03aaaef8550d74601d1fc2
data/raw/source_trials/p02_l026_flanker_t009.tsv.gz,2146,0f47f6cfcaebe04bed1df3b9362f621629eec30931b7d04d93c7581ca5247d65
data/raw/source_trials/p02_l026_flanker_t010.tsv.gz,2268,ba62ae367b06e3d984edd151701863afeac55014554c74377bf501740604d711
data/raw/source_trials/p02_l026_flanker_t011.tsv.gz,2067,9800fdad7f10600945eccaa679bdd4780b74a3cbaa5900d1755c1386852a0f4d
data/raw/source_trials/p02_l026_flanker_t012.tsv.gz,2265,08cc8b0239b315d85a168214d390b498bb47e793497605cf38420819e150929b
data/raw/source_trials/p02_l026_flanker_t013.tsv.gz,1744,4b8f99281fc770422e1c51480b2a6bae2098e3fe14e40239767b1b34d284b763
data/raw/source_trials/p02_l026_flanker_t014.tsv.gz,2132,acd69c76666f3fb08835af7d5171c9266e935357077b5138e9d8be624f92c2f7
data/raw/source_trials/p02_l026_flanker_t015.tsv.gz,1727,25234c6a9e94aae211b8f0e0dbb6586f33c980f2e1f0b231a873faf00f040ee6
data/raw/source_trials/p02_l049_base_t000.tsv.gz,2326,4cd20cd4c84a599b73a491d3b3bb80b7c565f9464f4d591eba2094544c931fe9
data/raw/source_trials/p02_l049_base_t001.tsv.gz,2153,c2061ee258bf4e6d2e2130be8d2c45f1a355b8d24cf1272261d9d525868ac8c3
data/raw/source_trials/p02_l049_base_t002.tsv.gz,2149,e1135a1507f874d3b6fbe1f66ae16b6ed8289d08bad29e57924b7e5fdf49af24
data/raw/source_trials/p02_l049_base_t003.tsv.gz,2128,264464963e867e362f05b3b3980bd4bf7304a5a57935410ce54c53e4cdb95cca
data/raw/source_trials/p02_l049_base_t004.tsv.gz,2146,470b34902a15ed19a9dc16ff735bd5c7544c981623c3e772425eb61f95b5a800
data/raw/source_trials/p02_l049_base_t005.tsv.gz,2714,f617018ec70bd04d06fed15afa78b7b3503c15cbee51bd172fab5322a08d440b
data/raw/source_trials/p02_l049_base_t006.tsv.gz,2252,5e7d2a5b9cf1fca2998d190c88c86fc17273d66b2338419943e1be93a4b6d9db
data/raw/source_trials/p02_l049_base_t007.tsv.gz,2403,2631ca97484106077ad6315e68ee2d7c816b324dbef45e4f53417acd9e968f8c
data/raw/source_trials/p02_l049_base_t008.tsv.gz,2386,4d882831d0e9c6412c4a71b275b14dfbd7cbeb591240ce2f3eb20db6af199ebd
data/raw/source_trials/p02_l049_base_t009.tsv.gz,2071,051b789117070bb8712614da3a10e355dc033cac95c4270c4a3319cccb675fa9
data/raw/source_trials/p02_l049_base_t010.tsv.gz,1591,c6f71da9f2f89e46ed48f455b9b29754a87b606e3217d531dedeb03979b56cc7
data/raw/source_trials/p02_l049_base_t011.tsv.gz,1329,50d12e9464d66c2c3316531c0dd86f2f78198d20944b7f0720887e03ba49be02
data/raw/source_trials/p02_l049_base_t012.tsv.gz,1277,726c064e4092ed6c9f28cc4ce54207576a4bd462f58248759a0afe5594c5bba0
data/raw/source_trials/p02_l049_base_t013.tsv.gz,2634,d0edc98419155b9dcea6c641887d976c4f1984ee143e8b97183fd88b10a5eba3
data/raw/source_trials/p02_l049_base_t014.tsv.gz,2910,3895e5841ced7e7260fccddd73243eb3d23775f5941b3a02407750ab61af75fb
data/raw/source_trials/p02_l049_base_t015.tsv.gz,2737,4177a838bec733fc65a8c4c589b7fd00ad223c3108c683b4d2c243c4d0c4a9d4
data/raw/source_trials/p02_l049_base_t016.tsv.gz,2066,03d96c7629dab0d4e8d889c873300aaf7e1843bd99feddea0f5cf0b4fac3ac9e
data/raw/source_trials/p02_l049_base_t017.tsv.gz,2169,a74460130c4287a6b4f53250463fc91362110840d67473e755fdd98e8ac66311
data/raw/source_trials/p02_l049_base_t018.tsv.gz,2178,da3e65d29e75290db3b50ae0cc20d34c2f735194aa7fe53a81631b7fdcf3fa67
data/raw/source_trials/p02_l049_base_t019.tsv.gz,2332,7982d5de53f8f0184524f3cd9a96217370c8b6b86ccc3bae56c9010ed123cc52
data/raw/source_trials/p02_l049_flanker_t000.tsv.gz,3017,1c2ec768df6bb65a947feb4d6fd33df7c57b578934b19cc9c3bb0559d75f473d
data/raw/source_trials/p02_l049_flanker_t001.tsv.gz,2569,9234124fda0cb52bc06875cf4f49cb036d58f0a5ba59e5419e8e1787b81d0d60
data/raw/source_trials/p02_l049_flanker_t002.tsv.gz,2457,6f0799e15ac5e9635f7965fa6b7472e085cee489de90669f69a75b96ce95188e
data/raw/source_trials/p02_l049_flanker_t003.tsv.gz,2613,284ac262cc13490fa77abe1582e4e321dc29b35a057757a1df716fdbef25f9d9
data/raw/source_trials/p02_l049_flanker_t004.tsv.gz,2470,7c9bdfc9bc171236c7ea697a98a054efb4b4a6d6ed68bbb372888929716120e2
data/raw/source_trials/p02_l049_flanker_t005.tsv.gz,2448,4be35191d74391ed99e0a83f94284f7dc08091df75f0eeacb8784d3168670fe9
data/raw/source_trials/p02_l049_flanker_t006.tsv.gz,2912,eb9f22380a9050d50384e663fa00c450d63a9accd0a8f2244ddec2c918b7c9c1
data/raw/source_trials/p02_l049_flanker_t007.tsv.gz,2132,09b3e864cbde344692087487059470a2155fcc6882b088c8b3cb2612f066b72f
data/raw/source_trials/p02_l049_flanker_t008.tsv.gz,2252,5af8d76a7d74fdd651d4bb2752239eb11832b91f0138aebbf1667d34873c2ec9
data/raw/source_trials/p02_l049_flanker_t009.tsv.gz,2250,e5aa5cb80fbeeb9336e3d6472eeb657ae28067d67f1ea95040911ee2b8b80c75
data/raw/source_trials/p02_l049_flanker_t010.tsv.gz,2288,129e5cedd79ada025e1f9129ed32cf63e1309eec02d2ff5b880c4ab034079996
data/raw/source_trials/p02_l049_flanker_t011.tsv.gz,2983,e817799227d4c5bab6787c09437fe2875a66fba1fda09609718442bdcab98151
data/raw/source_trials/p02_l049_flanker_t012.tsv.gz,2558,113967c892425378f10dd5663a9f60460cdff19f069db1e75574b2ff13f06ef1
data/raw/source_trials/p02_l049_flanker_t013.tsv.gz,2761,d5d44a0a1c28f01467fd467c4b1fb0b1df77b34f8495f347f87a6f7793356e47
data/raw/source_trials/p02_l049_flanker_t014.tsv.gz,2953,28f84013d00a3a2b73f0b8c38ef6626926bf8d5b7547d60babad9c323d546fa6
data/raw/source_trials/p02_l049_flanker_t015.tsv.gz,3047,16ab693073b12fe524c80bbfd1b49103d20129d7b11fb73f43087e77748a5e70
data/raw/source_trials/p02_l100_base_t000.tsv.gz,2678,6347d9bce2ce4cc9105a777accd222f209cc1686edb23bbb5c0a36b3a87f12bd
data/raw/source_trials/p02_l100_base_t001.tsv.gz,2617,f407bc739f9606955327cc20e3e62c964ac05d64c62b3f56e56f7339d621d11a
data/raw/source_trials/p02_l100_base_t002.tsv.gz,2385,b0ed2005b995ca9d886947801ec8045fdbb5e12da9a2e9222e042c2c797cd70d
data/raw/source_trials/p02_l100_base_t003.tsv.gz,2518,e063dd6f6b65b3878f9e8d2e273777587013b325b45cd7f4e6810b8e134b168e
data/raw/source_trials/p02_l100_base_t004.tsv.gz,2487,673f7df53bb389f5893a276b9c5e673dfe62a617c8be5b686b1c14f05843359c
data/raw/source_trials/p02_l100_base_t005.tsv.gz,3026,233e75d037e87307ed05697b8ce9d4051b990b466f554d3a64378c2f7bc8042b
data/raw/source_trials/p02_l100_base_t006.tsv.gz,2124,51f363dea64fb0723ab80402adaac9b5a3fe616a937f44f1176a29b83c0868c5
data/raw/source_trials/p02_l100_base_t007.tsv.gz,2731,56574fd507f62eab8aaf11511b893bbaf986975eac9873a1b099cdf6406d57aa
data/raw/source_trials/p02_l100_base_t008.tsv.gz,2205,1f95de28d2b132609094b2b1540cc6afe37d44d619d99ba12c945053cce53d45
data/raw/source_trials/p02_l100_base_t009.tsv.gz,3232,40a0864a9d30876d6436f4ee1f6c9b595d7eca5ee24831fde188be69eaf3d40f
data/raw/source_trials/p02_l100_base_t010.tsv.gz,2397,8083ee6547aaff807084897473188daa43ccce7832a2b7686aa2dd04ab60dc16
data/raw/source_trials/p02_l100_base_t011.tsv.gz,2565,21a7d50194701750f3a6d7909ce6e6603b6fdc02e2048f03437c4b171a9fc69d
data/raw/source_trials/p02_l100_base_t012.tsv.gz,2476,e8d6d81dcb385ae840027ea23ae0cbf54a61c3e14e1b8df0005867f12a99471a
data/raw/source_trials/p02_l100_base_t013.tsv.gz,2552,10d17baa7123315ab7fa5c5f43325aa528b63d816b9b0d517640b0c8a157d29b
data/raw/source_trials/p02_l100_base_t014.tsv.gz,2593,b39568c90075b431e24719d67d146acb33916e66fbd62e59be446c52378feae4
data/raw/source_trials/p02_l100_base_t015.tsv.gz,2745,a296339e97f5b2b8c6af6cd350034b46e4eec4d70fffd7ac0c9c1c3cdfa1ca15
data/raw/source_trials/p02_l100_flanker_t000.tsv.gz,2747,0cbc7dc40b1ad8416364208427200012765c709a6c470eb1f8e780361c02fc6f
data/raw/source_trials/p02_l100_flanker_t001.tsv.gz,2729,e211f3a0f396b4e2bc2aca53acaa783c7b6dcc3cc3bdf0ecb2a544cc49d28171
data/raw/source_trials/p02_l100_flanker_t002.tsv.gz,2515,9776e42641954a25825ff14fbf78cc2c96a58477c25943e27987da1b04487aef
data/raw/source_trials/p02_l100_flanker_t003.tsv.gz,2880,0e27c7907e559e396fbcd6539dc5de6c4a3908fbe82abb79d948650bd9247387
data/raw/source_trials/p02_l100_flanker_t004.tsv.gz,2322,176d6d078a22e0087b67f2d48e8f0660cb6b5fbaa4366acdd3b7d2d8d766f0a8
data/raw/source_trials/p02_l100_flanker_t005.tsv.gz,2997,c70ed73a8fba14e29c38df5c6928cc5ed109a56385a8d82d76b8e3471f2b5d9c
data/raw/source_trials/p02_l100_flanker_t006.tsv.gz,2409,6dc735122c851d7f645dcaa15c06523f3540b69cf091e35f398556b14c3807fe
data/raw/source_trials/p02_l100_flanker_t007.tsv.gz,2509,b2f4d7b2d95815b2351eaedfe7b3c54ec2d0edacff56647efa11a884318415e2
data/raw/source_trials/p02_l100_flanker_t008.tsv.gz,2934,2b3e3bb25b747e6913183d22d42fa3c09c3d68c270d64b2494f78e5e89e5e3cb
data/raw/source_trials/p02_l100_flanker_t009.tsv.gz,2769,521a9259e6e7ed03e379cb468e61b64e71ad94e3a063623e4bbc9550921c8631
data/raw/source_trials/p02_l100_flanker_t010.tsv.gz,2387,f37e69879e8d2ee2d87a499335987842e3794292525474757dd59e1e4837ecf1
data/raw/source_trials/p02_l100_flanker_t011.tsv.gz,2879,d408b98f7d62cdea873ca4631cd059473227ca6561ffab1890eb9076618118e7
data/raw/source_trials/p02_l100_flanker_t012.tsv.gz,2127,76fccf2a800f595cacadae1daed9eb8617d0be42a804b541638413d189a235bb
data/raw/source_trials/p02_l100_flanker_t013.tsv.gz,2984,9cfbda1aa8229750268dc0b781cb5c1cc7a090e75ec0442de5ea0b1b8fc169f1
data/raw/source_trials/p02_l100_flanker_t014.tsv.gz,2958,cb1944423477d6617d3141e8ec565107baec21e8d8ce7872ba194149e59cd797
data/raw/source_trials/p02_l100_flanker_t015.tsv.gz,3086,437e49b0653065d5924d870a73d414d1597b2d5091b3d56097b082a5c7dcaa53
data/raw/source_trials/p03_l010_base_t000.tsv.gz,2021,fd9d0a930f19ea5b38a0ecd34d0eb06eb04f73eaea42a254519d313b00bdc4a7
data/raw/source_trials/p03_l010_base_t001.tsv.gz,2010,c7dd51a9c9432205fa749805722ecdb0817edfeb1c01541c860e2a9f1628f236
data/raw/source_trials/p03_l010_base_t002.tsv.gz,2234,771abd6357eb3eb4867f12b2874c0c1c583221d5be2a6b35dfe596ad81cd5737
data/raw/source_trials/p03_l010_base_t003.tsv.gz,1926,6547bde6a9ab7b861ce029cb6aa1d85383f393811a6a7c978bd71b10a77d5661
data/raw/source_trials/p03_l010_base_t004.tsv.gz,2066,ec471773f1e002d68c77ba7f278ee5d0a77a6364f8da9e8fe9b528334e7fafa1
data/raw/source_trials/p03_l010_base_t005.tsv.gz,2355,9a959966e3421b987e8f6403fa3df8ca57be6e84371f64b0272800d385bda556
data/raw/source_trials/p03_l010_base_t006.tsv.gz,2051,e18d4fa0783780b0f17a10ada506bd01682ebf48a7cc39edc0000eb496e7cb07
data/raw/source_trials/p03_l010_base_t007.tsv.gz,2416,146dd07c950777b9d981f326820d85ffb44a080dd86927b6a57f35993d4fd010
data/raw/source_trials/p03_l010_base_t008.tsv.gz,1823,470351d4e715a6b0e531d04fc8d668b88c4c5319ded78c6f796223f4b0a93b10
data/raw/source_trials/p03_l010_base_t009.tsv.gz,2353,abccaead6fa0883371bd019b098bdc5a7ac0df140c02e040c9b9ad8a04eac841
data/raw/source_trials/p03_l010_base_t010.tsv.gz,2147,b71a345b9eaab234b0bcdb1051c56bd39339cb014676831e561dc4f91bff76a7
data/raw/source_trials/p03_l010_base_t011.tsv.gz,2171,6ad1da29f0ae1fb2a8263a8df99725615b12d953dafdeee7e2c9f2ee693a8aff
data/raw/source_trials/p03_l010_base_t012.tsv.gz,1959,4b6b068b72c8e2679fb49e2231a1803ed296229aaca01aa4b8cca5b17cd787fa
data/raw/source_trials/p03_l010_base_t013.tsv.gz,2041,0b0fe10bffc34a8223349314bcabb0a95b1abfc0d515dd0c05b4a142f5807c62
data/raw/source_trials/p03_l010_base_t014.tsv.gz,1867,f6ba86376f4d19731d5e425d39d816453f63322e6eeab3dac1de2ba2272331ba
data/raw/source_trials/p03_l010_base_t015.tsv.gz,1984,00a05b9d420003a30864992e9db44befd28b0e5c9929262c5d1f6e185e2de40a
data/raw/source_trials/p03_l010_base_t016.tsv.gz,1431,555c0af0196a08f879c50bfc81bfa41d4c71811f44c1dc6282d201ee99c618df
data/raw/source_trials/p03_l010_flanker_t000.tsv.gz,2371,409f278b56a4b327edeca851367720416ee52ff037f6790fa83dd3f778901541
data/raw/source_trials/p03_l010_flanker_t001.tsv.gz,1833,0a170de7d91c74e278f520a1b77ab353f6286fbe9fd0b0a9218c3fd05d0d824e
data/raw/source_trials/p03_l010_flanker_t002.tsv.gz,2263,6a2b3ae47f6cad2fcabf6e156cc537c3a7ef02168c893c79d6192af31fc3901d
data/raw/source_trials/p03_l010_flanker_t003.tsv.gz,2050,e88b38126606628c34077ac6052795f039e1cb49c24e752620a004d760aac8a2
data/raw/source_trials/p03_l010_flanker_t004.tsv.gz,2651,aad9cf302997d0d3c7260da46bffa2c7a0d039d0ae2d48e83b8756ffd137e8b0
data/raw/source_trials/p03_l010_flanker_t005.tsv.gz,2493,91b4a71143f5422a3eadcbd69566605c167ecbbed73eef351075de72d50f75d0
data/raw/source_trials/p03_l010_flanker_t006.tsv.gz,2243,c0df0b8f26cd2af23571853be1a0857c2da6d5cfb97e74ade6d64b706fcd6d3e
data/raw/source_trials/p03_l010_flanker_t007.tsv.gz,1920,a6a772be9dc44302babe5a3a941edb3e384717343ccf4f78c13556f41c8d3798
data/raw/source_trials/p03_l010_flanker_t008.tsv.gz,1948,9f420efb86436cde080675433f7826f1da0455a2e2d7c6eb3414ccef8b774968
data/raw/source_trials/p03_l010_flanker_t009.tsv.gz,2208,b7da7e086bae066ce16d0e0fe729f77256aec1be09f4387ee59bdc0713fc5cfb
data/raw/source_trials/p03_l010_flanker_t010.tsv.gz,2350,ae34493e76dcad34bae91536d78a4c3b149bb7214ae83c887bfcb38234e61e83
data/raw/source_trials/p03_l010_flanker_t011.tsv.gz,2209,b499548b92026e12bd83147b2191ef661ebe023bc96b1284386d7613f13a935b
data/raw/source_trials/p03_l010_flanker_t012.tsv.gz,2292,1e00d62d782a68a77f442b5493ae729c0eebf9e807c29364a6e4392259e6cc23
data/raw/source_trials/p03_l010_flanker_t013.tsv.gz,2044,4f218022fd9f3e0f2f57f1be138a4edc26ad189735825e6217aa878905bded77
data/raw/source_trials/p03_l010_flanker_t014.tsv.gz,2201,3fb8d54c20ce59a44c762f8b570bfddac1029465662b449ae10cb3e800ea77a4
data/raw/source_trials/p03_l010_flanker_t015.tsv.gz,2185,49744db7315c07cc3e60cc86e32f935f81276c6e8fa98203b2ba73ecd74bf579
data/raw/source_trials/p03_l049_base_t000.tsv.gz,2447,7eda58f1b8bc1d8728ba3e4984805a32fa5a4c6b8d71fcd27a937d8a729e9cea
data/raw/source_trials/p03_l049_base_t001.tsv.gz,2574,86cfe8e0dd808a454fee24ae29ce406b32652c04b261b3429281a1408b3db326
data/raw/source_trials/p03_l049_base_t002.tsv.gz,2776,f80ca37755cdbb9db41d9c91debdb2f31702f0a3319fd4df72be4dcf8c9e15a0
data/raw/source_trials/p03_l049_base_t003.tsv.gz,2425,89cde03f47e7fd2d1c0e6830d9f80c5580c35d8d791d1766d4c8b21775c2d695
data/raw/source_trials/p03_l049_base_t004.tsv.gz,2289,bcde625698fd0c38833c7ae4ba48a60258a140b80ff6d5841a47c3de8f0e7c5f
data/raw/source_trials/p03_l049_base_t005.tsv.gz,2303,c7724dbc8eb681f47f328aa49cde42851a15cd49ec27e3dc6912ed5702aab707
data/raw/source_trials/p03_l049_base_t006.tsv.gz,1816,c9196e504569076c171cebe87573b49c32c24d09ea136cc36d98465835fa5056
data/raw/source_trials/p03_l049_base_t007.tsv.gz,1715,ca1e8739402c7b46af3d56478ac40a2fd85cd293edbe7d3464c881e37abc25ac
data/raw/source_trials/p03_l049_base_t008.tsv.gz,2144,1d0a0db07daf4ab55788e5d80fdea652c1bc02af7bfa7ceed5f8b4673e3ceb96
data/raw/source_trials/p03_l049_base_t009.tsv.gz,2198,90b37c55194db3434e175bf4f4b9bd9f27b37104624b26ea0925db982ccaa14e
data/raw/source_trials/p03_l049_base_t010.tsv.gz,2150,6d96001bfb7a05a202fa5e73bb2a9254b22968526664777575904a73c7f69640
data/raw/source_trials/p03_l049_base_t011.tsv.gz,2305,3c81227027a4b290291461670d017727ef238f40b8195ae9799bd4b5f05860b8
data/raw/source_trials/p03_l049_base_t012.tsv.gz,2001,b03ca49c7b16fe222834eac5081c7e6e825f412022dd781a93d55c3b53a83c86
data/raw/source_trials/p03_l049_base_t013.tsv.gz,1899,bfe3157cb43b4f96d6ec7614b1dd5f246720afd078125ec53c3e6089c28db8c9
data/raw/source_trials/p03_l049_base_t014.tsv.gz,1810,39400a565c84ef6fa651c019ae0bde4bce27744212c878415b33928cab3e4265
data/raw/source_trials/p03_l049_base_t015.tsv.gz,2221,55f51522b8e7257054a36e73d8dd0853f4fdf6ba16364d4e6fc3b88ed3358046
data/raw/source_trials/p03_l049_flanker_t000.tsv.gz,1848,f61050e8879fb2caf37828c68d32ad5f3021da72d63b05bcc7e4265677fe5b4d
data/raw/source_trials/p03_l049_flanker_t001.tsv.gz,2113,59e30c049af22966118142d8ba97523d0711a74396eb2380afac812f20303592
data/raw/source_trials/p03_l049_flanker_t002.tsv.gz,1846,15b95a9af491ad38615f7fcb55275bcca941c6b8734b0df004493ab3df56674d
data/raw/source_trials/p03_l049_flanker_t003.tsv.gz,2330,fab6ed16f985829e84f598f7f01092c0a0ee12e460f41bac957a0c66dcd90ea1
data/raw/source_trials/p03_l049_flanker_t004.tsv.gz,2435,6dc4d6b7ef38cd755ed8b5ea2399bae2696eb47d0185231dd94ad900415f8edb
data/raw/source_trials/p03_l049_flanker_t005.tsv.gz,1943,b6eeddfebd8da51ee3bbe04056bcfa3c6c1e3bdc270602d43cb1bccb9c3b43a7
data/raw/source_trials/p03_l049_flanker_t006.tsv.gz,2132,6f7eabe843c81616956658013ddac67eba4d7be1b5be247146a6fb43ae650932
data/raw/source_trials/p03_l049_flanker_t007.tsv.gz,2072,915123d5f20427cf691c216c37402b28fbaaf2658251e4e069dd9df31734f335
data/raw/source_trials/p03_l049_flanker_t008.tsv.gz,2434,47fdca04342fcd4ee211ad1fb897b6d3969d68f1ba49f4bde67a259ebda84acb
data/raw/source_trials/p03_l049_flanker_t009.tsv.gz,2160,0c0084d72cd284281ea791ecb5cacb0a47a60a2cecdd6b89e8a02304f6254ff3
data/raw/source_trials/p03_l049_flanker_t010.tsv.gz,1971,fd6061fd594a2055addfcdea36fee811740abe4fdeb1d72a9dd13651b7f61cf9
data/raw/source_trials/p03_l049_flanker_t011.tsv.gz,2306,51b5f9c4310786ba3113ec33a46a2936ce56b9ac4444bd0883660dde61a88326
data/raw/source_trials/p03_l049_flanker_t012.tsv.gz,2028,eb40e12a28cd42c89afc9ea5e2bf5e270060dd651c5c23102f827cbc5d79396c
data/raw/source_trials/p03_l049_flanker_t013.tsv.gz,2546,e1c708865e3dc9e91c23a870806675288b0167655c504beb2c423d885004f0e7
data/raw/source_trials/p03_l049_flanker_t014.tsv.gz,2536,0232ec9c2e5b6171fbd8c91dad67d2d71154504c0cf42b25616df09d428e0afd
data/raw/source_trials/p03_l049_flanker_t015.tsv.gz,2023,634bcbdd554e96ea1786ed5cde2392bfb2e806f474f9de57cbd5d82f654e78cd
data/raw/source_trials/p03_l100_base_t000.tsv.gz,2700,004644f77d00bdf3f9842365433dc149637c83a412c46628ea5142e9e9269dc8
data/raw/source_trials/p03_l100_base_t001.tsv.gz,2505,c747c82ba8a3105f0e489e24e61cf2b92b49e6a79d425dfd332268dcb6090a88
data/raw/source_trials/p03_l100_base_t002.tsv.gz,2455,4b974774e982144bc5e092f5bdef389a72ffb1c344e90c04759761321fd611e5
data/raw/source_trials/p03_l100_base_t003.tsv.gz,2580,a5fd1be6f19dcbae691769645d25b7aa38580665fb728b698cab1a6036281eb6
data/raw/source_trials/p03_l100_base_t004.tsv.gz,2663,b6e5d015fc3c300b5f0fab5c363ef5cbc5338a2b30a5802f618d513c34d822ad
data/raw/source_trials/p03_l100_base_t005.tsv.gz,3097,715eb109f4be074a78791f2c38d925b26c52d0ea6e2fe0c5762829f6a3c636c6
data/raw/source_trials/p03_l100_base_t006.tsv.gz,2555,2d1f23c8e2cc436ef7d4b5d3c5ef6f5aa608d6a13319ab3fcdc3c88558aca951
data/raw/source_trials/p03_l100_base_t007.tsv.gz,2366,13becb5c9ecc5c1f15f9c2de76c21d8172de06c4cdf894affae59d9ab92d4169
data/raw/source_trials/p03_l100_base_t008.tsv.gz,2246,3072096e6e6e86d7cacb6d6848e0d6a9d50dd79a4de8b7403bb44cff53c66927
data/raw/source_trials/p03_l100_base_t009.tsv.gz,2918,9fa3756e7fb7b36d6bd3664fa6ec1897157f1523a1f82af3f129c20c4870762b
data/raw/source_trials/p03_l100_base_t010.tsv.gz,2860,25f64e8965f1147793fa792739569af4c992a8afe4932103d568b00516507add
data/raw/source_trials/p03_l100_base_t011.tsv.gz,2480,dbb9e483890600d5a72c3ea6be5923910ca43d9ddfb8756f3e32aa197d7bbcaf
data/raw/source_trials/p03_l100_base_t012.tsv.gz,2387,c5592b346ff0d324b61c4df62609cb3882de31e5397cf56f22f5c7e1dd318138
data/raw/source_trials/p03_l100_base_t013.tsv.gz,2549,a395638b3a9e00b6df3cf930fc45cf3fe5602ef1d309797f3d633b7029d2436f
data/raw/source_trials/p03_l100_base_t014.tsv.gz,2581,6529d0364f936ff7df2fbbb026e38df151611e95a53ce0ca1f3c1bda608a4528
data/raw/source_trials/p03_l100_base_t015.tsv.gz,2425,8cf83c20d313961bae2902d101b07eb8c5bd5ccf7b17e859cee9a96d732851bc
data/raw/source_trials/p03_l100_flanker_t000.tsv.gz,2720,674531442446c903c97da5bfb3fd055772ba416d1095ae51d9c1cc369a7c72c6
data/raw/source_trials/p03_l100_flanker_t001.tsv.gz,2513,dc071b8a38b9b86e5c22c7f4b81454a318e93092fecce76dc15fd0783b14f168
data/raw/source_trials/p03_l100_flanker_t002.tsv.gz,2399,66c88ede4d15286a6a8019d71c9f6f4f53f45bdb9927ef3a6ceb20565df12645
data/raw/source_trials/p03_l100_flanker_t003.tsv.gz,2379,98f8ebf21b1f6749c9b982e6af6da9bff033f520be58d75c25b7c4c67b6b112a
data/raw/source_trials/p03_l100_flanker_t004.tsv.gz,2349,bb711cfd8ab0c830ed2d1d04798f5d500ffc49616862a93c388279fff5d2e061
data/raw/source_trials/p03_l100_flanker_t005.tsv.gz,2880,b3849bc7b33146b1cb420f8d61d7079272c79f541971f882cb9c4089b2f3c390
data/raw/source_trials/p03_l100_flanker_t006.tsv.gz,2609,370f1a3f5dbdf9078b51f105a80a0d7998c3a4bd02a3c86836a6c3a7f217c972
data/raw/source_trials/p03_l100_flanker_t007.tsv.gz,2845,b6186041934171b5f2973f3a949fd4262ae8351093a312195757fe75a0a60c34
data/raw/source_trials/p03_l100_flanker_t008.tsv.gz,2731,af62311140166b485e852e6c4975d0e58b180de9a4505a5ecc2162520e24d2cf
data/raw/source_trials/p03_l100_flanker_t009.tsv.gz,2821,d36b747b2bdc9e385fe3f0ba8971775d9fa0316b26e20bc60af365afe2711c49
data/raw/source_trials/p03_l100_flanker_t010.tsv.gz,2336,f7849f8363ca53e847a90ec4c32b4998828e4ce5e015dee928a9341fd64fedbf
data/raw/source_trials/p03_l100_flanker_t011.tsv.gz,2350,6a6dcaef0f4664a51099aff16e37d555a2bb0263a86c9db3e3aa869c1e545e1d
data/raw/source_trials/p03_l100_flanker_t012.tsv.gz,2585,93c50f7cb6a324f6a239aa6f945bd7c539248b433ecb9a478f8dd564f9e5ac34
data/raw/source_trials/p03_l100_flanker_t013.tsv.gz,2965,2c6ebb6e25e46c46e8583705d1fbe646a11a86005b76172496970a56bdefa0fd
data/raw/source_trials/p03_l100_flanker_t014.tsv.gz,2622,648fb0a375dc72d9bf3fb72ad4e5da251d67f1ee2678a4e9f8fc86ae3bf58291
data/raw/source_trials/p03_l100_flanker_t015.tsv.gz,2464,2cff12c590c0c5e3a539fa99d4136cf381c982b499be00d33abf191307cc3488
data/raw/source_trials/p03_l200_base_t000.tsv.gz,2566,0cc47a3e6db9a031a53f27ea48cd001b074259b23548d2a107e81bf3426d1741
data/raw/source_trials/p03_l200_base_t001.tsv.gz,2513,ac4151dbbdf1e3c85b3bf61e0bb3593e5a829d4bec149f6b68ca6f01af34e6d6
data/raw/source_trials/p03_l200_base_t002.tsv.gz,2821,56dac7e3e98a13a6d4d68316d3564d40862e48e5fa153aca071f3ba81407a0a6
data/raw/source_trials/p03_l200_base_t003.tsv.gz,2599,54eff32b77dcb30e8b4f592d335b5ddd6b75d386036bf09d02128c0f2ba6ec99
data/raw/source_trials/p03_l200_base_t004.tsv.gz,2255,66e3f863b123d7963712833be39fe4390db401937722222de31aa5c4af7771ef
data/raw/source_trials/p03_l200_base_t005.tsv.gz,2337,e2c48f8e2db4437de8b4b3ba6787194f4f3465ba52be56a037a8234ebea1cd64
data/raw/source_trials/p03_l200_base_t006.tsv.gz,2993,4ac5ff52a0865d3e97a9d9123acd5a2c512b83140c2fa042305fcf2a1bb9b0de
data/raw/source_trials/p03_l200_base_t007.tsv.gz,2511,80b1a8a24f7d00558a7018e6b217665614fc10203f673ac1255634bfa2a9d67a
data/raw/source_trials/p03_l200_base_t008.tsv.gz,2719,bcc6e94b8ae79fba523e249fab1a14cfe19d55dbb040de81c7a3f1a1bbc65b4d
data/raw/source_trials/p03_l200_base_t009.tsv.gz,2277,f0797a45ec697860f3a02498bbf480fa98b3140b205e9f35f03b89b90444f21c
data/raw/source_trials/p03_l200_base_t010.tsv.gz,2388,9ca0a52997bd9dbdec4a222afb2eda12eca9d55cc4d62686def7157f599fb420
data/raw/source_trials/p03_l200_base_t011.tsv.gz,2456,b0aeef160539ff521da8385f987c16541258a33d0f4c5843d7fe0df26f72fe3a
data/raw/source_trials/p03_l200_base_t012.tsv.gz,2839,e28954715a36c8a1f477b37b343064349c152fb351f9b74525be3d731194855f
data/raw/source_trials/p03_l200_base_t013.tsv.gz,2354,525bbbd49ccc96e2e486096242d13394572dda39ece6a2a68d628b9b6f1bb998
data/raw/source_trials/p03_l200_base_t014.tsv.gz,2946,5122cd3a45aea226f477b339ee2f3c860b6b31f1dc981f2fd3b6b24d0823d9db
data/raw/source_trials/p03_l200_base_t015.tsv.gz,2716,ad1d7a5fe123e3a867e6374809af016928cec994279d988ee025a005be04f22e
data/raw/source_trials/p03_l200_flanker_t000.tsv.gz,2643,4e35d2944423083fcdc33404f403ae016a3d68fdbf3fcd0f5abb017c4970fb6a
data/raw/source_trials/p03_l200_flanker_t001.tsv.gz,2540,86e7d62ec51c250f96c1daae643abf7ac74becc4bdf39c1fc725e0c0ea762d96
data/raw/source_trials/p03_l200_flanker_t002.tsv.gz,2660,ec4ff0be9cb23913a3b2dd053122ae42397a3644e4be28d948c82ac3225d27e6
data/raw/source_trials/p03_l200_flanker_t003.tsv.gz,2663,cc7dab9a385d83415f77349b326e256e1bcac00b2e78aea22c2530ab95957ba6
data/raw/source_trials/p03_l200_flanker_t004.tsv.gz,3054,5cd1a0d18df17758e61dd438e4da07af78a6b7f104f13de5769504f2f7dd38d2
data/raw/source_trials/p03_l200_flanker_t005.tsv.gz,2277,5cb9f7b44f3f1bbb08ca99079f129f4ccaff910feb406fd678d87f9f0b6a8557
data/raw/source_trials/p03_l200_flanker_t006.tsv.gz,3014,41c2b5310afcaefe0ed66c5ace076e664924cdbe43e9137e17225785dde3c4a0
data/raw/source_trials/p03_l200_flanker_t007.tsv.gz,2990,b70c55acb8770239ce4c63ec13b89b500c3a9c468aed470b2f3ada588499e659
data/raw/source_trials/p03_l200_flanker_t008.tsv.gz,2849,0ee7bad37be1f27deaf3aa777767af1370d629bd92e4f795d00609524b372963
data/raw/source_trials/p03_l200_flanker_t009.tsv.gz,2843,cd01bd34bc02ec5297a49d41b78ea3d30df0cd017df252418817691115eb5835
data/raw/source_trials/p03_l200_flanker_t010.tsv.gz,2568,222a33cec5681c7cd8405e384dea4cab17976b3ac997c65c39116b31284e1d4a
data/raw/source_trials/p03_l200_flanker_t011.tsv.gz,2305,39ac9e807aaaa53ec4bf74e89a5e81c84bc365c10693bce844a821156d53912e
data/raw/source_trials/p03_l200_flanker_t012.tsv.gz,2703,458d3e20e2969d79a48d2daab5df8eec750da1c3139b522b086f1f87335aa24b
data/raw/source_trials/p03_l200_flanker_t013.tsv.gz,2904,297f536ce3dfcd4b564aada6ae504c5fd18e33c26e10180ea96a2323827c2aa7
data/raw/source_trials/p03_l200_flanker_t014.tsv.gz,2603,407a36b1b585a1389fccb864c06fd4647cb44d111d7265c30e128323d0cd39a7
data/raw/source_trials/p03_l200_flanker_t015.tsv.gz,2669,436c32c7e2b46a9c04089882ddd8d5deabaa786cd4c553b755d71f08dcac66c5
data/raw/source_trials/p04_l010_base_t000.tsv.gz,2317,d83b8483c900c8f990f51e24fb41c0ce8e4bbabf0b14101c658302b19d573b90
data/raw/source_trials/p04_l010_base_t001.tsv.gz,2029,a938d15fec138c4167bd118582f8527b98cf1b3c6a49ab3e23378f479ae9bd33
data/raw/source_trials/p04_l010_base_t002.tsv.gz,2390,9761f3aaa255cb56db558d99e23bad07581a301a92000d986666956deff38f1d
data/raw/source_trials/p04_l010_base_t003.tsv.gz,2094,73eed1b8b74e0b35dd45c4043a0c456ff6e01d15025714542c8d5d885a405c20
data/raw/source_trials/p04_l010_base_t004.tsv.gz,2226,ef8b8397ce00cae730cffd2b7872ffb73a5d59ae33ef0d5a6e9fd9bc7dc82d71
data/raw/source_trials/p04_l010_base_t005.tsv.gz,1908,fa84c7fe37da2857a6d51127185b4d9b444bc97d0e2ae341308c01d0426b92ce
data/raw/source_trials/p04_l010_base_t006.tsv.gz,1995,251ee7b02447bcc439c3bad7878fad1fddfd640aecf708265e48a7b9514946f2
data/raw/source_trials/p04_l010_base_t007.tsv.gz,2145,588722f0fc51f94ace9a950816d6bd10afe76ad6ec9766c9757b2dbd9bc97cac
data/raw/source_trials/p04_l010_base_t008.tsv.gz,2189,14bcdc9438b40aba79f90913a4fa8e000e15757fe816c26cfb6c2d915a036201
data/raw/source_trials/p04_l010_base_t009.tsv.gz,2081,e7e0667e250b3773989d425e21926049312eafb71f6f20e10d9677771fe24fd3
data/raw/source_trials/p04_l010_base_t010.tsv.gz,2389,d3b76990264892a6e6ea67dbd14b04a384eacfc7e49a1acada8b50b126921bea
data/raw/source_trials/p04_l010_base_t011.tsv.gz,2199,f832ca32aafa60ffb044e306b7e39fb04d977b74412bde997f8b76d5498a393f
data/raw/source_trials/p04_l010_base_t012.tsv.gz,2231,b71214ddd6908584c6244b154fcb857242c3c0398af1d09c512f379a5c9e10e9
data/raw/source_trials/p04_l010_base_t013.tsv.gz,2215,6c290492c9ea4c018cb4d3559e7f689f8cbc8b1e3f7bb8729229ecf920d63b46
data/raw/source_trials/p04_l010_base_t014.tsv.gz,1725,1aaa6aa1fadb26e7b9cfeab24dfec1e9df5215a2756070bc90764a76bb78ddee
data/raw/source_trials/p04_l010_base_t015.tsv.gz,2059,95d5aeddeebdb5124aaa73d8b3a932dfb01dbd678083f6b37b86673a7d8f63c6
data/raw/source_trials/p04_l010_flanker_t000.tsv.gz,2530,e6ab08d1c28a550794da6b77d5518a49954a473f98d3a952bd7a396f1c02cd7d
data/raw/source_trials/p04_l010_flanker_t001.tsv.gz,2131,bc8d1d337124e88c2990947b5eb06c04b8bd820984c7325d45d4c87a1d9bd1e1
data/raw/source_trials/p04_l010_flanker_t002.tsv.gz,2461,6526b2c76b8c55cbe74e940cce3ca713e6bd724d58336c84ac57a8e6f68d1f0e
data/raw/source_trials/p04_l010_flanker_t003.tsv.gz,2322,de1cb65e0497d1005bd54037ea29af3c1e19587c8e725feb77aad25d9bab204d
data/raw/source_trials/p04_l010_flanker_t004.tsv.gz,2166,f404cfd5c95cef068911da6b63277e6d5c4db28c918938727657c67de2fc81c7
data/raw/source_trials/p04_l010_flanker_t005.tsv.gz,1728,958ea0f0c3c4fec951713e85f739bfe1f7515553d1f2662c3b5c491838d8c216
data/raw/source_trials/p04_l010_flanker_t006.tsv.gz,1739,df18ea024894be0239f021e575d25da99e9c48671d57bef91dbe745506efbedd
data/raw/source_trials/p04_l010_flanker_t007.tsv.gz,2091,694fabd14c1c46c949032f43b661303d68cf2f34fa0d908c21d69504141aaf08
data/raw/source_trials/p04_l010_flanker_t008.tsv.gz,2084,5a6ae779a81b83201381c4a105af0a3d9142876a1912e65c5e872a08f2eca044
data/raw/source_trials/p04_l010_flanker_t009.tsv.gz,2312,77fd115dd10adae006263790fbbcfeff1aba4f70705cf13f461da9d48d21661d
data/raw/source_trials/p04_l010_flanker_t010.tsv.gz,2118,125fdcbb965c2e813012f3d68859f7b3fb43af7597353e8b1294970be9405185
data/raw/source_trials/p04_l010_flanker_t011.tsv.gz,2113,1c6fe5239ff169f3fe863371537034da51aa4c53ca0efbcab830dc3dfd632d2b
data/raw/source_trials/p04_l010_flanker_t012.tsv.gz,2288,d955454066c63ab5bf1492be7df9b60280c6c37546d4a72cc03ed57342c03a19
data/raw/source_trials/p04_l010_flanker_t013.tsv.gz,1678,d944b2e52e1e2cefa33015ccf5e21c69efa85e01ff4ead666e8a901f6226dcd9
data/raw/source_trials/p04_l010_flanker_t014.tsv.gz,1962,438a5c16ca0672080a535939b3d1a1b3eb0612240891f833a8277297f72065a5
data/raw/source_trials/p04_l010_flanker_t015.tsv.gz,2066,5ba4aa939f9e5decb7eb12e14669a388a5a469d2113e2f3881227dcb27712619
data/raw/source_trials/p04_l049_base_t000.tsv.gz,2151,6a39a717aba138a2a5ca60ec3606ba595b7b871f661a1426d1baaf825ceae841
data/raw/source_trials/p04_l049_base_t001.tsv.gz,2110,98263009fb8c2d8a1be0d8d2adeff08e8782895a543e290de04260ce80517643
data/raw/source_trials/p04_l049_base_t002.tsv.gz,1969,daa66f78a874ca8e9c6a2db7f28ccbb1b1c14b1788f9e8d48d1fdd86cc6ead07
data/raw/source_trials/p04_l049_base_t003.tsv.gz,2126,f889be4958184d96f1ceb65029a517a8c08de01036ce775896723ec0e8485e2a
data/raw/source_trials/p04_l049_base_t004.tsv.gz,1812,c61b93a14584d26e1247a84e90046ceebef4805f1bd64c8dcb220110d6ef1ed9
data/raw/source_trials/p04_l049_base_t005.tsv.gz,2497,820d633873ad1b0f1f73bc8f70940b6b056f25d4013311ce7f135d860f13bc82
data/raw/source_trials/p04_l049_base_t006.tsv.gz,2475,f70a4e002b761321cd28cefa9162db42ca3f78f9a106462a2af819b878ae8845
data/raw/source_trials/p04_l049_base_t007.tsv.gz,1894,569003f1b06934794ded18ffb8d6bc68a807b7e1d005c7042c4888a0cdcf0135
data/raw/source_trials/p04_l049_base_t008.tsv.gz,2063,d3f3abf1c337d43e2a2541a7b5eab7f4ef9355cb9549b0a6f5dd1be98bd9c991
data/raw/source_trials/p04_l049_base_t009.tsv.gz,2215,7b89b7536565551eb701df0719c74e48fd2cbb3308e1594931fe1902ec8d914d
data/raw/source_trials/p04_l049_base_t010.tsv.gz,2109,7db5e8d9256dd0a6bbf97399ccd051c5dbee5622b2d6ad6a77273ee41eff1d21
data/raw/source_trials/p04_l049_base_t011.tsv.gz,2100,efc0e2e0217eecd840133bcc11248ae827d211ab99fb88e26828216d2d971906
data/raw/source_trials/p04_l049_base_t012.tsv.gz,2443,b00529bfae473e6ed4bdba5f50662e9de1b24b978862bdb4d48335e42d6babe9
data/raw/source_trials/p04_l049_base_t013.tsv.gz,2353,0360bad8f03f40924d17f889cccc1c6d6efbdbe499a9f75d0aef079180a18b94
data/raw/source_trials/p04_l049_base_t014.tsv.gz,2167,8407a80862268fececaa8a58338b227b5d1f717fa1fc7bbc08d05105b8b659ee
data/raw/source_trials/p04_l049_base_t015.tsv.gz,1945,f514e9635b0eafc505ed23579f2c5dc5e544688f4d2d8567eda8ba1d1f847772
data/raw/source_trials/p04_l049_flanker_t000.tsv.gz,2046,67df7c8949ddd8e5bdda6c004c5fc8228970c124f7bf0e25946f3f36b9ede0a0
data/raw/source_trials/p04_l049_flanker_t001.tsv.gz,2160,034587b217dc2c20ceeec55d1e09f9e0a11dfea50d919f4bb2069953e8d6086c
data/raw/source_trials/p04_l049_flanker_t002.tsv.gz,2326,82402368243c88e2b6570c510c3ebc97e4882ca9134f23da887c597681a6573c
data/raw/source_trials/p04_l049_flanker_t003.tsv.gz,2535,39918415092760895e99ec8499a46804a5964e0789cdd39a4c8a09d488bfd749
data/raw/source_trials/p04_l049_flanker_t004.tsv.gz,1709,6404b0a719f2d739d62d64bc3975492938b7f989e147a7736de4867c8f29e997
data/raw/source_trials/p04_l049_flanker_t005.tsv.gz,2453,7a96c16e1af3196f0f6ceda046b3dcf8d3a5ac67b69708bb943d71dff13641d1
data/raw/source_trials/p04_l049_flanker_t006.tsv.gz,2123,92a0320b26a4a737c03f4c6f21e7603a7259358064bc34e93d695c127ef56d24
data/raw/source_trials/p04_l049_flanker_t007.tsv.gz,1796,4a540e28c75cecbc8f1b7c8032d034b81abf5f914ea8a92363c157ce6646578e
data/raw/source_trials/p04_l049_flanker_t008.tsv.gz,2309,17f73fccfd3315ffa54ad2728a213eefafa1caeef37a08db42c30d55ef89d17b
data/raw/source_trials/p04_l049_flanker_t009.tsv.gz,2245,57170fbe9eb4e5dd470989768abcc0708a20bad3d3f7cba019c41b51336a195a
data/raw/source_trials/p04_l049_flanker_t010.tsv.gz,2547,0790626db73402842ce5074c988ac045f88058d4f9b8e590b4e910490789cbd1
data/raw/source_trials/p04_l049_flanker_t011.tsv.gz,2287,4ed8afe5838df44be4deadec41a93c8fbfb1c013cac4c8c3dc21605d41916110
data/raw/source_trials/p04_l049_flanker_t012.tsv.gz,2145,1db3a6c030f9986fb83cb1275531d33a093f5747f63458187a781ec089c6fe09
data/raw/source_trials/p04_l049_flanker_t013.tsv.gz,2123,4c58598aef4aba21272f45524945f39bb7de8d3a4d2a81076fa0a128b1222641
data/raw/source_trials/p04_l049_flanker_t014.tsv.gz,2442,fc6f075abab591b64c6240a9bad1ed649c1ce4d87516bc7fb007f11e66a9d177
data/raw/source_trials/p04_l049_flanker_t015.tsv.gz,2161,c4e2de945273d94794d30a9f1acfaa7ac7448573b4a14d56d0bc85f6a9663cc2
data/raw/source_trials/p04_l100_base_t000.tsv.gz,2926,b4100696f76702e81d9b27c3dd55e920c0a72f67f7ac03f39ed7a54d132c5e31
data/raw/source_trials/p04_l100_base_t001.tsv.gz,2814,ea93d4f137c88079de574c2a8500dd142d2f8264559f38dc004d73fd754b24df
data/raw/source_trials/p04_l100_base_t002.tsv.gz,2925,df854fbd1d77ead46b14333f95c7ffe6674104f1f1f557c7ccee0af6b8810949
data/raw/source_trials/p04_l100_base_t003.tsv.gz,2433,5cfd0fc9b17ec2f1a22666bc8b3ce5d8dab5b383256f141a597fdc9d012dcb1f
data/raw/source_trials/p04_l100_base_t004.tsv.gz,3102,fd1c94160cc42b655d2a994fb587cb924131a306709a800450de15cab58910d8
data/raw/source_trials/p04_l100_base_t005.tsv.gz,2559,73da2b7ebabf67851285df4c96f181cb5d654bfdfbd339999ffeabfd992ca432
data/raw/source_trials/p04_l100_base_t006.tsv.gz,2965,9d29376a7d8be9be52fd38e48fe48b507c6c77d2505115e9348989f3b8377fc7
data/raw/source_trials/p04_l100_base_t007.tsv.gz,2514,aa70684c833e60b3f9d86e9ca7def7ddba1c35fdf1073c343e30125dc5a427f4
data/raw/source_trials/p04_l100_base_t008.tsv.gz,2975,2ff8d5c2f937a796771f666a4d702d2f80d851d16f7025f847fc4cc5c1b6503e
data/raw/source_trials/p04_l100_base_t009.tsv.gz,2748,0ea3316a83435ca96bfbefd168ae9bc8a777cb60f405da222e8a732e6c1f2f62
data/raw/source_trials/p04_l100_base_t010.tsv.gz,2538,210e7cf3ad585a4fc8be20651989238b02c17e4004139e30f0c2ff54afea6452
data/raw/source_trials/p04_l100_base_t011.tsv.gz,2590,eebf724b6f9bf3f607e1397356e88f4e449a5e0c0870f4468a4d45951dfc99b0
data/raw/source_trials/p04_l100_base_t012.tsv.gz,2825,4fc0420a321e0543876e3e4c8369e87af1f4931fd280904f073bb0a855159386
data/raw/source_trials/p04_l100_base_t013.tsv.gz,2515,cf1d91521362c9995e3b366924d69a22d08c296de024ed076b093fc70806e23d
data/raw/source_trials/p04_l100_base_t014.tsv.gz,2906,609e320a211450867ba2ee4fd52492acf4d9b6478d5a14c941fd1749cc0489ee
data/raw/source_trials/p04_l100_base_t015.tsv.gz,2995,c7f201acd88b8448f855de402b73587954b5b7cfc74abd0984b00ac22563d67f
data/raw/source_trials/p04_l100_flanker_t000.tsv.gz,2634,f545677d3c19124e1db6a5d4dc3451297686ee78f3bc2a76d39d135d9bc0a483
data/raw/source_trials/p04_l100_flanker_t001.tsv.gz,3022,51c7632433ad19b52de7b1d5926741be013ad86a6e3ccec7e48cc859257f9f06
data/raw/source_trials/p04_l100_flanker_t002.tsv.gz,2787,6e3bf1d67de4d30f84aba1d0baef7862c02a9c5c54df4d381a9cf45313e87740
data/raw/source_trials/p04_l100_flanker_t003.tsv.gz,2899,bbcb7f8dac8576c7a44c798625af8d54c6e0798988122200dc0e6a075a173cf3
data/raw/source_trials/p04_l100_flanker_t004.tsv.gz,2716,a4758bbbc327eb13e78007713d9d8428d3c79e3956717e89082c080c678ad9fd
data/raw/source_trials/p04_l100_flanker_t005.tsv.gz,2622,2fa422df15cbc66e4a5c62111b0089796518b0e2b3d12faa0306570c4dbe92a9
data/raw/source_trials/p04_l100_flanker_t006.tsv.gz,3109,21e51e2d04b05a52c90e2fb9b44b2bc1df155bda8eb56594bad84204e109fcc2
data/raw/source_trials/p04_l100_flanker_t007.tsv.gz,3028,dfb0f564fdf28eadb9ad81675b15833f58c583995eb664fb1fc628cdc320892e
data/raw/source_trials/p04_l100_flanker_t008.tsv.gz,2995,89467ced205711c337bcd35af4107e897b6e13846eb67028fb332a7a06c6c8d7
data/raw/source_trials/p04_l100_flanker_t009.tsv.gz,2794,25e80ce1f7b8666c984eff4297a469747b95c110c3a3ef1a5e28df72eee0747b
data/raw/source_trials/p04_l100_flanker_t010.tsv.gz,3031,69590b49698ee9402415f6db3c8e723b7899ac3fed277c40b1d5fef59a251238
data/raw/source_trials/p04_l100_flanker_t011.tsv.gz,2707,057bd9d77ac0d89fd23f6d92e182658c7b2bde8b1bd8a711f01c135328e5de6f
data/raw/source_trials/p04_l100_flanker_t012.tsv.gz,2918,c2ebd4a3a2d9e01880295f1750cfb0b551b16584ea8abf262d96f21b0f7b4991
data/raw/source_trials/p04_l100_flanker_t013.tsv.gz,2675,ec4f80337636798294214afb5ea565b0ea57703388cb51e69e7050974f3d7169
data/raw/source_trials/p04_l100_flanker_t014.tsv.gz,2519,9de3df681da41d1ff7557d4dcecf201a215d43aefe510c68466710730e528aa5
data/raw/source_trials/p04_l100_flanker_t015.tsv.gz,2406,05c5224d97c9fd726db64f1bc4fcb281d34b4bef009b4ecec99c82798413141b
data/raw/source_trials/p04_l200_base_t000.tsv.gz,2816,d42087eddda7880735aced2774e770e6878bf503df23545804f22bef6e79ab76
data/raw/source_trials/p04_l200_base_t001.tsv.gz,2932,bbdad40d93982427fd92dba89ca510292345f8720dc82711888f40c6381a0985
data/raw/source_trials/p04_l200_base_t002.tsv.gz,3165,8b0d598fa4fd9e0e4be3db6211e7d601f0f374190439517db2989eb52210962c
data/raw/source_trials/p04_l200_base_t003.tsv.gz,2477,645dfbea264d876638b02f1deb73bb1f8a3cc9f0eff8f0afeb23827a79b81f0a
data/raw/source_trials/p04_l200_base_t004.tsv.gz,2627,e386f3cf3884edad6b8ae3af8be5061e550f3ad8ad1bbe134b9e8cc7cdbcaf42
data/raw/source_trials/p04_l200_base_t005.tsv.gz,2714,b15494b5906c27697f3eeae6fd598e54ce304d6f2ba61357d384f988248773e0
data/raw/source_trials/p04_l200_base_t006.tsv.gz,2920,728f7ad6b16f02a3ca79ae9f7ec28a0bf430c0cea7da9b3bc214739eb9cd846d
data/raw/source_trials/p04_l200_base_t007.tsv.gz,2694,de9aa367eba5513a124a421780e88f595e71e238e7448a5534394f1e4ca93ee2
data/raw/source_trials/p04_l200_base_t008.tsv.gz,2579,e9d38a193c78566134e68960fec6f1479066ce1ea93d62f011930fb5373e9d04
data/raw/source_trials/p04_l200_base_t009.tsv.gz,2705,8cf22d542f0a5750ddb38d3848a271e1ea045df5b559874845d116436bb7e31c
data/raw/source_trials/p04_l200_base_t010.tsv.gz,3224,35ab0cd58024f203626f1338f14bb7148113dcbda657315738424fac94d5d65c
data/raw/source_trials/p04_l200_base_t011.tsv.gz,2766,f43b8a981d16404989698bcf8196291509213310ce3b30eb0e150ec15a6362f7
data/raw/source_trials/p04_l200_base_t012.tsv.gz,2746,1fcc38be2dd20460c4150538e48e8f99d52f08f217f2f74ab239e9226d0a357d
data/raw/source_trials/p04_l200_base_t013.tsv.gz,3192,ec7c83facff45ef7c6e205a2f6413adbb269a51332398bef5186307efd41e9c9
data/raw/source_trials/p04_l200_base_t014.tsv.gz,2632,bd82222265707ebee8d80059982e12913a51ccec34ba53d278b27a2415f7bb94
data/raw/source_trials/p04_l200_base_t015.tsv.gz,2630,73f3b631afe9e7392a1606b01c76f7702ced939d8907207465845cfc807e06a6
data/raw/source_trials/p04_l200_flanker_t000.tsv.gz,2853,d7eadfb24c58516e5d8308f15a73cc7bf14a33de973a5e1aa366d9c3400ce88d
data/raw/source_trials/p04_l200_flanker_t001.tsv.gz,2564,b2012bd36118ce488f985934a322a87a666fa225cd16b570c31ce7b47853ced1
data/raw/source_trials/p04_l200_flanker_t002.tsv.gz,2993,7d030b4fc1eb727aaabdaab63e6f60c7e2f3015485b1434e15af4029b03c2078
data/raw/source_trials/p04_l200_flanker_t003.tsv.gz,2687,fab6ade677ab35c22c3bb35ddd1ab6b5f3ef95e837545902937eb44af366fb60
data/raw/source_trials/p04_l200_flanker_t004.tsv.gz,3228,1217fbf0361cbe2d701dfd3ff8f712f8af87dc2aca38ebaa5b92cc1cc82d72e4
data/raw/source_trials/p04_l200_flanker_t005.tsv.gz,2489,7a011249c38555490d217a639c251d47e2cc6fd76974aaef0b64c8eff9312703
data/raw/source_trials/p04_l200_flanker_t006.tsv.gz,2579,903391802991d44c7e8a2eedd786b29c6de52ee9c4758387a96524eab99374cb
data/raw/source_trials/p04_l200_flanker_t007.tsv.gz,2909,082b21e74dde287c5a7e0e3eb07cd2c55ec1addab2f57283faa1af49c050577f
data/raw/source_trials/p04_l200_flanker_t008.tsv.gz,3191,b2c6aba94c519dc583d7f4ec33f6d44a0ab752754e318d8eb778e7f8a690bcec
data/raw/source_trials/p04_l200_flanker_t009.tsv.gz,2745,ed0ac0d2334c964c2dd324bda2c45592178ec76661202b96f2ce95a76f9122b9
data/raw/source_trials/p04_l200_flanker_t010.tsv.gz,2802,8975a81d2b8ca6902e859bc777130bb28d891c0a11e0ad2afa480255fe5e03d5
data/raw/source_trials/p04_l200_flanker_t011.tsv.gz,2875,834dde0a44df53e71465caca396e6b9324ad3a0f7b78fec5ec2d432b92d5e41c
data/raw/source_trials/p04_l200_flanker_t012.tsv.gz,2760,7616bbace35fd43056e39901dfa17e75de21e0c8b27736ff8bac58db5462ce6d
data/raw/source_trials/p04_l200_flanker_t013.tsv.gz,2820,43063df9b88f0e94fa5b3ad4a05a401afff07e04adc3c53598e3d5b8770b2fe0
data/raw/source_trials/p04_l200_flanker_t014.tsv.gz,2900,96f165ecdbe9de6c472fd9455487254b38a4a015deb206582b388cb3262980d3
data/raw/source_trials/p04_l200_flanker_t015.tsv.gz,2676,93cd143f0a99f999c8f4db529d34ab975877b9c94a752e29349d4e369de9da46
data/raw/source_trials/p04_l200_flanker_t016.tsv.gz,2663,175504552ed03d3ed0e3c8f7d73527c5a42dbb0dee15eba69d25d64f18f8567d
data/raw/stimulus_metadata.csv,2268379,6f033e21a697920287faf8bd85a62193dfa2daefaeb0c90b412675f048514ba0
data/raw/trial_files.csv,53760,453e921c50a42f9638c0649fe8c490682990b6179cc914121ff962166e10e0d5
data/source/baseline_profiles/p01_l010_profile.tsv.gz,239,3f20848f5e7b8b870d4a558c7f03f3b26d703903965128727d08bf10ca15ba01
data/source/baseline_profiles/p01_l010_spread.tsv.gz,227,58dfbd232025ac15d36b15852204bdf4c161ce4cab497a5b30b81f9fbd373b4d
data/source/baseline_profiles/p01_l020_profile.tsv.gz,196,6cbab97138296095054865f268b4dd640f9064d4ee973ba702a5fc4c41b4f2c5
data/source/baseline_profiles/p01_l020_spread.tsv.gz,189,3648f0cb52adb436fd80949bec4566e76af117dc21c78f6e58b44e1bbd9505cd
data/source/baseline_profiles/p01_l025_profile.tsv.gz,243,c020efb2ffba3aeab7fca1ea8f22d6d2a41e2e76c7257488596399281557d3b5
data/source/baseline_profiles/p01_l025_spread.tsv.gz,241,43fdc7f636072767c6df659bda3cc64540a9399d10643fcd229c6982e0142a8a
data/source/baseline_profiles/p01_l050_profile.tsv.gz,393,a50c56108562465801726680b63a92e2498dbae4316607025dddf02467df416e
data/source/baseline_profiles/p01_l050_spread.tsv.gz,384,3a4f6fe7b5cb7ea46499a3705d90dd453458d2f9ab39c579bfb89a0b23d7c198
data/source/baseline_profiles/p01_l200_profile.tsv.gz,327,466f6c2dbccb5ae6146da4d15d478297e2254270f2b1f15861728308f3fe2392
data/source/baseline_profiles/p01_l200_spread.tsv.gz,314,e7246914be1730a3ce41caaf746636e15b059f4640feda255c2f40f016285de4
data/source/baseline_profiles/p02_l010_profile.tsv.gz,194,462ab2c13c71470d98840d580ee09a9b3eb8c53f9fe7842ec7e4c6da2fd74091
data/source/baseline_profiles/p02_l010_spread.tsv.gz,187,ea03f8636904293829f2e85ca9c66593a355ef5c4d69dd02a86d456f812258ac
data/source/baseline_profiles/p02_l026_profile.tsv.gz,242,aff9db08a463f0c9043e60f5751c4245c3d8f30748b8b7410b618e612d214f1d
data/source/baseline_profiles/p02_l026_spread.tsv.gz,236,3946f009a7d14921305ae738111dfac5ba50cd8e0b7138afc8a65b27a4738273
data/source/baseline_profiles/p02_l049_profile.tsv.gz,285,b672dfec438382261b6340f0abe2d8276029b5e6ac27dbc5d234522f85ca9fa4
data/source/baseline_profiles/p02_l049_spread.tsv.gz,281,3cc76a6061713bed5e0a5d491d1ae486f2a8db6986f5e78bccbb2a46b5aae2c6
data/source/baseline_profiles/p02_l100_profile.tsv.gz,294,5dbc36855ef13ea0fa8e0a09b866fe2691fb7f933a4faf1db3b9708bc71f0ac6
data/source/baseline_profiles/p02_l100_spread.tsv.gz,287,ef3cbe0235640746f76f4be88b99308a723d3bbeb9f26dba9678e51f48e2d0e1
data/source/baseline_profiles/p03_l010_profile.tsv.gz,246,bad464620ddf029b227e1a9c3ce047750f7213506fc07bd7403bc55453ea0492
data/source/baseline_profiles/p03_l010_spread.tsv.gz,236,695b1126991eeeacd72714cf074d516801a563268cbc95a2a226449399629f90
data/source/baseline_profiles/p03_l049_profile.tsv.gz,248,2a71725f4806c85fd88b7ac494308f430057222390085c06a96163b6dfacc670
data/source/baseline_profiles/p03_l049_spread.tsv.gz,235,03058d3111d4f895742fd64bfeaab1099d2b3c6491e22f19865260da61eacc07
data/source/baseline_profiles/p03_l100_profile.tsv.gz,288,ff94b6933745a566bf9419e658d0c1c3b78efec38fde875ccf19f8feb54251b5
data/source/baseline_profiles/p03_l100_spread.tsv.gz,279,987a1ac5d8fe18ec922d97abc6fef9a26001df71f80b184c1da5f0de29e9eb65
data/source/baseline_profiles/p03_l200_profile.tsv.gz,291,e20d25cffe7c55ac0db47fcb5092b2759fae8de60b8974b86bb835c68cd47b3f
data/source/baseline_profiles/p03_l200_spread.tsv.gz,289,21bcee2eabba94c9c4102889bbf253d5559126b21305cbaf1c30d88770c8dcb7
data/source/baseline_profiles/p04_l010_profile.tsv.gz,242,f9dfa575e3a2b4a0e4d477f1654aa2c0bea8140de209e88464f880f0eb59dd2d
data/source/baseline_profiles/p04_l010_spread.tsv.gz,238,76cfd28d9c363b61da9296fcbb642b0cb32acc391f654297804c0d4c36f4e085
data/source/baseline_profiles/p04_l049_profile.tsv.gz,241,95832aa52e7fb849a07958abc208670e46cab73457f1b87c97c5f3dbdae6626a
data/source/baseline_profiles/p04_l049_spread.tsv.gz,239,5914c1d9efe10e189f645f3f724bc34ccb2ef13b73a7e457057e33c890eaa22c
data/source/baseline_profiles/p04_l100_profile.tsv.gz,293,15274e07c9c1ffacb7499df5786edfc22f2b4b821f09be0ab728982f71a0ccb1
data/source/baseline_profiles/p04_l100_spread.tsv.gz,281,64977bccb012a1736e6b253cb53806da9525cb5bc39c384af6e5287b3935809c
data/source/baseline_profiles/p04_l200_profile.tsv.gz,292,1346a0c3a33bb5a15596a27c1ec716b2f47944cd556c1d88ee5d070707bf26c4
data/source/baseline_profiles/p04_l200_spread.tsv.gz,282,4ab652665901a15cb444c3f2c6042865cfa4e8cb4c57e2608c6e2f67d65d2140
data/source/example_inputs/p01_l010_00000_profile.tsv.gz,239,3f20848f5e7b8b870d4a558c7f03f3b26d703903965128727d08bf10ca15ba01
data/source/example_inputs/p01_l010_00000_spread.tsv.gz,227,58dfbd232025ac15d36b15852204bdf4c161ce4cab497a5b30b81f9fbd373b4d
data/source/example_inputs/p01_l010_00001_profile.tsv.gz,241,b44823e861ff68d09a2636e01c4341685f6a85149d4da7677d9232f2d799bcb9
data/source/example_inputs/p01_l010_00001_spread.tsv.gz,230,3b01d321895dcaf64e5daf1dbfc26663b6c4832fd9c4753925c0f700e3cb67fc
data/source/example_inputs/p01_l010_01234_profile.tsv.gz,238,cf7d8c1a8d9868c2477edc69eda47b2f18f64e733851dabd31157e4c53128fa5
data/source/example_inputs/p01_l010_01234_spread.tsv.gz,232,f57b5dfb63fe5b078c66451bb81adceb3fa3663e84358924b346dfd57db4df9f
data/source/example_inputs/p01_l010_09484_profile.tsv.gz,238,b2e963be07ba833ba7e73ae1429cf00adae14b7de8864223381879c89cf0450f
data/source/example_inputs/p01_l010_09484_spread.tsv.gz,227,f99e8a83f2871f3d55043fbe6319a3e31e55874d019f1d61ce2bba1e5d1e2212
data/source/example_inputs/p01_l010_12165_profile.tsv.gz,241,61669b531b05fe25f9b76af63fe65f54d01f32bc853a08aba4c84a4fbb176e5d
data/source/example_inputs/p01_l010_12165_spread.tsv.gz,227,73a792215aa455b9d2ea29e80858e987f2ceb913fd68656223891f9d699e16ac
data/source/example_inputs/p01_l010_25000_profile.tsv.gz,238,234d1f89c55fa49f6fe9f7dfafa7091858d3b595403aa0194dac07f4cea2966b
data/source/example_inputs/p01_l010_25000_spread.tsv.gz,231,6e3f3cc294a64c8e4efdfcfb5036f8ebe47b9307de2ff1bde3896fab2627b545
data/source/example_inputs/p01_l010_29769_profile.tsv.gz,240,8fb290dfaf306e59fcb7ce33f42ec4920ce5cec5e15567e13301a22119a9296b
data/source/example_inputs/p01_l010_29769_spread.tsv.gz,230,053a8d06c76cf8e62794bea6415193c82c81ba4269361fb87a433615a7e9f69b
data/source/example_inputs/p01_l010_32782_profile.tsv.gz,244,cc1ff83def0de2283d5785e1c01c6213e6848c52342b11d92d69baa631984825
data/source/example_inputs/p01_l010_32782_spread.tsv.gz,231,6731d550ac13d6cd51b71c55c8693bfe97d50a8367ccb5d1844322687f715b93
data/source/example_inputs/p01_l010_49999_profile.tsv.gz,237,ea6a03efb27b5a3e8dc030463dcd7f8ece5c1b7a92abf89cbee2ec21cf92ee55
data/source/example_inputs/p01_l010_49999_spread.tsv.gz,232,d4eb4e5e5270137854d57ccb150f1ae6ead2c7bd1a75adf3707e5711b2edceaf
data/source/example_inputs/p01_l020_00000_profile.tsv.gz,196,6cbab97138296095054865f268b4dd640f9064d4ee973ba702a5fc4c41b4f2c5
data/source/example_inputs/p01_l020_00000_spread.tsv.gz,189,3648f0cb52adb436fd80949bec4566e76af117dc21c78f6e58b44e1bbd9505cd
data/source/example_inputs/p01_l020_00001_profile.tsv.gz,194,e049bc3c3cfd63514ba62e70a7de8e740004b313c8a1cf817c9a8ccac2994e85
data/source/example_inputs/p01_l020_00001_spread.tsv.gz,185,97ec7ec1426195a814ad98b49e7f480ce52528a504dbb1f6ce4895412e5561ef
data/source/example_inputs/p01_l020_00055_profile.tsv.gz,194,f708fb4ee451b0dac99e73da723f7967cab6693c588c339c0ad6baf49a3402a3
data/source/example_inputs/p01_l020_00055_spread.tsv.gz,188,ee1fe35640a4342750181bfe0b37aab63dca0bb54a8b8003d299640b2e64046d
data/source/example_inputs/p01_l020_00280_profile.tsv.gz,196,b8b266a0f9ccceb338bfca74041a31d8e46a4ffc04195237c206a05dec2e669c
data/source/example_inputs/p01_l020_00280_spread.tsv.gz,190,078ec57dce758df5313e4380079e65eb8943dca52e0763e0ee93a6bdb8b455a5
data/source/example_inputs/p01_l020_01234_profile.tsv.gz,196,336be0c72e70e5eb12ff23ecc69679cb5471f2c7343ccd21dbe4657a3f038f38
data/source/example_inputs/p01_l020_01234_spread.tsv.gz,187,c47effd64b9c75596c4b33baf29c52b6760a20ec63b91904c4438048b9964ee4
data/source/example_inputs/p01_l020_25000_profile.tsv.gz,195,aa6c3fd968e85eecf8e3f144f9892ab48f9e65abc7f099dddfb475df4da71102
data/source/example_inputs/p01_l020_25000_spread.tsv.gz,190,a00f5d5dd1967fa08f7359aa69ce5ddd4b39001a082cb7b228652adb09677e44
data/source/example_inputs/p01_l020_49999_profile.tsv.gz,191,a99d8aefb2b7fda39cb5de7a70eb6495690960ae1e6bf692e5cce8cf6d34e6b3
data/source/example_inputs/p01_l020_49999_spread.tsv.gz,189,5e18664aae3b3a1b85f4fd1b9147a116f1005d3a6498f81986c2ad031ec7ab1d
data/source/example_inputs/p01_l025_00000_profile.tsv.gz,243,c020efb2ffba3aeab7fca1ea8f22d6d2a41e2e76c7257488596399281557d3b5
data/source/example_inputs/p01_l025_00000_spread.tsv.gz,241,43fdc7f636072767c6df659bda3cc64540a9399d10643fcd229c6982e0142a8a
data/source/example_inputs/p01_l025_00001_profile.tsv.gz,244,e3e0ce3a9cb0be59cf89685beab4474a0586490eddab84b8ff5dbd4c699b9b1d
data/source/example_inputs/p01_l025_00001_spread.tsv.gz,234,318f43ad4ca61f9e9bbd8e7a3fd466b8fb56851a1e518987f3abff519ae3c86d
data/source/example_inputs/p01_l025_01234_profile.tsv.gz,243,efc31ba2c4d880342c4efeb6d5d31fbd405fbdae4f6e662b9a29e0dc9eeeedb0
data/source/example_inputs/p01_l025_01234_spread.tsv.gz,234,379a2906fe0414efac4edcdd06dabfef3a06acd2c6ecadf31e93da02c50a941a
data/source/example_inputs/p01_l025_02786_profile.tsv.gz,243,5eabd7b1aa4873341de094cb37dad4f406869162bcdd3fb72b2e625bb9d65821
data/source/example_inputs/p01_l025_02786_spread.tsv.gz,230,b30bf557845d0c3e9fc827dd954cf796a1da2fedf318b34cef52710b41bff096
data/source/example_inputs/p01_l025_09115_profile.tsv.gz,240,a79937c0b8dbd5869ce4ee55184aea6e8827d4fc1b8e6eff2eaeb2dbfdb13609
data/source/example_inputs/p01_l025_09115_spread.tsv.gz,235,f3f497de44295f6692e4e80f5e5f9c125619728c2c1afb6cb46b26f797837897
data/source/example_inputs/p01_l025_25000_profile.tsv.gz,241,547c06cf69e008ec882c8422c40b04305e5dd6d16ce3f453a02a450cbb9c81b1
data/source/example_inputs/p01_l025_25000_spread.tsv.gz,237,8367b0c105348f53e8ed8ac2669a22f7e22222665629aa6ebe8e72c48c052d2e
data/source/example_inputs/p01_l025_27771_profile.tsv.gz,243,5268200db21a8bf3c65e986fec2380d7d230216db3e3225d7589b31f6abee6dd
data/source/example_inputs/p01_l025_27771_spread.tsv.gz,231,cdd5bbd42b18b50a48e944f4ca860869bd205430fc414a9869147180e4cc7575
data/source/example_inputs/p01_l025_49628_profile.tsv.gz,241,b656e4493e099e5c5f110ed78d5920128bb23e0be8a18e6ae08a6024e461e4f6
data/source/example_inputs/p01_l025_49628_spread.tsv.gz,233,e666b2e4c803bc576cdffcddadcfe1ae95654078d993295dacfcd5d2a725ebbe
data/source/example_inputs/p01_l025_49999_profile.tsv.gz,238,6873f95b78bca3f679eb94b7775dbe9698a5aac961c2e0bf5d3f9ea6463e4e25
data/source/example_inputs/p01_l025_49999_spread.tsv.gz,234,b426e78504478f1ec455eacf46afeaac3df86a21e719987592825334b89121ae
data/source/example_inputs/p01_l050_00000_profile.tsv.gz,393,a50c56108562465801726680b63a92e2498dbae4316607025dddf02467df416e
data/source/example_inputs/p01_l050_00000_spread.tsv.gz,384,3a4f6fe7b5cb7ea46499a3705d90dd453458d2f9ab39c579bfb89a0b23d7c198
data/source/example_inputs/p01_l050_00001_profile.tsv.gz,391,e97a66ad98ba2660479f708cf08d32df0794ba426d3c7acccbbf9e7dc51fe041
data/source/example_inputs/p01_l050_00001_spread.tsv.gz,377,ec6de04e2758fdfa7fe68e9b9865e58ca2c048d839593560c8bb3b63726ae28b
data/source/example_inputs/p01_l050_01234_profile.tsv.gz,391,31f4601d247784a451dec754d66aa0561fc6895c05414fa4941e626f0e5b8ca9
data/source/example_inputs/p01_l050_01234_spread.tsv.gz,384,68f6a4c0cd783dbf6e162af4bb6a3e587590ab89b6119b9265ef0b417327ed25
data/source/example_inputs/p01_l050_13601_profile.tsv.gz,393,56a06e6a6ef1b1dabd8ff272bd27aff52c388106c720ab5bc044c0286a8c1e27
data/source/example_inputs/p01_l050_13601_spread.tsv.gz,380,b87192242d8accd9bfaf02419a5f87f8abf9c9ca49c4b867e8468ccdd41913bc
data/source/example_inputs/p01_l050_25000_profile.tsv.gz,389,373e64261241e9bdc80da81f49c53519208df0f26cda26981f81383924cdd001
data/source/example_inputs/p01_l050_25000_spread.tsv.gz,379,03275889eb533581fbce021dd2a8dcbfb702b8cc4fa2ffa77e47610ca439d35b
data/source/example_inputs/p01_l050_30673_profile.tsv.gz,390,f89a8aef20c8a84e433e72bda3a70f5f70f3593f084827f46cd3b7fbbee7af64
data/source/example_inputs/p01_l050_30673_spread.tsv.gz,377,25b0df2d7e9c359859d742e2cf01ddf052e98b291b2a01ef8e9f0395d29239c4
data/source/example_inputs/p01_l050_49999_profile.tsv.gz,389,eb25e06295267ae580a0f1dbe8253e63886c6bbf8e2e7b0fad6affd3a021fb97
data/source/example_inputs/p01_l050_49999_spread.tsv.gz,382,935cec45b7dae00c3b7d36e7b4177c719c7f9ec8b10a4fb5354d1451c09a349c
data/source/example_inputs/p01_l200_00000_profile.tsv.gz,327,466f6c2dbccb5ae6146da4d15d478297e2254270f2b1f15861728308f3fe2392
data/source/example_inputs/p01_l200_00000_spread.tsv.gz,314,e7246914be1730a3ce41caaf746636e15b059f4640feda255c2f40f016285de4
data/source/example_inputs/p01_l200_00001_profile.tsv.gz,331,1400f1a2e46523db712291eb8e307498a4b46e48f4465a0d787e540e27e1193e
data/source/example_inputs/p01_l200_00001_spread.tsv.gz,314,d5dd28b3f33d79fc042aaa73d7e8224a22dc183a54f006006f0665268e9a84af
data/source/example_inputs/p01_l200_01234_profile.tsv.gz,322,b8210d3bae6ad6d86077427d19e83a5ecde436e4bb0fce65b6995af57d89d3cf
data/source/example_inputs/p01_l200_01234_spread.tsv.gz,317,c54d2f8ff18b0ee15ee1fb2b4e826c245e677e240424b4beb19d6884fdbf1338
data/source/example_inputs/p01_l200_07070_profile.tsv.gz,331,31a84953bbe26d50a35ac0aaed070c954d2b46994df4e470912b7592b98eafa3
data/source/example_inputs/p01_l200_07070_spread.tsv.gz,316,53b5f815f6c03e11592f210377c602d255cd385474f1b71a25102cba72428212
data/source/example_inputs/p01_l200_15647_profile.tsv.gz,325,9d7dfd03b1550a28950ed07091ffe8f217089b481d4027b886f7f65db9dbb54d
data/source/example_inputs/p01_l200_15647_spread.tsv.gz,314,db43cfeded2ab1060af1fd1d757d17d5dc4978368e3b2fb882a2ca8f2e4629c1
data/source/example_inputs/p01_l200_25000_profile.tsv.gz,325,7fa4bbfac4adb080ecbce72b661efead5d16b048d7166e9db1d5ad2539f357a3
data/source/example_inputs/p01_l200_25000_spread.tsv.gz,312,3b489e2736dea3dd0e3a235000aafbfc8e1980b00d283bdbc4c78fc014a37b7a
data/source/example_inputs/p01_l200_49999_profile.tsv.gz,327,29d15124a8321b8eba500ecfed3427d9ed065a1110234b60cc0510a90b297e22
data/source/example_inputs/p01_l200_49999_spread.tsv.gz,314,0f80add2db37e08972ab6565ebbeed616308739853a9846283afc227a7a32856
data/source/example_inputs/p02_l010_00000_profile.tsv.gz,194,462ab2c13c71470d98840d580ee09a9b3eb8c53f9fe7842ec7e4c6da2fd74091
data/source/example_inputs/p02_l010_00000_spread.tsv.gz,187,ea03f8636904293829f2e85ca9c66593a355ef5c4d69dd02a86d456f812258ac
data/source/example_inputs/p02_l010_00001_profile.tsv.gz,194,3bd5d42b384d6f71b91aea8828f5f2497416e035075f17a2e4dddb9aa34e36c5
data/source/example_inputs/p02_l010_00001_spread.tsv.gz,185,8752d53145d95741c4070978c05cbc8f5684181249950ffe954801de38ccabb3
data/source/example_inputs/p02_l010_01234_profile.tsv.gz,194,00dc226de342a6f913c170baf51b20e730d17cf205352b0f67c8f6886bca84a8
data/source/example_inputs/p02_l010_01234_spread.tsv.gz,191,2eb11b2d6361f3ab69156f4fdf7b094cd8770ab53980d69cd8780093b2b92560
data/source/example_inputs/p02_l010_01646_profile.tsv.gz,193,0d9e60de218c77508b36372561ec6a151293a154d7cc493a1fc6a2cec8e5598b
data/source/example_inputs/p02_l010_01646_spread.tsv.gz,191,9867fe6e8af0a3f1defd75ca50a82cc470197da2fa57435398077a4503e01519
data/source/example_inputs/p02_l010_01942_profile.tsv.gz,193,056aa3e378d195d2efdc6787536b323371c53a83742304ad198015baeb887e16
data/source/example_inputs/p02_l010_01942_spread.tsv.gz,187,fcb23f0d40d5b31a61607caf76251fcfacc17b18dcdcd2bdd7adf4c98983f75f
data/source/example_inputs/p02_l010_04353_profile.tsv.gz,196,ce1b13ed1ca0cd8b41e49a62221f3938e3c6d635905e62957d2b58445e4ee91c
data/source/example_inputs/p02_l010_04353_spread.tsv.gz,189,856b4f2e9c85c0b5b1186052535f33d57f6805553b3d0bd10d5c54d035d5b639
data/source/example_inputs/p02_l010_10588_profile.tsv.gz,194,f038304ea7de128730f3758b8a082a441ab652f2d68c1d7d39aed6d52dc3ade3
data/source/example_inputs/p02_l010_10588_spread.tsv.gz,186,a588ba0fe7192618f7221af1df4cc1a6a52941c7533fbd84ad4d442e8ba0e0b5
data/source/example_inputs/p02_l010_25000_profile.tsv.gz,195,df42378087e1aa2ddc37b0d6733fc1e70969a519fa5b4601e94249f4c14ddc8d
data/source/example_inputs/p02_l010_25000_spread.tsv.gz,190,6b527d0f1ddcbdc08a5269f78a3a060ac2b716be0c53bf2a450de2b827c1fa61
data/source/example_inputs/p02_l010_49999_profile.tsv.gz,190,3507a2cac24270271d76a24bb099cff50b91e2a866b3eb1a221473bb8af0f85e
data/source/example_inputs/p02_l010_49999_spread.tsv.gz,189,fb2881565a7f30988f04f44e0d84636d166c7beb4c8c7b04560be471a086fb59
data/source/example_inputs/p02_l026_00000_profile.tsv.gz,242,aff9db08a463f0c9043e60f5751c4245c3d8f30748b8b7410b618e612d214f1d
data/source/example_inputs/p02_l026_00000_spread.tsv.gz,236,3946f009a7d14921305ae738111dfac5ba50cd8e0b7138afc8a65b27a4738273
data/source/example_inputs/p02_l026_00001_profile.tsv.gz,245,f5e1c82d775a9d8c4509637eccb221e73b98e0a5e18bed271d4b7f48313dda8b
data/source/example_inputs/p02_l026_00001_spread.tsv.gz,239,2c4f55f4836c868c0f677401fb5a6902ed2fadd5070c799c7d1efc7531918148
data/source/example_inputs/p02_l026_00813_profile.tsv.gz,244,8d95d838e3cb9c19a425f77714f05bfcf3f61063bd7f749b3ec7458dcff6db58
data/source/example_inputs/p02_l026_00813_spread.tsv.gz,239,acd38b26d916949a4374a7a6a8a505c15ff2adbb0228fc0e3ff0f4606a7f8a19
data/source/example_inputs/p02_l026_01234_profile.tsv.gz,239,08672b84ed949481352f5f41ccbe8eef9884145a8c4aef84227839081bcc1ed7
data/source/example_inputs/p02_l026_01234_spread.tsv.gz,236,14c912f2a18a723d51f0fc58d3a11a572cb71c939aa702d130ec7b054d2ec52b
data/source/example_inputs/p02_l026_04841_profile.tsv.gz,242,7340d79cecd62062f05a0f0979b1616e50b1d5e8251649b015e005b0041c486e
data/source/example_inputs/p02_l026_04841_spread.tsv.gz,237,00daccda554f29a02153424574e85f6ad028214c052d56d4c6d3995b19386499
data/source/example_inputs/p02_l026_08403_profile.tsv.gz,239,4886c3ab6a7e5bdb54236e7f1c9db5619e458b8ddb319ace1627e794287b096d
data/source/example_inputs/p02_l026_08403_spread.tsv.gz,236,0d1adfdecce35265b65d972846652f448c5f97f92bb75c0b0f2ed19cdd84a6e4
data/source/example_inputs/p02_l026_12873_profile.tsv.gz,244,4608b71d3e5756cacfbfd2b7a47c71f425e6e63f30815bb7a22b79ef309cc399
data/source/example_inputs/p02_l026_12873_spread.tsv.gz,235,5ca6c6d1b61891e2bef1c6983b74a923903f3bbec377abafa2e1e2b1097978f0
data/source/example_inputs/p02_l026_25000_profile.tsv.gz,241,94e87865b4999572a12bb5a7e6dee394880fc1426eb6467e4057c0c15ee013b5
data/source/example_inputs/p02_l026_25000_spread.tsv.gz,235,38a9042593028b16c099091aea0f6ecb573eb7f775bf7a4f5193e938a6a39343
data/source/example_inputs/p02_l026_49999_profile.tsv.gz,246,b2f581f1f268cd4169521fd9734d932db3b55c9dd46ef015a111a4b1ee35cb49
data/source/example_inputs/p02_l026_49999_spread.tsv.gz,238,3b2641bd58ba81a1911c07697bf8603ac4a48448d6a44890de1bef16d5b7c50c
data/source/example_inputs/p02_l049_00000_profile.tsv.gz,285,b672dfec438382261b6340f0abe2d8276029b5e6ac27dbc5d234522f85ca9fa4
data/source/example_inputs/p02_l049_00000_spread.tsv.gz,281,3cc76a6061713bed5e0a5d491d1ae486f2a8db6986f5e78bccbb2a46b5aae2c6
data/source/example_inputs/p02_l049_00001_profile.tsv.gz,297,7204fd6faa7f9afd06a448e64f0d1098f9aea6bad06b21b7161c4bb0d8f28279
data/source/example_inputs/p02_l049_00001_spread.tsv.gz,284,bff38aae7825bccf6a7e2fdfc996f7b04d35e50a154c7b8d56d78be8d2a3c027
data/source/example_inputs/p02_l049_00720_profile.tsv.gz,291,7099b26255498a012d53fc56e9601443f43f19aba0de7eaf224178862084706f
data/source/example_inputs/p02_l049_00720_spread.tsv.gz,286,a0d43f16ef9a1cec5761385ae1de94cd00f15fa37fad63f3846e56b91d81b5b0
data/source/example_inputs/p02_l049_01234_profile.tsv.gz,291,df23564e1c6f94f9b887456fe67e612ef9bb7d87430b376077c136fae79bc151
data/source/example_inputs/p02_l049_01234_spread.tsv.gz,282,7ce90b5fc1a55d8a12d9ca3cfbd430d3287c117d99ff43f7509622505bb981a4
data/source/example_inputs/p02_l049_03584_profile.tsv.gz,292,ad45432333bc1fc320f3d606a803aaa0adbd692ab241da95248345616179c085
data/source/example_inputs/p02_l049_03584_spread.tsv.gz,282,ca5d89db64053bcb3001ea66144bfeebdceaa9d275338bb72f1b5bee2d37d1f7
data/source/example_inputs/p02_l049_09211_profile.tsv.gz,296,5a547e3a9a116eaa0a572451fe2c6146b97ca47bdfa42cb541f80185b2fa0e44
data/source/example_inputs/p02_l049_09211_spread.tsv.gz,280,397048fe362102dc2725dd53f77a902637ea62bc9365759c1b9a54f2ebdc609a
data/source/example_inputs/p02_l049_25000_profile.tsv.gz,291,1c9ab3441b43ca142ab69cf36a89d0ac1f61501aab65b89d60961f1f7e1456bb
data/source/example_inputs/p02_l049_25000_spread.tsv.gz,284,3a6ae0a25ae3cc90040d207b8414b966cf8716b1e9464c0f5c8b94eed6f1d7f0
data/source/example_inputs/p02_l049_44244_profile.tsv.gz,292,4a4ace92be00dc7b3be5e988f8ceb87059eda8b6a658ff218bbca22594813eca
data/source/example_inputs/p02_l049_44244_spread.tsv.gz,282,250e122836f190407586b8d83feaf659990dab7e93d081f830b5bed9b4a21e3f
data/source/example_inputs/p02_l049_49999_profile.tsv.gz,290,b1959419cbcb60ddf46221df0afae9fb3de81ef0734116bdef5b423493cc43f6
data/source/example_inputs/p02_l049_49999_spread.tsv.gz,279,ab23d64f7d421ab97592f9b2d54f1e75d892c8ec3887bad1d628698062000d7e
data/source/example_inputs/p02_l100_00000_profile.tsv.gz,294,5dbc36855ef13ea0fa8e0a09b866fe2691fb7f933a4faf1db3b9708bc71f0ac6
data/source/example_inputs/p02_l100_00000_spread.tsv.gz,287,ef3cbe0235640746f76f4be88b99308a723d3bbeb9f26dba9678e51f48e2d0e1
data/source/example_inputs/p02_l100_00001_profile.tsv.gz,296,246a7b138dc04c69f2e527b04f12b7ac0bd386474d8f71c875ae083ba4ba95f0
data/source/example_inputs/p02_l100_00001_spread.tsv.gz,280,6d74a222a5931bcbb5d061fe87d2be8250588cbfe7027867ffb75833c99f2f80
data/source/example_inputs/p02_l100_01234_profile.tsv.gz,295,5d8116310cb12ee84c9da29fc78a0b01923e01e4815d9cccb99805ffaecbe0a7
data/source/example_inputs/p02_l100_01234_spread.tsv.gz,285,d2bd7678d4e29f74e99d5b20da082ba75c51dcbc5f10f61b7e29eba333e329c4
data/source/example_inputs/p02_l100_04373_profile.tsv.gz,289,9fa6314290654cdc79327e95c000692c643bcf461c5851cfdfcbbe80fc47f3d7
data/source/example_inputs/p02_l100_04373_spread.tsv.gz,285,e7145048ff56b4e611496ffb5545be89478c8abf76be1bba02a727fecd98ef57
data/source/example_inputs/p02_l100_04778_profile.tsv.gz,295,2d1504cb328764940c3d2b56258897e621b60e621623821459e6206c2d35dc78
data/source/example_inputs/p02_l100_04778_spread.tsv.gz,282,e29aac6ef812ab7fd892da8fd2963426fe55dbba2d0a3844621049798780382c
data/source/example_inputs/p02_l100_11162_profile.tsv.gz,294,8d26c49e960d8e1831a0cc6c9b33e8779e0db104860da41f76219765b444db56
data/source/example_inputs/p02_l100_11162_spread.tsv.gz,282,ad177cb0354955dccb29955d138df16e8c5f9eb47f4daf962c575ecfebc8f707
data/source/example_inputs/p02_l100_25000_profile.tsv.gz,294,bf7c4a2895521e5c4ba9a094041d54117ab76abc9637329694dc37aa1f73a0b8
data/source/example_inputs/p02_l100_25000_spread.tsv.gz,285,0bbb7c8883d1fb4617f941d7becdc4eeead62c450ca3a552d2f5cb80731e64c2
data/source/example_inputs/p02_l100_43725_profile.tsv.gz,295,d040754401b9ac20da40b63b0a7aac9e42db49ad47b6c47f85dd4e74dd6c2796
data/source/example_inputs/p02_l100_43725_spread.tsv.gz,280,912eb523b64dd15dfc51afd7c978b90dc1068f4f0fcbf0d1a82ab9a161ab8f4a
data/source/example_inputs/p02_l100_49999_profile.tsv.gz,293,3c9a7640d097e9049d2cc2a0c6f6e38d9e577ba3a94528ccd6f04b8391cb5145
data/source/example_inputs/p02_l100_49999_spread.tsv.gz,285,0b543669f7a5b462223fc14428171b9dc0bd9cb8cd11eb8257ca80e850c07a0a
data/source/example_inputs/p03_l010_00000_profile.tsv.gz,246,bad464620ddf029b227e1a9c3ce047750f7213506fc07bd7403bc55453ea0492
data/source/example_inputs/p03_l010_00000_spread.tsv.gz,236,695b1126991eeeacd72714cf074d516801a563268cbc95a2a226449399629f90
data/source/example_inputs/p03_l010_00001_profile.tsv.gz,245,d387fed29cf48c28408313a6ff102e1da369550006efa59b311e23a27482e45e
data/source/example_inputs/p03_l010_00001_spread.tsv.gz,239,81b2390bf300ac3c3773cde770b363ccc807dfae036df74dd043471cd32f990e
data/source/example_inputs/p03_l010_01234_profile.tsv.gz,244,534c6a6d1b857c14ba3ce5c7ea43f5a43ea536905416910badcf3c6a68ee1e69
data/source/example_inputs/p03_l010_01234_spread.tsv.gz,239,df8cc808025d93ceb09bfeea59f03e3cc5c9c7b06ab5da00cade5975a4c73450
data/source/example_inputs/p03_l010_02886_profile.tsv.gz,245,aebbbd82f9f557dd3002d8d19ca00c0c26d0131a7c83661183d815a8d9cbeef0
data/source/example_inputs/p03_l010_02886_spread.tsv.gz,238,5140ad47948942e330eaff8edfd85ee74e139a6c1b86a24bb87544193a3d779b
data/source/example_inputs/p03_l010_17376_profile.tsv.gz,241,0a194d2717845d64f3b9a7bc7e169144133598d34af38a01817e95ce9d6ff296
data/source/example_inputs/p03_l010_17376_spread.tsv.gz,237,3c526f2b63c997ae841987fab2bb7613d96f4feb8eaa1464adbae985025e894e
data/source/example_inputs/p03_l010_21375_profile.tsv.gz,246,4961ff551cdc1ea19527fb97b5d4b84bae0d56aa615995339e0ab6b2a8e2b9d4
data/source/example_inputs/p03_l010_21375_spread.tsv.gz,237,7c88cdfb18f900fb6e1e50557998f9071d599ab91e7c6568c3ebec0982aab888
data/source/example_inputs/p03_l010_25000_profile.tsv.gz,242,7fb11468cf067cf30ff332997358905bd23456ba73f1d555af6fb44d39f608e3
data/source/example_inputs/p03_l010_25000_spread.tsv.gz,240,bc228fc65b122e0a8d331b51764b538376edb8cf1949c5e4483cf89fdb4b09a6
data/source/example_inputs/p03_l010_40001_profile.tsv.gz,248,835541ca3fd17228c455b1985bdf9a17b2e4f5e837870cbeca670fd0643e11ce
data/source/example_inputs/p03_l010_40001_spread.tsv.gz,239,d4f2f42295c244d03569d84412944d2462fbb6efe505d5222985c8288e7c467c
data/source/example_inputs/p03_l010_49999_profile.tsv.gz,245,76359d7cba5061ebbe0a1682aa7e01193c32b715aa363e716592e40ff9fd1d1c
data/source/example_inputs/p03_l010_49999_spread.tsv.gz,235,69fec5addad39d589663dda1e4707ca64c55b02da18147ba0b34a779aa1583f4
data/source/example_inputs/p03_l049_00000_profile.tsv.gz,248,2a71725f4806c85fd88b7ac494308f430057222390085c06a96163b6dfacc670
data/source/example_inputs/p03_l049_00000_spread.tsv.gz,235,03058d3111d4f895742fd64bfeaab1099d2b3c6491e22f19865260da61eacc07
data/source/example_inputs/p03_l049_00001_profile.tsv.gz,244,d2d2c1ff0e88308f147d6b8c99821652449a134bc05a8ae6c5f9e84350e806f6
data/source/example_inputs/p03_l049_00001_spread.tsv.gz,240,f9e3620e9ca76ee5cb2439db90e75cb7177549c556fff9c1d450149d2b6b5000
data/source/example_inputs/p03_l049_01234_profile.tsv.gz,241,717a21ce69e7caa27040f6f9d09ddd260b67105560f6f84126f9d8645eabac09
data/source/example_inputs/p03_l049_01234_spread.tsv.gz,236,07254a8223028c41c00393662e5c256d90ad3529f073c87f7e8868e4a7ff8141
data/source/example_inputs/p03_l049_02004_profile.tsv.gz,243,c5dd464378660784114b88479cdedf1d6fb3ba1eee3f596fb81c0914cf2bdb7f
data/source/example_inputs/p03_l049_02004_spread.tsv.gz,240,ea5d28f8fb3594ffae5e65f42459158255af22d4efa8d288c6583762c34a9658
data/source/example_inputs/p03_l049_04521_profile.tsv.gz,245,a78400c45bc40d6a8c9108bc9422ea54fbe3125fd093d61214c7846082330e42
data/source/example_inputs/p03_l049_04521_spread.tsv.gz,233,f27b56c5277b68c13b2fc7440f20b83593b78b19891c1f6a92b07677e84d70b1
data/source/example_inputs/p03_l049_05729_profile.tsv.gz,243,6416afcea8edf25c7d8464bae0378c36d279258560999b62ecbc0be25c7cd6d4
data/source/example_inputs/p03_l049_05729_spread.tsv.gz,235,5b0f5ff8767c4654b2f8688f3659a70180abcd8d0b3747c560e2e4aff2ba2eb6
data/source/example_inputs/p03_l049_13270_profile.tsv.gz,245,60b286cd04d3d4bcd759962137d9fe14636801b3404bbd83bc2b58e6b8ddb55a
data/source/example_inputs/p03_l049_13270_spread.tsv.gz,239,77de5624497b6608cf89389ad1d89ced4be6463e6754cbdc303d5e1dfa02c339
data/source/example_inputs/p03_l049_25000_profile.tsv.gz,243,bff805daa21bac9a7c11480ad36e7a3b5b6a07ddaa48c67d0b23df480cd258de
data/source/example_inputs/p03_l049_25000_spread.tsv.gz,239,9be61189cec297559c3f97992d41a7e62a9e44ecd7a156f58926cb553a099953
data/source/example_inputs/p03_l049_49999_profile.tsv.gz,240,005b1d9f9fd43d6ccb84c8a132ceb75e528d3b1f7650063cdd02fa374caa48a4
data/source/example_inputs/p03_l049_49999_spread.tsv.gz,234,59c3f58687b9c0868a0d0f12d3a847cfff9451148ce5dead4f555d78ca104f88
data/source/example_inputs/p03_l100_00000_profile.tsv.gz,288,ff94b6933745a566bf9419e658d0c1c3b78efec38fde875ccf19f8feb54251b5
data/source/example_inputs/p03_l100_00000_spread.tsv.gz,279,987a1ac5d8fe18ec922d97abc6fef9a26001df71f80b184c1da5f0de29e9eb65
data/source/example_inputs/p03_l100_00001_profile.tsv.gz,288,c2a6a41d17c697ecece2cf83cd2565ed4581f381771b3956aa057eff791db716
data/source/example_inputs/p03_l100_00001_spread.tsv.gz,282,e0e399822b1ec7d935fb182b0021bf6262fb4ddd5b390929198aeee66be686ac
data/source/example_inputs/p03_l100_01234_profile.tsv.gz,289,1c91273dd133ce189e1df8e797051ecc8fc4a095cd99b57b9a9e4629f90158c1
data/source/example_inputs/p03_l100_01234_spread.tsv.gz,284,6ffffe147cc4ff35a5399375729af6b954948e861f1490dfc279d9476864ab5d
data/source/example_inputs/p03_l100_25000_profile.tsv.gz,285,f090dd01aceb64bc7a2794f07c3c457a5fd4e82fe09b70abff7d46b90c5ef55e
data/source/example_inputs/p03_l100_25000_spread.tsv.gz,280,687ee03f21102063f70c7f030db50bc1681e4ff4de50cdffad98443160680c95
data/source/example_inputs/p03_l100_49999_profile.tsv.gz,282,d8dc044cd4d3b41615f772c07a373b5bd5f2a3a6c952251b901af1fe9835b512
data/source/example_inputs/p03_l100_49999_spread.tsv.gz,285,2c22ee5765af82dbcf93b8fb06edb8846e35eab95e5441aecd87975284e6d181
data/source/example_inputs/p03_l200_00000_profile.tsv.gz,291,e20d25cffe7c55ac0db47fcb5092b2759fae8de60b8974b86bb835c68cd47b3f
data/source/example_inputs/p03_l200_00000_spread.tsv.gz,289,21bcee2eabba94c9c4102889bbf253d5559126b21305cbaf1c30d88770c8dcb7
data/source/example_inputs/p03_l200_00001_profile.tsv.gz,294,fd62a51f85323da93d8737adbf9033b06ce30e6acb53ce343da150686250310d
data/source/example_inputs/p03_l200_00001_spread.tsv.gz,281,e3106b2c83e4b756d7936923def22ed6a477babbd3d2c132fdb2107a237ecafe
data/source/example_inputs/p03_l200_00202_profile.tsv.gz,291,ddd01e01362e33efb56ab0636749b37a37564bc5acb2759bbcb8ac8ea01ba935
data/source/example_inputs/p03_l200_00202_spread.tsv.gz,280,cd2f9466eb09376d286a686820ae8adf1cae25d3a5ee88cd9366796e563d50e7
data/source/example_inputs/p03_l200_01234_profile.tsv.gz,291,580f39cd1611dd06e479d13c1d11549282da53e3de9cab5d1979572c83bfc9cc
data/source/example_inputs/p03_l200_01234_spread.tsv.gz,280,26f3c068582a9bd5d1800fba3806ddc95cc621d869babee3e10ab42eaf562ce8
data/source/example_inputs/p03_l200_01534_profile.tsv.gz,293,d3a585fe17a6f94f1212000f8395fb9c885e6ee850c70fa3098318831a8d6a79
data/source/example_inputs/p03_l200_01534_spread.tsv.gz,279,621e7cf76844e114a2bc29235dba6dddc19a9e1593063d8f8107ccefaa1cd4d9
data/source/example_inputs/p03_l200_20887_profile.tsv.gz,291,da6c2931b933a050e5f227adb3b9257743e5688c1eb177d8ce8cb87bb2288263
data/source/example_inputs/p03_l200_20887_spread.tsv.gz,285,c049895a291e82b96c67fb5191af68f2d8a99fb5335c1fb230d0cb94a589dbee
data/source/example_inputs/p03_l200_25000_profile.tsv.gz,298,84cb90c5af40f4c59048479a7022c760dd2ac4fe89579b894f5f92916afcc3fc
data/source/example_inputs/p03_l200_25000_spread.tsv.gz,281,a2029240149f6a33185d806f1d8853eabe8b392521e1ef8dacdd1632cb69d8d4
data/source/example_inputs/p03_l200_46290_profile.tsv.gz,295,a623a22ca7a569f1e6b2f3cea3cbc90b2af867cec9765d91728a8a6e457a3a14
data/source/example_inputs/p03_l200_46290_spread.tsv.gz,283,26fbf716079fe36f74de3421d1ac8303a6919fe550ac8cc692a5acc29ce23a77
data/source/example_inputs/p03_l200_49999_profile.tsv.gz,296,5cb3198d6aa28279cd60c53207c20ac21cf511c949c4b2cdacea1a7c9dc001b3
data/source/example_inputs/p03_l200_49999_spread.tsv.gz,278,b79039a166e4267da420f47ae72b0f52d591a86553a5b37f19fd0b80dd0f2aeb
data/source/example_inputs/p04_l010_00000_profile.tsv.gz,242,f9dfa575e3a2b4a0e4d477f1654aa2c0bea8140de209e88464f880f0eb59dd2d
data/source/example_inputs/p04_l010_00000_spread.tsv.gz,238,76cfd28d9c363b61da9296fcbb642b0cb32acc391f654297804c0d4c36f4e085
data/source/example_inputs/p04_l010_00001_profile.tsv.gz,239,408d53ec66970a6ad7cf1bfb53040641427d4427c4300b462fd52844665986e4
data/source/example_inputs/p04_l010_00001_spread.tsv.gz,239,66c01bf75530f6b243396955a45494f5e77f026bddbadbe01076f076e1a617e4
data/source/example_inputs/p04_l010_01234_profile.tsv.gz,245,f14b215c673d333d59091c217e76ff5b3f0ec291edac36b9d42f4440daf0672c
data/source/example_inputs/p04_l010_01234_spread.tsv.gz,234,3136a8e9755fa76a0a1eb4142f8556a8dc9e9a9862083755af5745953aea9415
data/source/example_inputs/p04_l010_01691_profile.tsv.gz,240,e0e94802de00594cb54e606c8e874d8f03fa368eecc669a3a5cfe56a9e5c62b2
data/source/example_inputs/p04_l010_01691_spread.tsv.gz,240,94daf568bc4f89bea0abe6b88fec181a1b85d3bd83ee3cc304ceae319d6e91f0
data/source/example_inputs/p04_l010_01824_profile.tsv.gz,246,a8c9b62f2c7c75147f19be6860f63c5d5f5b65bae212a51f0a47134627ea29ec
data/source/example_inputs/p04_l010_01824_spread.tsv.gz,234,f2618e73e254cd0f678d7f94837d1b4f8b148c446da5d23138c797d7c2a1dcee
data/source/example_inputs/p04_l010_02156_profile.tsv.gz,241,cc840e00756e20e35b575aeb0ca14aac2e27d99d1f1fcd809ace79f325174266
data/source/example_inputs/p04_l010_02156_spread.tsv.gz,240,a3f3a6c5dd3d3a5b5f898dd74893761f218600da67e21531b922cc97f5246bb1
data/source/example_inputs/p04_l010_04227_profile.tsv.gz,240,fe924a629cbe0dc35e2c52596ff0a3c396705db138befed5c1ef1707aa3277ea
data/source/example_inputs/p04_l010_04227_spread.tsv.gz,235,4e9581f6a2f6d112de59fee8444c90f8c4426cee7f2c19694e2b0ef71e05dff9
data/source/example_inputs/p04_l010_25000_profile.tsv.gz,243,60ff973c8308231b379589292e612b6aea40bb7210e52fca8f823679df50466a
data/source/example_inputs/p04_l010_25000_spread.tsv.gz,235,fec8dfca6e2000a58e6c42079c1807b1176b6e1b4d635b76014f9c1a38eedf0e
data/source/example_inputs/p04_l010_49999_profile.tsv.gz,243,4d8ef9b57189a839de278e0d06688ee9f043d5a437c956c63b90c1b632edc0f5
data/source/example_inputs/p04_l010_49999_spread.tsv.gz,238,fd8d5538a0520fd6d688b6ffc374812277f33d80c533263ab1c92326a69b88e3
data/source/example_inputs/p04_l049_00000_profile.tsv.gz,241,95832aa52e7fb849a07958abc208670e46cab73457f1b87c97c5f3dbdae6626a
data/source/example_inputs/p04_l049_00000_spread.tsv.gz,239,5914c1d9efe10e189f645f3f724bc34ccb2ef13b73a7e457057e33c890eaa22c
data/source/example_inputs/p04_l049_00001_profile.tsv.gz,246,8527dee065dfb51f7c79ef68fefdf3a7931958a348b8bde0ae7ff907b0bf04a1
data/source/example_inputs/p04_l049_00001_spread.tsv.gz,238,cbf8cc11c214b5160f8aac0a5159592da8e98012ceea39235a5c60056a43e551
data/source/example_inputs/p04_l049_00483_profile.tsv.gz,239,8c9fa231cad898ead0f6dfe42906c5bcb8682d8abde52314eed0180ed0d49593
data/source/example_inputs/p04_l049_00483_spread.tsv.gz,235,52b6acbf3adb85caa66c7510e64dad25d4ec8aa4dc766825064df693aa8a9441
data/source/example_inputs/p04_l049_01060_profile.tsv.gz,245,af7134762207a4f17d64ff436c528735e5f2a34570a77dbab434a717230ba9a2
data/source/example_inputs/p04_l049_01060_spread.tsv.gz,239,f51d78e3caa2ef971227d0641f4cb35f3a96db848a9b6bf53fff4f4934a861dc
data/source/example_inputs/p04_l049_01234_profile.tsv.gz,244,3c3a83db580a0f21bac10a90143edc9c7a612daa2758d702239c43843b133445
data/source/example_inputs/p04_l049_01234_spread.tsv.gz,233,b3e5a4de5b605e1470dee94d621c14e293709bbbbae9d690bdee20c99b734963
data/source/example_inputs/p04_l049_25000_profile.tsv.gz,245,1c050220798f14d5ae7e89a506f60bc151c23eb4f77cf3f1ce09a03a53e1ae87
data/source/example_inputs/p04_l049_25000_spread.tsv.gz,235,4bf33242ce1912e7db40c91f2dfff26660b0da8fd83f67f62a612b2e4ec1ab1f
data/source/example_inputs/p04_l049_49999_profile.tsv.gz,242,636f0fb288cc63ef4fd36c55d1162c6d7918f8b9c6386a526ca3c33e3ce91fc1
data/source/example_inputs/p04_l049_49999_spread.tsv.gz,237,bef9099700598528e3e3c5b331c5ca7eb4a17aa22809f9d2187bc9dd7bc6ab4b
data/source/example_inputs/p04_l100_00000_profile.tsv.gz,293,15274e07c9c1ffacb7499df5786edfc22f2b4b821f09be0ab728982f71a0ccb1
data/source/example_inputs/p04_l100_00000_spread.tsv.gz,281,64977bccb012a1736e6b253cb53806da9525cb5bc39c384af6e5287b3935809c
data/source/example_inputs/p04_l100_00001_profile.tsv.gz,292,dc6b46493c1c12e1dcb07b8166f17e9a420705b31d14298b3294de03fefc6b61
data/source/example_inputs/p04_l100_00001_spread.tsv.gz,278,0b33cf8cba8e86f7712d9f199f512521fb1553d44551a0f443b3230131a344c4
data/source/example_inputs/p04_l100_01234_profile.tsv.gz,293,a0d76d7729241c3514fde82ae9179e8fa774be59a674e4de7e3071c72e90ab7a
data/source/example_inputs/p04_l100_01234_spread.tsv.gz,275,959d9f88fe4227bda291b1f9e13c163e14bd051d97253a5bf7b360f3c1e0af44
data/source/example_inputs/p04_l100_06770_profile.tsv.gz,294,35bbb412edbf01a6a9dfde069540c630840e8066b74e5f295e23c1d9109b5910
data/source/example_inputs/p04_l100_06770_spread.tsv.gz,279,01f75ae085319958d85445dcfd11c2ec3fe561403b99ea4c55b035b7df07a679
data/source/example_inputs/p04_l100_08633_profile.tsv.gz,290,e9949629e061416ece485f81dea1d09c04b881c2062fe2d937129b8ac5fa18ad
data/source/example_inputs/p04_l100_08633_spread.tsv.gz,282,b9bd691b070f6dc4736b31f01a8e84b47ec36764e0e899cabd921baee1e50ce7
data/source/example_inputs/p04_l100_25000_profile.tsv.gz,289,ae971450998c16a5a70cf2e554cf495e0c3cea2509e8bf992f6452381c4fe00d
data/source/example_inputs/p04_l100_25000_spread.tsv.gz,282,f3a74c92411e7b356214fd8c38ca07f9639c9c1803047d4725a683d9dc06334b
data/source/example_inputs/p04_l100_49999_profile.tsv.gz,292,68f7114118d3bc7e5fb842563d5fabf54d68e1aa94949a8f7c12ae0bbfd9cf17
data/source/example_inputs/p04_l100_49999_spread.tsv.gz,279,b0007d16be8c9187aa1821bd322429afac901578ed6f90752366f7b73098b445
data/source/example_inputs/p04_l200_00000_profile.tsv.gz,292,1346a0c3a33bb5a15596a27c1ec716b2f47944cd556c1d88ee5d070707bf26c4
data/source/example_inputs/p04_l200_00000_spread.tsv.gz,282,4ab652665901a15cb444c3f2c6042865cfa4e8cb4c57e2608c6e2f67d65d2140
data/source/example_inputs/p04_l200_00001_profile.tsv.gz,293,b41c2113ba7aeb1dd59c41645251d150d994dae829172bb09f94609012bf97dc
data/source/example_inputs/p04_l200_00001_spread.tsv.gz,284,045b14d06e11041ffc24e826d20979fdf447fa9a44a8012ab733cc1d28e61f9a
data/source/example_inputs/p04_l200_01234_profile.tsv.gz,292,8f80704246caea28f0f02d670552d21aa2fca5b47e9b359913c682dacae55c71
data/source/example_inputs/p04_l200_01234_spread.tsv.gz,281,1f3f729c19e3fb63c25817e811f290b3305ef8a6e53009135e60bb8a6bc73160
data/source/example_inputs/p04_l200_14284_profile.tsv.gz,292,283b3b30af2111185a529a39d4806189cf930b84af57914280da96a20b3a7b6f
data/source/example_inputs/p04_l200_14284_spread.tsv.gz,283,437589794ff070b4fcc5fc9ce5ca0bf5524070f671a2e7937d1b2c860d942e0a
data/source/example_inputs/p04_l200_20323_profile.tsv.gz,289,08de3f554e9ff9ed750ff5ba191f282b9e577a0e0a77c95e05cdaff617472755
data/source/example_inputs/p04_l200_20323_spread.tsv.gz,281,0f16918c19004897f1993c126dcfe9790b43167fbe152327d31ff2d61165e10e
data/source/example_inputs/p04_l200_24248_profile.tsv.gz,290,356c0a884cd9d0a5cd0ad5dae11319dd4272dc25cf85606cce7bad590193ed71
data/source/example_inputs/p04_l200_24248_spread.tsv.gz,283,3528c787621f157f0cb956de8156ea5674977287dd38179cbdd92ad6cb20529d
data/source/example_inputs/p04_l200_25000_profile.tsv.gz,291,cd151deac526e8339cd425bc44296299838261653f5f2e75f1b30884f17008df
data/source/example_inputs/p04_l200_25000_spread.tsv.gz,285,841db4c115359f06cf45b27b40ff0c8ce3b9ec87fda59f3bd937b55fed265a5f
data/source/example_inputs/p04_l200_48451_profile.tsv.gz,289,ee541e43f0206b2669d54aaa740cff904ab3d0c9f02ef49d9e5d09b2a0f55de9
data/source/example_inputs/p04_l200_48451_spread.tsv.gz,281,7c43e9071c02e88987a4f8495b275525864532b75c24542c1fe6f0359186dea2
data/source/example_inputs/p04_l200_49999_profile.tsv.gz,291,12e01d8cd4ea9096536c3b6fa3b77a6f10c7c5758f1fdf165dff0499b88793dd
data/source/example_inputs/p04_l200_49999_spread.tsv.gz,286,dcd7d55f081663072ee760f2d783192ac525961797c3af8192015675a8e68b3c
data/source/saved_fits/p01_l010.tsv.gz,2027174,c9797e803c7d779de79255f1d73984618ac39e270b8211c382b72c3c3c086932
data/source/saved_fits/p01_l020.tsv.gz,2013662,0c832b2e80a798f07fe7c6cc8d03fd0e3a24b97ebb6919f0182dd5fa7e188851
data/source/saved_fits/p01_l025.tsv.gz,2029927,4ce96f6f0936b9ad0368ae6c67b161be7a2e43737e9c737dfe83503c28a3f1f2
data/source/saved_fits/p01_l050.tsv.gz,2087956,462072954024f46de7733a579634f6100eb1eee5341b10df0bc2657899aeb048
data/source/saved_fits/p01_l200.tsv.gz,2084102,787a035793b26d999653e8ea9ca00cd2f12699c93361bc902b9d503c9a082a72
data/source/saved_fits/p02_l010.tsv.gz,2047035,e05e6cc33d08d99f175c9d1ca840cd6ae77cd9d348134eb0fc239f9a753994ef
data/source/saved_fits/p02_l026.tsv.gz,2044579,92fa014208c0d6098a2b30fa43103ec46d7a29fd55c010ebf0c341a5829f9840
data/source/saved_fits/p02_l049.tsv.gz,2101128,de97e79c962d2c46957b35578d7fa29f33f481df3304bc859ba02fb494530cb6
data/source/saved_fits/p02_l100.tsv.gz,2075368,16f96e7509e586b8bb744ac07aafc048e33d1bc35db812dfb7c894173aeb16ed
data/source/saved_fits/p03_l010.tsv.gz,2042431,898517693d548f67ddedb4870109fc042806cd9ca469d8e6e6d0edfd027effb6
data/source/saved_fits/p03_l049.tsv.gz,2046009,9cb559cec50de859e6d15f8d6bc68ce53ba38602f5bfbc8182e001a4df1ba89b
data/source/saved_fits/p03_l100.tsv.gz,2042838,5ee3eb6184c9b328531966fc833f2f65a1949ca671d9324c0d521666776c7586
data/source/saved_fits/p03_l200.tsv.gz,2081935,50a129437438fd0df9e9fe08cf0819fce64a1748fb74a941bc13e00e6cab6c28
data/source/saved_fits/p04_l010.tsv.gz,1999382,dafe537855ee14de5ec22246e91a3efdf1068b00719ba21788fdb1fb23f67ce4
data/source/saved_fits/p04_l049.tsv.gz,2017882,a38a667eb2979a79503e13f02ee899183c96fc8f4cafc68321bb460c5b3e677c
data/source/saved_fits/p04_l100.tsv.gz,2046309,af9b0b8688a01a3b43126f6d5d4edb9dd50f8d82d29d27c4a4c8756382f27f65
data/source/saved_fits/p04_l200.tsv.gz,2079673,27dfd2166505e0cb88059b70a4d44edbd078b78c17205d6022ad1c97b05a1aa4
data_dictionary.csv,172019,646c649fc78fb211af601c3a850bf0ee64ec19670f00b59a09db1f6582c893a7
docs/FILE_FORMATS.md,3893,70be37190dd166243312b4950a237710e139fcc259d1adfdd645cfbeab74a13d
docs/KNOWN_LIMITATIONS.md,6374,595bb577d9d27c2c5a6638d945343d1bca21513fd175e7f7087ca33845e3de94
docs/Lateral_data_guide.pdf,7899,8f1a17c521d64d70d312d5ab714b0505e728619409542eaae5e8a8a5e1153f55
docs/MEASUREMENTS.md,4220,5403f285e2cd2b280f799844ac3972d5a0113b751b4e190041b87f8d58e7c68b
docs/METHODS.md,7319,ae34353137d6aaef6c720c0da2bf4b74a5802d335efc5cb3d92038a9a27703a5
docs/READERS_GUIDE.md,4447,4432733008d6cd81080565a877dfeb61770a79755ec949a8cf6cd74553ec6578
docs/RELEASE_NOTES.md,1388,9f9ed974b70024a6b30ec22e015d73c805470d4a41b9bcbf457babb318cdc849
docs/REPRODUCIBILITY.md,4649,58bc93d41ae31790e9bdc9c8d2bd8dd6085301593d3ecd72f1227fe1a1573133
figure_coverage.csv,7712,14fda7f9cbb0749dcb837730495d3097f1ec2b3bf97c72346ee24abd3c7cffe4
figures/diagnostics/p01_lateral_profiles.png,434614,cba0796cffd0e8684ce7b100bfbfbc259dce3e444e7f0ef1e155f51225c9b503
figures/diagnostics/p01_row_linked_max_fms.png,419264,c4a2b75b5febb07317d5a6a27e6015799bbca11a419a36699f417146ab12362d
figures/diagnostics/p01_source_plotting_index_rule.png,415637,8146fc826f22f755b9ec2c47ebf99b5e637cf3752a631495593a1e43859a12ec
figures/diagnostics/p02_lateral_profiles.png,320783,c5227bfdadb0bd87d0c621a7ce37ea919c01a73f48dee9904edfc0911adae97f
figures/diagnostics/p02_row_linked_max_fms.png,440352,f2d9bfdeb7e33ce70387a07a13cdf54194cc26b916094d68ec7b4ea4c6a40663
figures/diagnostics/p02_source_plotting_index_rule.png,427638,eab89e3548bb29631ea11538a44eab3fcc32926c509f130461dff79220756c79
figures/diagnostics/p03_lateral_profiles.png,326881,39366fff415406a33a82784baa968f8f418341615d8e865f7f9ae8e99b074a7c
figures/diagnostics/p03_row_linked_max_fms.png,321251,42e88fd06c663a9eb6f07f575a37a1e482ba39a83003acda1995dc248b52e876
figures/diagnostics/p03_source_plotting_index_rule.png,347962,4914ea08da7a803e8f463057cd854a861d6494bcffea357226c9e72237230ab2
figures/diagnostics/p04_lateral_profiles.png,314292,2ab73b333283b64ab01baaead44453d09f15d5883aca40dede83761768ef11af
figures/diagnostics/p04_row_linked_max_fms.png,355288,4eef00c1889af3353e9af7c13d87478b8e642d09ac3d8027166fbd157c72912c
figures/diagnostics/p04_source_plotting_index_rule.png,328077,85c1a598286a619837fff57de714350eb247f9ecb30bc01a685caa4b0fa0af6f
figures/measurements/isf_endpoints_with_percentile_ranges.png,138761,2cae363609d807223c18319f388bc77ece5ef33083c3b29101c5d5d8b5b4ff4d
figures/measurements/p01_l010_staircase_examples.png,178295,4f02c14d022963f2b416293c871d928e011e218c36568a9d3ad51a36b1f175fd
figures/measurements/p01_l020_staircase_examples.png,202872,4f9e47414165cf8bf0d3e6b348aec8f182159372789c4f65da85b993c69586b6
figures/measurements/p01_l025_staircase_examples.png,188047,23a370917b233d0b4958da9c38bb4af320b4526fc7fefbfe83ac404e0fd5e5a2
figures/measurements/p01_l050_staircase_examples.png,190962,82bf76b2fb57d0bc388bc020d2f2fe3a664b4b65e4b74c6f28ee121aa1ef8666
figures/measurements/p01_l200_staircase_examples.png,209150,04a16d3af4f1715858de37249b36d8f41ed028c934c46c72b99a1cbdc7827b6f
figures/measurements/p02_l010_staircase_examples.png,178433,4ada9a2abddcd0a99790aebdafc6f1d8cd9f437c2527954e9c8cdc8cbde3c54a
figures/measurements/p02_l026_staircase_examples.png,175142,f346b522c37f8450e1ca872deb498d03006c293eaa75205ff149e68c6e395eb4
figures/measurements/p02_l049_staircase_examples.png,168818,06a1d6728bde4552b747dae575486eff88d733f2a05d10f6f5d1027bed34b45d
figures/measurements/p02_l100_staircase_examples.png,174270,429c4233e8ed63f387df871946592dccec7170450b77d9fd302dbdb00981dee1
figures/measurements/p03_l010_staircase_examples.png,166410,8f7c67bd8f0ac5928e6c11c43ef14d979c886faac342fba25479ad51da43ad5e
figures/measurements/p03_l049_staircase_examples.png,171110,99b386604922b5bf87e99c0bd8b274cc918a0aae502f364655b30c409284e2a9
figures/measurements/p03_l100_staircase_examples.png,176563,4f9938c215535fb7701ffa97d606a3c1c22e0c3229b5018a3693c2cdeff2845f
figures/measurements/p03_l200_staircase_examples.png,193270,a935e7a44f093b683900557a3b24b9074e9ea0c93a247388a3f89d2f321a2246
figures/measurements/p04_l010_staircase_examples.png,164354,55f287120d399211f230e9d623360105019596596a7f75cabe6e0fd1fd667bdc
figures/measurements/p04_l049_staircase_examples.png,172933,1bee49ce753cfe4ac70ecdf0729c095ea371ba4f6e7647e3556e7bf0c91a5663
figures/measurements/p04_l100_staircase_examples.png,176801,52ac4f475531bea48be658ef437aa498c42dd179b80b4a62c9b09d9487f3b77b
figures/measurements/p04_l200_staircase_examples.png,185822,c740ce2e99c9a91e4673e79e0c0809c07fb9eaca7de6dc810f920690aa53b563
figures/reference/reference_isf_across_luminance.png,277424,f458225d2ff43dd4ab1f9d208e0243155a7a7a559bc74641864bc922b76ecf02
figures/reference/reference_subject_1.png,111463,a2f5870cbf01c0b92e98b28efa5c856fff60896c1db1e3c5cba00a4d9784a94f
figures/reference/reference_subject_2.png,106518,07028a3117dbf213370f1964803a0f1a4b9a4e1bfec674c95c1fa27d5ad78994
figures/reference/reference_subject_4.png,101301,a250d21e8c9a56a614007fede543af31ef9a240fef6079fa5c470cebff188e1a
LICENSE_CODE.md,311,73f6d97c1096d3d187fd294eac784d2db2726ac59ba76b0c396573343fac3a3c
LICENSE_DATA.md,379,be842dd295ecc0a98840e3545a5ba6ce79fa6d0dc53c729e5870dd838801e465
participants.csv,595,1a62cfca2df6dfb4b957e9c6437c4922e1ce19801639fff6d231593c3815cf72
README.md,4697,e3907cafbf238200992c3bad7ada2febfa4721e17a168e4f1b23a2766f632760
requirements.txt,46,4696b1a112973832e6c4b42d65b6dcf280bcaedd06e5aeb02d171198d902fdbc
source_manifest.csv,141820,e6fe63c8fab750d1cd9ef1731fdca88f56da1ad7eec45ba45be5b3c75832d7cf
source_to_output_mapping.csv,1372,8b5e9afbcbc6fb9d526d7b2d78fcce3fcf6a3a31d48482fa02b2d2dd6c7165b0
validation/exclusion_candidate_checks.csv,2653,5bd8a19d30ec8170350b04eaf8d18a0e3d2323c708081d021b6c1c13de23a871
validation/integrity_report.json,682,6b6fd41e54cf693c8b52b49ad5545734647304ece0e2526ddf819a79c5241614
validation/measurement_export_summary.json,140,843d5a3e47ff1ebd8a12e6cab6d15479f383e9bcec45c53ab24743a06fada383
validation/mode_summary_checks.json,335,26f96e268e5c69708f57ea1b69873db5d22b0829a5363d4eb479716a3d95a9d2
validation/new_resampling_checks.json,272,81a8c3d093b82d782c6dde1edcac424b85bbe875b4813aa1004335a18387a78b
validation/p01_l010_bootstrap_sources.csv.gz,4308308,e761fba1c755adc162e310af814ed9fe41025fc7247d736fe22b8f363c2c10ed
validation/p01_l020_bootstrap_sources.csv.gz,4304706,bf944ba9a95477d06ad13a4bf07851c8ec39e7aee310685a646fd6abbd002d6d
validation/p01_l025_bootstrap_sources.csv.gz,4308172,5f6ba16db724c2152dc7f032ed58b34a3bc79ccc55a7cec7a23f30ff7e4b8c30
validation/p01_l050_bootstrap_sources.csv.gz,4323243,5af202378e5232cf5ce02684068a3e4899b03575034ee5c3b4e907c6e5af917b
validation/p01_l200_bootstrap_sources.csv.gz,4318853,6f712fd7901dac50e8331039d28ded62020da05eede58e8e02546e5903dd7ddf
validation/p02_l010_bootstrap_sources.csv.gz,4305932,96e2350ba900d393f8030f7b61ba752cef80b3e6caac464022ba1923a0adc9cd
validation/p02_l026_bootstrap_sources.csv.gz,4311470,e553c826cd216e438cef9d8467a8f83c70fc8de55fe2432e2f1ce34ab95fd38b
validation/p02_l049_bootstrap_sources.csv.gz,4314284,4165ec4ac5a76ac6cce45c1b2ca33e94f215992ae914667523623d2d298864a1
validation/p02_l100_bootstrap_sources.csv.gz,4316002,457f9292de0c43953751e8343d5807c60073ae154a738a497d02c39a38de4de8
validation/p03_l010_bootstrap_sources.csv.gz,4310672,bd53d917f003eeeb9ccee17f7a0ce51b2b08b3e78628da34954026ada310014d
validation/p03_l049_bootstrap_sources.csv.gz,4312662,ffd6d6ecc8b8c52ad1b25736c649fa82b09e43a9bd349172adcc4c768b42e28e
validation/p03_l100_bootstrap_sources.csv.gz,4315144,de511072705ef809f2cbd016b641daf51987852b848bd0c3f56757b1973d35c1
validation/p03_l200_bootstrap_sources.csv.gz,4316297,df42545ee8f8ed09da9d1d361b08df2f8939d5408dbc3c67b6df0913d315b581
validation/p04_l010_bootstrap_sources.csv.gz,4311930,a092e814b3212d2d6e7a5764867d9566c16639fe9ac9b2b019745b1c31be29a3
validation/p04_l049_bootstrap_sources.csv.gz,4310411,db71dc3202ca34b1d25411e83d9ac9abbe4a7462d009640526afef3f0a9d98b7
validation/p04_l100_bootstrap_sources.csv.gz,4314545,7afc150f7cb9faae3db0d208dac4511e5ad8f77ccb98616623b0f941c793fb23
validation/p04_l200_bootstrap_sources.csv.gz,4315602,35596fe4cf1bc9cdc9211277263d2f94f2edc7371d7cce3da6b2c37d222ba52b
validation/raw_input_zero_checks.csv,1060,dc4f409891615a51770261899731465567ee35735767237bffb48f56583fd557
validation/raw_reproduction_summary.json,209,59ba12a9112704b97264ba3a56a8109138e3a23265caa031bab29006e626f9a4
validation/refit_summary.json,504,8f1b5a3be4466742cc377c19713f241bde9744c958606d8c74d0aeb437495966
validation/release_packaging_checks.json,195,3dbb533de12b3233c645f2717d0644771852d360d0d44ef6718081b58f7c1da9
validation/representative_refits.csv,10229,e59ce8c6616db0e151faba72dd97b9cd9c06f9dda7b4ae749ec70eab560ab63e
validation/resampling_subset_checks.csv,18122,fcc6c98afba626a3fb9093c641cb9e2d87ccac4409b637a60bb2ad8b2b681afb
validation/resampling_subset_summary.json,290,96edf58e0a984cc38b501a09ef8c75a3e1d2a8fcedbd1baa5160086108a8aa35
validation/sampled_fit_checks.csv,16278,7e4f6044ec4995a336e9b3237e345aa96896803ee7cdec89b79c085f5915304e
