source_id,role,public_file,source_bytes,source_sha256
P01_L010_BASE_T000,raw_trials,data/raw/source_trials/p01_l010_base_t000.tsv.gz,22890,e43d2c848782e6ccd9f8cb15ecb64b6f764cff6d96e589d8dc0b70285187ea46
P01_L010_BASE_T001,raw_trials,data/raw/source_trials/p01_l010_base_t001.tsv.gz,16837,c60f464c10c1b9b533afb9abd454723ff09aac615fddab21f61f02d65a61e34b
P01_L010_BASE_T002,raw_trials,data/raw/source_trials/p01_l010_base_t002.tsv.gz,15914,08d4418bad04f4cb866adec8aa758bedb18c78126a9415ee88116449feb79b04
P01_L010_BASE_T003,raw_trials,data/raw/source_trials/p01_l010_base_t003.tsv.gz,18188,1d0c13c37bc7e751694cc5a2be479ef967b3cb2b1560b190efe374c33eea6dcb
P01_L010_BASE_T004,raw_trials,data/raw/source_trials/p01_l010_base_t004.tsv.gz,16150,8f9ff900e41c1ddec9bc34013cb57e49aaab716e8c1a8174f8641d2eeca5f317
P01_L010_BASE_T005,raw_trials,data/raw/source_trials/p01_l010_base_t005.tsv.gz,28705,8644b26f1d737b1ff6e9635463a4965f5e517a87660182f501a0403d148d8504
P01_L010_BASE_T006,raw_trials,data/raw/source_trials/p01_l010_base_t006.tsv.gz,26778,f97a27e1efff8fb780846d6272e230f7c1185f8f6f92c58740026c89cae10cfe
P01_L010_BASE_T007,raw_trials,data/raw/source_trials/p01_l010_base_t007.tsv.gz,24258,2a7410a3ce047c99f69299028ecae8a6800690cfe2b6be13c36eaf57a8441272
P01_L010_BASE_T008,raw_trials,data/raw/source_trials/p01_l010_base_t008.tsv.gz,27209,c67749513872c80993e642857c40833fe3d74a53ad4f78d154f06d3dcce57623
P01_L010_BASE_T009,raw_trials,data/raw/source_trials/p01_l010_base_t009.tsv.gz,23167,e10601a3f2570f9a70bffe740b1ebd13f31e2da95d00bcbf93f0e924b436456a
P01_L010_BASE_T010,raw_trials,data/raw/source_trials/p01_l010_base_t010.tsv.gz,28772,b0380724a1f0c8f4fb98e138835bc500b6a8235eae78d560cefaa6650b0d3c2a
P01_L010_BASE_T011,raw_trials,data/raw/source_trials/p01_l010_base_t011.tsv.gz,26556,8b63cd4e28a95cc32d83bd0feae196cde86c767678e339feea324b9a0cd966b0
P01_L010_FLANKER_T000,raw_trials,data/raw/source_trials/p01_l010_flanker_t000.tsv.gz,23051,f4ad992ea5418ddecef3638b099e7c2a057055e976b640690b0bc722a7d9f530
P01_L010_FLANKER_T001,raw_trials,data/raw/source_trials/p01_l010_flanker_t001.tsv.gz,16840,7e9c3d3dffb24b6e19ae13509de8e7744eb1dbe7a7738755731d97e15d9efb20
P01_L010_FLANKER_T002,raw_trials,data/raw/source_trials/p01_l010_flanker_t002.tsv.gz,17400,03e88456710ebcd827870a44b873c58725fabe8e7ac9df2fe21f8a972cc683fd
P01_L010_FLANKER_T003,raw_trials,data/raw/source_trials/p01_l010_flanker_t003.tsv.gz,20131,5fc53a4fc3aba4da508b707ba12995ccfe749d14635b9232ec0d756d6ca60c85
P01_L010_FLANKER_T004,raw_trials,data/raw/source_trials/p01_l010_flanker_t004.tsv.gz,17805,07657d73bb5d8b89df07da4931c3b052ef46cf35e924f86218e724c3d02894b7
P01_L010_FLANKER_T005,raw_trials,data/raw/source_trials/p01_l010_flanker_t005.tsv.gz,25866,ab6b5a4ab3afc2f0ee76b5bf0bab1f9933e000a10f8e9af976f0bfc4e000885b
P01_L010_FLANKER_T006,raw_trials,data/raw/source_trials/p01_l010_flanker_t006.tsv.gz,26118,a8fbf215f11c86bece0aa6576176ca9a12b4c6dead3381cac3bec4e64b1c9c59
P01_L010_FLANKER_T007,raw_trials,data/raw/source_trials/p01_l010_flanker_t007.tsv.gz,28342,f0190b4d86353e3ce146481ddb4589246b83f4c22e94a0b669b47ce7947762d8
P01_L010_FLANKER_T008,raw_trials,data/raw/source_trials/p01_l010_flanker_t008.tsv.gz,27914,f955d9ca903ec82cd2f04653931723bb03151eef86872548d3bed9c059ad1a21
P01_L010_FLANKER_T009,raw_trials,data/raw/source_trials/p01_l010_flanker_t009.tsv.gz,27199,f82937c080fa2cdc1276758c04df56757f193b623a92396a2456cb967ec146e8
P01_L010_FLANKER_T010,raw_trials,data/raw/source_trials/p01_l010_flanker_t010.tsv.gz,25566,7cbf34a066d1973e70619300c4a1e1a7a663bac1b5e2917d740617753b1f821a
P01_L010_FLANKER_T011,raw_trials,data/raw/source_trials/p01_l010_flanker_t011.tsv.gz,25172,551238aa6c314285d048ce636605897e03debfa4f8512fa58251c2792dfe8814
P01_L010_FIT,saved_fit_distribution,data/source/saved_fits/p01_l010.tsv.gz,6000494,cbcd5fa043663648695e50e4e7295c6d8afc56743ba95b55de2cda7145b6abc5
P01_L010_PROFILE0,saved_input_zero_profile,data/source/baseline_profiles/p01_l010_profile.tsv.gz,457,bd203bce152efb1ddb80c66c4b4863281b002f8a18d0b49e2d8c38191ec085ad
P01_L010_SPREAD0,saved_input_zero_spread,data/source/baseline_profiles/p01_l010_spread.tsv.gz,444,e9f6903383faea40b25d1ad0f0258c70c94867805b71c05b187c54ae234b8225
P01_L020_BASE_T000,raw_trials,data/raw/source_trials/p01_l020_base_t000.tsv.gz,16606,87819dfd54328671a2236f7ecd29235fd5ddc5131d8e7f8a6657ec0613eb3cc7
P01_L020_BASE_T001,raw_trials,data/raw/source_trials/p01_l020_base_t001.tsv.gz,15937,13b7e059ba4584d50a70266bb9c4e905d316c86743ab1f144369c06ad6c90f25
P01_L020_BASE_T002,raw_trials,data/raw/source_trials/p01_l020_base_t002.tsv.gz,17237,0bd587671c320caba7b1dc782068c53d03fc64c68b70dd3c51879ff983c89ebb
P01_L020_BASE_T003,raw_trials,data/raw/source_trials/p01_l020_base_t003.tsv.gz,18701,6604d7c8d3f68e356e91ad67b57bfe1d2de4970e6eb1f9047ab913747843a17e
P01_L020_BASE_T004,raw_trials,data/raw/source_trials/p01_l020_base_t004.tsv.gz,16897,7bb382e977bd5df9a3256f4ddd2990f76427ba9eccd7b8b68e715a93c5bb27ca
P01_L020_BASE_T005,raw_trials,data/raw/source_trials/p01_l020_base_t005.tsv.gz,17295,9bc31c9606d840a8e3cfc69b39a8e2f64efc0630ba297a086b4f6b8a24e1f78b
P01_L020_BASE_T006,raw_trials,data/raw/source_trials/p01_l020_base_t006.tsv.gz,15333,a977b009dd3c3a13f34aaea137b5ba1226dc8982106032ea3b14e8cd222b5fd5
P01_L020_BASE_T007,raw_trials,data/raw/source_trials/p01_l020_base_t007.tsv.gz,16743,8058d1a4e42cf1e7d984db15e17a0a73334582488669531fae6ee61cf1636f06
P01_L020_BASE_T008,raw_trials,data/raw/source_trials/p01_l020_base_t008.tsv.gz,16556,729100f5a5faae14f283ea7417910b30afad31383e9f922b6c61f8059d3bb2ee
P01_L020_BASE_T009,raw_trials,data/raw/source_trials/p01_l020_base_t009.tsv.gz,17241,98e33a1d5177419958c386b9fd2dcfa460e886de18e0324c995edae8103f36d2
P01_L020_BASE_T010,raw_trials,data/raw/source_trials/p01_l020_base_t010.tsv.gz,15410,0884c6167dc913675e35a9ef496c953bcbab45aa285192c357ba5a0b68364828
P01_L020_BASE_T011,raw_trials,data/raw/source_trials/p01_l020_base_t011.tsv.gz,17094,8d0d5a4bea541ce7a260174f1b7ff937bb612f0a40f68265423732180037dd95
P01_L020_FLANKER_T000,raw_trials,data/raw/source_trials/p01_l020_flanker_t000.tsv.gz,14135,615319a1fb02824229ff72d8b5abd44885a23dc5101561e1b6d82afcde3b9d43
P01_L020_FLANKER_T001,raw_trials,data/raw/source_trials/p01_l020_flanker_t001.tsv.gz,15598,18cd58dc26889daf34ac3f2b861c2bb19c286e373d48db04d4fed1c99058b9a4
P01_L020_FLANKER_T002,raw_trials,data/raw/source_trials/p01_l020_flanker_t002.tsv.gz,14823,cad59dab086cd2c21263804a0b3b40dffd73f9279597ab885266a2d9f3014b4c
P01_L020_FLANKER_T003,raw_trials,data/raw/source_trials/p01_l020_flanker_t003.tsv.gz,15222,b3fe593952d2527b11ea81fa7a14e18dff19a6644cd9cace8fb7d99764b792e2
P01_L020_FLANKER_T004,raw_trials,data/raw/source_trials/p01_l020_flanker_t004.tsv.gz,17053,027dd4567fc315b51cc68898b1ba7b1dc233f558ca787ccf15057578d359021b
P01_L020_FLANKER_T005,raw_trials,data/raw/source_trials/p01_l020_flanker_t005.tsv.gz,15403,8c642e5c0f97fde8973a12941d1341d4301e89881b7c38ae829eded48b2f9f2b
P01_L020_FLANKER_T006,raw_trials,data/raw/source_trials/p01_l020_flanker_t006.tsv.gz,14644,162005de9bb1b08b1e65291b9d3333dddbce91f3d536326dbb8d155b9adbcf62
P01_L020_FLANKER_T007,raw_trials,data/raw/source_trials/p01_l020_flanker_t007.tsv.gz,14279,2e15342af438d9f5c3c4df7d85b7836fc09f4e169cbcd3e0c39b50d318c880b9
P01_L020_FLANKER_T008,raw_trials,data/raw/source_trials/p01_l020_flanker_t008.tsv.gz,14266,604153ff3ccfa225129db894754f4cc220bb306e5fa01d27a3216adca993874a
P01_L020_FLANKER_T009,raw_trials,data/raw/source_trials/p01_l020_flanker_t009.tsv.gz,16524,fdc18c82fab3c5afee530073bbb82818fc69c36238c6b5ef857234ff601e1d54
P01_L020_FLANKER_T010,raw_trials,data/raw/source_trials/p01_l020_flanker_t010.tsv.gz,14503,328cdebcb4a496e7b8d516abf256512f0987d0cf35f4083f957b973e20591128
P01_L020_FLANKER_T011,raw_trials,data/raw/source_trials/p01_l020_flanker_t011.tsv.gz,17444,fda35797ce76848895906779186b990100d142b06137005b71a6b25dc3645500
P01_L020_FIT,saved_fit_distribution,data/source/saved_fits/p01_l020.tsv.gz,6001293,6fa216cfd6e19014264cdb7b0295f053e695191742eb3b1f450f3561d813fbac
P01_L020_PROFILE0,saved_input_zero_profile,data/source/baseline_profiles/p01_l020_profile.tsv.gz,347,bf06eb962e6450c4f7aee3f1f06cccc7508bbb62410301ba592788ffbfa23797
P01_L020_SPREAD0,saved_input_zero_spread,data/source/baseline_profiles/p01_l020_spread.tsv.gz,337,094b9b211969180bfabc163427cf92ea5c15d6c925b1f019491186d3f8f42565
P01_L025_BASE_T000,raw_trials,data/raw/source_trials/p01_l025_base_t000.tsv.gz,15027,3726f60289a20fac605bb25d273ef0d43a986047236d2c316225d5921d0eef1c
P01_L025_BASE_T001,raw_trials,data/raw/source_trials/p01_l025_base_t001.tsv.gz,13858,dc6621403568a6fd4b46ab93b29c890ffabf08417dbaef9425e0013031464b0a
P01_L025_BASE_T002,raw_trials,data/raw/source_trials/p01_l025_base_t002.tsv.gz,16001,2cc8fc325b5f11438d014c36fc535bfe60d7a1212d7e575bc680dbb26318278b
P01_L025_BASE_T003,raw_trials,data/raw/source_trials/p01_l025_base_t003.tsv.gz,20176,6c3c64d7558f3bc37f8c1bec134ac9b32c09c8032c65f6d4c78850de62d066a5
P01_L025_BASE_T004,raw_trials,data/raw/source_trials/p01_l025_base_t004.tsv.gz,17636,e792fcfbb67b4ab7afbe40bb0c96cbf18e41bc82d44c509e36fbd217e3839df0
P01_L025_BASE_T005,raw_trials,data/raw/source_trials/p01_l025_base_t005.tsv.gz,59473,25524605fb89ae73f1a1a10a4891f1bc3d754dfef7cf051c3bb53961312ef58f
P01_L025_BASE_T006,raw_trials,data/raw/source_trials/p01_l025_base_t006.tsv.gz,57338,d9a17c1a22e405f041e814403acc6624b471dee6f85bedd689f55d180bf8d6ea
P01_L025_BASE_T007,raw_trials,data/raw/source_trials/p01_l025_base_t007.tsv.gz,54288,24db41fafc9020ac8de27d0d04513f4c9c793059c030c5ba2a846110bb517482
P01_L025_BASE_T008,raw_trials,data/raw/source_trials/p01_l025_base_t008.tsv.gz,50933,cd17539f2d3ab98703730bd45d458afadfcd4b82f41135b6dec6faa6b0d9ecee
P01_L025_BASE_T009,raw_trials,data/raw/source_trials/p01_l025_base_t009.tsv.gz,17833,b34922ae39339c536631f65349b641765becc3db5ea59534810ffc28cb2febd0
P01_L025_BASE_T010,raw_trials,data/raw/source_trials/p01_l025_base_t010.tsv.gz,16773,6226d586b2a270e814fe56253d19ba6f1656f10c527657caa24c354a7400d1c1
P01_L025_BASE_T011,raw_trials,data/raw/source_trials/p01_l025_base_t011.tsv.gz,16569,2cf7cd6635eade40fecfd3f6679cd21102ccb096d2c24bad42de248a582b395c
P01_L025_BASE_T012,raw_trials,data/raw/source_trials/p01_l025_base_t012.tsv.gz,16245,2b4c2083462bbf384d9b23b3a169b6d8bc6522472e3552f187cc27b0c0585349
P01_L025_BASE_T013,raw_trials,data/raw/source_trials/p01_l025_base_t013.tsv.gz,16638,b8aee75531b047a0f90305a2dbd14d469fd4f3daa16424de33cbc35ad53f99f2
P01_L025_BASE_T014,raw_trials,data/raw/source_trials/p01_l025_base_t014.tsv.gz,15953,aaa235826109080f32507ea1a129cc37b77741f6bca53cc8c2327d6cf339ee8f
P01_L025_BASE_T015,raw_trials,data/raw/source_trials/p01_l025_base_t015.tsv.gz,17349,8ed0e66712b87d28209e4b96766bf38baa7c28883789c10b7982c7775bee9212
P01_L025_FLANKER_T000,raw_trials,data/raw/source_trials/p01_l025_flanker_t000.tsv.gz,42088,4800de9946bf06d537a920fc0c9649bcd61208982c05490e76986f17482758df
P01_L025_FLANKER_T001,raw_trials,data/raw/source_trials/p01_l025_flanker_t001.tsv.gz,55203,d39d78cdad16bd2b367d24c7060a72c440eccc6b62283c4bf6cad322a396854b
P01_L025_FLANKER_T002,raw_trials,data/raw/source_trials/p01_l025_flanker_t002.tsv.gz,74113,3324637da4bb9984104dd1650384b61155ecd28f26a66d956ff4ef7712b15ebd
P01_L025_FLANKER_T003,raw_trials,data/raw/source_trials/p01_l025_flanker_t003.tsv.gz,52763,3ba45c8cf63a539b79d6979f93b9cfa40850938e746acfb4efa68bad05b0046d
P01_L025_FLANKER_T004,raw_trials,data/raw/source_trials/p01_l025_flanker_t004.tsv.gz,61913,06de5fc214a4d291acb483517c8c1fe7c3c6f26aab4825612b57e62f69078744
P01_L025_FLANKER_T005,raw_trials,data/raw/source_trials/p01_l025_flanker_t005.tsv.gz,43613,b9b8e0667ecf1b9633160b9c1d8b7c659348d7412659f87efc56622313dc9313
P01_L025_FLANKER_T006,raw_trials,data/raw/source_trials/p01_l025_flanker_t006.tsv.gz,39038,1aefb32d0fe9d079962027ef9060254c443fefe9e3bd27f179800816191ce1ce
P01_L025_FLANKER_T007,raw_trials,data/raw/source_trials/p01_l025_flanker_t007.tsv.gz,38733,a1d3cf311a7febc5900dacbd5ca231098808997d1ad3f4fb220822b71a552f21
P01_L025_FLANKER_T008,raw_trials,data/raw/source_trials/p01_l025_flanker_t008.tsv.gz,44528,dc1f27d0191bad3577e2e2cfcd1a2697d77145969b8ef7ab063a6e18178c6539
P01_L025_FLANKER_T009,raw_trials,data/raw/source_trials/p01_l025_flanker_t009.tsv.gz,56118,1f673f527152b6f0aae85711c0b07862104b7821ae2da7092dbbead44a38cb4d
P01_L025_FLANKER_T010,raw_trials,data/raw/source_trials/p01_l025_flanker_t010.tsv.gz,54898,38d4ccb2db3de70bfc4e1208a041ada188d7a66eb9eb0f0da0fd83553302260b
P01_L025_FLANKER_T011,raw_trials,data/raw/source_trials/p01_l025_flanker_t011.tsv.gz,56728,196739c3553dfe98ff5642bda22a73631641713c66e9d93c629b3c8546988b4f
P01_L025_FLANKER_T012,raw_trials,data/raw/source_trials/p01_l025_flanker_t012.tsv.gz,51848,5a0fddada3e55cfe71d6ad8ccaf06cc3252b934dcafdd7673a0657be0874eefa
P01_L025_FLANKER_T013,raw_trials,data/raw/source_trials/p01_l025_flanker_t013.tsv.gz,51848,310716b84953d4b0e4a66307bac6da330fc748975824552181b85ed4f5262391
P01_L025_FLANKER_T014,raw_trials,data/raw/source_trials/p01_l025_flanker_t014.tsv.gz,57338,8eaa610cd1d8e7a0bed3263372e107b7bca56adbc4627e07a61ee7c7dfa43dd5
P01_L025_FLANKER_T015,raw_trials,data/raw/source_trials/p01_l025_flanker_t015.tsv.gz,57643,bb9da03a60aecf035df102571805931f4d48bc16983c0972569441587663ef8e
P01_L025_FIT,saved_fit_distribution,data/source/saved_fits/p01_l025.tsv.gz,6000303,aa5c171ad5bee1bad6a4a96917909c1c1e286036a8b0b1ff49231fa6674f8f04
P01_L025_PROFILE0,saved_input_zero_profile,data/source/baseline_profiles/p01_l025_profile.tsv.gz,461,5104a0ef0b44d7082b50399bb892ebcf0f220c964210a974df543de0352748d4
P01_L025_SPREAD0,saved_input_zero_spread,data/source/baseline_profiles/p01_l025_spread.tsv.gz,456,45458e3f23653fa8eb527e5cbc488d40cd499d2939896e7716688e5d1234e167
P01_L050_BASE_T000,raw_trials,data/raw/source_trials/p01_l050_base_t000.tsv.gz,16648,4e1e2b57ceedcf396382f1332ea2422a89b57b6af351091e1a9357b6d705e7b4
P01_L050_BASE_T001,raw_trials,data/raw/source_trials/p01_l050_base_t001.tsv.gz,13835,d05c5407a898dfaa4384dc5aa27de02079d1878ffbaf7a2f49c78dabe98fc748
P01_L050_BASE_T002,raw_trials,data/raw/source_trials/p01_l050_base_t002.tsv.gz,8365,f20434cae076edc0453c1f21801b2ec631ee7f650a770e2a49ae93124aec532b
P01_L050_BASE_T003,raw_trials,data/raw/source_trials/p01_l050_base_t003.tsv.gz,10785,b1e9eec255e759743a69654db34ed9a763e02f4288cd614f1bece07004cdfe79
P01_L050_BASE_T004,raw_trials,data/raw/source_trials/p01_l050_base_t004.tsv.gz,13518,2296166bd3884da3987af7e15c71ed7602289908d2b171af1937d74e7999b696
P01_L050_BASE_T005,raw_trials,data/raw/source_trials/p01_l050_base_t005.tsv.gz,16905,ed93eb205fe70637e9c119d0f892c00613f4d6f4f7c4bb3372cd7eee354228d0
P01_L050_BASE_T006,raw_trials,data/raw/source_trials/p01_l050_base_t006.tsv.gz,14832,75d6f91925b18e84bf302b69bb2ec6ba7d65a0d1a9890baab94adae40044b2ec
P01_L050_BASE_T007,raw_trials,data/raw/source_trials/p01_l050_base_t007.tsv.gz,16356,4fad6f3ab3e7022569f30c1cd46e99e3f166005427a53a02123d9eb426724a71
P01_L050_BASE_T008,raw_trials,data/raw/source_trials/p01_l050_base_t008.tsv.gz,26524,ad7413bacc497427759b978430493842db787db474ed76e432c4b36b239a3927
P01_L050_BASE_T009,raw_trials,data/raw/source_trials/p01_l050_base_t009.tsv.gz,12512,11521c57b57d50b11702791e925bcff13c85ba68434986547ac3a62471dff1bf
P01_L050_BASE_T010,raw_trials,data/raw/source_trials/p01_l050_base_t010.tsv.gz,11822,a5527e1306361434de1828c33b339772df4ddfdfc0372a9643fbf4fc722c5161
P01_L050_BASE_T011,raw_trials,data/raw/source_trials/p01_l050_base_t011.tsv.gz,16091,4613a4474a36b207476a629fb78d4898ca69e8b480f74376c817ddb6c163365a
P01_L050_BASE_T012,raw_trials,data/raw/source_trials/p01_l050_base_t012.tsv.gz,16670,ea3ac76466074f8b04bd122b49aca744a7923b1455539734d4f852f38bbd5ca8
P01_L050_BASE_T013,raw_trials,data/raw/source_trials/p01_l050_base_t013.tsv.gz,15518,9105c031378d42b4057ddd2337747a944a115e048dfe5b8a9762d55ff8ce0c33
P01_L050_BASE_T014,raw_trials,data/raw/source_trials/p01_l050_base_t014.tsv.gz,16396,56dc717f9111dc0299beb22f1a3c38837917418301a63fc05595da0ae554b16e
P01_L050_BASE_T015,raw_trials,data/raw/source_trials/p01_l050_base_t015.tsv.gz,15071,9f1465cf438f1931091bdd989c570704d29cffcc8ce7ee58af6a1f746ff5668b
P01_L050_BASE_T016,raw_trials,data/raw/source_trials/p01_l050_base_t016.tsv.gz,18411,da98b07f95c7dc4e46f47b8fa6308afb1bed5f70cbac769e60c77b816a5c3f2f
P01_L050_BASE_T017,raw_trials,data/raw/source_trials/p01_l050_base_t017.tsv.gz,17341,7861dd4921eff4738a170373923261ab7d40e8ba3047c1f57637cbe0587965f5
P01_L050_BASE_T018,raw_trials,data/raw/source_trials/p01_l050_base_t018.tsv.gz,17978,16ff10b837bafa9615e0bdf295a4211a433b63af9edb14f0309e73f5f7d5d648
P01_L050_BASE_T019,raw_trials,data/raw/source_trials/p01_l050_base_t019.tsv.gz,17464,d9a17c8e65cdb1b5afbab29750af96fb666c7786ae65902140a5068f8916f6af
P01_L050_BASE_T020,raw_trials,data/raw/source_trials/p01_l050_base_t020.tsv.gz,17523,4598af9b59243c9a92c15e276cd6a903e6ac6100ffedaf86f68c41f6302fa822
P01_L050_BASE_T021,raw_trials,data/raw/source_trials/p01_l050_base_t021.tsv.gz,16296,d03b1b3d5ffeb17ab5a671aef168a1e68e68bfb6e281314c8c7f839f925d20f5
P01_L050_BASE_T022,raw_trials,data/raw/source_trials/p01_l050_base_t022.tsv.gz,36970,8120a847d6714554d9396d4d5487512f1dc18a364d909770e472d337dfff82ab
P01_L050_BASE_T023,raw_trials,data/raw/source_trials/p01_l050_base_t023.tsv.gz,35937,24f6b9ce0f6d014c19e981731785c1fcf8ae5952d89758b097642cb2d6107f6a
P01_L050_BASE_T024,raw_trials,data/raw/source_trials/p01_l050_base_t024.tsv.gz,19492,826d1d5d3a9eced171417677a9e350826deffd4d41ac232ec7fd13a6751ae42e
P01_L050_BASE_T025,raw_trials,data/raw/source_trials/p01_l050_base_t025.tsv.gz,19423,23e4a6d02d9511154141b6a7845f92969edde9f2e59f345523be0ae7e5e0b327
P01_L050_BASE_T026,raw_trials,data/raw/source_trials/p01_l050_base_t026.tsv.gz,16200,2cffabdf528627fe3a7c5c9f8130d1c9e01f3c15b5d109bc5475520b69379727
P01_L050_FLANKER_T000,raw_trials,data/raw/source_trials/p01_l050_flanker_t000.tsv.gz,16041,3232e7b43cec7d3c3b06effed0076dbb88b21bfaca5671cd31fa6ac1a5f6867b
P01_L050_FLANKER_T001,raw_trials,data/raw/source_trials/p01_l050_flanker_t001.tsv.gz,16180,b2c556bd2bd3a261614f4659450da5a0430133ed5aa02eb5427a333c5947b67c
P01_L050_FLANKER_T002,raw_trials,data/raw/source_trials/p01_l050_flanker_t002.tsv.gz,17204,f00d7b4302aff95ff34dc479ef0906d6af5ed6744b3fe4ca86d03caabf0492b5
P01_L050_FLANKER_T003,raw_trials,data/raw/source_trials/p01_l050_flanker_t003.tsv.gz,15854,76fa55415da3f3a6f20e2d70e8fdd6df68a06b07063081f29410f60c7ff78991
P01_L050_FLANKER_T004,raw_trials,data/raw/source_trials/p01_l050_flanker_t004.tsv.gz,16888,9507a17bddfe98e12cc3122abc1ea525e125e5f12508688702cb09ad0b1a2602
P01_L050_FLANKER_T005,raw_trials,data/raw/source_trials/p01_l050_flanker_t005.tsv.gz,16679,6acbdeec6b9487164d87d434a433eff4d1842bce7c56f0865f8eb536d7f01e64
P01_L050_FLANKER_T006,raw_trials,data/raw/source_trials/p01_l050_flanker_t006.tsv.gz,11452,22073040dee00a58bebd05f4a006b8819518c9f4bec2d3e93503d387e77f4733
P01_L050_FLANKER_T007,raw_trials,data/raw/source_trials/p01_l050_flanker_t007.tsv.gz,12574,e75c40fa455f60766420011e91b699a9e39d30c6ef96186505bd8c4ddc381d60
P01_L050_FLANKER_T008,raw_trials,data/raw/source_trials/p01_l050_flanker_t008.tsv.gz,12595,ee264cf0972508b6e18b6b34793f0df48c523e2cf7395dcc3f06c8de659cb081
P01_L050_FLANKER_T009,raw_trials,data/raw/source_trials/p01_l050_flanker_t009.tsv.gz,13821,eafe7046ed68f81132d01fa91b9102d2feb50b31dbbef788de505287b698e5b7
P01_L050_FLANKER_T010,raw_trials,data/raw/source_trials/p01_l050_flanker_t010.tsv.gz,13696,0d8a1ce59d39d74d62693146181fe93d289b05d180c2e84e8d29c736c011566a
P01_L050_FLANKER_T011,raw_trials,data/raw/source_trials/p01_l050_flanker_t011.tsv.gz,18988,1c4662056a162c093118b3a116f874efa7716dc66129e859a01aea9b673611a0
P01_L050_FLANKER_T012,raw_trials,data/raw/source_trials/p01_l050_flanker_t012.tsv.gz,16871,ab7cfcf7b472abb09e582e9757afbe602b07606fdc608c2a4131043707f3d0f0
P01_L050_FLANKER_T013,raw_trials,data/raw/source_trials/p01_l050_flanker_t013.tsv.gz,17676,cee327325d31f88fda7ba53405a4eec9a54b5d8276d846804351aba92cee9989
P01_L050_FLANKER_T014,raw_trials,data/raw/source_trials/p01_l050_flanker_t014.tsv.gz,17350,c88099e0acb29f5c7d35f8b9f7bc15d3f7d18881f5c8f66010f631cf4c06fa33
P01_L050_FLANKER_T015,raw_trials,data/raw/source_trials/p01_l050_flanker_t015.tsv.gz,17763,0374b61ae6ce98f8d60ca718b6354e3644aef1652ebd326d41dd7941bf2a2cd4
P01_L050_FLANKER_T016,raw_trials,data/raw/source_trials/p01_l050_flanker_t016.tsv.gz,16664,0ca0871e4933dc8d6d380762e1c5cc20c45e3cb4f6c2df509197fb2584487650
P01_L050_FLANKER_T017,raw_trials,data/raw/source_trials/p01_l050_flanker_t017.tsv.gz,19165,f5780d07a0f3c393896d24136761f52363600b88d84b032464e42d9f48607bbd
P01_L050_FLANKER_T018,raw_trials,data/raw/source_trials/p01_l050_flanker_t018.tsv.gz,14580,8172a63bc0187843ab70992862396f020dbc604218c8b41f41287c35bdbdec33
P01_L050_FLANKER_T019,raw_trials,data/raw/source_trials/p01_l050_flanker_t019.tsv.gz,11531,025e262d057323c6cdc33af8b08d0054a9b8bbdadd68959097f0b7ababa6514a
P01_L050_FLANKER_T020,raw_trials,data/raw/source_trials/p01_l050_flanker_t020.tsv.gz,36587,4c0a86f942c295ed0e43154c889d5049043bce8f375aa0344099c37e5174b4da
P01_L050_FLANKER_T021,raw_trials,data/raw/source_trials/p01_l050_flanker_t021.tsv.gz,17394,c2b3fc084b51f1ad2543a64bac2b93b6b69bc224aca21662188d8f9f5d8141fd
P01_L050_FLANKER_T022,raw_trials,data/raw/source_trials/p01_l050_flanker_t022.tsv.gz,17018,121a534eac98be9299dd733a977f97458d636e10ab1a3de84ffaa00b1dc4fd25
P01_L050_FLANKER_T023,raw_trials,data/raw/source_trials/p01_l050_flanker_t023.tsv.gz,19765,af346228cac21589abcaff0b0769437f9c49e89c685236c2d8dbd7e75db3e948
P01_L050_FLANKER_T024,raw_trials,data/raw/source_trials/p01_l050_flanker_t024.tsv.gz,21470,6b55dca4401db7955052bb945fb162cc1724556387375cb1274543bbf8ce29f3
P01_L050_FLANKER_T025,raw_trials,data/raw/source_trials/p01_l050_flanker_t025.tsv.gz,32258,650a775d79fa4ec90791013d633068950861d4de05469f0ac10f903770818522
P01_L050_FLANKER_T026,raw_trials,data/raw/source_trials/p01_l050_flanker_t026.tsv.gz,35573,8c259049959ed10f01d1dd406bb3ee547c7b20697a394101eb6deefcec54a228
P01_L050_FIT,saved_fit_distribution,data/source/saved_fits/p01_l050.tsv.gz,6000757,1b352721071c1ac4be3f6a57cfcc2813c4422671ba904569de201a1a45c24731
P01_L050_PROFILE0,saved_input_zero_profile,data/source/baseline_profiles/p01_l050_profile.tsv.gz,821,38dce18b3998a818fc68a3cc6b5d56b8eb8068ed6ea54fb341e2a2fa5586bd79
P01_L050_SPREAD0,saved_input_zero_spread,data/source/baseline_profiles/p01_l050_spread.tsv.gz,791,65d8cbaf6d14170c8be69c0ec665880cb6316089a4c4ec2683b8f10ed29e0973
P01_L200_BASE_T000,raw_trials,data/raw/source_trials/p01_l200_base_t000.tsv.gz,11825,d681fb31b4ad94a94704a5d5528e75ec7db41e49391c4e556ffa9ba2c2aeed4a
P01_L200_BASE_T001,raw_trials,data/raw/source_trials/p01_l200_base_t001.tsv.gz,13604,e31901bdf9adc6f19275d18c7af5c55bc9ff7fd0c4a968388150814b0bbed6a3
P01_L200_BASE_T002,raw_trials,data/raw/source_trials/p01_l200_base_t002.tsv.gz,24598,f75c4749c27f2fffb3a608113cf4d87b63a430901d959d9341fc3e1ace1c5f10
P01_L200_BASE_T003,raw_trials,data/raw/source_trials/p01_l200_base_t003.tsv.gz,23241,9878b06f7a30792de87820b708025215e7a3e6b9dfe94966b1cd4ae84d38fd79
P01_L200_BASE_T004,raw_trials,data/raw/source_trials/p01_l200_base_t004.tsv.gz,13331,fa1f223660c623a5250efb3bfb2499b8db965973a30be6b2935d4a009e9a886b
P01_L200_BASE_T005,raw_trials,data/raw/source_trials/p01_l200_base_t005.tsv.gz,12033,5b0e6cfe952462ede89d2e8523cf512c907c3629e3c67554041e8e7cd7d7b16e
P01_L200_BASE_T006,raw_trials,data/raw/source_trials/p01_l200_base_t006.tsv.gz,16271,77ec4f980a5ef9bb0835d9543c9dcff1c60a6d50f087e702c3b1398a5b332775
P01_L200_BASE_T007,raw_trials,data/raw/source_trials/p01_l200_base_t007.tsv.gz,15716,cf86b60fca11cb82fa072a5e091754cd1b34ba2fad2a5bb34b65c3b984e8fd53
P01_L200_BASE_T008,raw_trials,data/raw/source_trials/p01_l200_base_t008.tsv.gz,15382,9b726e332535d5bdb2ae309c18933968c051aacd8d06f20284446d5a77cc503f
P01_L200_BASE_T009,raw_trials,data/raw/source_trials/p01_l200_base_t009.tsv.gz,15177,8116194f11d4e7f31a9927b4da14805bc0a3bdc8f4b6ce43a89d5d66ac8d37c6
P01_L200_BASE_T010,raw_trials,data/raw/source_trials/p01_l200_base_t010.tsv.gz,15404,1cd1fe3bcb8108a0d2621021fe0ca897729e21ba12062a0dc5c7130901de244f
P01_L200_BASE_T011,raw_trials,data/raw/source_trials/p01_l200_base_t011.tsv.gz,15573,0c4ec2d0e94fde21001a32191d7daa5a5a9bf1f06a301caf972b8a89ebffa445
P01_L200_BASE_T012,raw_trials,data/raw/source_trials/p01_l200_base_t012.tsv.gz,11482,5e08002ec4c7a1bc5a69d99c4ff18b89d728b8b5a9462d725f7ce4099ddd5fb8
P01_L200_BASE_T013,raw_trials,data/raw/source_trials/p01_l200_base_t013.tsv.gz,11663,daec94240adec727b51effb64a7a0b287c2a58f946881c67acb7baa574eeefc7
P01_L200_BASE_T014,raw_trials,data/raw/source_trials/p01_l200_base_t014.tsv.gz,13655,c988439bfd1de9bc3bcc1da71cb83489ec4d29e10c0c552684c6d394323ebe9d
P01_L200_BASE_T015,raw_trials,data/raw/source_trials/p01_l200_base_t015.tsv.gz,22633,6cfbb428fc24f5a24891a30bd1e0590aeca1aecaabe982bf6eb7355ba2ad4f00
P01_L200_BASE_T016,raw_trials,data/raw/source_trials/p01_l200_base_t016.tsv.gz,25635,eb95d1b5aeef2e3e94db196328400ebfc447c995b39fa9c7d91bc0bc87eccb94
P01_L200_BASE_T017,raw_trials,data/raw/source_trials/p01_l200_base_t017.tsv.gz,22548,160e2f9d71b3a6597f607a8d406e7bb1076e56159dd9f1221e1ca46fcaba846e
P01_L200_BASE_T018,raw_trials,data/raw/source_trials/p01_l200_base_t018.tsv.gz,24614,19a719c16e9cd746b0f77b830d93ed361d7f81741287d40945988584858f5034
P01_L200_BASE_T019,raw_trials,data/raw/source_trials/p01_l200_base_t019.tsv.gz,13032,a9cd37536665142030408d82394e46c2daef844450b83850ce733c10ce78915f
P01_L200_BASE_T020,raw_trials,data/raw/source_trials/p01_l200_base_t020.tsv.gz,13016,6c8a4fb7ab0d2254f33dce52f84f3c5e9199e4fb387f0eead4fc843f758f897a
P01_L200_BASE_T021,raw_trials,data/raw/source_trials/p01_l200_base_t021.tsv.gz,25486,7c5e9656a4bf1c9bd54f4c52bddf40dc1a53b8dd9c982137422b220f0fd66d19
P01_L200_FLANKER_T000,raw_trials,data/raw/source_trials/p01_l200_flanker_t000.tsv.gz,25731,b7b12de3f4bf5faaced8214d957a9a2f84af7b4bae6bfa8baf1ba445e1aa8772
P01_L200_FLANKER_T001,raw_trials,data/raw/source_trials/p01_l200_flanker_t001.tsv.gz,22301,e088063ad55b1dbc1b90f524b29f460c6e49e7070edc2b25ba07ceacdd808eb7
P01_L200_FLANKER_T002,raw_trials,data/raw/source_trials/p01_l200_flanker_t002.tsv.gz,26660,3d8d8f169c08c4befbbb87bf66ece2d1f7fd399cd737ec8918d37956475e1eb3
P01_L200_FLANKER_T003,raw_trials,data/raw/source_trials/p01_l200_flanker_t003.tsv.gz,17499,92736f01371e8cc54e01bf00b57f42f7cfb5b7574d217443b633e2b0eb30185c
P01_L200_FLANKER_T004,raw_trials,data/raw/source_trials/p01_l200_flanker_t004.tsv.gz,13616,fd114f102e66766c91f7ce7dd0c8798b990c3e153535665d27d0a9e23ba5438f
P01_L200_FLANKER_T005,raw_trials,data/raw/source_trials/p01_l200_flanker_t005.tsv.gz,8660,f8cb695fceac04c7443c163d1bc4debfaeffc934944c9b02035b9fa7898923b9
P01_L200_FLANKER_T006,raw_trials,data/raw/source_trials/p01_l200_flanker_t006.tsv.gz,6607,96a21a3d2f6676564dc8ba1493136d10ae886fb232bc382d00d18b2ce3b24fc4
P01_L200_FLANKER_T007,raw_trials,data/raw/source_trials/p01_l200_flanker_t007.tsv.gz,15202,a66474f17a3765e662a382f3d5ba8d3eed2140c15edbd8821414eff924e82a73
P01_L200_FLANKER_T008,raw_trials,data/raw/source_trials/p01_l200_flanker_t008.tsv.gz,16986,2c451f61083d45da0a15358517951416fa54424d07f1ca4481d30a47fda8b667
P01_L200_FLANKER_T009,raw_trials,data/raw/source_trials/p01_l200_flanker_t009.tsv.gz,16225,dba7a15853d5ea326e4cdd7b1a02b99a833d3e6ea144e0515ae9a10abd86b24c
P01_L200_FLANKER_T010,raw_trials,data/raw/source_trials/p01_l200_flanker_t010.tsv.gz,17050,86ba423f53a527c632d4ce88c4ee991ad389b255662d3319fbaa9e5f2321dcf6
P01_L200_FLANKER_T011,raw_trials,data/raw/source_trials/p01_l200_flanker_t011.tsv.gz,9894,cdc344708702c3ddb907655ec4e1d35ad84efbe65e783502bc9caace21bb4f27
P01_L200_FLANKER_T012,raw_trials,data/raw/source_trials/p01_l200_flanker_t012.tsv.gz,11505,5864cbc2257b5aed4d2b30f9ed00caf17b2ebf36b15b45935565f0ee175f94aa
P01_L200_FLANKER_T013,raw_trials,data/raw/source_trials/p01_l200_flanker_t013.tsv.gz,11196,3c48a4150580781e321f829e3389a2559903326f214174792ef3902e1e446661
P01_L200_FLANKER_T014,raw_trials,data/raw/source_trials/p01_l200_flanker_t014.tsv.gz,9122,6dd1107a57ae5330056767258421d450926b0d9304eb5450ec7696f5c3b31e4d
P01_L200_FLANKER_T015,raw_trials,data/raw/source_trials/p01_l200_flanker_t015.tsv.gz,27399,f80df242db56dc24d8bcedaa4c347d20b0ad2e3aa855042d9da383fc73464cfd
P01_L200_FLANKER_T016,raw_trials,data/raw/source_trials/p01_l200_flanker_t016.tsv.gz,23546,2675cbe7e3d79ec05d22f0d339ed8406cc5681d2f2a79753caffbead502e3f37
P01_L200_FLANKER_T017,raw_trials,data/raw/source_trials/p01_l200_flanker_t017.tsv.gz,22739,6f07ceb2c247b7ecdd111ed14647063ede701fe12f7874fb76e4bf7b1cc096e1
P01_L200_FLANKER_T018,raw_trials,data/raw/source_trials/p01_l200_flanker_t018.tsv.gz,26385,b20155eb72cc51f5dccb6ad67db3b8cee0bb5628a64469c0d5af990c351c8039
P01_L200_FLANKER_T019,raw_trials,data/raw/source_trials/p01_l200_flanker_t019.tsv.gz,16964,ff3b28b75480a8d81e867797becd5b3972db80391ba67ef1cd12dd66922a55e7
P01_L200_FLANKER_T020,raw_trials,data/raw/source_trials/p01_l200_flanker_t020.tsv.gz,15549,3913a15274e6714a2e07fb9492e2cbe52e70bc8f223bb2d30ca2602d9231e248
P01_L200_FLANKER_T021,raw_trials,data/raw/source_trials/p01_l200_flanker_t021.tsv.gz,47377,521f9c101b1c3788b943b6ef0d4ddd6716e17595f6656e7e7a440e71035c66d5
P01_L200_FIT,saved_fit_distribution,data/source/saved_fits/p01_l200.tsv.gz,6001724,a649e73ee598f824afd97d9b9b4e49aa2dc478cd6a6738692ab6cff9a2c212d6
P01_L200_PROFILE0,saved_input_zero_profile,data/source/baseline_profiles/p01_l200_profile.tsv.gz,654,2866a1a0e3db45ba1e6102c88ed80597b8e2a9bbbee2f7d5bc6751c9608e6d7b
P01_L200_SPREAD0,saved_input_zero_spread,data/source/baseline_profiles/p01_l200_spread.tsv.gz,643,7c4974b5c70dd3abe2c0741d12b81a0ef066e9589316754abc1c85b1ebd2728b
P02_L010_BASE_T000,raw_trials,data/raw/source_trials/p02_l010_base_t000.tsv.gz,55508,eb326fc0db10d61a639bf5f6e97ed966b6863c2aca744112318ce5da102f8148
P02_L010_BASE_T001,raw_trials,data/raw/source_trials/p02_l010_base_t001.tsv.gz,52458,a50a04754b30eecf7202d29bb163611428648bf4b462cac42094d04255910573
P02_L010_BASE_T002,raw_trials,data/raw/source_trials/p02_l010_base_t002.tsv.gz,61303,1d60d8f6b0e608b7cdcf3a4da12541a4bdb4720856b7abba045ef296017d6e1a
P02_L010_BASE_T003,raw_trials,data/raw/source_trials/p02_l010_base_t003.tsv.gz,58863,89c7a983e0a4d06d2ce4e351d18d1c16381fe0416234a3f4b5385f2b2119d5ce
P02_L010_BASE_T004,raw_trials,data/raw/source_trials/p02_l010_base_t004.tsv.gz,52458,00228a11ce8c32f4f1dfdc24392a2bd2dadda79b00b73b2f16347327211d2067
P02_L010_BASE_T005,raw_trials,data/raw/source_trials/p02_l010_base_t005.tsv.gz,53068,1fac06306085d6e34b7d0847a180c174ce1cdf3da6a767826c5fbbf44c75e3ad
P02_L010_BASE_T006,raw_trials,data/raw/source_trials/p02_l010_base_t006.tsv.gz,59168,f805452ea85f5b8416898fed63995c329725b7b5aad1e02ae0eb95562d10328a
P02_L010_BASE_T007,raw_trials,data/raw/source_trials/p02_l010_base_t007.tsv.gz,59778,3b0c8be758b86f49cb7f97bfd657e3740b433694456889542c753a61ca624529
P02_L010_BASE_T008,raw_trials,data/raw/source_trials/p02_l010_base_t008.tsv.gz,50933,26cced7bb4e2ac52cda4a1a34f9447e56dce2d7729c0e155cd0eb225c06659db
P02_L010_BASE_T009,raw_trials,data/raw/source_trials/p02_l010_base_t009.tsv.gz,60388,7c5a2626ed01e0d35c2d8ccc0d3fbdd0a07ed03d0fa1bf52f038f47e682d6fcc
P02_L010_BASE_T010,raw_trials,data/raw/source_trials/p02_l010_base_t010.tsv.gz,59473,7fe3e1a2d796c359351a79858aee7eb68bcdd8b57cb342546bab5fbab1be8c9c
P02_L010_BASE_T011,raw_trials,data/raw/source_trials/p02_l010_base_t011.tsv.gz,48188,c4ee337ac823e0670735e45d6c56134580b3884d394ce85bc37158b4cea5b377
P02_L010_FLANKER_T000,raw_trials,data/raw/source_trials/p02_l010_flanker_t000.tsv.gz,68318,ef7e2aa1fec96192f017f5711f2f49913f9cb8f0bc2199016ba32aab2deee48d
P02_L010_FLANKER_T001,raw_trials,data/raw/source_trials/p02_l010_flanker_t001.tsv.gz,58558,7e8e76e6a415bdbb124827242d590508d74763d42b7f6ac17eae049eb9d0fc01
P02_L010_FLANKER_T002,raw_trials,data/raw/source_trials/p02_l010_flanker_t002.tsv.gz,56728,d6c95d8f99f194f426aeef266e28429f5b085e4652a4b4e1e23968407c2c803d
P02_L010_FLANKER_T003,raw_trials,data/raw/source_trials/p02_l010_flanker_t003.tsv.gz,54898,1535ab2735095c564cb917317eb82aa3286f2f46c122641078c56f5c04e71895
P02_L010_FLANKER_T004,raw_trials,data/raw/source_trials/p02_l010_flanker_t004.tsv.gz,56728,819e669183499ce2b9363eff89a185458837eaea9b721f9ff9d64f6d7996f91c
P02_L010_FLANKER_T005,raw_trials,data/raw/source_trials/p02_l010_flanker_t005.tsv.gz,66488,a5c661824ff51bf5187f53aaeec35edb1e8a7d198d9089e396cdbad820deb7a3
P02_L010_FLANKER_T006,raw_trials,data/raw/source_trials/p02_l010_flanker_t006.tsv.gz,48798,a71d4d5aa948c686e85dc540fa399ffce2d5804f25a5c9fa981c0e34bc9a57e0
P02_L010_FLANKER_T007,raw_trials,data/raw/source_trials/p02_l010_flanker_t007.tsv.gz,52458,749a36a0de79e5c0bb1bbb316e92125c14cac363165d4fabf204ad7d4c44178e
P02_L010_FLANKER_T008,raw_trials,data/raw/source_trials/p02_l010_flanker_t008.tsv.gz,54288,d89e5dde913bc9b04f279662792968835bd2edcd6191a02dfe2b8313b70f18f0
P02_L010_FLANKER_T009,raw_trials,data/raw/source_trials/p02_l010_flanker_t009.tsv.gz,59168,58b92acc8f6968926958d2ef7797e57817696d94766486ddd0e3a81633560037
P02_L010_FLANKER_T010,raw_trials,data/raw/source_trials/p02_l010_flanker_t010.tsv.gz,45443,22ceb97dc3162b79c842464445c3c3dc8313aab34c905dbcad9493e967990cdd
P02_L010_FLANKER_T011,raw_trials,data/raw/source_trials/p02_l010_flanker_t011.tsv.gz,53983,c19e467bb90e5f6184031a4ebb7b8ade38cce48d6778b84da29af3f1f8689752
P02_L010_FIT,saved_fit_distribution,data/source/saved_fits/p02_l010.tsv.gz,6000753,9d6cb8ad42b75697307a8842a7e1e27ba01936b49beb817d224efdd74a6cb8bb
P02_L010_PROFILE0,saved_input_zero_profile,data/source/baseline_profiles/p02_l010_profile.tsv.gz,347,ea4f6eb5a826972a627faa5aeb71fe08422f05ab0e630ed86eec8976dde3324f
P02_L010_SPREAD0,saved_input_zero_spread,data/source/baseline_profiles/p02_l010_spread.tsv.gz,331,5e4ee5a3d2ec33cf7f7045f9be46dbcac18b55e99608b977814ea404d93bedb2
P02_L026_BASE_T000,raw_trials,data/raw/source_trials/p02_l026_base_t000.tsv.gz,54593,4112425a36db3e7cd3aeb121673fd7a97b44c30ce6376cf19a0403b1f94f98ec
P02_L026_BASE_T001,raw_trials,data/raw/source_trials/p02_l026_base_t001.tsv.gz,53373,9563445cd4c939c8e72f10a56e63f8ae5670ee3255827521d0b3b0abae60defa
P02_L026_BASE_T002,raw_trials,data/raw/source_trials/p02_l026_base_t002.tsv.gz,54288,a595524c6bddffe91d8469772ff25997f3119ca26641eb53c663fe8cc27ca33f
P02_L026_BASE_T003,raw_trials,data/raw/source_trials/p02_l026_base_t003.tsv.gz,51543,39dbbbf8e8ee408b407acbb1720b4b806b4dea97cec2b626074230976076d9e2
P02_L026_BASE_T004,raw_trials,data/raw/source_trials/p02_l026_base_t004.tsv.gz,54898,47915156b2364f738a451149c9ccb39e34038c9b4e9755d41bfc9dcdf6ae8f5a
P02_L026_BASE_T005,raw_trials,data/raw/source_trials/p02_l026_base_t005.tsv.gz,52458,bbb882452b2a7b19df75c819b4354d77a8680cd38fc3cd951b82434dbb52d747
P02_L026_BASE_T006,raw_trials,data/raw/source_trials/p02_l026_base_t006.tsv.gz,50628,a616c6f80fc4e915c6a6b8c5b97b6ac51acfef8ce8e7ae4f5b08070c5bfff048
P02_L026_BASE_T007,raw_trials,data/raw/source_trials/p02_l026_base_t007.tsv.gz,56423,15155cb50953a608dd5d54b3a17e9f82c449060f8f6b718bcff97e36b950d953
P02_L026_BASE_T008,raw_trials,data/raw/source_trials/p02_l026_base_t008.tsv.gz,57033,5027abcfee76122bacd0636594261259c9e9cdf8739b0cae8e36d5484840c229
P02_L026_BASE_T009,raw_trials,data/raw/source_trials/p02_l026_base_t009.tsv.gz,51238,1263e9480454ac188d59a2601a551d42c618b15a33361788e96c1a6ce39e2d28
P02_L026_BASE_T010,raw_trials,data/raw/source_trials/p02_l026_base_t010.tsv.gz,61303,3798002e9032c8043bd8138eb8c7080cd2fd4e04f0fd7255268cc0f0c79755bb
P02_L026_BASE_T011,raw_trials,data/raw/source_trials/p02_l026_base_t011.tsv.gz,55508,bd5e4b0ef93eed93992482cd04c0419ae201f7fddd6d2fa8da05c777aebc67b3
P02_L026_BASE_T012,raw_trials,data/raw/source_trials/p02_l026_base_t012.tsv.gz,57033,756543f390cfd3c25fce09570e2ad236babee55a89e049b394c8f73973a96bbc
P02_L026_BASE_T013,raw_trials,data/raw/source_trials/p02_l026_base_t013.tsv.gz,67708,31d0c1dd319d2811f9da64211665ab46840baf5fd45d3b1faa61441f1c634142
P02_L026_BASE_T014,raw_trials,data/raw/source_trials/p02_l026_base_t014.tsv.gz,53678,7f90b1728f0d107189b51d537f60ba047a5f1593bc9efdf12a79c7588f1048a0
P02_L026_BASE_T015,raw_trials,data/raw/source_trials/p02_l026_base_t015.tsv.gz,58863,1b7cde1cf8735c33f1b34f734447af1ee0382618f6f31572c5a5de1f8ab6e202
P02_L026_FLANKER_T000,raw_trials,data/raw/source_trials/p02_l026_flanker_t000.tsv.gz,48493,fd9918cbe4630433970ced2376e6b5b376ba55e68bb157f772b5be066436a318
P02_L026_FLANKER_T001,raw_trials,data/raw/source_trials/p02_l026_flanker_t001.tsv.gz,60998,c191f4aa7c2beecb40cc88b55d9ccd035ff7dedb0b5d94792e472cb62265d63b
P02_L026_FLANKER_T002,raw_trials,data/raw/source_trials/p02_l026_flanker_t002.tsv.gz,56728,5b8fe1d07eca381dd359ccfcd9c7d14d68164e60642802dc0470e1ab6c59599b
P02_L026_FLANKER_T003,raw_trials,data/raw/source_trials/p02_l026_flanker_t003.tsv.gz,61303,18852a1aba4153e7ec4b6b538a2f1d4aa4f46f0c5befd423f6fd2104a5aa1ce3
P02_L026_FLANKER_T004,raw_trials,data/raw/source_trials/p02_l026_flanker_t004.tsv.gz,53068,f9c7b0a1a047237e909661a6f0cad2db4f02171e3595f28e5c31273be84fbdc6
P02_L026_FLANKER_T005,raw_trials,data/raw/source_trials/p02_l026_flanker_t005.tsv.gz,57033,ae2fdcc993c274a5409d008f5c889792c42e6142dd570245cc3c269a54bb0662
P02_L026_FLANKER_T006,raw_trials,data/raw/source_trials/p02_l026_flanker_t006.tsv.gz,61303,7d2dfdf2a2d34fb72c1abf8efc25772068fe2b0c9388983c98d7d61b9c82558d
P02_L026_FLANKER_T007,raw_trials,data/raw/source_trials/p02_l026_flanker_t007.tsv.gz,55203,759f69700761fa9881e0659a3e803282d6ddd0c4092850d78f3aa711cc67960c
P02_L026_FLANKER_T008,raw_trials,data/raw/source_trials/p02_l026_flanker_t008.tsv.gz,51238,04406097f419be0c96a301acdcd32524e69e2a88fc5acd19738ded79241baa02
P02_L026_FLANKER_T009,raw_trials,data/raw/source_trials/p02_l026_flanker_t009.tsv.gz,54288,14bf2dccf8e98991509cd28bfaa545abcf3bdb52042ba1de119c701c70c6393a
P02_L026_FLANKER_T010,raw_trials,data/raw/source_trials/p02_l026_flanker_t010.tsv.gz,61608,7519d4efb4d6c347167ecea6bb9cd4b602db1166b23026797faa709c10e406d7
P02_L026_FLANKER_T011,raw_trials,data/raw/source_trials/p02_l026_flanker_t011.tsv.gz,52458,52d0ace7a0d6aba6fd97f4cb726b37650c47550f4b62c5e17de5148f62dffc8d
P02_L026_FLANKER_T012,raw_trials,data/raw/source_trials/p02_l026_flanker_t012.tsv.gz,60388,87ebaa2d1492e3d664439eb7c208aea45c6628d52713bc7a8df3e7f7ac9740c6
P02_L026_FLANKER_T013,raw_trials,data/raw/source_trials/p02_l026_flanker_t013.tsv.gz,48188,cc031b0923bb12ede0f9d878d9ea7dcbfda2aee2c7b3e26244767081579893d1
P02_L026_FLANKER_T014,raw_trials,data/raw/source_trials/p02_l026_flanker_t014.tsv.gz,58558,5ba0d12e517f4645bd913483cb22dd64b628724d63047c652ce805ccf2067dad
P02_L026_FLANKER_T015,raw_trials,data/raw/source_trials/p02_l026_flanker_t015.tsv.gz,50018,f47ab1b9a9e3c4903e7d5ff76d681d6d566638ce914b175df0127ad700ad0b2d
P02_L026_FIT,saved_fit_distribution,data/source/saved_fits/p02_l026.tsv.gz,6000553,2a892b4a2e99b2a460bd41424fce2eb46719dd7a81fd926a8e8378273a574193
P02_L026_PROFILE0,saved_input_zero_profile,data/source/baseline_profiles/p02_l026_profile.tsv.gz,453,70a2cb7b516c9bd24b345863c052984910cde37ef893dd243c2cb4de284349f6
P02_L026_SPREAD0,saved_input_zero_spread,data/source/baseline_profiles/p02_l026_spread.tsv.gz,443,6273fbc9d141daf284d3055e73dbf6611358eb7dae040f83fe5b76f6f0a3d875
P02_L049_BASE_T000,raw_trials,data/raw/source_trials/p02_l049_base_t000.tsv.gz,60693,55b10f259d9ae7aaa11a6d4bbfe052aa72e7ab267819566f2886772df90f5938
P02_L049_BASE_T001,raw_trials,data/raw/source_trials/p02_l049_base_t001.tsv.gz,64048,e6732856908be4da1fdb4a3012d136e62e051968536dc24bcd19139374c1f0f3
P02_L049_BASE_T002,raw_trials,data/raw/source_trials/p02_l049_base_t002.tsv.gz,54898,d57afb1247a77fa06618f808899b7d5d052f88cf9413b60415ed86fa13c378aa
P02_L049_BASE_T003,raw_trials,data/raw/source_trials/p02_l049_base_t003.tsv.gz,60998,987b854638f31d313158d67d1ccbbfb8a9c729e2345212d0b47ea4799ce20053
P02_L049_BASE_T004,raw_trials,data/raw/source_trials/p02_l049_base_t004.tsv.gz,59168,d28032f2fef7c363e4bad32f440d365cada18197c324c0edf1b6fbab7f7d1cad
P02_L049_BASE_T005,raw_trials,data/raw/source_trials/p02_l049_base_t005.tsv.gz,74723,3c4f4c9982da700f85af7107073d608b77b2b50c6437164c688d56a3832133d7
P02_L049_BASE_T006,raw_trials,data/raw/source_trials/p02_l049_base_t006.tsv.gz,64048,2c97531399d7ccf379117bf18da7d1245e5c5a943af123c93ea34d4196dc144c
P02_L049_BASE_T007,raw_trials,data/raw/source_trials/p02_l049_base_t007.tsv.gz,66488,6fcf5b52a4aa1e62196fd9b5fcd5ee69f7a330540263c05ca8d16693fad8a5ef
P02_L049_BASE_T008,raw_trials,data/raw/source_trials/p02_l049_base_t008.tsv.gz,62523,727257bf123e59302120403a7f97b4e09a995e0837b8d0b7115f65876894f6a8
P02_L049_BASE_T009,raw_trials,data/raw/source_trials/p02_l049_base_t009.tsv.gz,55203,792a9677afe4eb1b5325d632162ecc52fac4111611c8d4e1ffc40f6caa581ec7
P02_L049_BASE_T010,raw_trials,data/raw/source_trials/p02_l049_base_t010.tsv.gz,42088,d8429e1786ba7c8c6df18506c88d7deff277d1c9fe89cb848cc017bad133d395
P02_L049_BASE_T011,raw_trials,data/raw/source_trials/p02_l049_base_t011.tsv.gz,35378,603651747c1f80178f8c4efd6c6c8dc193a383a87a5997b3f70da61778a3ed89
P02_L049_BASE_T012,raw_trials,data/raw/source_trials/p02_l049_base_t012.tsv.gz,33243,4bbd1fb9e9c781bf919b4bba5ad9b59f96a4adc20b65128afb4326dd05b1e629
P02_L049_BASE_T013,raw_trials,data/raw/source_trials/p02_l049_base_t013.tsv.gz,68623,e1fe8b62ca27cd5be00fd93abaacb1a38d8c04e819aa0df5845dc66f1ca77cc8
P02_L049_BASE_T014,raw_trials,data/raw/source_trials/p02_l049_base_t014.tsv.gz,76858,77b5f7b6984cdb4d98260657f925e85d6c2e085260ab6c26aaae88d9ba7c4369
P02_L049_BASE_T015,raw_trials,data/raw/source_trials/p02_l049_base_t015.tsv.gz,76553,a65643159a94e53a99b715bcd142beb5621599a38d802ba41d873cc42176f3dd
P02_L049_BASE_T016,raw_trials,data/raw/source_trials/p02_l049_base_t016.tsv.gz,54898,30a8c5e69be6a09863b2ec92cda0c1b9b8760ab3e566072150f91969e26387ea
P02_L049_BASE_T017,raw_trials,data/raw/source_trials/p02_l049_base_t017.tsv.gz,53373,078a3d89b8635acfc432da442eff5ad41acfaf794386d8b3f2a07e4c6b4b548e
P02_L049_BASE_T018,raw_trials,data/raw/source_trials/p02_l049_base_t018.tsv.gz,56728,c4e71b8b7c911849d19e5fb7436c6f85d5fa8ad8c251fd2021d1b94800a2024b
P02_L049_BASE_T019,raw_trials,data/raw/source_trials/p02_l049_base_t019.tsv.gz,60693,463002889ff15c3ecbbbc1530cca9245393d0aca5da33273c133be44c322be21
P02_L049_FLANKER_T000,raw_trials,data/raw/source_trials/p02_l049_flanker_t000.tsv.gz,77468,49686d87ace1382f321fb1ac3696d0b41bb7ff3455d5904e99848434c667bcbd
P02_L049_FLANKER_T001,raw_trials,data/raw/source_trials/p02_l049_flanker_t001.tsv.gz,72588,7695cca0db92a952b0d48ecff7ebe697b473d3911d76e6ae14afdde32e3e5849
P02_L049_FLANKER_T002,raw_trials,data/raw/source_trials/p02_l049_flanker_t002.tsv.gz,71673,856a41d77b61d66e5d5783ed06fa098947a884309ac5af87c2ed5ded75784327
P02_L049_FLANKER_T003,raw_trials,data/raw/source_trials/p02_l049_flanker_t003.tsv.gz,69538,fc6f3fe748ef2040d873ce3f34107f1bac73edce68031d6c187ce1b27e38b280
P02_L049_FLANKER_T004,raw_trials,data/raw/source_trials/p02_l049_flanker_t004.tsv.gz,65268,bc0e3561634d6f093d508f3f74013aafa692cf9c7b50903512574788e8d70e1c
P02_L049_FLANKER_T005,raw_trials,data/raw/source_trials/p02_l049_flanker_t005.tsv.gz,70453,1b3b1b6a78773190cbb0674ba3026ddf827c68b52a837277bbb4463905e1e253
P02_L049_FLANKER_T006,raw_trials,data/raw/source_trials/p02_l049_flanker_t006.tsv.gz,76858,968e33be2aff673237f6609563d6bfc172acf030d8fabd1647700f0eaa605948
P02_L049_FLANKER_T007,raw_trials,data/raw/source_trials/p02_l049_flanker_t007.tsv.gz,62828,9aeb44f50f7f512990da3f0dc455e36952e58438f66530d48430191ac7c65a78
P02_L049_FLANKER_T008,raw_trials,data/raw/source_trials/p02_l049_flanker_t008.tsv.gz,68928,3926b3b27e8bfb0a89170cb854897f6be08c7af962931e7ea4816393a0ac6bc7
P02_L049_FLANKER_T009,raw_trials,data/raw/source_trials/p02_l049_flanker_t009.tsv.gz,65573,0185f6bde3e97c6cab63181dfe43d84ed7a05015faa8b35addde13a8e0925760
P02_L049_FLANKER_T010,raw_trials,data/raw/source_trials/p02_l049_flanker_t010.tsv.gz,66793,873a631866ae95a6ea432019826072ac3c70fea5fc7e15555154facb906a0650
P02_L049_FLANKER_T011,raw_trials,data/raw/source_trials/p02_l049_flanker_t011.tsv.gz,79298,9b1cde732ae1a45af6d30ae80cc87eb056098c975d8e0b5fecef6b5fe177fe4b
P02_L049_FLANKER_T012,raw_trials,data/raw/source_trials/p02_l049_flanker_t012.tsv.gz,71368,433a5b5f935ae90b86bd54ee44cca578fd1ad28e540e7780fa097ef709c794ad
P02_L049_FLANKER_T013,raw_trials,data/raw/source_trials/p02_l049_flanker_t013.tsv.gz,72588,29a01e90d8b0407dfe6b41596f874df2e02d5c8a005e7b3aaf2bd8db327a84f9
P02_L049_FLANKER_T014,raw_trials,data/raw/source_trials/p02_l049_flanker_t014.tsv.gz,78688,aa68b96207931da0ce33d3ae6d996aa04f94278b61a691df86eff4f66a0b425f
P02_L049_FLANKER_T015,raw_trials,data/raw/source_trials/p02_l049_flanker_t015.tsv.gz,78383,6b056dcbcc596dc0c9194139a33dec7cf403bb8352271c961452c5c676921c09
P02_L049_FIT,saved_fit_distribution,data/source/saved_fits/p02_l049.tsv.gz,6000858,89c33b4170092a958376ed6d66da7d1e90ce22f58579de2580e1dcfc0a5cf391
P02_L049_PROFILE0,saved_input_zero_profile,data/source/baseline_profiles/p02_l049_profile.tsv.gz,567,3c71828710eac1544fdd90fcc7755dd6c8615fb882a01d30acc33e334642dc28
P02_L049_SPREAD0,saved_input_zero_spread,data/source/baseline_profiles/p02_l049_spread.tsv.gz,557,d15e2cd8ae8b4e40c293ac67e3150aae74b2efd18e6807e576c6c40a4f7c3c39
P02_L100_BASE_T000,raw_trials,data/raw/source_trials/p02_l100_base_t000.tsv.gz,68928,33d9e12e4a1687f3b522742b3e3d104b1c010a0e73cf6c9d0ef9a3e73e61d312
P02_L100_BASE_T001,raw_trials,data/raw/source_trials/p02_l100_base_t001.tsv.gz,72588,1eea68740a07c25d377075a727f80d0881d15ce1a03177a4305f049d4a0158c3
P02_L100_BASE_T002,raw_trials,data/raw/source_trials/p02_l100_base_t002.tsv.gz,64963,26a0c9593add7956604b810d313c3b79e40cafd6393e41d1e7ed7cf829189c58
P02_L100_BASE_T003,raw_trials,data/raw/source_trials/p02_l100_base_t003.tsv.gz,70148,acdf9cff558f3bf9b8600ccc0b82f2a2216ca43528073a76fafb7c7d18558200
P02_L100_BASE_T004,raw_trials,data/raw/source_trials/p02_l100_base_t004.tsv.gz,72283,583be32f5068beafa84c54d858ee71f94c780ad669237afc4b475c35a18a6a0c
P02_L100_BASE_T005,raw_trials,data/raw/source_trials/p02_l100_base_t005.tsv.gz,76248,f2fde22f20626c8f46f5077efac861685c53ecd58d0b0d05738ab41e25f0940b
P02_L100_BASE_T006,raw_trials,data/raw/source_trials/p02_l100_base_t006.tsv.gz,60693,a0d19c510cd8a7302e0603c4cd812f2ef0f71f3234bc4e398278a7f1f74f6d03
P02_L100_BASE_T007,raw_trials,data/raw/source_trials/p02_l100_base_t007.tsv.gz,73808,e2b10abb613298d5f2d73e9318eb5b2fea1d39a7d29acddffe02268f332cecfc
P02_L100_BASE_T008,raw_trials,data/raw/source_trials/p02_l100_base_t008.tsv.gz,64048,a3b9d12096a513a5f648f69c7889afa4f6bc53621f6b3a0e319b9754048710b3
P02_L100_BASE_T009,raw_trials,data/raw/source_trials/p02_l100_base_t009.tsv.gz,79908,c4d54800c3975187868b0c394a1a69e65d527fc024baad197ee4c84871137c69
P02_L100_BASE_T010,raw_trials,data/raw/source_trials/p02_l100_base_t010.tsv.gz,65573,fb4a451a5652be61227fe2809dac5711f6693dd7437fbdba857389d30d852c93
P02_L100_BASE_T011,raw_trials,data/raw/source_trials/p02_l100_base_t011.tsv.gz,67708,3526bdd6cbfe1527d9bbbb146f6dae981f659648cbea88e3dd9b7355d3768fb5
P02_L100_BASE_T012,raw_trials,data/raw/source_trials/p02_l100_base_t012.tsv.gz,67098,cf01e7ecfef9f629d430af9eed6293d1672e8a8847fe16c9bfecf5cfd161830f
P02_L100_BASE_T013,raw_trials,data/raw/source_trials/p02_l100_base_t013.tsv.gz,64658,743738e476481701bb42507fe09a4cdaf1662aa8db15b834c2cf89b75ae2cbfb
P02_L100_BASE_T014,raw_trials,data/raw/source_trials/p02_l100_base_t014.tsv.gz,68928,0c5e8def64230783cad49c86511b1824c63ad0972db0e04f02367304406d411c
P02_L100_BASE_T015,raw_trials,data/raw/source_trials/p02_l100_base_t015.tsv.gz,71978,9c8f9330c1e357bb2bccc643e356c4cecbbf78f5a817ccf1252564b91745ed50
P02_L100_FLANKER_T000,raw_trials,data/raw/source_trials/p02_l100_flanker_t000.tsv.gz,72283,b4c834033453691a2631ebb4b1b7a827f5d70051a2e74435e0ef1ed807c848fb
P02_L100_FLANKER_T001,raw_trials,data/raw/source_trials/p02_l100_flanker_t001.tsv.gz,71978,937bff4b1d18551465cc44655bf0fed086c5ae06a5ef411d65e1bce73741d8c1
P02_L100_FLANKER_T002,raw_trials,data/raw/source_trials/p02_l100_flanker_t002.tsv.gz,69233,16751c5586df563bc52b201c45cfa6fc7c2392088402b139b44749be62463117
P02_L100_FLANKER_T003,raw_trials,data/raw/source_trials/p02_l100_flanker_t003.tsv.gz,78383,5e966dfac223bbc89368600997727ec1debfc82e716018f5d275b67c1490a16d
P02_L100_FLANKER_T004,raw_trials,data/raw/source_trials/p02_l100_flanker_t004.tsv.gz,65268,87e1b01ed1387099fac84612eaac9e991ee0f0cc14fa97cffd7d080e4bc97b7d
P02_L100_FLANKER_T005,raw_trials,data/raw/source_trials/p02_l100_flanker_t005.tsv.gz,82958,e25f0d85a87a9fcae74e74e5b1b46354742bf42fafe224b2a659312a3546d796
P02_L100_FLANKER_T006,raw_trials,data/raw/source_trials/p02_l100_flanker_t006.tsv.gz,64353,746199d9fc4d121b68b9978d651f214af502cbbc815f88072586954953d8fa1d
P02_L100_FLANKER_T007,raw_trials,data/raw/source_trials/p02_l100_flanker_t007.tsv.gz,68318,c94b5d22bf77b716c4eb4b4b148cd9fd2106d9e9ae3c95646cb23dc54d83ecbf
P02_L100_FLANKER_T008,raw_trials,data/raw/source_trials/p02_l100_flanker_t008.tsv.gz,77773,a3bb0bc0c28df0c509a79cab924fecc8852f7485a85b09722c4fe7811a91487b
P02_L100_FLANKER_T009,raw_trials,data/raw/source_trials/p02_l100_flanker_t009.tsv.gz,73198,275904f434f15dac475a03e287f2d79626d0fa0cfe8ac7f6c4afa1cf17085028
P02_L100_FLANKER_T010,raw_trials,data/raw/source_trials/p02_l100_flanker_t010.tsv.gz,64353,c13ec496bd8c22cf37bd11748795b94b1c6899dffd56ead30eb58eafe6f04beb
P02_L100_FLANKER_T011,raw_trials,data/raw/source_trials/p02_l100_flanker_t011.tsv.gz,74723,206d065bca3f4d5568e778f21848f479340f1d0e45b485bbb4c4643212e3d3e2
P02_L100_FLANKER_T012,raw_trials,data/raw/source_trials/p02_l100_flanker_t012.tsv.gz,59473,705ec0dcfba78fb5e556c114c0d5ce004de0e4a388f58d02209bfa0cb3dd4aff
P02_L100_FLANKER_T013,raw_trials,data/raw/source_trials/p02_l100_flanker_t013.tsv.gz,75638,e52a116870b95c4c7734daf4685233e1876cf8774385dd5618a911de5be0ac45
P02_L100_FLANKER_T014,raw_trials,data/raw/source_trials/p02_l100_flanker_t014.tsv.gz,77773,39249d98ce44a61990ff547ea37632e4666bf6b017034694dca0649755f2e6c4
P02_L100_FLANKER_T015,raw_trials,data/raw/source_trials/p02_l100_flanker_t015.tsv.gz,77773,4e7656b42e2b8eb2cd564bfcb12f10ffa93d917f03f4d9e9d2c893244673b4ef
P02_L100_FIT,saved_fit_distribution,data/source/saved_fits/p02_l100.tsv.gz,6000949,9a59d60aeae24786b543b10d776709014bcac0f505d0c2d84180f8e367a64c72
P02_L100_PROFILE0,saved_input_zero_profile,data/source/baseline_profiles/p02_l100_profile.tsv.gz,575,d1fd833b0f483fa956a3363d90b98388c9582efbbdaa962f933408012f2996f6
P02_L100_SPREAD0,saved_input_zero_spread,data/source/baseline_profiles/p02_l100_spread.tsv.gz,561,80b1cb54b23db7ff7e512c59591318617de4a1466e7bd817de767dad22b4b80b
P03_L010_BASE_T000,raw_trials,data/raw/source_trials/p03_l010_base_t000.tsv.gz,56118,198f9423f74a92e9d5b03c126f902d2fbda5013fd17beafa2095f243676a3b3a
P03_L010_BASE_T001,raw_trials,data/raw/source_trials/p03_l010_base_t001.tsv.gz,58558,d559e31122d2a5d66a706437cc66be7a3a1766e37bd54ff8925e6ebdd404d7c6
P03_L010_BASE_T002,raw_trials,data/raw/source_trials/p03_l010_base_t002.tsv.gz,58558,9508621cb61e493a0608e57a004f13c517384b304bc177a131cdc55208510c76
P03_L010_BASE_T003,raw_trials,data/raw/source_trials/p03_l010_base_t003.tsv.gz,51848,8cb05c2f282d5e1288ce34f8c249b0a91bbfd6e2909918c267f647a8932a9dcb
P03_L010_BASE_T004,raw_trials,data/raw/source_trials/p03_l010_base_t004.tsv.gz,55508,517da1179ca6ac065978b1b8bb8a6b6c4385f5ad15b44beca5cb8446aaaac049
P03_L010_BASE_T005,raw_trials,data/raw/source_trials/p03_l010_base_t005.tsv.gz,61913,ce6ae45a25a5facb9911656304474d8fc35331326b63e274f7af03beb6702815
P03_L010_BASE_T006,raw_trials,data/raw/source_trials/p03_l010_base_t006.tsv.gz,58863,a67b2e0a1ac05d6bc6322a40bd3dced29618f572fff3581a8790f350beff2d3d
P03_L010_BASE_T007,raw_trials,data/raw/source_trials/p03_l010_base_t007.tsv.gz,68013,891790546f85edd906c0bcf8e63697a85896896b0aa5fb6183a7bb97c2f21523
P03_L010_BASE_T008,raw_trials,data/raw/source_trials/p03_l010_base_t008.tsv.gz,52763,cf7f23538c4882709e0d10b991a76d3cb9c1ce2924eccfbf614142434e5e3ad5
P03_L010_BASE_T009,raw_trials,data/raw/source_trials/p03_l010_base_t009.tsv.gz,67708,75191d39330b340e2322ffd1011db82f4fe79217d5069926c4f94925695ea8c6
P03_L010_BASE_T010,raw_trials,data/raw/source_trials/p03_l010_base_t010.tsv.gz,57338,b02261652ca19907016b034d6acd340ed34d63479aabbf42f6822fed218fc4bc
P03_L010_BASE_T011,raw_trials,data/raw/source_trials/p03_l010_base_t011.tsv.gz,57033,71c263ff1598adbe775516a5e2d880f748e1a61796e489f88a43d45ef4dbe84d
P03_L010_BASE_T012,raw_trials,data/raw/source_trials/p03_l010_base_t012.tsv.gz,55203,dc7ee9df2112abb95e6f1a67825ac3f868c026393383bd0d9ed1d032d48bbe87
P03_L010_BASE_T013,raw_trials,data/raw/source_trials/p03_l010_base_t013.tsv.gz,57338,5c30f7a5faceb799873ea25b0f83aca1e17becadf31ded30d6a3a99a29ef818d
P03_L010_BASE_T014,raw_trials,data/raw/source_trials/p03_l010_base_t014.tsv.gz,53373,3a9b0d6f0a985a707941d718dcd8fae9a0edc09acd937b516289510769f299ed
P03_L010_BASE_T015,raw_trials,data/raw/source_trials/p03_l010_base_t015.tsv.gz,53983,1fcd24862daaa5c6510d6b515df618b32d0499beee2fb3896acaa56cb72c4ff1
P03_L010_BASE_T016,raw_trials,data/raw/source_trials/p03_l010_base_t016.tsv.gz,44833,bca0575ad30a42ab72dc0b3b7bc376281dede8423f43915b162a85f83710c899
P03_L010_FLANKER_T000,raw_trials,data/raw/source_trials/p03_l010_flanker_t000.tsv.gz,66488,326b401b7ccd4cebb75d36a78ee597a41ab6c6e2e31facf20b5ac09aeba62c48
P03_L010_FLANKER_T001,raw_trials,data/raw/source_trials/p03_l010_flanker_t001.tsv.gz,52153,86b24da8b6fa6364fa78ff01aeaaa0f8c8605edcd021dfd11ac812891bdc1695
P03_L010_FLANKER_T002,raw_trials,data/raw/source_trials/p03_l010_flanker_t002.tsv.gz,61303,55010098a27778d7a0f1b74dca918cbca01fadaa70318e77ab0e212d4c22efc6
P03_L010_FLANKER_T003,raw_trials,data/raw/source_trials/p03_l010_flanker_t003.tsv.gz,54593,d3f912276db4c4cdb9550e3fdeb7bedacc571bcbab381617653ff11392863e37
P03_L010_FLANKER_T004,raw_trials,data/raw/source_trials/p03_l010_flanker_t004.tsv.gz,69843,15fc36ec217a711aa2530bf5d0df6dbf459e7dc72f8dd262ded5a5c7340904bd
P03_L010_FLANKER_T005,raw_trials,data/raw/source_trials/p03_l010_flanker_t005.tsv.gz,68318,810556652d0b6d01f7dd2062f2a298c5e90baa674f4d879cb19be7e0ceb836c2
P03_L010_FLANKER_T006,raw_trials,data/raw/source_trials/p03_l010_flanker_t006.tsv.gz,61608,8e092192be08c6958820e9fa2a98b4263710d0fcc1e508ddd7176e2f442d4c93
P03_L010_FLANKER_T007,raw_trials,data/raw/source_trials/p03_l010_flanker_t007.tsv.gz,55508,426d967338ec88d4d2351cbe91cf4dfa0ce5afc1e407da28d0dd73c0b96e5f6e
P03_L010_FLANKER_T008,raw_trials,data/raw/source_trials/p03_l010_flanker_t008.tsv.gz,56423,087421c1c5bd4bb941bfe80b6dca4716a76d005f003865b2c489a378666b5bbd
P03_L010_FLANKER_T009,raw_trials,data/raw/source_trials/p03_l010_flanker_t009.tsv.gz,60998,a477d43e584d1b638f7c42ba096892374fa9b30a408b8c9ddb4cf9dc906b4eec
P03_L010_FLANKER_T010,raw_trials,data/raw/source_trials/p03_l010_flanker_t010.tsv.gz,63438,b33439c3c27bc5e8d5d1a0ceeb080fab459bdbca5bc3d5da126bcb021e0aa01b
P03_L010_FLANKER_T011,raw_trials,data/raw/source_trials/p03_l010_flanker_t011.tsv.gz,56423,37400c9c5aca1b093ca33ea9044dc491f98d7dc803f09a9e4e920e6b63c93c74
P03_L010_FLANKER_T012,raw_trials,data/raw/source_trials/p03_l010_flanker_t012.tsv.gz,60998,fb0db3b0a9b93447df2231bd455be35a9db8341c6965b5b025b7c8f5e7c5c5c4
P03_L010_FLANKER_T013,raw_trials,data/raw/source_trials/p03_l010_flanker_t013.tsv.gz,58253,7140c28f809550710297e1cee359cfb609919134b69204ed3305587413b2014f
P03_L010_FLANKER_T014,raw_trials,data/raw/source_trials/p03_l010_flanker_t014.tsv.gz,59168,7d34c762e44b7ff36ee35378821d634247c0ba62ec0c12c15dfc9eea38255fcb
P03_L010_FLANKER_T015,raw_trials,data/raw/source_trials/p03_l010_flanker_t015.tsv.gz,58558,c0e10b0262ca59d82e1c104c68ae5c2dd7b25162ec0d60d0e5de3586110d91ca
P03_L010_FIT,saved_fit_distribution,data/source/saved_fits/p03_l010.tsv.gz,6000394,4def4c7fbbb85bcd4c2045cbf10bf67d09a295cd3b547f531db4d00c46259b7b
P03_L010_PROFILE0,saved_input_zero_profile,data/source/baseline_profiles/p03_l010_profile.tsv.gz,455,dbd8d06487396f27b67be00b1d1a0784712d8b7427d4ffe3909061677248a5b5
P03_L010_SPREAD0,saved_input_zero_spread,data/source/baseline_profiles/p03_l010_spread.tsv.gz,443,e741c3755897de132b6e79176877143ac71595e62b6c1b359581b30174c10a4c
P03_L049_BASE_T000,raw_trials,data/raw/source_trials/p03_l049_base_t000.tsv.gz,65268,3051c3cc4a55b4f3686daba61412222593139a3bdd6e75065a32efc4eb09c1f6
P03_L049_BASE_T001,raw_trials,data/raw/source_trials/p03_l049_base_t001.tsv.gz,69233,97f19369ba896e02c95a7366806c9a9ae3162201cea6e67ef4e0ea673ee37980
P03_L049_BASE_T002,raw_trials,data/raw/source_trials/p03_l049_base_t002.tsv.gz,77468,cc25e3b793481b9557aae0ca0731a5ac10b47479fa0243c5049be2bc8a4d5f2d
P03_L049_BASE_T003,raw_trials,data/raw/source_trials/p03_l049_base_t003.tsv.gz,62828,b15ad11964761634e13e51ede37bc0fb15d29c17ae727a4b93a8c3bb05190464
P03_L049_BASE_T004,raw_trials,data/raw/source_trials/p03_l049_base_t004.tsv.gz,60998,3cfd4d29d24cae1a494976cb4c711014dfb7d0ba4e5a79318b125286a27e91b5
P03_L049_BASE_T005,raw_trials,data/raw/source_trials/p03_l049_base_t005.tsv.gz,62218,b203c57129f9cd70e459d96dc61061666e95d1c9e97167cbeb43031ca6c207ad
P03_L049_BASE_T006,raw_trials,data/raw/source_trials/p03_l049_base_t006.tsv.gz,52763,a81f215dba05710bc2466bf8237a348a94e7cb661557d5bcfd163666f37a6efb
P03_L049_BASE_T007,raw_trials,data/raw/source_trials/p03_l049_base_t007.tsv.gz,49713,5d55ebc904975c2a39919e1f45705831c9b56b2d4b42e6edcb9c794d9e8d8e96
P03_L049_BASE_T008,raw_trials,data/raw/source_trials/p03_l049_base_t008.tsv.gz,58253,900fa94e5a918d704c53d0ad4a8f152b2b095161c9cf1e6428e4032943260ce5
P03_L049_BASE_T009,raw_trials,data/raw/source_trials/p03_l049_base_t009.tsv.gz,55813,8657306bbbc85ddb4db3dbc4a1b2ff19825d5598dadca90255b957a765094555
P03_L049_BASE_T010,raw_trials,data/raw/source_trials/p03_l049_base_t010.tsv.gz,58863,e9b533aebe9153d9545061ac5e34b9e90dbae4369f08953f50650f2be7c166aa
P03_L049_BASE_T011,raw_trials,data/raw/source_trials/p03_l049_base_t011.tsv.gz,59473,4aef84333b1e29bcfee6bdf645ce62cea42f6c98eb1ea7acb23d65a3677fc783
P03_L049_BASE_T012,raw_trials,data/raw/source_trials/p03_l049_base_t012.tsv.gz,51238,941391c412dc24d7f7cd8400547734ad323d0ed7fd737e9e6f1f121a074fcb1f
P03_L049_BASE_T013,raw_trials,data/raw/source_trials/p03_l049_base_t013.tsv.gz,53373,f660e63678c2902e7f7bf835663577afa673d17069bc99ecd3d93d81f378d28f
P03_L049_BASE_T014,raw_trials,data/raw/source_trials/p03_l049_base_t014.tsv.gz,52153,68aa0a7334cdd16da3d4652491a8a7d854128d5af3ac430ab4be5888bc8e3829
P03_L049_BASE_T015,raw_trials,data/raw/source_trials/p03_l049_base_t015.tsv.gz,59778,af13d1d24e24847a0f68e1df9d1174b08a0f207fe6d6d3e653feb10dbdbb57d0
P03_L049_FLANKER_T000,raw_trials,data/raw/source_trials/p03_l049_flanker_t000.tsv.gz,51848,9f7452eeb101a7fafb5185f372a13c18513e5532c3e8b09e9fa0445cab2e5b73
P03_L049_FLANKER_T001,raw_trials,data/raw/source_trials/p03_l049_flanker_t001.tsv.gz,55508,8e2dfa3af274b556712be781dbeec82839b13ba1f15fe6f8af4900e13bd2d2d6
P03_L049_FLANKER_T002,raw_trials,data/raw/source_trials/p03_l049_flanker_t002.tsv.gz,53068,8cffbda2097df8c2b041867ed2096efcbf897002a8b85d60af51fcf1cbe12727
P03_L049_FLANKER_T003,raw_trials,data/raw/source_trials/p03_l049_flanker_t003.tsv.gz,61608,e58304e27c18820be1e932c2fde70bd7c906ffda68887745e56b1a023637ed43
P03_L049_FLANKER_T004,raw_trials,data/raw/source_trials/p03_l049_flanker_t004.tsv.gz,64963,6939cb075d8830cd6b2616a591a3bbb5cfda670798ee997514416e985ea78cea
P03_L049_FLANKER_T005,raw_trials,data/raw/source_trials/p03_l049_flanker_t005.tsv.gz,51238,7c90e27680658cba979837a7f9a5478b88958360a53808082d4d8b9129553249
P03_L049_FLANKER_T006,raw_trials,data/raw/source_trials/p03_l049_flanker_t006.tsv.gz,58558,5704b8afda3f50ef02bce75c735051166f0a00b10c61c0651e99c4e0b3ef90ca
P03_L049_FLANKER_T007,raw_trials,data/raw/source_trials/p03_l049_flanker_t007.tsv.gz,53068,1fdaabd1bcb0d6e3c67f78e819b86130507419588dee097112c78878a6f6df1d
P03_L049_FLANKER_T008,raw_trials,data/raw/source_trials/p03_l049_flanker_t008.tsv.gz,63743,e0ab1c87dbeaa58dffceb4327cc42eb319c46b4abd114ef1279079e6eba76fe5
P03_L049_FLANKER_T009,raw_trials,data/raw/source_trials/p03_l049_flanker_t009.tsv.gz,55813,00051ea30cfb8aa36006b528ab6ccd330b90e593499ed32646e6991d443142cd
P03_L049_FLANKER_T010,raw_trials,data/raw/source_trials/p03_l049_flanker_t010.tsv.gz,52763,7e301aba0f904ee6687cd16a5790d79b2a415a4fd51bcc8e7752b688c53b8247
P03_L049_FLANKER_T011,raw_trials,data/raw/source_trials/p03_l049_flanker_t011.tsv.gz,61913,8e6cdebb72ef546d3738eb1970d080dbe5b7f94090b3fc30402fe2143a515662
P03_L049_FLANKER_T012,raw_trials,data/raw/source_trials/p03_l049_flanker_t012.tsv.gz,55813,2294ac0da24ae986b7eef40069a3c02cbe405219613983e4b6b499d836235e29
P03_L049_FLANKER_T013,raw_trials,data/raw/source_trials/p03_l049_flanker_t013.tsv.gz,65573,fb4f4e2cd28b0ea2c52c23fa9e063d84b2941d56d3b503769dd482e4a44be77e
P03_L049_FLANKER_T014,raw_trials,data/raw/source_trials/p03_l049_flanker_t014.tsv.gz,65268,faf4485aa08020f89586f02dc1524a8cc88345969da5674b974a5ff707f10fb5
P03_L049_FLANKER_T015,raw_trials,data/raw/source_trials/p03_l049_flanker_t015.tsv.gz,54288,21beed300809eabd0ff9c62858f3f25d5bcb054f8ef533e6b63e91901013574f
P03_L049_FIT,saved_fit_distribution,data/source/saved_fits/p03_l049.tsv.gz,6000799,ca1c21d2214c1a84553ba6f7298dec227a5be6ff7f61f88b0d26ae42c37f131e
P03_L049_PROFILE0,saved_input_zero_profile,data/source/baseline_profiles/p03_l049_profile.tsv.gz,464,a1aa06d1c3f630e14dfa82a0118cf7f85117255581d20ba996182c69ef412d0c
P03_L049_SPREAD0,saved_input_zero_spread,data/source/baseline_profiles/p03_l049_spread.tsv.gz,439,75e6771549bf3574fd111ed73bc86b40c2557f0de10eb511bde0da456e2f7bb8
P03_L100_BASE_T000,raw_trials,data/raw/source_trials/p03_l100_base_t000.tsv.gz,70148,1cdf2f733667943d63813824f2921c9aecd4a9a29c2975cc4a6d76c8139bd590
P03_L100_BASE_T001,raw_trials,data/raw/source_trials/p03_l100_base_t001.tsv.gz,69538,7c4a017c6adcd159bf319b78f8deb4165b2fbec518caefc94bcaaebef969dfc0
P03_L100_BASE_T002,raw_trials,data/raw/source_trials/p03_l100_base_t002.tsv.gz,62523,0ff183f435b9e3da192dafca388dca89871a9af73745ff3c9cd05669b439b0a3
P03_L100_BASE_T003,raw_trials,data/raw/source_trials/p03_l100_base_t003.tsv.gz,69843,035b9bf81a56cf5114f6ecc232e659e3f8e7958aacbaad69887bb7137f147db9
P03_L100_BASE_T004,raw_trials,data/raw/source_trials/p03_l100_base_t004.tsv.gz,73503,1b1cb492ce1dbbf7c5ce3f715202a1e18c7800f00664487261e5e3226307b2d2
P03_L100_BASE_T005,raw_trials,data/raw/source_trials/p03_l100_base_t005.tsv.gz,79603,c4afcb5b3cae48157ccc3f4a3e58a5e5c59801c7a7a4658ae9bf87e8fc4ad7cc
P03_L100_BASE_T006,raw_trials,data/raw/source_trials/p03_l100_base_t006.tsv.gz,68623,bda794b420b1758e0710c17d57a9d9f765d561a8b031f254044fa5bfbc1d0a69
P03_L100_BASE_T007,raw_trials,data/raw/source_trials/p03_l100_base_t007.tsv.gz,63438,136b7ff3a97bd4d535121736bfe7a92bad20d93f0a2e6107658d640eb1b25769
P03_L100_BASE_T008,raw_trials,data/raw/source_trials/p03_l100_base_t008.tsv.gz,60388,af461b15c3dc04c46f4997afbc17a9d28b84ff14dab60ec31988b589a43a2d01
P03_L100_BASE_T009,raw_trials,data/raw/source_trials/p03_l100_base_t009.tsv.gz,75943,b57e3b5d56f43a2f52de794c3b92a73bbfeb65dd7daf56b664c05d883bcf47aa
P03_L100_BASE_T010,raw_trials,data/raw/source_trials/p03_l100_base_t010.tsv.gz,75943,c473e957d9b61cc363d16d6e7d3a9e7aba6e375f4bb60ce8e7f55aefcb690c32
P03_L100_BASE_T011,raw_trials,data/raw/source_trials/p03_l100_base_t011.tsv.gz,63743,aa36f21af6505387af999595f03d824d9b9476152dbe69deff6c37a1267f0281
P03_L100_BASE_T012,raw_trials,data/raw/source_trials/p03_l100_base_t012.tsv.gz,67098,93687628b8c5f57354bf7de842bae56f477f859672d7a472c960db265288c7ea
P03_L100_BASE_T013,raw_trials,data/raw/source_trials/p03_l100_base_t013.tsv.gz,66488,7a4c72bff22de8fc132e81c517b0deabdcd9c8d05bb65a59d89927d24e9f8ca4
P03_L100_BASE_T014,raw_trials,data/raw/source_trials/p03_l100_base_t014.tsv.gz,70148,c717f0c9594f17abbf29e25ae45be4e165cc257ce02258e3b77572f295f95efd
P03_L100_BASE_T015,raw_trials,data/raw/source_trials/p03_l100_base_t015.tsv.gz,66183,5b36ea7d4a2fd43e66a330022673583ce842ba6ccbe06d2b44578c458a520246
P03_L100_FLANKER_T000,raw_trials,data/raw/source_trials/p03_l100_flanker_t000.tsv.gz,67708,6f5f9400a40839e537f0689e806d6a8c9b3c0cf27a23beecd32ef8492ac5c57d
P03_L100_FLANKER_T001,raw_trials,data/raw/source_trials/p03_l100_flanker_t001.tsv.gz,70148,00f49eba65038e3b33db2ae24e686d721b41a8dcf8a99f4162ba4c1222b0a7cb
P03_L100_FLANKER_T002,raw_trials,data/raw/source_trials/p03_l100_flanker_t002.tsv.gz,64658,7ba9eb4bc9fb76562628f219bdb4a65f442072c97829688b0622e1f4df75a96c
P03_L100_FLANKER_T003,raw_trials,data/raw/source_trials/p03_l100_flanker_t003.tsv.gz,70148,04457d1ad5886e1f063adec5f9e63c3a1583980472619603c4731328a5601d14
P03_L100_FLANKER_T004,raw_trials,data/raw/source_trials/p03_l100_flanker_t004.tsv.gz,67403,e1c6bbaeea93de1164bd71b0f6069c54996b89a974622248476bf52445494711
P03_L100_FLANKER_T005,raw_trials,data/raw/source_trials/p03_l100_flanker_t005.tsv.gz,75028,fb77b8428a7ba73c9272823710c20892ca3f76d9a2d747c570a57730d4c22c3d
P03_L100_FLANKER_T006,raw_trials,data/raw/source_trials/p03_l100_flanker_t006.tsv.gz,71978,9514b2d467f1dfd9e801924ae82fc23e2027f7e8b03b2195855def0744819ab7
P03_L100_FLANKER_T007,raw_trials,data/raw/source_trials/p03_l100_flanker_t007.tsv.gz,73808,5b250a351a9b1b46fc574b85154e15870f726fdd9b09e91ea841ac96a9084801
P03_L100_FLANKER_T008,raw_trials,data/raw/source_trials/p03_l100_flanker_t008.tsv.gz,72588,cec3ab5d551fa892bde48f901e77cd35ba96fbf0c00c4412d19f1c8fdf696c13
P03_L100_FLANKER_T009,raw_trials,data/raw/source_trials/p03_l100_flanker_t009.tsv.gz,77468,13d1525aa9745731dbf35d529b9637aa620904b817f41df30c96ad25ac54264b
P03_L100_FLANKER_T010,raw_trials,data/raw/source_trials/p03_l100_flanker_t010.tsv.gz,62218,6f38c67f5b5d3b12832f7dcf0279aaf2a94af293fb69afa88a2e572f84be1297
P03_L100_FLANKER_T011,raw_trials,data/raw/source_trials/p03_l100_flanker_t011.tsv.gz,65268,fbc596cb28487edd47044f86d1137f4728a7990fbf074928119d9f5e58a0df1c
P03_L100_FLANKER_T012,raw_trials,data/raw/source_trials/p03_l100_flanker_t012.tsv.gz,71978,f3ab6b61d9436a7596248dcf323df744cda2d65435436870ff0b1de156f8350c
P03_L100_FLANKER_T013,raw_trials,data/raw/source_trials/p03_l100_flanker_t013.tsv.gz,74723,fb038c060bc34b49cb587f0be5d683293acdf90fde3fe9195c5de6b5adc0a7df
P03_L100_FLANKER_T014,raw_trials,data/raw/source_trials/p03_l100_flanker_t014.tsv.gz,66183,6b3c5ffc8700950b6b2886615e1abdb992e15b348b0a875b8949addb911486d6
P03_L100_FLANKER_T015,raw_trials,data/raw/source_trials/p03_l100_flanker_t015.tsv.gz,64048,b49add4c0025bd3e1e98dc3a89c9e4658311f009bbef19c0cd6227aeb4e19327
P03_L100_FIT,saved_fit_distribution,data/source/saved_fits/p03_l100.tsv.gz,6000780,1d3a084f96eddfe2c4039ad1a7b8c1ddc9671ec4543f839483291708de534eef
P03_L100_PROFILE0,saved_input_zero_profile,data/source/baseline_profiles/p03_l100_profile.tsv.gz,564,6e5bb829e8d204bdda08d775a69a5ed494d8ad47edb6632fa95eaf257e330368
P03_L100_SPREAD0,saved_input_zero_spread,data/source/baseline_profiles/p03_l100_spread.tsv.gz,556,1971d263b64a1bedb0ba0b39690e9858f7c9983e38f9589876f22ffe647ac832
P03_L200_BASE_T000,raw_trials,data/raw/source_trials/p03_l200_base_t000.tsv.gz,65573,28cc48039527f9e2015fc0471c630b842e688cd61cf54b3184afe3dea050e923
P03_L200_BASE_T001,raw_trials,data/raw/source_trials/p03_l200_base_t001.tsv.gz,66183,3ab21ef8fd36ce8f371d9b0afc8e0ec7a2c2b96007737caaea3da02bac551c26
P03_L200_BASE_T002,raw_trials,data/raw/source_trials/p03_l200_base_t002.tsv.gz,72283,2a4453cb47033d5f143016096a172f12715e0f364973699859bd44276de9b444
P03_L200_BASE_T003,raw_trials,data/raw/source_trials/p03_l200_base_t003.tsv.gz,68013,0829a70be37cb66383ef3c0b8f09f87b4cb350133c7cdee69770980281ce1a87
P03_L200_BASE_T004,raw_trials,data/raw/source_trials/p03_l200_base_t004.tsv.gz,58253,0cc5d42a83957ed33cd18a1b3c45af73495183d821c96428e24984495e2367d7
P03_L200_BASE_T005,raw_trials,data/raw/source_trials/p03_l200_base_t005.tsv.gz,67098,cebae604fb95992c62c76ec55cc040ac802176bba2aa262804d99b34e728f01f
P03_L200_BASE_T006,raw_trials,data/raw/source_trials/p03_l200_base_t006.tsv.gz,75943,829572c7292ce1a923a70300956fe50705db8634614936ed18a163059fcab5b4
P03_L200_BASE_T007,raw_trials,data/raw/source_trials/p03_l200_base_t007.tsv.gz,67708,254c3653fb76c68a03f5c3117973cbb3ecaa07e51b4ce5849a9a097fff672a18
P03_L200_BASE_T008,raw_trials,data/raw/source_trials/p03_l200_base_t008.tsv.gz,70453,dcb4da0b8af0cb579b0750ccbc032efb46966ed1434dd3d973b3ed66e1d09888
P03_L200_BASE_T009,raw_trials,data/raw/source_trials/p03_l200_base_t009.tsv.gz,62523,20d5c182e25444e5426bc4492002ed0dbe79ad2395b4d00919d31298792c86c5
P03_L200_BASE_T010,raw_trials,data/raw/source_trials/p03_l200_base_t010.tsv.gz,63133,7c5eb8fb0bf538a574f0a7cef7846468badbf394cef0caaf1183b82d6348dfbb
P03_L200_BASE_T011,raw_trials,data/raw/source_trials/p03_l200_base_t011.tsv.gz,60083,dede07865db6cc40c577a7da3fae5e9262401c6b00e14c25cf8a18fe9dd3d33d
P03_L200_BASE_T012,raw_trials,data/raw/source_trials/p03_l200_base_t012.tsv.gz,72893,a807c8f90b880301e3974af13ad3953d2449822a372eec539c3f62ef36f00d00
P03_L200_BASE_T013,raw_trials,data/raw/source_trials/p03_l200_base_t013.tsv.gz,63133,1659f86108c2aad759a1cc4fad2ebb3394408fa673932c06445360b7861f6abf
P03_L200_BASE_T014,raw_trials,data/raw/source_trials/p03_l200_base_t014.tsv.gz,71978,c4f93f0a88a36c05e03ff3dad0d942bc3f46863c0a4176ca51ae23e6d665fc37
P03_L200_BASE_T015,raw_trials,data/raw/source_trials/p03_l200_base_t015.tsv.gz,66793,62c90a8692073dd4f7d79b22f27d969e9788ca0025cc289e10d327c3abd518ce
P03_L200_FLANKER_T000,raw_trials,data/raw/source_trials/p03_l200_flanker_t000.tsv.gz,69538,35b154d3a6b9f25308a01df1ba87dca69364ffe05561bd6dcfc4873682a852b0
P03_L200_FLANKER_T001,raw_trials,data/raw/source_trials/p03_l200_flanker_t001.tsv.gz,66183,9ca268e61be3e4237d262456f587b87ba1ee63c8669e7c3d2a34d828958b20e7
P03_L200_FLANKER_T002,raw_trials,data/raw/source_trials/p03_l200_flanker_t002.tsv.gz,66793,62b8b21e5cae50e533221a17e7b971a928c7be1e7cfb13c35f6225e567bd9b4e
P03_L200_FLANKER_T003,raw_trials,data/raw/source_trials/p03_l200_flanker_t003.tsv.gz,69538,4cfe333595b8d58b8b1e160937040f7af2ff31195f71a8e7c570fe96335189d2
P03_L200_FLANKER_T004,raw_trials,data/raw/source_trials/p03_l200_flanker_t004.tsv.gz,77163,3d20ade38e58ba0b674dae4ca481879225c3fe84c49c4dd4058f4bb1d5bd58b6
P03_L200_FLANKER_T005,raw_trials,data/raw/source_trials/p03_l200_flanker_t005.tsv.gz,61303,62cdf58fab5e36f5380cae1b9bb3a4755daf4959bce1e9a0e2fe71dcaaca769f
P03_L200_FLANKER_T006,raw_trials,data/raw/source_trials/p03_l200_flanker_t006.tsv.gz,75943,e25bc0fe3994935079dd4727ed14ee15adfa1f2f2cbba61187ed514e1a30a142
P03_L200_FLANKER_T007,raw_trials,data/raw/source_trials/p03_l200_flanker_t007.tsv.gz,76858,bd81ba9d02813f5269cd8da9dfe50c5b7d09f85dfbe445018e495b7bb2c36c82
P03_L200_FLANKER_T008,raw_trials,data/raw/source_trials/p03_l200_flanker_t008.tsv.gz,70148,a0d0a12f7f5d05b01041f267cc5e4a0805aac9e4d2234a6f34811104ee0799c5
P03_L200_FLANKER_T009,raw_trials,data/raw/source_trials/p03_l200_flanker_t009.tsv.gz,72588,2b421022748325b7f7f9c9951b193ea39d988f04f81cc00f4071bcba679230e0
P03_L200_FLANKER_T010,raw_trials,data/raw/source_trials/p03_l200_flanker_t010.tsv.gz,71978,1e5e1a0508377e394d927720694c1d7594976307e2892dee05bd1e9169a7e8e1
P03_L200_FLANKER_T011,raw_trials,data/raw/source_trials/p03_l200_flanker_t011.tsv.gz,71978,44f865d38cab99154500b5ef52b93d5570286b5cd3330f44abb3ec2bfb7cabcd
P03_L200_FLANKER_T012,raw_trials,data/raw/source_trials/p03_l200_flanker_t012.tsv.gz,68623,c4e41f79d6dc1a729208ab172790d8214f9ef55be8b01a4f748ae688cd4ba392
P03_L200_FLANKER_T013,raw_trials,data/raw/source_trials/p03_l200_flanker_t013.tsv.gz,73503,d01d739788f9ef258d215ef0f519c52a59fd0b24c10d4cde9ca5b66a48b65e3c
P03_L200_FLANKER_T014,raw_trials,data/raw/source_trials/p03_l200_flanker_t014.tsv.gz,64353,5adc949cba1f0c46607743235415e33af493b71c8f6ea4056776353b760c037a
P03_L200_FLANKER_T015,raw_trials,data/raw/source_trials/p03_l200_flanker_t015.tsv.gz,66793,d2bde310434ab0eebebc01ca109325258af7802dab32de4213861f95bd878211
P03_L200_FIT,saved_fit_distribution,data/source/saved_fits/p03_l200.tsv.gz,6001169,fd5ed6f267019a97866beeec14607df2949b335b5fb1191abd9def72980cfb76
P03_L200_PROFILE0,saved_input_zero_profile,data/source/baseline_profiles/p03_l200_profile.tsv.gz,575,c4e5cf1c69a726549b710b3c44d30196b8f345d3ed1e03d6c8f2b6031f9fef1e
P03_L200_SPREAD0,saved_input_zero_spread,data/source/baseline_profiles/p03_l200_spread.tsv.gz,554,c4dd5d21947f6326054273febae76f9f9cb77871ce05c2ce3ee1f4f8a7252f1d
P04_L010_BASE_T000,raw_trials,data/raw/source_trials/p04_l010_base_t000.tsv.gz,61913,cf9fa5b2c290aa34fbcc6e5c56dbdbc7829586b364f495cfe676ab4749d2f51e
P04_L010_BASE_T001,raw_trials,data/raw/source_trials/p04_l010_base_t001.tsv.gz,53373,59e4f779a2c373e6712e464fa9d82c967a744c1b135bf6de9fdd474365fa74d5
P04_L010_BASE_T002,raw_trials,data/raw/source_trials/p04_l010_base_t002.tsv.gz,58863,3b5af6fe3636d94a3c7aac38daf7116cba9c150a4e386d280a22ce81a1096011
P04_L010_BASE_T003,raw_trials,data/raw/source_trials/p04_l010_base_t003.tsv.gz,55203,4938bd623fb5e74d262d8fcddee9fdac5e1bafe94c402fb121e6499dfdf4fa7c
P04_L010_BASE_T004,raw_trials,data/raw/source_trials/p04_l010_base_t004.tsv.gz,60693,db7d1eec508bb6a464ab2ba7fb4885a4f3c2f6740528a37764f427b47a69d0bf
P04_L010_BASE_T005,raw_trials,data/raw/source_trials/p04_l010_base_t005.tsv.gz,54593,65ba107c45cd5ef56abe95fb347f1f8c97ace7d685fff83bfe7ed1952eca7f76
P04_L010_BASE_T006,raw_trials,data/raw/source_trials/p04_l010_base_t006.tsv.gz,56728,8afc33a3be49923f7c0cf6dfc6686bc2bb011c284d77ed70967ca46fd5cf0514
P04_L010_BASE_T007,raw_trials,data/raw/source_trials/p04_l010_base_t007.tsv.gz,57948,350be4efb657626e70bfc7f242279fc0e919e7221e423f08353c505aed688635
P04_L010_BASE_T008,raw_trials,data/raw/source_trials/p04_l010_base_t008.tsv.gz,58863,9b1daa7ee2a56f137b6ebfdaa075143d27e2f134a3e93e9fa29030e40bcfa654
P04_L010_BASE_T009,raw_trials,data/raw/source_trials/p04_l010_base_t009.tsv.gz,54593,e1f5a1de5b3937276a68ab7891f9082241aef131b29b01549bf2856ecad02594
P04_L010_BASE_T010,raw_trials,data/raw/source_trials/p04_l010_base_t010.tsv.gz,62828,f18f6c1179280bea57d33cc5f8829cd87142e9ecd162d65d0cc10a54fcf375f8
P04_L010_BASE_T011,raw_trials,data/raw/source_trials/p04_l010_base_t011.tsv.gz,60388,7448fbdc3ea17acedd89445e61e3a9ff831f852dab9128d419a227d9e0c794dd
P04_L010_BASE_T012,raw_trials,data/raw/source_trials/p04_l010_base_t012.tsv.gz,60998,82b678621ee2d258f3e5c8943a7a81cfc7db7905e32eed7a25fdceaf4d1ceda5
P04_L010_BASE_T013,raw_trials,data/raw/source_trials/p04_l010_base_t013.tsv.gz,61303,704255f8cc6ffd019bd8a4e79e36fe3a99aa65fd4cdee5736166f9900ff2154b
P04_L010_BASE_T014,raw_trials,data/raw/source_trials/p04_l010_base_t014.tsv.gz,49408,84613b102985b92bc9a16c5b2e94afcd2f6731922b97f13baa85f6080f9109d2
P04_L010_BASE_T015,raw_trials,data/raw/source_trials/p04_l010_base_t015.tsv.gz,55203,33630d66492f88142debb5fbaaf5fc75a0df7ea064cc6c0c88a317926308f25a
P04_L010_FLANKER_T000,raw_trials,data/raw/source_trials/p04_l010_flanker_t000.tsv.gz,64353,559ec289bc353254d2cb4283ad99d289c1c7e59c903db1fb2394a0c8a7b67a11
P04_L010_FLANKER_T001,raw_trials,data/raw/source_trials/p04_l010_flanker_t001.tsv.gz,56118,9233d32a51116c8bcf9bb9df70763e015f09d3d88244ee42b4e6ba483ed40949
P04_L010_FLANKER_T002,raw_trials,data/raw/source_trials/p04_l010_flanker_t002.tsv.gz,65268,5af128b283178852265bbb281749cf44d13a43415758a9796f0bcf15352667c3
P04_L010_FLANKER_T003,raw_trials,data/raw/source_trials/p04_l010_flanker_t003.tsv.gz,62523,6f11821b48a74c664cfe228ff6e07a784cf66030a4c1463b49657895efd7a28e
P04_L010_FLANKER_T004,raw_trials,data/raw/source_trials/p04_l010_flanker_t004.tsv.gz,61303,f8f29ec97340b10ac20226a8fe7f3e7d7345bbe8965cb2206d107d9e234bba6d
P04_L010_FLANKER_T005,raw_trials,data/raw/source_trials/p04_l010_flanker_t005.tsv.gz,51238,a3616bd8d923916806e57c74b9ecae85dd631c3c93527a8c6cb3ca62db6a9f89
P04_L010_FLANKER_T006,raw_trials,data/raw/source_trials/p04_l010_flanker_t006.tsv.gz,48188,6fe871855610d1ec46f92db7d40bfd333b7ef6f7f3264839f2e7fc354a6cb518
P04_L010_FLANKER_T007,raw_trials,data/raw/source_trials/p04_l010_flanker_t007.tsv.gz,55508,0d3fd2c6b7177ad57725ed6847bacad11f7c4e70bcda2aacea7c16b9706a0ba1
P04_L010_FLANKER_T008,raw_trials,data/raw/source_trials/p04_l010_flanker_t008.tsv.gz,56728,38eea12dad83350e272341737e1c789cfd92e09cd601b196e33104b5f4d5fa3f
P04_L010_FLANKER_T009,raw_trials,data/raw/source_trials/p04_l010_flanker_t009.tsv.gz,63438,151d22c101f44827ba5f08dcf830ceb3fe8ada92cda746bea6f6545f91ce8ebf
P04_L010_FLANKER_T010,raw_trials,data/raw/source_trials/p04_l010_flanker_t010.tsv.gz,55813,6c23c0ecc97392d16abf17a3020139170461d6784f0c231f007cd50e3ca02cba
P04_L010_FLANKER_T011,raw_trials,data/raw/source_trials/p04_l010_flanker_t011.tsv.gz,55508,3a1b27acdbd27e09c09e07b29910c1ba217cb292a28376baa52cbbd0066e3067
P04_L010_FLANKER_T012,raw_trials,data/raw/source_trials/p04_l010_flanker_t012.tsv.gz,59168,69ade2336e1b7c68c2707487ff25fe78d7986016da4d6000e3bd8bed3528f521
P04_L010_FLANKER_T013,raw_trials,data/raw/source_trials/p04_l010_flanker_t013.tsv.gz,47883,6b64cdb25c06f68702e0d49687690a0b87c82b4aee4a65a12b3b42d19c20a17c
P04_L010_FLANKER_T014,raw_trials,data/raw/source_trials/p04_l010_flanker_t014.tsv.gz,55508,dd052a5b71cb0db5e0549eff764ecd33b7245f506133b3debfcc211d4bf8c7c4
P04_L010_FLANKER_T015,raw_trials,data/raw/source_trials/p04_l010_flanker_t015.tsv.gz,53678,e159e67003dbe7412e599d2338e747bf7018b505c3b6d4dc74cf3fe1aa0b7490
P04_L010_FIT,saved_fit_distribution,data/source/saved_fits/p04_l010.tsv.gz,6000389,204e8a9cae71b284a7113bfed79bf354ef01c606f03855bf5a318f4b91d57eb1
P04_L010_PROFILE0,saved_input_zero_profile,data/source/baseline_profiles/p04_l010_profile.tsv.gz,455,bd3574dc4a99fb3082c1da70592f1b7d7874540ce616db7b0e5f55a4ab6148da
P04_L010_SPREAD0,saved_input_zero_spread,data/source/baseline_profiles/p04_l010_spread.tsv.gz,445,685e855388e1bf160fdbf0070c9696314ebea8397e913f50025b7a4ae4d68b4a
P04_L049_BASE_T000,raw_trials,data/raw/source_trials/p04_l049_base_t000.tsv.gz,59778,8ea7f34c850637e6517b6c1285a01b4a5f143aa55688b3d085bcb3987a8febee
P04_L049_BASE_T001,raw_trials,data/raw/source_trials/p04_l049_base_t001.tsv.gz,57643,84892279e95bbe84f2345aa15cb6be5a80415b25b448f885c770a76de003909e
P04_L049_BASE_T002,raw_trials,data/raw/source_trials/p04_l049_base_t002.tsv.gz,56118,390382377864b64a027eca0ac70a2eed20137f57ae2c693b49c0508b747a36c2
P04_L049_BASE_T003,raw_trials,data/raw/source_trials/p04_l049_base_t003.tsv.gz,57643,da643d5dd7d722f6b5e896784cdfc72e590913178e82cf94420fa175a89a04c1
P04_L049_BASE_T004,raw_trials,data/raw/source_trials/p04_l049_base_t004.tsv.gz,55508,f13f2bfceb8520bfb96fa3488ce35b78a7ecb548bf39d1f24a702dda87af74af
P04_L049_BASE_T005,raw_trials,data/raw/source_trials/p04_l049_base_t005.tsv.gz,68623,250e437739bc14bf0c9d81346de71911596870b153ecbfbd819cbec23a85a647
P04_L049_BASE_T006,raw_trials,data/raw/source_trials/p04_l049_base_t006.tsv.gz,67098,92231ce4cf34281e4c66e546d6cc2b2bee21f3e602b89234d4f57bd9beb5d052
P04_L049_BASE_T007,raw_trials,data/raw/source_trials/p04_l049_base_t007.tsv.gz,53068,9fa880e22660d287b582f12bfbbe21586c8e7661b464fca0f322bcaade7984a5
P04_L049_BASE_T008,raw_trials,data/raw/source_trials/p04_l049_base_t008.tsv.gz,59778,97798ddb1262f73c9259143932f03af264eaf5ef34e5279ac29dfa016e1508d9
P04_L049_BASE_T009,raw_trials,data/raw/source_trials/p04_l049_base_t009.tsv.gz,59168,3067dafc2032a16eb5532a2564b00a871ad925ff704594e0e181d928419eab5c
P04_L049_BASE_T010,raw_trials,data/raw/source_trials/p04_l049_base_t010.tsv.gz,59168,02be1acbcc57bd7fb18a03c4cf596e1ffd84dc6d3be23fdd9fb99a21080e8ceb
P04_L049_BASE_T011,raw_trials,data/raw/source_trials/p04_l049_base_t011.tsv.gz,54288,273ee4f0243dc40f2587b0adab90533f9d0cbadb308a572d6b5d54914d994ab8
P04_L049_BASE_T012,raw_trials,data/raw/source_trials/p04_l049_base_t012.tsv.gz,63438,225ad0cef754b0be76708411f48cd68e9fd57afcc8ad20b641ab09df24ca6c91
P04_L049_BASE_T013,raw_trials,data/raw/source_trials/p04_l049_base_t013.tsv.gz,66183,03328c359e513e1a4dacbe062df53c910e7bd3631d4c478d32f2ad84683f34d4
P04_L049_BASE_T014,raw_trials,data/raw/source_trials/p04_l049_base_t014.tsv.gz,58863,2591809ece75af123c14e1df6832e0d287a5fd03ebc62cc840a9844b8823e8a1
P04_L049_BASE_T015,raw_trials,data/raw/source_trials/p04_l049_base_t015.tsv.gz,58558,4eaf920f152cccc65f57ff1e0c0f255299dd9454fb3f99d9df9e66100f4f5bfa
P04_L049_FLANKER_T000,raw_trials,data/raw/source_trials/p04_l049_flanker_t000.tsv.gz,58863,7be66071a77044930550511997e84b0cd1ea8397f1c7b45ae86680637d94f91c
P04_L049_FLANKER_T001,raw_trials,data/raw/source_trials/p04_l049_flanker_t001.tsv.gz,60083,e1b600b13e0b1e08a2c80f9bdb0a761d452602ac4a30f9537f4593e7890d17b4
P04_L049_FLANKER_T002,raw_trials,data/raw/source_trials/p04_l049_flanker_t002.tsv.gz,62523,72073d52d21a3274a5dff784413fb527e80bb1454a8d65298883686c3ce051b4
P04_L049_FLANKER_T003,raw_trials,data/raw/source_trials/p04_l049_flanker_t003.tsv.gz,69843,0a4724b5a6d396cc384a6a4b701c2fe9ba2018d0cf668a0229b8309a13f7b56a
P04_L049_FLANKER_T004,raw_trials,data/raw/source_trials/p04_l049_flanker_t004.tsv.gz,49103,ff950767798248364dbc28857286602799541c5df5b6b76e00c3d270440923fc
P04_L049_FLANKER_T005,raw_trials,data/raw/source_trials/p04_l049_flanker_t005.tsv.gz,67098,78371fe312b2f56cbe35fd58fa21944323f67657d734c7a3d898d72aa6ad6ee4
P04_L049_FLANKER_T006,raw_trials,data/raw/source_trials/p04_l049_flanker_t006.tsv.gz,60998,e205749837499ecfde30e920b391412102ce25e506ba42d66670dd495c53619d
P04_L049_FLANKER_T007,raw_trials,data/raw/source_trials/p04_l049_flanker_t007.tsv.gz,51238,931d5a83725e3a207b1ec8dbbf549db3561ef0955a56ae77d85249eaeddfff05
P04_L049_FLANKER_T008,raw_trials,data/raw/source_trials/p04_l049_flanker_t008.tsv.gz,66183,f3352cee5ab13b4fc05fa034a42e07f2725668007993975336b2f5684d9e42ec
P04_L049_FLANKER_T009,raw_trials,data/raw/source_trials/p04_l049_flanker_t009.tsv.gz,60388,41064b96e82fe25f36b3ebf7bd172a04f313ca6268256886b4d272733a4c9f69
P04_L049_FLANKER_T010,raw_trials,data/raw/source_trials/p04_l049_flanker_t010.tsv.gz,67708,794e20a9e72b5032b4aa02f30f28960f30c326fbecb95250906d222ac7a80e1d
P04_L049_FLANKER_T011,raw_trials,data/raw/source_trials/p04_l049_flanker_t011.tsv.gz,66488,d182db536e5655fc2f534fee78a55f8d1b829c4ce9b06f0c2e3f898c546f172a
P04_L049_FLANKER_T012,raw_trials,data/raw/source_trials/p04_l049_flanker_t012.tsv.gz,61608,e66d295606d083ee7b7babc2f13f89101164c216cee04bbe4b9779480dc7a062
P04_L049_FLANKER_T013,raw_trials,data/raw/source_trials/p04_l049_flanker_t013.tsv.gz,59778,3e92ea4bc8dc877c0dc3e5f21565003dc2bd9e50e215eb8e6a72704c2591a81f
P04_L049_FLANKER_T014,raw_trials,data/raw/source_trials/p04_l049_flanker_t014.tsv.gz,66488,d08a74ef5308e621196312c25d385f7138da0f0c401b038aacf2757c54fd3841
P04_L049_FLANKER_T015,raw_trials,data/raw/source_trials/p04_l049_flanker_t015.tsv.gz,57033,b618758728fd75539ea744b2ec0b2e27d60c5ecbb40ddb2c70218cb1cd4663ca
P04_L049_FIT,saved_fit_distribution,data/source/saved_fits/p04_l049.tsv.gz,6000632,be0b262b3c94ae8c90f81b91bcdae5cc02ae3c9c922507ee69d550085049995b
P04_L049_PROFILE0,saved_input_zero_profile,data/source/baseline_profiles/p04_l049_profile.tsv.gz,457,d6f5943d5d9b9b5f1e8649cd987c06b51c2c092ebb8a1b35d6967380e38d7717
P04_L049_SPREAD0,saved_input_zero_spread,data/source/baseline_profiles/p04_l049_spread.tsv.gz,443,4064ec8eac93c85039e244b96edd2124e69bae9df5da860c6823fecc18f93b07
P04_L100_BASE_T000,raw_trials,data/raw/source_trials/p04_l100_base_t000.tsv.gz,77468,2ed7bc42adabad7e44825d98b395df8dbd43f49b780e51756dee8514a601cf29
P04_L100_BASE_T001,raw_trials,data/raw/source_trials/p04_l100_base_t001.tsv.gz,83263,50777cbd8d80028a2a715e823478a36973c0f8655c53cc30d92fcf77d859205c
P04_L100_BASE_T002,raw_trials,data/raw/source_trials/p04_l100_base_t002.tsv.gz,82348,4fc30235992c3d2e55bf356594b91895af17686bc3ed1a264abfa0b9c436b591
P04_L100_BASE_T003,raw_trials,data/raw/source_trials/p04_l100_base_t003.tsv.gz,68928,4bd2db16b048747d8ac04089bb441a52a20faafdbedbe4a4f353da83f59ada47
P04_L100_BASE_T004,raw_trials,data/raw/source_trials/p04_l100_base_t004.tsv.gz,82348,e22499cab00fd3a988dbbe81add4016f46a50c39e290666d433bdc8a8ee5d70a
P04_L100_BASE_T005,raw_trials,data/raw/source_trials/p04_l100_base_t005.tsv.gz,71673,a6c98af663a55dcb2ffa5b4c9a42b0ba46f1fb2a463a996df99f3fc9ab8e8114
P04_L100_BASE_T006,raw_trials,data/raw/source_trials/p04_l100_base_t006.tsv.gz,81738,42475a789b70f599bd706e34d3d5bb2f3fad09ad7a9b31526b21090117184401
P04_L100_BASE_T007,raw_trials,data/raw/source_trials/p04_l100_base_t007.tsv.gz,72588,eda1d9ecaea5f8e67a20986a6019611a60808d58426b10c21f6542e9677c39bf
P04_L100_BASE_T008,raw_trials,data/raw/source_trials/p04_l100_base_t008.tsv.gz,78078,f90a2078a6af8bcf313f22dd847a1a2b977f17985a999a5f81b91b7f96791b5a
P04_L100_BASE_T009,raw_trials,data/raw/source_trials/p04_l100_base_t009.tsv.gz,77773,bd861b394b6a061c0a14d80774ea3a28b8cf340c375867811862604a51881494
P04_L100_BASE_T010,raw_trials,data/raw/source_trials/p04_l100_base_t010.tsv.gz,69843,677c02ebe723691e58a84cf6444c3747b95bccd9990ff28d6782749649b30ebf
P04_L100_BASE_T011,raw_trials,data/raw/source_trials/p04_l100_base_t011.tsv.gz,72588,21c8f64a9324d1bdb5c547b3849def582fb7fa4830cc91d34ac93f89b7767a56
P04_L100_BASE_T012,raw_trials,data/raw/source_trials/p04_l100_base_t012.tsv.gz,77468,0f149142a6cffc3bb9319cf6300665e354c0760d7a51e9eb26df7c77f636eafa
P04_L100_BASE_T013,raw_trials,data/raw/source_trials/p04_l100_base_t013.tsv.gz,68318,047892a85fb8ca219892c2a5b9efed18d11104e5e5a20f77d92321edb151ac40
P04_L100_BASE_T014,raw_trials,data/raw/source_trials/p04_l100_base_t014.tsv.gz,75943,3a2211462ca08e5f2bdea50eacb74868d3c98735457b154aaa4c7d2f716bb4a1
P04_L100_BASE_T015,raw_trials,data/raw/source_trials/p04_l100_base_t015.tsv.gz,78993,abb93a10f121d7c862d57691f111520a73200047cfe1a28574044a61516c0c7a
P04_L100_FLANKER_T000,raw_trials,data/raw/source_trials/p04_l100_flanker_t000.tsv.gz,75028,7ac1921bc1e18dbdeb69ca7928ca183f1c5aaf3a7eda132e0c4f3b4a72a5b02c
P04_L100_FLANKER_T001,raw_trials,data/raw/source_trials/p04_l100_flanker_t001.tsv.gz,84483,2916e488085a09724b626440349a4aa0d30edee930a867698362536053b97791
P04_L100_FLANKER_T002,raw_trials,data/raw/source_trials/p04_l100_flanker_t002.tsv.gz,77163,68713626527d76d09f937116da6a419612231a821bbe359e052cfa8237ded17e
P04_L100_FLANKER_T003,raw_trials,data/raw/source_trials/p04_l100_flanker_t003.tsv.gz,78078,d859a059aebc0b5a398fa8189f704e8856a5c8bdbb45b80407b9772901078368
P04_L100_FLANKER_T004,raw_trials,data/raw/source_trials/p04_l100_flanker_t004.tsv.gz,72588,6c2b5bcbb7c82abba80a0f2a301fb8e196f29ac1a82497732d22a80964f41210
P04_L100_FLANKER_T005,raw_trials,data/raw/source_trials/p04_l100_flanker_t005.tsv.gz,75028,0983479b472c56587781e7acc27fad95f4e4801b32ff784f668d40ebcfac2537
P04_L100_FLANKER_T006,raw_trials,data/raw/source_trials/p04_l100_flanker_t006.tsv.gz,84483,40d9129e5c55642e2cf2543f53a20a246458a6acfb5db0748ba72e6ddb04a70b
P04_L100_FLANKER_T007,raw_trials,data/raw/source_trials/p04_l100_flanker_t007.tsv.gz,81128,90634f9a1c09a726e0458fa4e209243d80ee1d7e2c9cc9d2be0040b0a838acbc
P04_L100_FLANKER_T008,raw_trials,data/raw/source_trials/p04_l100_flanker_t008.tsv.gz,79908,54f54eeefd83ea8ad81837f84941e21507446346f60a6a0ae99e77c25c508e4c
P04_L100_FLANKER_T009,raw_trials,data/raw/source_trials/p04_l100_flanker_t009.tsv.gz,79603,37b63fddf2cf215eb35bf18f7c494cd01da230a9765256987246572a5578552f
P04_L100_FLANKER_T010,raw_trials,data/raw/source_trials/p04_l100_flanker_t010.tsv.gz,83873,74198f4971969e1b5fccd925b55768daf24d67d2f0374f09f92cc45ef948f240
P04_L100_FLANKER_T011,raw_trials,data/raw/source_trials/p04_l100_flanker_t011.tsv.gz,73503,db52bb542545f6982b2f354b6a68902f58e75e0b0175eacf54e879c327c5c389
P04_L100_FLANKER_T012,raw_trials,data/raw/source_trials/p04_l100_flanker_t012.tsv.gz,83873,53cd59ae88cd2682fc138a1c9614a8b00c939b4fc18e71c57b59b4601040eaa2
P04_L100_FLANKER_T013,raw_trials,data/raw/source_trials/p04_l100_flanker_t013.tsv.gz,74723,70caa09ce4526ed991f3a03aea6a6510058f7f04b8b78444485950550872aee1
P04_L100_FLANKER_T014,raw_trials,data/raw/source_trials/p04_l100_flanker_t014.tsv.gz,68928,b8082c95813f6c15f593c8a0cb12160401f16b3545ffaf9d83148a51fb2f15e1
P04_L100_FLANKER_T015,raw_trials,data/raw/source_trials/p04_l100_flanker_t015.tsv.gz,69233,255d138cef472df64518657fb7b78092647eeacc9afe0c598e6fae2c2176f61f
P04_L100_FIT,saved_fit_distribution,data/source/saved_fits/p04_l100.tsv.gz,6000518,f370545157671fe16303d4b6f458257c9b51be7c4d5ccb43f6c18cc3038f697e
P04_L100_PROFILE0,saved_input_zero_profile,data/source/baseline_profiles/p04_l100_profile.tsv.gz,566,9e310a85223a5453a663db5840d35338b8374d60fe689a32b916a2ee463ab8d4
P04_L100_SPREAD0,saved_input_zero_spread,data/source/baseline_profiles/p04_l100_spread.tsv.gz,555,d563c4ea9d3d5fe387ca2fea5f2f0a60c0ebfdb886819b73c2a0042da945194a
P04_L200_BASE_T000,raw_trials,data/raw/source_trials/p04_l200_base_t000.tsv.gz,78078,458e0384873008c1d897ffa957755ca2c9b06b74c3aff696f1ad5cd950568308
P04_L200_BASE_T001,raw_trials,data/raw/source_trials/p04_l200_base_t001.tsv.gz,80213,276dbcca46b15e46ce9edb63cb68df4ade926e2d3ab9617acc933ae6ed3d74fc
P04_L200_BASE_T002,raw_trials,data/raw/source_trials/p04_l200_base_t002.tsv.gz,85093,441027f99fff84165b42a6e047e895d42756bef3b6f8c6485204f79a5940beb7
P04_L200_BASE_T003,raw_trials,data/raw/source_trials/p04_l200_base_t003.tsv.gz,74723,a9cfd52f84f9e911cddd12126c5c6218b969a46a3f0c64bf39fbcae53bc7d746
P04_L200_BASE_T004,raw_trials,data/raw/source_trials/p04_l200_base_t004.tsv.gz,75333,e3b0d3b676a14dc54c25ae51c2d1b3672d3c73e52e4c5ce3e619d2ab86dbbf52
P04_L200_BASE_T005,raw_trials,data/raw/source_trials/p04_l200_base_t005.tsv.gz,75333,85de8a309d46490794d52032439e3d27d0cc25c58e461bc4397b97e293f8d051
P04_L200_BASE_T006,raw_trials,data/raw/source_trials/p04_l200_base_t006.tsv.gz,82043,72290af4f887f0f3bf8306f5c5430ac004b5faf06a6d71d73c5262eae39e1bb0
P04_L200_BASE_T007,raw_trials,data/raw/source_trials/p04_l200_base_t007.tsv.gz,78078,f83719490283da45f02e4756076d97bb224230a3b97dc823fde70f1dce04b1db
P04_L200_BASE_T008,raw_trials,data/raw/source_trials/p04_l200_base_t008.tsv.gz,73808,bfd03e2b04574362d7eef8f56493313b7ab904e905746ea1d8d45ef66ac853b5
P04_L200_BASE_T009,raw_trials,data/raw/source_trials/p04_l200_base_t009.tsv.gz,70758,44e9aead56213bce7d3cb18ae3c95e45c222c432a615010a857cc6963187d008
P04_L200_BASE_T010,raw_trials,data/raw/source_trials/p04_l200_base_t010.tsv.gz,80823,df4471ca4a6d4431cf2f97c838167dbccdb634390e8e17295e0236ad60e818f8
P04_L200_BASE_T011,raw_trials,data/raw/source_trials/p04_l200_base_t011.tsv.gz,78993,a7624333d568aaf5a027d7d58ec6544ca34aae41f703333e9165fc9af135657a
P04_L200_BASE_T012,raw_trials,data/raw/source_trials/p04_l200_base_t012.tsv.gz,72893,9639ab88e2afc1656b7dc896d6c2157fecfb591d586dceecfeff7a26a63d7cef
P04_L200_BASE_T013,raw_trials,data/raw/source_trials/p04_l200_base_t013.tsv.gz,82653,b3142d432223e9f5ab4c46670c69ab9c7078fdd1e0db87140db14aca35117752
P04_L200_BASE_T014,raw_trials,data/raw/source_trials/p04_l200_base_t014.tsv.gz,71673,16c40814e78365852132720092ffc5c551bbac2288b392a2fe0338ac2c7c50c7
P04_L200_BASE_T015,raw_trials,data/raw/source_trials/p04_l200_base_t015.tsv.gz,75028,d6f55cb9d40e621a634ae6dcf7a0f2fad28810185ea1d6b47043ec42c18185fd
P04_L200_FLANKER_T000,raw_trials,data/raw/source_trials/p04_l200_flanker_t000.tsv.gz,70758,091d34708079657a70fa005fd870e35b3503c0982ec7a28e05a80e9e689405c1
P04_L200_FLANKER_T001,raw_trials,data/raw/source_trials/p04_l200_flanker_t001.tsv.gz,69538,52a62e946a41e065df268658b512c523a166f8357dc096a34ef4f1c8a8aff04a
P04_L200_FLANKER_T002,raw_trials,data/raw/source_trials/p04_l200_flanker_t002.tsv.gz,78993,f538804cd5d4021c62a7c338f156f28837bb8a84778c8d2f2b5d300f7bcfbfc4
P04_L200_FLANKER_T003,raw_trials,data/raw/source_trials/p04_l200_flanker_t003.tsv.gz,73503,6c286ae82c6c39c8dca3c751a7fb732b39baf2fd3ddd00fb8490c7b8055204f6
P04_L200_FLANKER_T004,raw_trials,data/raw/source_trials/p04_l200_flanker_t004.tsv.gz,88143,c2fbc692594d0f80b0a625e4f111b9e6dad55481db2ad51851dcca95bb467f57
P04_L200_FLANKER_T005,raw_trials,data/raw/source_trials/p04_l200_flanker_t005.tsv.gz,67403,cce80cb2cf3532834c4a9ee34637b24002f13867d37ab7664f9fbcfe6a19b0e8
P04_L200_FLANKER_T006,raw_trials,data/raw/source_trials/p04_l200_flanker_t006.tsv.gz,68623,0b3e0568372a7d2bc761ab60d7fd4417f955566f1a40804742cfef5e54dcad58
P04_L200_FLANKER_T007,raw_trials,data/raw/source_trials/p04_l200_flanker_t007.tsv.gz,82653,ddf1dde508e3a2defa84c152bfb4b02424afa568f4fb1fadaf95b4334a333ac3
P04_L200_FLANKER_T008,raw_trials,data/raw/source_trials/p04_l200_flanker_t008.tsv.gz,87228,8cfe4bbe65935e55d11b96d2ce4e1aedfc8e006125e0d419c1cbe784936a217b
P04_L200_FLANKER_T009,raw_trials,data/raw/source_trials/p04_l200_flanker_t009.tsv.gz,72283,24324a9401b4849f1af7bb2c8266d466d9376d920dd2f7d033607557b318c500
P04_L200_FLANKER_T010,raw_trials,data/raw/source_trials/p04_l200_flanker_t010.tsv.gz,74418,0d84c8253b8e6e8607463529a5726ec210310758a3c4edf6703c5c19ce0270d6
P04_L200_FLANKER_T011,raw_trials,data/raw/source_trials/p04_l200_flanker_t011.tsv.gz,80213,a74bd22a988c006bd79da7fc059cdd419a524fd8f3f369403a1abd9d041ec605
P04_L200_FLANKER_T012,raw_trials,data/raw/source_trials/p04_l200_flanker_t012.tsv.gz,74723,25bbbfbc9f06323cce8a18afbbb9550f1cbbbea07eecc574cb4a3efed02dcd88
P04_L200_FLANKER_T013,raw_trials,data/raw/source_trials/p04_l200_flanker_t013.tsv.gz,79603,ff691a2400a2c38406744fce508c14bce4528854879d2579f0550b21b00c9c1f
P04_L200_FLANKER_T014,raw_trials,data/raw/source_trials/p04_l200_flanker_t014.tsv.gz,77468,811ea604cece6d59caf2515b8365938f31cc21013d8a8705cbe301f9c080aeca
P04_L200_FLANKER_T015,raw_trials,data/raw/source_trials/p04_l200_flanker_t015.tsv.gz,70148,b7fd59f6dea72acf8816711ca576c75e8e788a57428cb5d94794caacc05d571c
P04_L200_FLANKER_T016,raw_trials,data/raw/source_trials/p04_l200_flanker_t016.tsv.gz,71978,df42e58fc319187c53062ab03439b7d7aac6d3abf319e116d9ba819e56fda123
P04_L200_FIT,saved_fit_distribution,data/source/saved_fits/p04_l200.tsv.gz,6000426,e7cae23be30aee4b7525e406192e61a2289aa89859569bbf8cfa37d238cfbad3
P04_L200_PROFILE0,saved_input_zero_profile,data/source/baseline_profiles/p04_l200_profile.tsv.gz,570,379b7b7ebe83225ff9e64df14d7903e9e8ccb2792511cac5b2b0365f2545735f
P04_L200_SPREAD0,saved_input_zero_spread,data/source/baseline_profiles/p04_l200_spread.tsv.gz,552,d5f1eb939ad2202cde8633944a8f3fded11109b8b110a819f0ad23d619349fac
P01_L010_I00000_PROFILE,example_input_profile,data/source/example_inputs/p01_l010_00000_profile.tsv.gz,457,bd203bce152efb1ddb80c66c4b4863281b002f8a18d0b49e2d8c38191ec085ad
P01_L010_I00000_SPREAD,example_input_spread,data/source/example_inputs/p01_l010_00000_spread.tsv.gz,444,e9f6903383faea40b25d1ad0f0258c70c94867805b71c05b187c54ae234b8225
P01_L010_I00001_PROFILE,example_input_profile,data/source/example_inputs/p01_l010_00001_profile.tsv.gz,458,343987273b276bbb1a56b12ba34c949813f1e6682e6e9e2b9a44b2fcdb06afc2
P01_L010_I00001_SPREAD,example_input_spread,data/source/example_inputs/p01_l010_00001_spread.tsv.gz,443,129d90f729df6745f8a06440c4dd9e3744ec71da8d37b7717d0dd0382e77c35e
P01_L010_I01234_PROFILE,example_input_profile,data/source/example_inputs/p01_l010_01234_profile.tsv.gz,461,301ca2b29d6168c00c40b4fdf4123728849865f82689640bed5f1e8fdc7af698
P01_L010_I01234_SPREAD,example_input_spread,data/source/example_inputs/p01_l010_01234_spread.tsv.gz,448,b76fb73780526962600dd5ac5c5e21031d2cfddee2b735562243fd4d0b6c6064
P01_L010_I09484_PROFILE,example_input_profile,data/source/example_inputs/p01_l010_09484_profile.tsv.gz,456,a9971f36cf5420589a657eabb2dc4b6328e529f18cd4568cce13df9d5a38fc4a
P01_L010_I09484_SPREAD,example_input_spread,data/source/example_inputs/p01_l010_09484_spread.tsv.gz,443,e35ea3ceb189027bf3ede07502c3ab5931d12e62b5920a60cad6c7af29735a0d
P01_L010_I12165_PROFILE,example_input_profile,data/source/example_inputs/p01_l010_12165_profile.tsv.gz,459,119ae3a61cfd4bbb96595bac766c55ab69306ae52a699ae1993190556f2c35ef
P01_L010_I12165_SPREAD,example_input_spread,data/source/example_inputs/p01_l010_12165_spread.tsv.gz,441,347f749100c04af867bf2348d927d441f2fd04f374f4c0d18e330ba628ce59b8
P01_L010_I25000_PROFILE,example_input_profile,data/source/example_inputs/p01_l010_25000_profile.tsv.gz,457,346970919260c5c6826d22d5764b19fbc4b1dd33065bde7252ec8157bd0ead2f
P01_L010_I25000_SPREAD,example_input_spread,data/source/example_inputs/p01_l010_25000_spread.tsv.gz,448,82cb009fb2d93b74d6180a67d1de63910693d843e738370a338a3ab7e6fe56e6
P01_L010_I29769_PROFILE,example_input_profile,data/source/example_inputs/p01_l010_29769_profile.tsv.gz,462,b9bd9b3e97a4b37e2c75bfc6f2c611ea337c4b03fd85ebb730feb292aba870fa
P01_L010_I29769_SPREAD,example_input_spread,data/source/example_inputs/p01_l010_29769_spread.tsv.gz,446,eeab21aa3a6a178b454780f3c68cc09ca1d30942ec3d50e73ef16ca4c116b6dd
P01_L010_I32782_PROFILE,example_input_profile,data/source/example_inputs/p01_l010_32782_profile.tsv.gz,464,d02bd763925a9602b4815d215620ddff20461289adddcf3bbf6153457a55f1e3
P01_L010_I32782_SPREAD,example_input_spread,data/source/example_inputs/p01_l010_32782_spread.tsv.gz,448,edf2a276858900e5d808f96656a2d05e756a0fd334c315c0b997ae2ea77f212b
P01_L010_I49999_PROFILE,example_input_profile,data/source/example_inputs/p01_l010_49999_profile.tsv.gz,463,53ca1c4b44105ded485c107f558e0e1f5007c4fc4b24ec5fd717df117db0955d
P01_L010_I49999_SPREAD,example_input_spread,data/source/example_inputs/p01_l010_49999_spread.tsv.gz,445,dffa0569d5df7f71e7956ce13df4d62da75d61369c4e11de590a5b19a0f1e757
P01_L020_I00000_PROFILE,example_input_profile,data/source/example_inputs/p01_l020_00000_profile.tsv.gz,347,bf06eb962e6450c4f7aee3f1f06cccc7508bbb62410301ba592788ffbfa23797
P01_L020_I00000_SPREAD,example_input_spread,data/source/example_inputs/p01_l020_00000_spread.tsv.gz,337,094b9b211969180bfabc163427cf92ea5c15d6c925b1f019491186d3f8f42565
P01_L020_I00001_PROFILE,example_input_profile,data/source/example_inputs/p01_l020_00001_profile.tsv.gz,347,00d9edaef700ccd75ef5b7b1294cad0425083f0866c7ca2b2a00a7d590cbca66
P01_L020_I00001_SPREAD,example_input_spread,data/source/example_inputs/p01_l020_00001_spread.tsv.gz,336,a4eed74b9aa5c7b54940bf0c90a5d49aff5e9ccb074d9b1582c691cdd7089cd9
P01_L020_I00055_PROFILE,example_input_profile,data/source/example_inputs/p01_l020_00055_profile.tsv.gz,349,fd618372ef4cecbf5e29ff2c48a5f9fe2d835357f152e8a096bfadc3b928caa2
P01_L020_I00055_SPREAD,example_input_spread,data/source/example_inputs/p01_l020_00055_spread.tsv.gz,338,41b07ba292359e5be7ffcfd5a42db8f4bc212c9c1d918b7786e96b5895e1d5c1
P01_L020_I00280_PROFILE,example_input_profile,data/source/example_inputs/p01_l020_00280_profile.tsv.gz,348,c25ff4d57e6179c3040019b375461f45bfc1209994d5b4285039a871ea5d8fe5
P01_L020_I00280_SPREAD,example_input_spread,data/source/example_inputs/p01_l020_00280_spread.tsv.gz,337,8cb73e68aac508a4704f6df97c52b3f639a6cd3614da6b4e19c4c1090f513c1b
P01_L020_I01234_PROFILE,example_input_profile,data/source/example_inputs/p01_l020_01234_profile.tsv.gz,346,14256875021b220dfe823fd8fc65432dcd38e736d7f49b78026960ed5c0aa258
P01_L020_I01234_SPREAD,example_input_spread,data/source/example_inputs/p01_l020_01234_spread.tsv.gz,336,95367957dce0de52c13352f9aa9c76f412f2bbaa83a3955cca3234a92d2642a4
P01_L020_I25000_PROFILE,example_input_profile,data/source/example_inputs/p01_l020_25000_profile.tsv.gz,345,dd0d7dad8ef736f4433785c91059058ae9aedc89a63bc9b85bef7a814070a644
P01_L020_I25000_SPREAD,example_input_spread,data/source/example_inputs/p01_l020_25000_spread.tsv.gz,337,82fd0cd5512ee8b86a3acad4c623d6fddd2d224e0621ac2748663969385abc5a
P01_L020_I49999_PROFILE,example_input_profile,data/source/example_inputs/p01_l020_49999_profile.tsv.gz,348,34fcd7aefe0c0599e3300f7df5f201eb930c36c2289beb4d00c5303338b3c951
P01_L020_I49999_SPREAD,example_input_spread,data/source/example_inputs/p01_l020_49999_spread.tsv.gz,339,1ff4e6e3584676e7c8f65f6747d8ffd2faf768b7dc98dcb83a8b6e6f6910303f
P01_L025_I00000_PROFILE,example_input_profile,data/source/example_inputs/p01_l025_00000_profile.tsv.gz,461,5104a0ef0b44d7082b50399bb892ebcf0f220c964210a974df543de0352748d4
P01_L025_I00000_SPREAD,example_input_spread,data/source/example_inputs/p01_l025_00000_spread.tsv.gz,456,45458e3f23653fa8eb527e5cbc488d40cd499d2939896e7716688e5d1234e167
P01_L025_I00001_PROFILE,example_input_profile,data/source/example_inputs/p01_l025_00001_profile.tsv.gz,461,ae39f75686ff32584fa46b0953d017a5c98e4e2067463b025c33d30685919836
P01_L025_I00001_SPREAD,example_input_spread,data/source/example_inputs/p01_l025_00001_spread.tsv.gz,451,63e63836c16be06e24dbf33120b805e3b345ea5d3a4abe6a9c92b25975f0a87e
P01_L025_I01234_PROFILE,example_input_profile,data/source/example_inputs/p01_l025_01234_profile.tsv.gz,462,b4a67bca1f5765543dbe92ecdfd026c46bd0440651b1613eb8435b31380bf202
P01_L025_I01234_SPREAD,example_input_spread,data/source/example_inputs/p01_l025_01234_spread.tsv.gz,450,b9728d253be44303911895376991f8e795b6862dce2185715fe4773e3093278c
P01_L025_I02786_PROFILE,example_input_profile,data/source/example_inputs/p01_l025_02786_profile.tsv.gz,459,8646c3983d7f51cdcf2cff7551c16b9c98946f42092eeabdc5d51a9a37093fde
P01_L025_I02786_SPREAD,example_input_spread,data/source/example_inputs/p01_l025_02786_spread.tsv.gz,447,b0d29c85313368b41e80c8dcc2134bae6ddfc8185d7e2c671d2b1ac22faf80d3
P01_L025_I09115_PROFILE,example_input_profile,data/source/example_inputs/p01_l025_09115_profile.tsv.gz,461,99240a29587d8afebce7c61fe13ccd9a460714e5a045741ee47f028f39e66725
P01_L025_I09115_SPREAD,example_input_spread,data/source/example_inputs/p01_l025_09115_spread.tsv.gz,449,eeff9c730d54540a2aa68bededfe207e4cd14aeab028e6f5eab7e8a27d7da156
P01_L025_I25000_PROFILE,example_input_profile,data/source/example_inputs/p01_l025_25000_profile.tsv.gz,460,42101571f666b0280a4f0b26dfa5a7d30812a7593b508fa042fc495c51283614
P01_L025_I25000_SPREAD,example_input_spread,data/source/example_inputs/p01_l025_25000_spread.tsv.gz,452,fe16a53e5bf0dfd3e1e8a2f09bf9479793ed2b54a6ab3477f5b7a3ade131cf51
P01_L025_I27771_PROFILE,example_input_profile,data/source/example_inputs/p01_l025_27771_profile.tsv.gz,459,ba73d27e5f2a92fd8c33e83938f224e0b2e7029965a1ab6920fe9767d7afb2ff
P01_L025_I27771_SPREAD,example_input_spread,data/source/example_inputs/p01_l025_27771_spread.tsv.gz,448,6b15c265ef7d432942ca601f3956359c59be45647dae40df4c6da546472c86fa
P01_L025_I49628_PROFILE,example_input_profile,data/source/example_inputs/p01_l025_49628_profile.tsv.gz,459,9ba4edf24e89f26f1debd2358631a2d381d0c49851741e742e8daa1b24bd7ba1
P01_L025_I49628_SPREAD,example_input_spread,data/source/example_inputs/p01_l025_49628_spread.tsv.gz,450,ffb3323e781fd469e5b44595168ba29e785cfd837c08425396f78d28afb465e6
P01_L025_I49999_PROFILE,example_input_profile,data/source/example_inputs/p01_l025_49999_profile.tsv.gz,458,a33affcdd59a4470bf368c52fd4d5facfb39145c401e75a914b4a78e4597fd58
P01_L025_I49999_SPREAD,example_input_spread,data/source/example_inputs/p01_l025_49999_spread.tsv.gz,446,a2537859dc3b3f34a5af818a9a069b5430da9c1b5e3f87e365add82280ccd84b
P01_L050_I00000_PROFILE,example_input_profile,data/source/example_inputs/p01_l050_00000_profile.tsv.gz,821,38dce18b3998a818fc68a3cc6b5d56b8eb8068ed6ea54fb341e2a2fa5586bd79
P01_L050_I00000_SPREAD,example_input_spread,data/source/example_inputs/p01_l050_00000_spread.tsv.gz,791,65d8cbaf6d14170c8be69c0ec665880cb6316089a4c4ec2683b8f10ed29e0973
P01_L050_I00001_PROFILE,example_input_profile,data/source/example_inputs/p01_l050_00001_profile.tsv.gz,819,ff78f2ae8b195a398c8ebea96c80eb694e9b7bf28bd2eda66c5ca37f3bc4765f
P01_L050_I00001_SPREAD,example_input_spread,data/source/example_inputs/p01_l050_00001_spread.tsv.gz,790,5c7b294262476bf8b98789ef5cee93ccef10c5a210e2aef461ceb74e6b54cc5d
P01_L050_I01234_PROFILE,example_input_profile,data/source/example_inputs/p01_l050_01234_profile.tsv.gz,814,eab4720bc662d0ab3c1c7d8944903692dc652dddfb13d4996fee44e044209a41
P01_L050_I01234_SPREAD,example_input_spread,data/source/example_inputs/p01_l050_01234_spread.tsv.gz,789,4c058ef604e8ef0421d3011b583f9bc1e9c064b1466aa6dbcba3c6cdc66833d3
P01_L050_I13601_PROFILE,example_input_profile,data/source/example_inputs/p01_l050_13601_profile.tsv.gz,821,5e477ecfec0cca7a6bfad7070865f6f554a759dccf162cb651f5adde6b0991d9
P01_L050_I13601_SPREAD,example_input_spread,data/source/example_inputs/p01_l050_13601_spread.tsv.gz,790,bc7655f81b86aaff5b2c4d251a9d209cffe1738b418de35b4c8153ff8d96bb82
P01_L050_I25000_PROFILE,example_input_profile,data/source/example_inputs/p01_l050_25000_profile.tsv.gz,817,eaad8f6feb0a03e849f8b48aaca1f6bc23164bba24e95cbb202ab8dfc4cf86ce
P01_L050_I25000_SPREAD,example_input_spread,data/source/example_inputs/p01_l050_25000_spread.tsv.gz,792,c621e01ab5bd9777ec6c5a96c2f855fb09cde90090ce2ef02b5cb0871ac6515f
P01_L050_I30673_PROFILE,example_input_profile,data/source/example_inputs/p01_l050_30673_profile.tsv.gz,813,1ef83dbd23c8f09f6e78576e662ce1144fb652d012c8eef33ea39c074efb76ee
P01_L050_I30673_SPREAD,example_input_spread,data/source/example_inputs/p01_l050_30673_spread.tsv.gz,787,66151c3ba249e31ecd75e3eeeeedda1d7e098945c956185829c616cdcb441b14
P01_L050_I49999_PROFILE,example_input_profile,data/source/example_inputs/p01_l050_49999_profile.tsv.gz,817,447eefa3a7a1d5ef85d71f25a727eb2481226d33edcf6b339fdb6f6caf8f8d4a
P01_L050_I49999_SPREAD,example_input_spread,data/source/example_inputs/p01_l050_49999_spread.tsv.gz,786,d86db3d64cd9fca06a927709404f7539784c7a28d619e996e0b98e56224e0aa5
P01_L200_I00000_PROFILE,example_input_profile,data/source/example_inputs/p01_l200_00000_profile.tsv.gz,654,2866a1a0e3db45ba1e6102c88ed80597b8e2a9bbbee2f7d5bc6751c9608e6d7b
P01_L200_I00000_SPREAD,example_input_spread,data/source/example_inputs/p01_l200_00000_spread.tsv.gz,643,7c4974b5c70dd3abe2c0741d12b81a0ef066e9589316754abc1c85b1ebd2728b
P01_L200_I00001_PROFILE,example_input_profile,data/source/example_inputs/p01_l200_00001_profile.tsv.gz,664,fc46ad841dd47d154d2fd6e26ae1346aeb514f5cd36407e1891d28368112cab5
P01_L200_I00001_SPREAD,example_input_spread,data/source/example_inputs/p01_l200_00001_spread.tsv.gz,636,253a66d65323bedaf32468333728892b6df801ada41bd534e8f90df569620c88
P01_L200_I01234_PROFILE,example_input_profile,data/source/example_inputs/p01_l200_01234_profile.tsv.gz,655,b19b1b5ee5bfba8e2abb8d0f31f66be3b39297185f73e099de87fd615093f7e8
P01_L200_I01234_SPREAD,example_input_spread,data/source/example_inputs/p01_l200_01234_spread.tsv.gz,638,60f1f173f3b3c6b14ed2f3ea7a479ab8ada3004e808ea2b9a71fa6c1a95c0919
P01_L200_I07070_PROFILE,example_input_profile,data/source/example_inputs/p01_l200_07070_profile.tsv.gz,662,39fd23e8f6296a6c981cdf93ba3c7ef13c9796acbfaf3a97ca125c829036c204
P01_L200_I07070_SPREAD,example_input_spread,data/source/example_inputs/p01_l200_07070_spread.tsv.gz,641,75ed873a647c2424f38a5d9788473b868f15352dfff6d164e4cd3796b075b131
P01_L200_I15647_PROFILE,example_input_profile,data/source/example_inputs/p01_l200_15647_profile.tsv.gz,658,17a220f637a27069c67baa3214736e9b61026ff45ea62b67f29d53fa623780ca
P01_L200_I15647_SPREAD,example_input_spread,data/source/example_inputs/p01_l200_15647_spread.tsv.gz,639,52e9149221d54cf002d6b1d2da2c94e33eaef1979d4cb862cc4183ba7481e4ef
P01_L200_I25000_PROFILE,example_input_profile,data/source/example_inputs/p01_l200_25000_profile.tsv.gz,651,c9e84e3aa1636c89327d644c2a1e06bb930c707dced837a015c4ebf5b86bba7a
P01_L200_I25000_SPREAD,example_input_spread,data/source/example_inputs/p01_l200_25000_spread.tsv.gz,631,76e73978037b2fef7e3d66971b0b3d3a69f3846fee93904d0fe8768c8350334f
P01_L200_I49999_PROFILE,example_input_profile,data/source/example_inputs/p01_l200_49999_profile.tsv.gz,655,5f006dc0b47552485a6c46c5f6c7643bf06baadcc375eca84258ca72b7b822e7
P01_L200_I49999_SPREAD,example_input_spread,data/source/example_inputs/p01_l200_49999_spread.tsv.gz,634,063d6b0d3f81eb31fda0be962db1240bcf77a7657890f49fad3e43b1d7aba449
P02_L010_I00000_PROFILE,example_input_profile,data/source/example_inputs/p02_l010_00000_profile.tsv.gz,347,ea4f6eb5a826972a627faa5aeb71fe08422f05ab0e630ed86eec8976dde3324f
P02_L010_I00000_SPREAD,example_input_spread,data/source/example_inputs/p02_l010_00000_spread.tsv.gz,331,5e4ee5a3d2ec33cf7f7045f9be46dbcac18b55e99608b977814ea404d93bedb2
P02_L010_I00001_PROFILE,example_input_profile,data/source/example_inputs/p02_l010_00001_profile.tsv.gz,346,490cbd3c66951363741b0ce14a6076065f2b2150d381fc2839a7ef38c7d6c925
P02_L010_I00001_SPREAD,example_input_spread,data/source/example_inputs/p02_l010_00001_spread.tsv.gz,328,23dbef7473c91f923a93ae639067d13c5308f47ac936c5b6ded8d9f04390306b
P02_L010_I01234_PROFILE,example_input_profile,data/source/example_inputs/p02_l010_01234_profile.tsv.gz,345,97ea9af59a97ee7cde29b6e338cf55119ec728b90f29c0a4bccf9a0eaed5764c
P02_L010_I01234_SPREAD,example_input_spread,data/source/example_inputs/p02_l010_01234_spread.tsv.gz,333,7e651e298acfc59e7e772ba9365d9d2b9e85d0eb6e8349bbe19cfb129917f0e1
P02_L010_I01646_PROFILE,example_input_profile,data/source/example_inputs/p02_l010_01646_profile.tsv.gz,346,e047a456bd2e2dd1e7ed605af19feb57ba2f2b508d55cd36cc7f81f82acd23ec
P02_L010_I01646_SPREAD,example_input_spread,data/source/example_inputs/p02_l010_01646_spread.tsv.gz,336,ba4d75a7a239a6bcdbd364a62125edd56f0210e96f9218309d3b5fd0fe8a631c
P02_L010_I01942_PROFILE,example_input_profile,data/source/example_inputs/p02_l010_01942_profile.tsv.gz,343,57a4175e75da915c7e8152b1bc77680f7e1bb36cc1ffd45543158c7c04052af6
P02_L010_I01942_SPREAD,example_input_spread,data/source/example_inputs/p02_l010_01942_spread.tsv.gz,333,3b611b9e8849ae92589af0dad31aa2ea3ba40373cc030d4dd231c2e7fc3dc492
P02_L010_I04353_PROFILE,example_input_profile,data/source/example_inputs/p02_l010_04353_profile.tsv.gz,343,f4e44c42544ecabb01260380787ecd78a00086b7065414d2c05ac1bbe79b94ef
P02_L010_I04353_SPREAD,example_input_spread,data/source/example_inputs/p02_l010_04353_spread.tsv.gz,334,e5d50b8178582ed0962efe9be2784719c3d259bbbf39a9cb9527b810da8d925f
P02_L010_I10588_PROFILE,example_input_profile,data/source/example_inputs/p02_l010_10588_profile.tsv.gz,346,a5cbad8ac40e0b5bb97fbc2d122723a5ac7436a138dba1a4d0790cb112aed8b6
P02_L010_I10588_SPREAD,example_input_spread,data/source/example_inputs/p02_l010_10588_spread.tsv.gz,334,3c026c0fd86fc23a70201426c5e76a57e62a5e7d4dda6c6bbafda995458c50cc
P02_L010_I25000_PROFILE,example_input_profile,data/source/example_inputs/p02_l010_25000_profile.tsv.gz,347,a79d180b70dd72160625edf0fc057a1848dc284e2b82a2e789589d3f833c7fd2
P02_L010_I25000_SPREAD,example_input_spread,data/source/example_inputs/p02_l010_25000_spread.tsv.gz,334,6bed372aef015ab093ff3b6dbf61963b69e0d9da21d787415db09a8657b22b38
P02_L010_I49999_PROFILE,example_input_profile,data/source/example_inputs/p02_l010_49999_profile.tsv.gz,342,f7f72799555a8eba4c322537f936377b227a877363d58fd6f055acf5d693257b
P02_L010_I49999_SPREAD,example_input_spread,data/source/example_inputs/p02_l010_49999_spread.tsv.gz,338,91b86123c2617d4560122c888a06e7c81c52f49429d4a081b1e315ae8fb9876d
P02_L026_I00000_PROFILE,example_input_profile,data/source/example_inputs/p02_l026_00000_profile.tsv.gz,453,70a2cb7b516c9bd24b345863c052984910cde37ef893dd243c2cb4de284349f6
P02_L026_I00000_SPREAD,example_input_spread,data/source/example_inputs/p02_l026_00000_spread.tsv.gz,443,6273fbc9d141daf284d3055e73dbf6611358eb7dae040f83fe5b76f6f0a3d875
P02_L026_I00001_PROFILE,example_input_profile,data/source/example_inputs/p02_l026_00001_profile.tsv.gz,460,2a4d6fe0046aef22c0cc1c872df3832562fd0df9ffc281dbc4e8f0cfad37593a
P02_L026_I00001_SPREAD,example_input_spread,data/source/example_inputs/p02_l026_00001_spread.tsv.gz,445,22d4d1d7ae91b28879f48fab25dc73a66c4bfcf4a54fd370ab94090c1c51160f
P02_L026_I00813_PROFILE,example_input_profile,data/source/example_inputs/p02_l026_00813_profile.tsv.gz,459,648e60b7523e9935ce006b7a645ae5eec2804664c0f27df1cad92667c077b78c
P02_L026_I00813_SPREAD,example_input_spread,data/source/example_inputs/p02_l026_00813_spread.tsv.gz,443,eb25a74f233763f8bc2fe3e07de554a8bfa5436edb104bd25f9a0db6edf1a3e6
P02_L026_I01234_PROFILE,example_input_profile,data/source/example_inputs/p02_l026_01234_profile.tsv.gz,454,2cce0b4a593d38d2c20e89d922cb549351ac7fa5e0614ecc607cc6e4b4c267a3
P02_L026_I01234_SPREAD,example_input_spread,data/source/example_inputs/p02_l026_01234_spread.tsv.gz,446,2d57519aa79d1a6774ff54787dcfe9e602c1d0f96b9348512371368de6a19fd1
P02_L026_I04841_PROFILE,example_input_profile,data/source/example_inputs/p02_l026_04841_profile.tsv.gz,458,6b954594dbc267f26bc9de6760a729d23032aef2f661b60e3d1a91df90db87ba
P02_L026_I04841_SPREAD,example_input_spread,data/source/example_inputs/p02_l026_04841_spread.tsv.gz,446,01567ea02c9fff8f95f8dad1788a0eb824b059cb9764b59cb7a0806562afad28
P02_L026_I08403_PROFILE,example_input_profile,data/source/example_inputs/p02_l026_08403_profile.tsv.gz,450,e480841b7c78c9c35e8f615512af8c01c231136d94cf7887e3e3aa1cf4b14361
P02_L026_I08403_SPREAD,example_input_spread,data/source/example_inputs/p02_l026_08403_spread.tsv.gz,437,b5447b8b2b15fa9e7782d7c6c652d3854a8e6606a27cd5f1083930616926438a
P02_L026_I12873_PROFILE,example_input_profile,data/source/example_inputs/p02_l026_12873_profile.tsv.gz,462,af056922d8e1178d2c0d5f36273e07d55637ceab463bb0482198e3a1efbad20b
P02_L026_I12873_SPREAD,example_input_spread,data/source/example_inputs/p02_l026_12873_spread.tsv.gz,442,a6efe06369bec77292efd1fea61a8215e3d062154ee76494175bacf4094c9a76
P02_L026_I25000_PROFILE,example_input_profile,data/source/example_inputs/p02_l026_25000_profile.tsv.gz,458,4bbb9128452f0ab869d2a6d1cd083b1bcdf0a1a202f8bbd3d2ba3fdeb9ccf317
P02_L026_I25000_SPREAD,example_input_spread,data/source/example_inputs/p02_l026_25000_spread.tsv.gz,443,16856d60f2a88c29189b66025174d21881949958c343650691f260aa55dd1eb2
P02_L026_I49999_PROFILE,example_input_profile,data/source/example_inputs/p02_l026_49999_profile.tsv.gz,457,c47c718a26572e7240802ec0c8b242778c535dd2083f22e4e917e4dee6a90003
P02_L026_I49999_SPREAD,example_input_spread,data/source/example_inputs/p02_l026_49999_spread.tsv.gz,445,36269654da54f41f622b7dc337cb7d75f96faf9b8641471fc3c8a279eeceb0ba
P02_L049_I00000_PROFILE,example_input_profile,data/source/example_inputs/p02_l049_00000_profile.tsv.gz,567,3c71828710eac1544fdd90fcc7755dd6c8615fb882a01d30acc33e334642dc28
P02_L049_I00000_SPREAD,example_input_spread,data/source/example_inputs/p02_l049_00000_spread.tsv.gz,557,d15e2cd8ae8b4e40c293ac67e3150aae74b2efd18e6807e576c6c40a4f7c3c39
P02_L049_I00001_PROFILE,example_input_profile,data/source/example_inputs/p02_l049_00001_profile.tsv.gz,570,9f5d0b80e687dc8b77552dc1c65dba52a0d27f37598804fd4a0ffb73f3b2495b
P02_L049_I00001_SPREAD,example_input_spread,data/source/example_inputs/p02_l049_00001_spread.tsv.gz,560,cf6aad65c8cf4d0ab07e32b5c75fbe22ff2cf5cdd1a780cc7b564b0dbe88915b
P02_L049_I00720_PROFILE,example_input_profile,data/source/example_inputs/p02_l049_00720_profile.tsv.gz,572,ee3199b749e87839ac1ee7cb194b3e063c2373556c33672a07a73204d531c139
P02_L049_I00720_SPREAD,example_input_spread,data/source/example_inputs/p02_l049_00720_spread.tsv.gz,558,a322a877e41d7ac5aa175c21eee387b63b039e0cb13eb7aa740cab13da80ebe3
P02_L049_I01234_PROFILE,example_input_profile,data/source/example_inputs/p02_l049_01234_profile.tsv.gz,570,9421cf165b781be2f1a94a0fa1e4d0c2983a2af624dc25be47247628fb919163
P02_L049_I01234_SPREAD,example_input_spread,data/source/example_inputs/p02_l049_01234_spread.tsv.gz,559,450dd0687cc535a451727e0e84c2e47ce74faeb171366213d06e02b047167395
P02_L049_I03584_PROFILE,example_input_profile,data/source/example_inputs/p02_l049_03584_profile.tsv.gz,567,601d3804a1761743804a74dacfaf6612d6ace9f19018fd3b92d4a157a587c386
P02_L049_I03584_SPREAD,example_input_spread,data/source/example_inputs/p02_l049_03584_spread.tsv.gz,559,e435a1053dc4eb9117f1e815af665d6e78f0789cef484356c688ed96c3fb3f8f
P02_L049_I09211_PROFILE,example_input_profile,data/source/example_inputs/p02_l049_09211_profile.tsv.gz,578,3b2aca3b2a58b211edb10daa65d7dfb91392351e3e9e0c6fcf61ac5df1e23dec
P02_L049_I09211_SPREAD,example_input_spread,data/source/example_inputs/p02_l049_09211_spread.tsv.gz,556,aa236e8c0b9db0bdaa78c46bebb1479c187a82e9cf13146f2da1cad03211b755
P02_L049_I25000_PROFILE,example_input_profile,data/source/example_inputs/p02_l049_25000_profile.tsv.gz,570,c915930fcfb9baebb91ff1c74c6a9d54b9aa1ff1a2358bd824da3f78717f4095
P02_L049_I25000_SPREAD,example_input_spread,data/source/example_inputs/p02_l049_25000_spread.tsv.gz,558,7a3259d896fdf750f1a7d203a8274144e60648767f3fb59cdb0ecfc8624d0a2f
P02_L049_I44244_PROFILE,example_input_profile,data/source/example_inputs/p02_l049_44244_profile.tsv.gz,576,eac42ee50d3ff5178ea8b98011ad3242041082ca32ad2ae655fbddc3a55d2214
P02_L049_I44244_SPREAD,example_input_spread,data/source/example_inputs/p02_l049_44244_spread.tsv.gz,556,f903d149f354fe45524107a8681925c9b28180b46999e4ea2f56a4cd5a86f63c
P02_L049_I49999_PROFILE,example_input_profile,data/source/example_inputs/p02_l049_49999_profile.tsv.gz,570,bcc35709c2918aeb6ae9727c53ad6a5ddfc7837f5a470a87acc6d7938fa882b1
P02_L049_I49999_SPREAD,example_input_spread,data/source/example_inputs/p02_l049_49999_spread.tsv.gz,552,d801db777b3976b55ef19b0b08c05a27bf605717e8adbd5aa58f6043526b8e12
P02_L100_I00000_PROFILE,example_input_profile,data/source/example_inputs/p02_l100_00000_profile.tsv.gz,575,d1fd833b0f483fa956a3363d90b98388c9582efbbdaa962f933408012f2996f6
P02_L100_I00000_SPREAD,example_input_spread,data/source/example_inputs/p02_l100_00000_spread.tsv.gz,561,80b1cb54b23db7ff7e512c59591318617de4a1466e7bd817de767dad22b4b80b
P02_L100_I00001_PROFILE,example_input_profile,data/source/example_inputs/p02_l100_00001_profile.tsv.gz,577,175f47c084899278d630d5cf7723500792f38cfff36937520d78b7af97fd77e9
P02_L100_I00001_SPREAD,example_input_spread,data/source/example_inputs/p02_l100_00001_spread.tsv.gz,552,3095359802f9055c633b4bb3163a71e8d6b60701b47a262f7c610a4288c77f65
P02_L100_I01234_PROFILE,example_input_profile,data/source/example_inputs/p02_l100_01234_profile.tsv.gz,571,b9f15a6f1d9fe3a886ae79821b3af6c689a183933a45cd9a9095f0fa9f6e46e5
P02_L100_I01234_SPREAD,example_input_spread,data/source/example_inputs/p02_l100_01234_spread.tsv.gz,558,4721e33cbe3e88f89b71b6f3e8c6ffa04f6f7f24bbce931178d4547c379bcd6a
P02_L100_I04373_PROFILE,example_input_profile,data/source/example_inputs/p02_l100_04373_profile.tsv.gz,571,95b3ef77041a72cb642fcc472087ad1b80578b94b6e3dd42c58e830de170935a
P02_L100_I04373_SPREAD,example_input_spread,data/source/example_inputs/p02_l100_04373_spread.tsv.gz,556,5cb18dc41c10b60813196a3e31610a0392d921a28259fcd868fc8157bc120e73
P02_L100_I04778_PROFILE,example_input_profile,data/source/example_inputs/p02_l100_04778_profile.tsv.gz,575,1201aaef376b799b2a2f9f9445d547a3ebcd15b0d1689b91af5ccf958d45234f
P02_L100_I04778_SPREAD,example_input_spread,data/source/example_inputs/p02_l100_04778_spread.tsv.gz,555,63d6c6f603da01627d0e6cb72608bdbe4eafa2683b5d122fdf71fbca6a0788c1
P02_L100_I11162_PROFILE,example_input_profile,data/source/example_inputs/p02_l100_11162_profile.tsv.gz,576,9a5314f8acc1a88c73e3254ce36c630c019e6ef5fbeace38b41b89165feef18c
P02_L100_I11162_SPREAD,example_input_spread,data/source/example_inputs/p02_l100_11162_spread.tsv.gz,554,6e0e44649e2722d9ad6600044ea7864e705d858f3d28c03833f293c56f1f87d1
P02_L100_I25000_PROFILE,example_input_profile,data/source/example_inputs/p02_l100_25000_profile.tsv.gz,573,3ec6ecdba211a53cb265774299477c879732583d8dc1dd53141641701beafdd7
P02_L100_I25000_SPREAD,example_input_spread,data/source/example_inputs/p02_l100_25000_spread.tsv.gz,563,cd5db927c18be76d10c95b8c47f294c9fdaa3eb4a663110a8d47da70917b46fd
P02_L100_I43725_PROFILE,example_input_profile,data/source/example_inputs/p02_l100_43725_profile.tsv.gz,576,8819f242ef1c6a1036d4e249c276e738371d933aff75a6969079ad878fd4d1c6
P02_L100_I43725_SPREAD,example_input_spread,data/source/example_inputs/p02_l100_43725_spread.tsv.gz,558,77b7230dd77195ccbbbd376ca6730f4fba733852e8b6a0105a9e89b580be7c84
P02_L100_I49999_PROFILE,example_input_profile,data/source/example_inputs/p02_l100_49999_profile.tsv.gz,573,c2c36f7e6da3596f3de147625799ade47b5fb0a9ad3af71bae0bb78079384914
P02_L100_I49999_SPREAD,example_input_spread,data/source/example_inputs/p02_l100_49999_spread.tsv.gz,558,dd06c859103d546ad289cec4d07b9e4129d48ad4cd3a11178bff3a1c546d5d57
P03_L010_I00000_PROFILE,example_input_profile,data/source/example_inputs/p03_l010_00000_profile.tsv.gz,455,dbd8d06487396f27b67be00b1d1a0784712d8b7427d4ffe3909061677248a5b5
P03_L010_I00000_SPREAD,example_input_spread,data/source/example_inputs/p03_l010_00000_spread.tsv.gz,443,e741c3755897de132b6e79176877143ac71595e62b6c1b359581b30174c10a4c
P03_L010_I00001_PROFILE,example_input_profile,data/source/example_inputs/p03_l010_00001_profile.tsv.gz,456,d367fd8a683b86d22c12c23a43e39a9ac0bc93ac4b8e13119c42972770d0c9ca
P03_L010_I00001_SPREAD,example_input_spread,data/source/example_inputs/p03_l010_00001_spread.tsv.gz,442,6064915869a46430a69c777f2460575f7a0fdc29bb43c8068dbbe0f49ff59dd4
P03_L010_I01234_PROFILE,example_input_profile,data/source/example_inputs/p03_l010_01234_profile.tsv.gz,455,1a7ebe2772aece276ebc0ffe41903427a2f191b5ce12ad81388ad928001e922e
P03_L010_I01234_SPREAD,example_input_spread,data/source/example_inputs/p03_l010_01234_spread.tsv.gz,443,4ea9f1013e0a689f81a86d12e0ddc5b308e5c9b7c9d3ce5fbda51f67dec94122
P03_L010_I02886_PROFILE,example_input_profile,data/source/example_inputs/p03_l010_02886_profile.tsv.gz,457,f14d961128fdee1426c6f818521ec726a04c7e8fb4157165b6d90766ef924e3c
P03_L010_I02886_SPREAD,example_input_spread,data/source/example_inputs/p03_l010_02886_spread.tsv.gz,443,1b95a2e3f34d67013c4390ae073898d326f2b7d4be3ed5500a79ff3905dfccbc
P03_L010_I17376_PROFILE,example_input_profile,data/source/example_inputs/p03_l010_17376_profile.tsv.gz,459,525f42038784045c0a6d7cf0568ad328b2cf96031875053bcb6a2b541882b1ef
P03_L010_I17376_SPREAD,example_input_spread,data/source/example_inputs/p03_l010_17376_spread.tsv.gz,444,c3bcdaab6c567a15db43d8709368b41c27f15fa142167ac09080babb05f45ee9
P03_L010_I21375_PROFILE,example_input_profile,data/source/example_inputs/p03_l010_21375_profile.tsv.gz,458,041f1347830dd28b4c3980cede391ce7e132ee51477f7f68795c294a8f9d5a3a
P03_L010_I21375_SPREAD,example_input_spread,data/source/example_inputs/p03_l010_21375_spread.tsv.gz,445,8fefa300083293ac9d743f5a2b11e7766df3969a15b93067fd7f709f2ae09666
P03_L010_I25000_PROFILE,example_input_profile,data/source/example_inputs/p03_l010_25000_profile.tsv.gz,453,8633af538a242d99d75e25bcf5c802ba486500cd3aa981d0a223fb8d5354bc3c
P03_L010_I25000_SPREAD,example_input_spread,data/source/example_inputs/p03_l010_25000_spread.tsv.gz,444,a5a82d9bbaa804cdb13c6b7774855a7a227057fc3f66a6c433587c4aae1be6a0
P03_L010_I40001_PROFILE,example_input_profile,data/source/example_inputs/p03_l010_40001_profile.tsv.gz,461,9fa395a88305adeeff62c276ad8ee9eb288354e63c5d7b43e9beee9b92eae0a5
P03_L010_I40001_SPREAD,example_input_spread,data/source/example_inputs/p03_l010_40001_spread.tsv.gz,444,adf7d62efe5035feaf82e23ad0900fcdf793cf3729ec076862e11240ca9563ab
P03_L010_I49999_PROFILE,example_input_profile,data/source/example_inputs/p03_l010_49999_profile.tsv.gz,460,eeb4d94f10e5057941e2885ccd5afc195f2d51644b905cb0f1f2470e03a406fd
P03_L010_I49999_SPREAD,example_input_spread,data/source/example_inputs/p03_l010_49999_spread.tsv.gz,442,dc90c8b7c9a4b9d7b085f528a297ec356f3b4e42d28f26d9a8ae4d8e5e40f0c8
P03_L049_I00000_PROFILE,example_input_profile,data/source/example_inputs/p03_l049_00000_profile.tsv.gz,464,a1aa06d1c3f630e14dfa82a0118cf7f85117255581d20ba996182c69ef412d0c
P03_L049_I00000_SPREAD,example_input_spread,data/source/example_inputs/p03_l049_00000_spread.tsv.gz,439,75e6771549bf3574fd111ed73bc86b40c2557f0de10eb511bde0da456e2f7bb8
P03_L049_I00001_PROFILE,example_input_profile,data/source/example_inputs/p03_l049_00001_profile.tsv.gz,464,6f1550c12d2752a417c0e2302e0c13ccc50d0e7ca3a88a38f1d78382c7ba35ca
P03_L049_I00001_SPREAD,example_input_spread,data/source/example_inputs/p03_l049_00001_spread.tsv.gz,446,6f594415da1be4546128ac436c3aad94d2309854e91cd8d85a9dcbf3e6e2498b
P03_L049_I01234_PROFILE,example_input_profile,data/source/example_inputs/p03_l049_01234_profile.tsv.gz,467,71b6b49528c5407d613ac20d208422a23cfc1dc7cafe4db9fdfe2e336383abb6
P03_L049_I01234_SPREAD,example_input_spread,data/source/example_inputs/p03_l049_01234_spread.tsv.gz,442,57425b030257ec84040bbf1da798f63f602fadad8fc1bdd5ebc1602531b80326
P03_L049_I02004_PROFILE,example_input_profile,data/source/example_inputs/p03_l049_02004_profile.tsv.gz,461,fbd2f7cab9f0956f065aacc80c6dcd1a2187b7d5999641ca112209c684b03b50
P03_L049_I02004_SPREAD,example_input_spread,data/source/example_inputs/p03_l049_02004_spread.tsv.gz,446,14c912d4e3454561cfbbac804358204fc4ef5e159d1a64e7f6daec1ef5a71003
P03_L049_I04521_PROFILE,example_input_profile,data/source/example_inputs/p03_l049_04521_profile.tsv.gz,463,fede06a423a090f67816b05f202d9db31dee0c74e69c48a8ea211990eb165393
P03_L049_I04521_SPREAD,example_input_spread,data/source/example_inputs/p03_l049_04521_spread.tsv.gz,444,0a56f59898c20c7484d1b168d399a117c3dd41e692646d41fe52d1ec60f9f7af
P03_L049_I05729_PROFILE,example_input_profile,data/source/example_inputs/p03_l049_05729_profile.tsv.gz,461,92fd1fc26e339ab7bb7c1dfe246ff9d82f620e4de40454284fc2b0ad746b5b69
P03_L049_I05729_SPREAD,example_input_spread,data/source/example_inputs/p03_l049_05729_spread.tsv.gz,442,f3b50d9f7baf90efd20931d6d232d03a171d2c572da6c3522083f503fc29649f
P03_L049_I13270_PROFILE,example_input_profile,data/source/example_inputs/p03_l049_13270_profile.tsv.gz,462,8def6dc05bfa7cc945e0075e59388fbae119149da6834cd56d1611bc1cc34bb6
P03_L049_I13270_SPREAD,example_input_spread,data/source/example_inputs/p03_l049_13270_spread.tsv.gz,445,e7dae49ea5f20b638631fcb13f5f05c9537295b14babb6bbb839e2260b91a833
P03_L049_I25000_PROFILE,example_input_profile,data/source/example_inputs/p03_l049_25000_profile.tsv.gz,459,d1bde2f20bd79290e916b46796de7e728cea5b5328d6788fe0867fd5ce7d2c93
P03_L049_I25000_SPREAD,example_input_spread,data/source/example_inputs/p03_l049_25000_spread.tsv.gz,441,267f6a2946aa5f7839443a25d5de73fcd9e648e2d5c0826b5ea90da8dc939e7b
P03_L049_I49999_PROFILE,example_input_profile,data/source/example_inputs/p03_l049_49999_profile.tsv.gz,456,5053ee4eda649ba84632fd6bd40585ec0c8b41ccc1f2dfeb7434466f912763fc
P03_L049_I49999_SPREAD,example_input_spread,data/source/example_inputs/p03_l049_49999_spread.tsv.gz,441,2836ffb55c00c23f13c9cb91249b3cf592bfccb1816d4860af9d562861dc9257
P03_L100_I00000_PROFILE,example_input_profile,data/source/example_inputs/p03_l100_00000_profile.tsv.gz,564,6e5bb829e8d204bdda08d775a69a5ed494d8ad47edb6632fa95eaf257e330368
P03_L100_I00000_SPREAD,example_input_spread,data/source/example_inputs/p03_l100_00000_spread.tsv.gz,556,1971d263b64a1bedb0ba0b39690e9858f7c9983e38f9589876f22ffe647ac832
P03_L100_I00001_PROFILE,example_input_profile,data/source/example_inputs/p03_l100_00001_profile.tsv.gz,564,b88bb1ca70613ae49324afbe038418dcff62b9b30cc75b7e317f392b6b8fe795
P03_L100_I00001_SPREAD,example_input_spread,data/source/example_inputs/p03_l100_00001_spread.tsv.gz,554,0fcdd4a0e2a54d49f95cc78d1fb0bf51afecfe2f3c24eedee72069e71744511a
P03_L100_I01234_PROFILE,example_input_profile,data/source/example_inputs/p03_l100_01234_profile.tsv.gz,565,80537c3f7b481d3510dc5e3eda5e1bf7499f8ca53e710f4ac9475e084526f2aa
P03_L100_I01234_SPREAD,example_input_spread,data/source/example_inputs/p03_l100_01234_spread.tsv.gz,558,d611e83d78e94c3f89e1d983ebf4f5b35b9f6744f08f530f159b1f47772d426b
P03_L100_I25000_PROFILE,example_input_profile,data/source/example_inputs/p03_l100_25000_profile.tsv.gz,561,41ac17630c951b30917830722c1c2628978b896e872fd5e2fb9f33356bad5004
P03_L100_I25000_SPREAD,example_input_spread,data/source/example_inputs/p03_l100_25000_spread.tsv.gz,556,b936fe1cac07b19545618736dd86ca96502759137dd6b53e133d76c118c56aa4
P03_L100_I49999_PROFILE,example_input_profile,data/source/example_inputs/p03_l100_49999_profile.tsv.gz,556,da28571166ac161f1f7b0c709982d4890b5d2709c0d0dfd294ef8d2eb12fe23b
P03_L100_I49999_SPREAD,example_input_spread,data/source/example_inputs/p03_l100_49999_spread.tsv.gz,558,ea9620c64882509e5d8407c3f37559be96be275980a1bae818d7f2f9b8f73ad6
P03_L200_I00000_PROFILE,example_input_profile,data/source/example_inputs/p03_l200_00000_profile.tsv.gz,575,c4e5cf1c69a726549b710b3c44d30196b8f345d3ed1e03d6c8f2b6031f9fef1e
P03_L200_I00000_SPREAD,example_input_spread,data/source/example_inputs/p03_l200_00000_spread.tsv.gz,554,c4dd5d21947f6326054273febae76f9f9cb77871ce05c2ce3ee1f4f8a7252f1d
P03_L200_I00001_PROFILE,example_input_profile,data/source/example_inputs/p03_l200_00001_profile.tsv.gz,571,96642f4c8530d3721d0381a10635fe73ad747e9eec4d15c0cd8d2f75906e7213
P03_L200_I00001_SPREAD,example_input_spread,data/source/example_inputs/p03_l200_00001_spread.tsv.gz,558,2c53f9629cbac3cad89174363b20181dc822600d774aef40ee5ac41db5c728c9
P03_L200_I00202_PROFILE,example_input_profile,data/source/example_inputs/p03_l200_00202_profile.tsv.gz,579,13070b92e0ede51c90755a178d1e1d1182274ff0458b445a08ee79b908e68af3
P03_L200_I00202_SPREAD,example_input_spread,data/source/example_inputs/p03_l200_00202_spread.tsv.gz,555,4bc283c5b1f50d15a53b9b8a389bcec46d00345ec5e4e2d35a88a4e00c3fbfca
P03_L200_I01234_PROFILE,example_input_profile,data/source/example_inputs/p03_l200_01234_profile.tsv.gz,579,6db858c56e65dde40f7ba10f08145abfed3d4020e5a8f5f93119e1e490deac03
P03_L200_I01234_SPREAD,example_input_spread,data/source/example_inputs/p03_l200_01234_spread.tsv.gz,556,a1beb52807d3e6b92387d30c741475f677b7b6ddfcfa664334e1b0de16f4a733
P03_L200_I01534_PROFILE,example_input_profile,data/source/example_inputs/p03_l200_01534_profile.tsv.gz,573,c200d3867a506858bf81a53e8daea260eb4fb69db1c1c4b9984e35038cb99b2d
P03_L200_I01534_SPREAD,example_input_spread,data/source/example_inputs/p03_l200_01534_spread.tsv.gz,550,e426a9cb90c5d7c610496bbefafd7e2469e13a96cf30086cbd74e993e47eeaff
P03_L200_I20887_PROFILE,example_input_profile,data/source/example_inputs/p03_l200_20887_profile.tsv.gz,569,b91beee3d0f44c49db700eec1139f288b66098c1ea9a1f14c904313705faa30d
P03_L200_I20887_SPREAD,example_input_spread,data/source/example_inputs/p03_l200_20887_spread.tsv.gz,553,8b242617c59525a3ec359373b2b184ae692254a0646ef027122def9fafdf2cbb
P03_L200_I25000_PROFILE,example_input_profile,data/source/example_inputs/p03_l200_25000_profile.tsv.gz,581,52e529a5c061b72477913c35e7adc3f0804fc40e84feb8e46ec9b8e2372ce1c3
P03_L200_I25000_SPREAD,example_input_spread,data/source/example_inputs/p03_l200_25000_spread.tsv.gz,555,17b0db5ca7eac9dd531f245a78a80778a1c136a090209ba28584ee866bee2df4
P03_L200_I46290_PROFILE,example_input_profile,data/source/example_inputs/p03_l200_46290_profile.tsv.gz,577,265724d1829ab332bb5ca70110a2710ea1df1ef65693b2bf91d390e48bb6b87d
P03_L200_I46290_SPREAD,example_input_spread,data/source/example_inputs/p03_l200_46290_spread.tsv.gz,552,ea498a7cc830a8abd65bc340212c71674d93e1404a4384235745f60060499e1a
P03_L200_I49999_PROFILE,example_input_profile,data/source/example_inputs/p03_l200_49999_profile.tsv.gz,576,60b3b88915be35632987d34b362cda5923566ad0a969d4f82e79ba1f89048a8b
P03_L200_I49999_SPREAD,example_input_spread,data/source/example_inputs/p03_l200_49999_spread.tsv.gz,555,623ee9f2ca43335a1097d18d0a9b67e2309f8870633ee380a38772e3a3db9e78
P04_L010_I00000_PROFILE,example_input_profile,data/source/example_inputs/p04_l010_00000_profile.tsv.gz,455,bd3574dc4a99fb3082c1da70592f1b7d7874540ce616db7b0e5f55a4ab6148da
P04_L010_I00000_SPREAD,example_input_spread,data/source/example_inputs/p04_l010_00000_spread.tsv.gz,445,685e855388e1bf160fdbf0070c9696314ebea8397e913f50025b7a4ae4d68b4a
P04_L010_I00001_PROFILE,example_input_profile,data/source/example_inputs/p04_l010_00001_profile.tsv.gz,454,faf506dc6fffcf76b8567ccbb29e8545c006cbe7d24b60df78d140b58d087e69
P04_L010_I00001_SPREAD,example_input_spread,data/source/example_inputs/p04_l010_00001_spread.tsv.gz,444,88bf65d57d77eb8d6a1c99a4ba39017bb4e3f8945af9831107f93b5f089245ae
P04_L010_I01234_PROFILE,example_input_profile,data/source/example_inputs/p04_l010_01234_profile.tsv.gz,457,351fcdacf8e24d6555b14ad1bb31acccc032258633b1fb98e63ee987020912eb
P04_L010_I01234_SPREAD,example_input_spread,data/source/example_inputs/p04_l010_01234_spread.tsv.gz,447,a856c7b874f3694221bbd6038602363abb867e10f06828889f8360897d2e29ce
P04_L010_I01691_PROFILE,example_input_profile,data/source/example_inputs/p04_l010_01691_profile.tsv.gz,455,c233e83504b97aa06c4d26413fbc4b69fd3823a5d3f11ce80392429aa99fb1d3
P04_L010_I01691_SPREAD,example_input_spread,data/source/example_inputs/p04_l010_01691_spread.tsv.gz,443,e7021aa566c85d4b96053f91a3a2ee75f1d5f51f6fa6f8af61ffa36997db4189
P04_L010_I01824_PROFILE,example_input_profile,data/source/example_inputs/p04_l010_01824_profile.tsv.gz,461,05c604471308893f42a4f42e38383c0041b9055e7572dcb459568eb8d4c5828f
P04_L010_I01824_SPREAD,example_input_spread,data/source/example_inputs/p04_l010_01824_spread.tsv.gz,443,b375af1aaeb7d6c3bc3a1efe5d99827d8af4f9cf8252cf9295e9905fb6a6aae5
P04_L010_I02156_PROFILE,example_input_profile,data/source/example_inputs/p04_l010_02156_profile.tsv.gz,459,c555b1e27ca765f1718192d940f91bbcd129706af5a017370b6cd22aa1707867
P04_L010_I02156_SPREAD,example_input_spread,data/source/example_inputs/p04_l010_02156_spread.tsv.gz,444,b971d4ad9588c33a24c9f1f13dd11fac98d7246bf911ec7ccd81e81eb948b53b
P04_L010_I04227_PROFILE,example_input_profile,data/source/example_inputs/p04_l010_04227_profile.tsv.gz,457,a6eb571890e6bdc9d83e56291b653ee7ca455c9172fe7e1bbb3a1287abbae23a
P04_L010_I04227_SPREAD,example_input_spread,data/source/example_inputs/p04_l010_04227_spread.tsv.gz,444,48c84ccf00804bc5c48fc41c36c0dbb1f6c9dcd95def0c0dbda3a81f8b31a686
P04_L010_I25000_PROFILE,example_input_profile,data/source/example_inputs/p04_l010_25000_profile.tsv.gz,455,62101baccabd1bb0eb16d653c4d2059fb5e489b0bb83a10b6f364461abd6cedb
P04_L010_I25000_SPREAD,example_input_spread,data/source/example_inputs/p04_l010_25000_spread.tsv.gz,446,61058d03254a045b94aa34987fc76e9f616ad60ed315710c332b968e942495b8
P04_L010_I49999_PROFILE,example_input_profile,data/source/example_inputs/p04_l010_49999_profile.tsv.gz,457,91b52b04af69fa37bc4d5fb63f3b72f97ccc5fc88b0d34809ee76894c839aee3
P04_L010_I49999_SPREAD,example_input_spread,data/source/example_inputs/p04_l010_49999_spread.tsv.gz,445,cc2acbf8c13624f3f4b049e07b1f97e0737a60236bbe3f69d227957ef2eaef92
P04_L049_I00000_PROFILE,example_input_profile,data/source/example_inputs/p04_l049_00000_profile.tsv.gz,457,d6f5943d5d9b9b5f1e8649cd987c06b51c2c092ebb8a1b35d6967380e38d7717
P04_L049_I00000_SPREAD,example_input_spread,data/source/example_inputs/p04_l049_00000_spread.tsv.gz,443,4064ec8eac93c85039e244b96edd2124e69bae9df5da860c6823fecc18f93b07
P04_L049_I00001_PROFILE,example_input_profile,data/source/example_inputs/p04_l049_00001_profile.tsv.gz,458,0168ef5dcc1178466e713591d0e4ab45bdc5c95146ca4230c2c75b38b4010b22
P04_L049_I00001_SPREAD,example_input_spread,data/source/example_inputs/p04_l049_00001_spread.tsv.gz,447,de44ae51f16fdacc09755f7fc54be028456a562a222708403f2627ca05bd8287
P04_L049_I00483_PROFILE,example_input_profile,data/source/example_inputs/p04_l049_00483_profile.tsv.gz,448,eaf403266cce26d81a71dead02df9147d793d59b1539d8a35f88755a7db0f782
P04_L049_I00483_SPREAD,example_input_spread,data/source/example_inputs/p04_l049_00483_spread.tsv.gz,441,8f74befa8f06db57c0a3bb76614308cebf7239eb93e9047127f8bf5ac0242da8
P04_L049_I01060_PROFILE,example_input_profile,data/source/example_inputs/p04_l049_01060_profile.tsv.gz,462,a115ff4bddf2d94f950a82c614be19d28c659489970303f426f4a2441c1d05d1
P04_L049_I01060_SPREAD,example_input_spread,data/source/example_inputs/p04_l049_01060_spread.tsv.gz,445,b4206a2ff32bcce7622fd1082a5c3439466b55d0264f8f61f15be2fb468bcd71
P04_L049_I01234_PROFILE,example_input_profile,data/source/example_inputs/p04_l049_01234_profile.tsv.gz,459,f0ae6cee5b2cdf3c527b9af77225f3e3962a6a2b42d4f01e75bc286fde482235
P04_L049_I01234_SPREAD,example_input_spread,data/source/example_inputs/p04_l049_01234_spread.tsv.gz,442,cd26dad2fdf791fffd7a019c5c2cf484131c5d16bbeab56440b8b45df3ceba68
P04_L049_I25000_PROFILE,example_input_profile,data/source/example_inputs/p04_l049_25000_profile.tsv.gz,457,71a873fcd384dd1ca4bdfb0833019bb362eab3566f1d28e6cbb978ee4fc538b7
P04_L049_I25000_SPREAD,example_input_spread,data/source/example_inputs/p04_l049_25000_spread.tsv.gz,444,748b0c689191ff682cdea75a81193a801146f8a14e8e1b321571306a672d6592
P04_L049_I49999_PROFILE,example_input_profile,data/source/example_inputs/p04_l049_49999_profile.tsv.gz,457,87e75e8e405ee556649332fc85818d78416a7ba9504a97127e5972c92a68bc18
P04_L049_I49999_SPREAD,example_input_spread,data/source/example_inputs/p04_l049_49999_spread.tsv.gz,444,f97ca08b8980a320ef690dfde0d4eaa877db0810792f04e60004075ed5647379
P04_L100_I00000_PROFILE,example_input_profile,data/source/example_inputs/p04_l100_00000_profile.tsv.gz,566,9e310a85223a5453a663db5840d35338b8374d60fe689a32b916a2ee463ab8d4
P04_L100_I00000_SPREAD,example_input_spread,data/source/example_inputs/p04_l100_00000_spread.tsv.gz,555,d563c4ea9d3d5fe387ca2fea5f2f0a60c0ebfdb886819b73c2a0042da945194a
P04_L100_I00001_PROFILE,example_input_profile,data/source/example_inputs/p04_l100_00001_profile.tsv.gz,570,1729f6e24e98e93753ba2c7c3ddb0dab57674ccb66890caffae59e68737e874d
P04_L100_I00001_SPREAD,example_input_spread,data/source/example_inputs/p04_l100_00001_spread.tsv.gz,552,4d000a93fba6f51c85696fa1b7d36822967778b436def85ee1bd85d926bd2005
P04_L100_I01234_PROFILE,example_input_profile,data/source/example_inputs/p04_l100_01234_profile.tsv.gz,572,5af4e38bac1f24ba757cd14b1f4d59d85495d0d37e4aa5b9a2c0d16a6960ac92
P04_L100_I01234_SPREAD,example_input_spread,data/source/example_inputs/p04_l100_01234_spread.tsv.gz,552,954d70a1ccc4558cc18a8a187c32504318d2da2485ad230c37ae360b97563cbb
P04_L100_I06770_PROFILE,example_input_profile,data/source/example_inputs/p04_l100_06770_profile.tsv.gz,573,60c6d95c4b6bf1a9d3c2d411c06c64173d21eb2a2cb6aaf6bdb89cefcb28cee9
P04_L100_I06770_SPREAD,example_input_spread,data/source/example_inputs/p04_l100_06770_spread.tsv.gz,548,936ffffb3f6ada01804d996866b579c08c8f5b2458d7f529de6ab3764974282b
P04_L100_I08633_PROFILE,example_input_profile,data/source/example_inputs/p04_l100_08633_profile.tsv.gz,568,55e36e46b0772483140e2fef93a6b37a656c7c414c1b93e9720438fb7afb9922
P04_L100_I08633_SPREAD,example_input_spread,data/source/example_inputs/p04_l100_08633_spread.tsv.gz,556,1e26b01f5a21a60a3073efae88d4d9d9ab5cea0794226b3805a31b7b8d199185
P04_L100_I25000_PROFILE,example_input_profile,data/source/example_inputs/p04_l100_25000_profile.tsv.gz,568,78e4c4275a1ace8e040c2adb28c29a3c413bbed77fc8f91529a47a3755dc79c6
P04_L100_I25000_SPREAD,example_input_spread,data/source/example_inputs/p04_l100_25000_spread.tsv.gz,556,949dd91da2aee12b5b3e9fb4145f710fab626a7d3b8d2041a2fbc09b3231e6aa
P04_L100_I49999_PROFILE,example_input_profile,data/source/example_inputs/p04_l100_49999_profile.tsv.gz,569,a13477b40329fece464bf6a7de5be733fe52bc7e77995f5e5713081b16455760
P04_L100_I49999_SPREAD,example_input_spread,data/source/example_inputs/p04_l100_49999_spread.tsv.gz,561,2934cc5b4906f67df6822a41f287b9ad41cfb706fc0340191d3534329b2f11f8
P04_L200_I00000_PROFILE,example_input_profile,data/source/example_inputs/p04_l200_00000_profile.tsv.gz,570,379b7b7ebe83225ff9e64df14d7903e9e8ccb2792511cac5b2b0365f2545735f
P04_L200_I00000_SPREAD,example_input_spread,data/source/example_inputs/p04_l200_00000_spread.tsv.gz,552,d5f1eb939ad2202cde8633944a8f3fded11109b8b110a819f0ad23d619349fac
P04_L200_I00001_PROFILE,example_input_profile,data/source/example_inputs/p04_l200_00001_profile.tsv.gz,573,936b35979945e55da0b6900456e368c5a4573f2959fc16bf964f52f7cecd2f76
P04_L200_I00001_SPREAD,example_input_spread,data/source/example_inputs/p04_l200_00001_spread.tsv.gz,552,d8f11314e8537054eec3b525f2698196aa1c3d137c0c50c374ddb6d6580a9fe0
P04_L200_I01234_PROFILE,example_input_profile,data/source/example_inputs/p04_l200_01234_profile.tsv.gz,567,7f9279e6b723b1b7cb9bf7ef555e1c80a2b4d5fdf56166e169349f4d2e9c933b
P04_L200_I01234_SPREAD,example_input_spread,data/source/example_inputs/p04_l200_01234_spread.tsv.gz,553,3c4429ab89ff5c09dd1877b2ff2320c820d330ea10bc6ac257e95f9a8bcdf547
P04_L200_I14284_PROFILE,example_input_profile,data/source/example_inputs/p04_l200_14284_profile.tsv.gz,575,10e8f6efe377ef44f615cb5c3cabc4c779c8f753d432acb76b2f9a3ba87c8e0f
P04_L200_I14284_SPREAD,example_input_spread,data/source/example_inputs/p04_l200_14284_spread.tsv.gz,553,b33d1fd97a11ff9e41ee3fdb0ec30d72f111725ed3643cd3cbb405b4696d3fce
P04_L200_I20323_PROFILE,example_input_profile,data/source/example_inputs/p04_l200_20323_profile.tsv.gz,573,099d2da70c5fa2a23eacb6df379f5feab0a7b92460cb4429a486bfe2922709e5
P04_L200_I20323_SPREAD,example_input_spread,data/source/example_inputs/p04_l200_20323_spread.tsv.gz,557,55e0377a09c599cc3961e01ec61aac81fec370a7cd31cda2d50d8478bd485dca
P04_L200_I24248_PROFILE,example_input_profile,data/source/example_inputs/p04_l200_24248_profile.tsv.gz,568,68234ae145619453b869f7b5befa6c488ebba3bf0a88d41f9a686a839613014b
P04_L200_I24248_SPREAD,example_input_spread,data/source/example_inputs/p04_l200_24248_spread.tsv.gz,557,375e64f42a2101181bce95152a1700a0346cf94d17c9e2e8677b446ac58a51f8
P04_L200_I25000_PROFILE,example_input_profile,data/source/example_inputs/p04_l200_25000_profile.tsv.gz,571,a37500d312598d31855436f072ce30b96d035658bfcc77f311ae65b9396d98b4
P04_L200_I25000_SPREAD,example_input_spread,data/source/example_inputs/p04_l200_25000_spread.tsv.gz,557,7d75e8fd75d434a0c2f2ac4e61a82ae998c53f1f753fd1b9d283fb4698932a28
P04_L200_I48451_PROFILE,example_input_profile,data/source/example_inputs/p04_l200_48451_profile.tsv.gz,569,a1f782a57c796c493c4ec666c3b35c7a0aedd3b36e46f800fb7023c94991ac3a
P04_L200_I48451_SPREAD,example_input_spread,data/source/example_inputs/p04_l200_48451_spread.tsv.gz,555,d678d203f5d67a63702383a0efb368c00bf3bdf796a219b4dd06d76c7118fb6b
P04_L200_I49999_PROFILE,example_input_profile,data/source/example_inputs/p04_l200_49999_profile.tsv.gz,569,2fe24977b1fd873fdc455806f57212c33916cf3194bebdd24b53c73e5e41c465
P04_L200_I49999_SPREAD,example_input_spread,data/source/example_inputs/p04_l200_49999_spread.tsv.gz,559,cc4d06d426e97ebd7b0268800cbddca2a63aa22943497093c25ac4699f4fa3e0
FIG01,supplied_reference_figure,figures/reference/reference_subject_1.png,111463,a2f5870cbf01c0b92e98b28efa5c856fff60896c1db1e3c5cba00a4d9784a94f
FIG02,supplied_reference_figure,figures/reference/reference_subject_2.png,106518,07028a3117dbf213370f1964803a0f1a4b9a4e1bfec674c95c1fa27d5ad78994
FIG03,supplied_reference_figure,figures/reference/reference_subject_4.png,101301,a250d21e8c9a56a614007fede543af31ef9a240fef6079fa5c470cebff188e1a
FIG04,supplied_reference_figure,figures/reference/reference_isf_across_luminance.png,277424,f458225d2ff43dd4ab1f9d208e0243155a7a7a559bc74641864bc922b76ecf02
